{
	"credit": "Made by Elo106",
	"texture_size": [32, 32],
	"textures": {
		"16": "candy:item/voxelspawns_candy7"
	},
	"elements": [
		{
			"from": [7.498, -0.002, 7.498],
			"to": [8.502, 9.002, 8.502],
			"rotation": {"angle": 0, "axis": "y", "origin": [8, 2, 8]},
			"faces": {
				"north": {"uv": [6, 7.5, 6.5, 12], "texture": "#16"},
				"east": {"uv": [6.5, 7.5, 7, 12], "texture": "#16"},
				"south": {"uv": [7, 7.5, 7.5, 12], "texture": "#16"},
				"west": {"uv": [7.5, 7.5, 8, 12], "texture": "#16"},
				"up": {"uv": [10.5, 1, 10, 0.5], "texture": "#16"},
				"down": {"uv": [10.5, 7, 10, 7.5], "texture": "#16"}
			}
		},
		{
			"from": [5.499, 8.999, 7.499],
			"to": [12.501, 16.001, 8.501],
			"rotation": {"angle": 45, "axis": "z", "origin": [8, 11.5, 8]},
			"faces": {
				"north": {"uv": [0, 0, 3.5, 3.5], "texture": "#16"},
				"east": {"uv": [2.5, 8, 3, 11.5], "texture": "#16"},
				"south": {"uv": [0, 3.5, 3.5, 7], "texture": "#16"},
				"west": {"uv": [3, 8, 3.5, 11.5], "texture": "#16"},
				"up": {"uv": [11.5, 5.5, 8, 5], "texture": "#16"},
				"down": {"uv": [11.5, 5.5, 8, 6], "texture": "#16"}
			}
		},
		{
			"from": [13.498, 6.998, 7.498],
			"to": [15.502, 10.002, 8.502],
			"rotation": {"angle": 45, "axis": "z", "origin": [8, 11.5, 8]},
			"faces": {
				"north": {"uv": [3.5, 8, 4.5, 9.5], "texture": "#16"},
				"east": {"uv": [0.5, 9.5, 1, 11], "texture": "#16"},
				"south": {"uv": [4.5, 8, 5.5, 9.5], "texture": "#16"},
				"west": {"uv": [1, 9.5, 1.5, 11], "texture": "#16"},
				"up": {"uv": [10, 7.5, 9, 7], "texture": "#16"},
				"down": {"uv": [10.5, 1.5, 9.5, 2], "texture": "#16"}
			}
		},
		{
			"from": [12.501, 8.001, 7.501],
			"to": [14.499, 20.999, 8.499],
			"rotation": {"angle": 45, "axis": "z", "origin": [8, 11.5, 8]},
			"faces": {
				"north": {"uv": [5.5, 0, 6.5, 6.5], "texture": "#16"},
				"east": {"uv": [7.5, 0, 8, 6.5], "texture": "#16"},
				"south": {"uv": [6.5, 0, 7.5, 6.5], "texture": "#16"},
				"west": {"uv": [5.5, 7.5, 6, 14], "texture": "#16"},
				"up": {"uv": [10.5, 2.5, 9.5, 2], "texture": "#16"},
				"down": {"uv": [10.5, 2.5, 9.5, 3], "texture": "#16"}
			}
		},
		{
			"from": [4.499, 15.999, 7.499],
			"to": [11.501, 18.001, 8.501],
			"rotation": {"angle": 45, "axis": "z", "origin": [8, 11.5, 8]},
			"faces": {
				"north": {"uv": [5.5, 6.5, 9, 7.5], "texture": "#16"},
				"east": {"uv": [1.5, 9.5, 2, 10.5], "texture": "#16"},
				"south": {"uv": [0, 7, 3.5, 8], "texture": "#16"},
				"west": {"uv": [3.5, 9.5, 4, 10.5], "texture": "#16"},
				"up": {"uv": [11.5, 6.5, 8, 6], "texture": "#16"},
				"down": {"uv": [11.5, 7.5, 8, 8], "texture": "#16"}
			}
		},
		{
			"from": [3.498, 16.998, 7.498],
			"to": [7.502, 19.002, 8.502],
			"rotation": {"angle": 45, "axis": "z", "origin": [8, 11.5, 8]},
			"faces": {
				"north": {"uv": [0, 8, 2, 9], "texture": "#16"},
				"east": {"uv": [4, 9.5, 4.5, 10.5], "texture": "#16"},
				"south": {"uv": [8, 0, 10, 1], "texture": "#16"},
				"west": {"uv": [4.5, 9.5, 5, 10.5], "texture": "#16"},
				"up": {"uv": [10, 8.5, 8, 8], "texture": "#16"},
				"down": {"uv": [10.5, 1, 8.5, 1.5], "texture": "#16"}
			}
		},
		{
			"from": [4.499, 18.999, 7.499],
			"to": [6.501, 21.001, 8.501],
			"rotation": {"angle": 45, "axis": "z", "origin": [8, 11.5, 8]},
			"faces": {
				"north": {"uv": [8.5, 1.5, 9.5, 2.5], "texture": "#16"},
				"east": {"uv": [5, 9.5, 5.5, 10.5], "texture": "#16"},
				"south": {"uv": [8.5, 2.5, 9.5, 3.5], "texture": "#16"},
				"west": {"uv": [9.5, 9, 10, 10], "texture": "#16"},
				"up": {"uv": [10.5, 3.5, 9.5, 3], "texture": "#16"},
				"down": {"uv": [11, 0, 10, 0.5], "texture": "#16"}
			}
		},
		{
			"from": [11.5, 12, 7.5],
			"to": [15.5, 20, 8.5],
			"rotation": {"angle": 45, "axis": "z", "origin": [8, 11.5, 8]},
			"faces": {
				"north": {"uv": [3.5, 0, 5.5, 4], "texture": "#16"},
				"east": {"uv": [8, 1, 8.5, 5], "texture": "#16"},
				"south": {"uv": [3.5, 4, 5.5, 8], "texture": "#16"},
				"west": {"uv": [2, 8, 2.5, 12], "texture": "#16"},
				"up": {"uv": [10.5, 4, 8.5, 3.5], "texture": "#16"},
				"down": {"uv": [10.5, 4, 8.5, 4.5], "texture": "#16"}
			}
		},
		{
			"from": [13.499, 20.999, 7.499],
			"to": [14.501, 22.001, 8.501],
			"rotation": {"angle": 45, "axis": "z", "origin": [8, 11.5, 8]},
			"faces": {
				"north": {"uv": [10, 8, 10.5, 8.5], "texture": "#16"},
				"east": {"uv": [10, 8.5, 10.5, 9], "texture": "#16"},
				"south": {"uv": [10, 9, 10.5, 9.5], "texture": "#16"},
				"west": {"uv": [9.5, 10, 10, 10.5], "texture": "#16"},
				"up": {"uv": [10.5, 10, 10, 9.5], "texture": "#16"},
				"down": {"uv": [10.5, 10, 10, 10.5], "texture": "#16"}
			}
		},
		{
			"from": [7.499, 7.999, 7.499],
			"to": [11.501, 9.001, 8.501],
			"rotation": {"angle": 45, "axis": "z", "origin": [8, 11.5, 8]},
			"faces": {
				"north": {"uv": [8.5, 4.5, 10.5, 5], "texture": "#16"},
				"east": {"uv": [10.5, 0.5, 11, 1], "texture": "#16"},
				"south": {"uv": [8, 8.5, 10, 9], "texture": "#16"},
				"west": {"uv": [10.5, 1, 11, 1.5], "texture": "#16"},
				"up": {"uv": [2, 9.5, 0, 9], "texture": "#16"},
				"down": {"uv": [11, 6.5, 9, 7], "texture": "#16"}
			}
		},
		{
			"from": [4.499, 10.999, 7.499],
			"to": [5.501, 15.001, 8.501],
			"rotation": {"angle": 45, "axis": "z", "origin": [8, 11.5, 8]},
			"faces": {
				"north": {"uv": [8, 9, 8.5, 11], "texture": "#16"},
				"east": {"uv": [8.5, 9, 9, 11], "texture": "#16"},
				"south": {"uv": [9, 9, 9.5, 11], "texture": "#16"},
				"west": {"uv": [0, 9.5, 0.5, 11.5], "texture": "#16"},
				"up": {"uv": [2, 11, 1.5, 10.5], "texture": "#16"},
				"down": {"uv": [11, 1.5, 10.5, 2], "texture": "#16"}
			}
		}
	],
	"gui_light": "front",
	"display": {
		"thirdperson_righthand": {
			"rotation": [0, -45, 0],
			"translation": [0, 4.5, 1]
		},
		"thirdperson_lefthand": {
			"rotation": [0, -45, 0],
			"translation": [0, 4.5, 1]
		},
		"firstperson_righthand": {
			"rotation": [0, -55, 0],
			"translation": [8.25, 0, -6]
		},
		"firstperson_lefthand": {
			"rotation": [0, -55, 0],
			"translation": [8.25, 0, -6]
		},
		"gui": {
			"rotation": [0, 0, -45],
			"translation": [-2, -2.75, 0],
			"scale": [0.8, 0.8, 0.8]
		},
		"fixed": {
			"rotation": [0, 180, -45],
			"translation": [2.5, -3.5, 0.75]
		}
	},
	"groups": [
		{
			"name": "candy7",
			"origin": [8, 8, 8],
			"color": 0,
			"children": [0, 1, 2, 3, 4, 5, 6, 7, 8, 9, 10]
		}
	]
}