{
	"credit": "Made by Elo106",
	"texture_size": [32, 32],
	"textures": {
		"5": "candy:item/voxelspawns_candy2"
	},
	"elements": [
		{
			"from": [7.5, 0, 7.5],
			"to": [8.5, 9, 8.5],
			"rotation": {"angle": 0, "axis": "y", "origin": [8, 2, 8]},
			"faces": {
				"north": {"uv": [3, 5, 3.5, 9.5], "texture": "#5"},
				"east": {"uv": [3.5, 5, 4, 9.5], "texture": "#5"},
				"south": {"uv": [4, 5, 4.5, 9.5], "texture": "#5"},
				"west": {"uv": [4.5, 5, 5, 9.5], "texture": "#5"},
				"up": {"uv": [6, 4, 5.5, 3.5], "texture": "#5"},
				"down": {"uv": [6, 4, 5.5, 4.5], "texture": "#5"}
			}
		},
		{
			"from": [5.5, 9, 7.5],
			"to": [10.5, 14, 8.5],
			"rotation": {"angle": 0, "axis": "y", "origin": [8, 2, 8]},
			"faces": {
				"north": {"uv": [5.5, 2.5, 3, 5], "texture": "#5"},
				"east": {"uv": [5, 5, 5.5, 7.5], "texture": "#5"},
				"south": {"uv": [3, 2.5, 5.5, 5], "texture": "#5"},
				"west": {"uv": [5.5, 0, 6, 2.5], "texture": "#5"},
				"up": {"uv": [8, 3, 5.5, 2.5], "texture": "#5"},
				"down": {"uv": [8, 3, 5.5, 3.5], "texture": "#5"}
			}
		},
		{
			"from": [5.5, 5.5, 8],
			"to": [11.5, 11.5, 8],
			"rotation": {"angle": -45, "axis": "z", "origin": [8, 9, 8]},
			"faces": {
				"north": {"uv": [3, 3, 0, 6], "texture": "#5"},
				"east": {"uv": [0, 0, 0, 3], "texture": "#5"},
				"south": {"uv": [0, 3, 3, 6], "texture": "#5"},
				"west": {"uv": [0, 0, 0, 3], "texture": "#5"},
				"up": {"uv": [3, 0, 0, 0], "texture": "#5"},
				"down": {"uv": [3, 0, 0, 0], "texture": "#5"}
			}
		}
	],
	"gui_light": "front",
	"display": {
		"thirdperson_righthand": {
			"rotation": [90, -90, 90],
			"translation": [0, 4.5, 1]
		},
		"thirdperson_lefthand": {
			"rotation": [90, -90, 90],
			"translation": [0, 4.5, 1]
		},
		"firstperson_righthand": {
			"rotation": [0, -60, 0],
			"translation": [3, 3, 0]
		},
		"firstperson_lefthand": {
			"rotation": [0, -60, 0],
			"translation": [3, 3, 0]
		},
		"gui": {
			"rotation": [0, 0, -45],
			"translation": [0.5, 0.25, 0]
		},
		"fixed": {
			"translation": [0, 0, 0.5]
		}
	},
	"groups": [
		{
			"name": "candy2",
			"origin": [8, 8, 8],
			"color": 0,
			"children": [0, 1, 2]
		}
	]
}