{
	"credit": "Made by Elo106",
	"texture_size": [32, 32],
	"textures": {
		"14": "candy:item/voxelspawns_candy5"
	},
	"elements": [
		{
			"from": [7.5, 0, 7.5],
			"to": [8.5, 9, 8.5],
			"rotation": {"angle": 0, "axis": "y", "origin": [8, 2, 8]},
			"faces": {
				"north": {"uv": [5, 0, 5.5, 4.5], "texture": "#14"},
				"east": {"uv": [5, 4.5, 5.5, 9], "texture": "#14"},
				"south": {"uv": [5.5, 0, 6, 4.5], "texture": "#14"},
				"west": {"uv": [5.5, 4.5, 6, 9], "texture": "#14"},
				"up": {"uv": [9, 2.5, 8.5, 2], "texture": "#14"},
				"down": {"uv": [9, 2.5, 8.5, 3], "texture": "#14"}
			}
		},
		{
			"from": [5.499, 8.999, 7.499],
			"to": [10.501, 17.001, 8.501],
			"rotation": {"angle": 45, "axis": "z", "origin": [8, 11.5, 8]},
			"faces": {
				"north": {"uv": [0, 0, 2.5, 4], "texture": "#14"},
				"east": {"uv": [6, 0, 6.5, 4], "texture": "#14"},
				"south": {"uv": [2.5, 0, 5, 4], "texture": "#14"},
				"west": {"uv": [6, 4, 6.5, 8], "texture": "#14"},
				"up": {"uv": [3, 8.5, 0.5, 8], "texture": "#14"},
				"down": {"uv": [10.5, 3, 8, 3.5], "texture": "#14"}
			}
		},
		{
			"from": [6.501, 8.001, 7.501],
			"to": [11.499, 15.999, 8.499],
			"rotation": {"angle": 45, "axis": "z", "origin": [8, 11.5, 8]},
			"faces": {
				"north": {"uv": [0, 4, 2.5, 8], "texture": "#14"},
				"east": {"uv": [6.5, 0, 7, 4], "texture": "#14"},
				"south": {"uv": [2.5, 4, 5, 8], "texture": "#14"},
				"west": {"uv": [6.5, 4, 7, 8], "texture": "#14"},
				"up": {"uv": [10.5, 4, 8, 3.5], "texture": "#14"},
				"down": {"uv": [10.5, 4, 8, 4.5], "texture": "#14"}
			}
		},
		{
			"from": [11.501, 8.001, 7.501],
			"to": [12.499, 14.999, 8.499],
			"rotation": {"angle": 45, "axis": "z", "origin": [8, 11.5, 8]},
			"faces": {
				"north": {"uv": [7, 0, 7.5, 3.5], "texture": "#14"},
				"east": {"uv": [7, 3.5, 7.5, 7], "texture": "#14"},
				"south": {"uv": [7, 7, 7.5, 10.5], "texture": "#14"},
				"west": {"uv": [7.5, 0, 8, 3.5], "texture": "#14"},
				"up": {"uv": [8.5, 9, 8, 8.5], "texture": "#14"},
				"down": {"uv": [9, 8.5, 8.5, 9], "texture": "#14"}
			}
		},
		{
			"from": [12.501, 9.001, 7.501],
			"to": [13.499, 13.999, 8.499],
			"rotation": {"angle": 45, "axis": "z", "origin": [8, 11.5, 8]},
			"faces": {
				"north": {"uv": [3, 8, 3.5, 10.5], "texture": "#14"},
				"east": {"uv": [3.5, 8, 4, 10.5], "texture": "#14"},
				"south": {"uv": [4, 8, 4.5, 10.5], "texture": "#14"},
				"west": {"uv": [4.5, 8, 5, 10.5], "texture": "#14"},
				"up": {"uv": [9.5, 0.5, 9, 0], "texture": "#14"},
				"down": {"uv": [9.5, 0.5, 9, 1], "texture": "#14"}
			}
		},
		{
			"from": [13.501, 10.001, 7.501],
			"to": [14.499, 13.999, 8.499],
			"rotation": {"angle": 45, "axis": "z", "origin": [8, 11.5, 8]},
			"faces": {
				"north": {"uv": [6, 8, 6.5, 10], "texture": "#14"},
				"east": {"uv": [6.5, 8, 7, 10], "texture": "#14"},
				"south": {"uv": [8.5, 0, 9, 2], "texture": "#14"},
				"west": {"uv": [0.5, 8.5, 1, 10.5], "texture": "#14"},
				"up": {"uv": [9.5, 1.5, 9, 1], "texture": "#14"},
				"down": {"uv": [9.5, 1.5, 9, 2], "texture": "#14"}
			}
		},
		{
			"from": [14.501, 11.001, 7.501],
			"to": [15.499, 14.999, 8.499],
			"rotation": {"angle": 45, "axis": "z", "origin": [8, 11.5, 8]},
			"faces": {
				"north": {"uv": [1, 8.5, 1.5, 10.5], "texture": "#14"},
				"east": {"uv": [1.5, 8.5, 2, 10.5], "texture": "#14"},
				"south": {"uv": [2, 8.5, 2.5, 10.5], "texture": "#14"},
				"west": {"uv": [2.5, 8.5, 3, 10.5], "texture": "#14"},
				"up": {"uv": [9.5, 2.5, 9, 2], "texture": "#14"},
				"down": {"uv": [9.5, 2.5, 9, 3], "texture": "#14"}
			}
		},
		{
			"from": [5.499, 16.999, 7.499],
			"to": [10.501, 18.001, 8.501],
			"rotation": {"angle": 45, "axis": "z", "origin": [8, 11.5, 8]},
			"faces": {
				"north": {"uv": [8, 4.5, 10.5, 5], "texture": "#14"},
				"east": {"uv": [5, 9, 5.5, 9.5], "texture": "#14"},
				"south": {"uv": [8, 5, 10.5, 5.5], "texture": "#14"},
				"west": {"uv": [5.5, 9, 6, 9.5], "texture": "#14"},
				"up": {"uv": [10.5, 6, 8, 5.5], "texture": "#14"},
				"down": {"uv": [10.5, 6, 8, 6.5], "texture": "#14"}
			}
		},
		{
			"from": [6.499, 17.999, 7.499],
			"to": [11.501, 19.001, 8.501],
			"rotation": {"angle": 45, "axis": "z", "origin": [8, 11.5, 8]},
			"faces": {
				"north": {"uv": [8, 6.5, 10.5, 7], "texture": "#14"},
				"east": {"uv": [8, 9, 8.5, 9.5], "texture": "#14"},
				"south": {"uv": [8, 7, 10.5, 7.5], "texture": "#14"},
				"west": {"uv": [8.5, 9, 9, 9.5], "texture": "#14"},
				"up": {"uv": [10.5, 8, 8, 7.5], "texture": "#14"},
				"down": {"uv": [10.5, 8, 8, 8.5], "texture": "#14"}
			}
		},
		{
			"from": [4.499, 9.999, 7.499],
			"to": [5.501, 16.001, 8.501],
			"rotation": {"angle": 45, "axis": "z", "origin": [8, 11.5, 8]},
			"faces": {
				"north": {"uv": [7.5, 3.5, 8, 6.5], "texture": "#14"},
				"east": {"uv": [7.5, 6.5, 8, 9.5], "texture": "#14"},
				"south": {"uv": [0, 8, 0.5, 11], "texture": "#14"},
				"west": {"uv": [8, 0, 8.5, 3], "texture": "#14"},
				"up": {"uv": [9.5, 9, 9, 8.5], "texture": "#14"},
				"down": {"uv": [9.5, 9, 9, 9.5], "texture": "#14"}
			}
		}
	],
	"gui_light": "front",
	"display": {
		"thirdperson_righthand": {
			"rotation": [0, 135, 0],
			"translation": [0, 4.5, 1]
		},
		"thirdperson_lefthand": {
			"rotation": [0, 135, 0],
			"translation": [0, 4.5, 1]
		},
		"firstperson_righthand": {
			"rotation": [0, -65, 0],
			"translation": [8.5, 0, -5.25]
		},
		"firstperson_lefthand": {
			"rotation": [0, -65, 0],
			"translation": [8.5, 0, -5.25]
		},
		"gui": {
			"rotation": [0, 180, 45],
			"translation": [-2, -2, 0]
		},
		"fixed": {
			"rotation": [0, 0, 45],
			"translation": [2, -2, 0.5]
		}
	},
	"groups": [
		{
			"name": "candy5",
			"origin": [8, 8, 8],
			"color": 0,
			"children": [0, 1, 2, 3, 4, 5, 6, 7, 8, 9]
		}
	]
}