{
	"credit": "Made by Elo106",
	"texture_size": [32, 32],
	"textures": {
		"1": "candy:item/voxelspawns_candy1",
		"particle": "candy:item/voxelspawns_candy1"
	},
	"elements": [
		{
			"from": [5, 0, 6],
			"to": [11, 4, 10],
			"rotation": {"angle": 0, "axis": "y", "origin": [8, 2, 8]},
			"faces": {
				"north": {"uv": [0, 0, 3, 2], "texture": "#1"},
				"east": {"uv": [0, 4, 2, 6], "texture": "#1"},
				"south": {"uv": [0, 2, 3, 4], "texture": "#1"},
				"west": {"uv": [2, 4, 4, 6], "texture": "#1"},
				"up": {"uv": [6, 2, 3, 0], "texture": "#1"},
				"down": {"uv": [6, 2, 3, 4], "texture": "#1"}
			}
		},
		{
			"from": [11.00077, 2, 6],
			"to": [15.00077, 2, 10],
			"rotation": {"angle": 22.5, "axis": "z", "origin": [11.00077, 2, 8]},
			"faces": {
				"north": {"uv": [0, 0, 2, 0], "texture": "#1"},
				"east": {"uv": [0, 0, 2, 0], "texture": "#1"},
				"south": {"uv": [0, 0, 2, 0], "texture": "#1"},
				"west": {"uv": [0, 0, 2, 0], "texture": "#1"},
				"up": {"uv": [6, 6, 4, 4], "texture": "#1"},
				"down": {"uv": [2, 6, 0, 8], "texture": "#1"}
			}
		},
		{
			"from": [11, 2, 6],
			"to": [15, 2, 10],
			"rotation": {"angle": -22.5, "axis": "z", "origin": [11, 2, 8]},
			"faces": {
				"north": {"uv": [0, 0, 2, 0], "texture": "#1"},
				"east": {"uv": [0, 0, 2, 0], "texture": "#1"},
				"south": {"uv": [0, 0, 2, 0], "texture": "#1"},
				"west": {"uv": [0, 0, 2, 0], "texture": "#1"},
				"up": {"uv": [8, 2, 6, 0], "texture": "#1"},
				"down": {"uv": [4, 6, 2, 8], "texture": "#1"}
			}
		},
		{
			"from": [11, 0, 8],
			"to": [15, 4, 8],
			"rotation": {"angle": 22.5, "axis": "y", "origin": [11, 2, 8]},
			"faces": {
				"north": {"uv": [6, 2, 8, 4], "texture": "#1"},
				"east": {"uv": [0, 0, 0, 2], "texture": "#1"},
				"south": {"uv": [4, 6, 6, 8], "texture": "#1"},
				"west": {"uv": [0, 0, 0, 2], "texture": "#1"},
				"up": {"uv": [2, 0, 0, 0], "texture": "#1"},
				"down": {"uv": [2, 0, 0, 0], "texture": "#1"}
			}
		},
		{
			"from": [1, 2, 6],
			"to": [5, 2, 10],
			"rotation": {"angle": 22.5, "axis": "z", "origin": [5, 2, 8]},
			"faces": {
				"north": {"uv": [0, 0, 2, 0], "texture": "#1"},
				"east": {"uv": [0, 0, 2, 0], "texture": "#1"},
				"south": {"uv": [0, 0, 2, 0], "texture": "#1"},
				"west": {"uv": [0, 0, 2, 0], "texture": "#1"},
				"up": {"uv": [8, 6, 6, 4], "texture": "#1"},
				"down": {"uv": [8, 6, 6, 8], "texture": "#1"}
			}
		},
		{
			"from": [1, 0, 8],
			"to": [5, 4, 8],
			"rotation": {"angle": 22.5, "axis": "y", "origin": [5, 2, 8]},
			"faces": {
				"north": {"uv": [0, 8, 2, 10], "texture": "#1"},
				"east": {"uv": [0, 0, 0, 2], "texture": "#1"},
				"south": {"uv": [8, 0, 10, 2], "texture": "#1"},
				"west": {"uv": [0, 0, 0, 2], "texture": "#1"},
				"up": {"uv": [2, 0, 0, 0], "texture": "#1"},
				"down": {"uv": [2, 0, 0, 0], "texture": "#1"}
			}
		},
		{
			"from": [0.99923, 2, 6],
			"to": [4.99923, 2, 10],
			"rotation": {"angle": -22.5, "axis": "z", "origin": [4.99923, 2, 8]},
			"faces": {
				"north": {"uv": [0, 0, 2, 0], "texture": "#1"},
				"east": {"uv": [0, 0, 2, 0], "texture": "#1"},
				"south": {"uv": [0, 0, 2, 0], "texture": "#1"},
				"west": {"uv": [0, 0, 2, 0], "texture": "#1"},
				"up": {"uv": [4, 10, 2, 8], "texture": "#1"},
				"down": {"uv": [10, 2, 8, 4], "texture": "#1"}
			}
		},
		{
			"from": [1, 0, 8],
			"to": [5, 4, 8],
			"rotation": {"angle": -22.5, "axis": "y", "origin": [5, 2, 8]},
			"faces": {
				"north": {"uv": [4, 8, 6, 10], "texture": "#1"},
				"east": {"uv": [0, 0, 0, 2], "texture": "#1"},
				"south": {"uv": [8, 4, 10, 6], "texture": "#1"},
				"west": {"uv": [0, 0, 0, 2], "texture": "#1"},
				"up": {"uv": [2, 0, 0, 0], "texture": "#1"},
				"down": {"uv": [2, 0, 0, 0], "texture": "#1"}
			}
		},
		{
			"from": [11, 0, 8],
			"to": [15, 4, 8],
			"rotation": {"angle": -22.5, "axis": "y", "origin": [11, 2, 8]},
			"faces": {
				"north": {"uv": [6, 8, 8, 10], "texture": "#1"},
				"east": {"uv": [0, 0, 0, 2], "texture": "#1"},
				"south": {"uv": [8, 6, 10, 8], "texture": "#1"},
				"west": {"uv": [0, 0, 0, 2], "texture": "#1"},
				"up": {"uv": [2, 0, 0, 0], "texture": "#1"},
				"down": {"uv": [2, 0, 0, 0], "texture": "#1"}
			}
		}
	],
	"gui_light": "front",
	"display": {
		"thirdperson_righthand": {
			"rotation": [90, -90, 0],
			"translation": [0.25, -2, 5.25]
		},
		"thirdperson_lefthand": {
			"rotation": [90, -90, 0],
			"translation": [0.25, -2, 5.25]
		},
		"firstperson_righthand": {
			"rotation": [0, -45, -45],
			"translation": [10, 4, 0]
		},
		"firstperson_lefthand": {
			"rotation": [0, -45, -45],
			"translation": [10, 4, 0]
		},
		"ground": {
			"translation": [0, 4.5, 0]
		},
		"gui": {
			"rotation": [0, 0, 45],
			"translation": [-4.5, 4.25, 0]
		},
		"fixed": {
			"translation": [0, 6.75, -1]
		}
	},
	"groups": [
		{
			"name": "candy1",
			"origin": [11, 2, 8],
			"color": 0,
			"children": [0, 1, 2, 3, 4, 5, 6, 7, 8]
		}
	]
}