{
	"credit": "Made by Elo106",
	"texture_size": [32, 32],
	"textures": {
		"7": "candy:item/voxelspawns_candy4_purple"
	},
	"elements": [
		{
			"from": [5, 0, 6],
			"to": [11, 2, 10],
			"rotation": {"angle": 0, "axis": "y", "origin": [8, 2, 8]},
			"faces": {
				"north": {"uv": [6, 0, 12, 2], "texture": "#7"},
				"east": {"uv": [9, 4, 13, 6], "texture": "#7"},
				"south": {"uv": [6, 2, 12, 4], "texture": "#7"},
				"west": {"uv": [9, 6, 13, 8], "texture": "#7"},
				"up": {"uv": [6, 4, 0, 0], "texture": "#7"},
				"down": {"uv": [6, 4, 0, 8], "texture": "#7"}
			}
		},
		{
			"from": [2, 1, 6],
			"to": [5, 1, 10],
			"rotation": {"angle": 22.5, "axis": "z", "origin": [5, 1, 8]},
			"faces": {
				"north": {"uv": [0, 0, 3, 0], "texture": "#7"},
				"east": {"uv": [0, 0, 4, 0], "texture": "#7"},
				"south": {"uv": [0, 0, 3, 0], "texture": "#7"},
				"west": {"uv": [0, 0, 4, 0], "texture": "#7"},
				"up": {"uv": [9, 8, 6, 4], "texture": "#7"},
				"down": {"uv": [9, 4, 6, 8], "texture": "#7"}
			}
		},
		{
			"from": [11, 1, 6],
			"to": [14, 1, 10],
			"rotation": {"angle": 22.5, "axis": "z", "origin": [11, 1, 8]},
			"faces": {
				"north": {"uv": [3, 0, 0, 0], "texture": "#7"},
				"east": {"uv": [4, 0, 0, 0], "texture": "#7"},
				"south": {"uv": [3, 0, 0, 0], "texture": "#7"},
				"west": {"uv": [4, 0, 0, 0], "texture": "#7"},
				"up": {"uv": [6, 8, 3, 12], "texture": "#7"},
				"down": {"uv": [6, 12, 3, 8], "texture": "#7"}
			}
		},
		{
			"from": [11, 1, 6],
			"to": [14, 1, 10],
			"rotation": {"angle": -22.5, "axis": "z", "origin": [11, 1, 8]},
			"faces": {
				"north": {"uv": [3, 0, 0, 0], "texture": "#7"},
				"east": {"uv": [4, 0, 0, 0], "texture": "#7"},
				"south": {"uv": [3, 0, 0, 0], "texture": "#7"},
				"west": {"uv": [4, 0, 0, 0], "texture": "#7"},
				"up": {"uv": [6, 8, 9, 4], "texture": "#7"},
				"down": {"uv": [6, 4, 9, 8], "texture": "#7"}
			}
		},
		{
			"from": [2, 1, 6],
			"to": [5, 1, 10],
			"rotation": {"angle": -22.5, "axis": "z", "origin": [5, 1, 8]},
			"faces": {
				"north": {"uv": [0, 0, 3, 0], "texture": "#7"},
				"east": {"uv": [0, 0, 4, 0], "texture": "#7"},
				"south": {"uv": [0, 0, 3, 0], "texture": "#7"},
				"west": {"uv": [0, 0, 4, 0], "texture": "#7"},
				"up": {"uv": [3, 8, 6, 12], "texture": "#7"},
				"down": {"uv": [3, 12, 6, 8], "texture": "#7"}
			}
		}
	],
	"gui_light": "front",
	"display": {
		"thirdperson_righthand": {
			"rotation": [70, -85, 90],
			"translation": [-0.25, 4.5, -6.5]
		},
		"thirdperson_lefthand": {
			"rotation": [70, -85, 90],
			"translation": [-0.25, 4.5, -6.5]
		},
		"firstperson_righthand": {
			"rotation": [-45, 0, 90],
			"translation": [-2.25, 1.5, 0]
		},
		"firstperson_lefthand": {
			"rotation": [-45, 0, 90],
			"translation": [-2.25, 1.5, 0]
		},
		"ground": {
			"translation": [0, 5, 0]
		},
		"gui": {
			"rotation": [90, 45, 0],
			"translation": [0.25, 0, 0]
		},
		"fixed": {
			"rotation": [-90, 0, 0],
			"translation": [0, 0, -7]
		}
	},
	"groups": [
		{
			"name": "candy4",
			"origin": [8, 9, 8],
			"color": 0,
			"children": [0, 1, 2, 3, 4]
		}
	]
}