{
	"credit": "Made by Elo106",
	"texture_size": [32, 32],
	"textures": {
		"18": "candy:item/voxelspawns_cookie2"
	},
	"elements": [
		{
			"from": [6.499, 0.001, 3.501],
			"to": [10.499, 1.001, 4.501],
			"rotation": {"angle": 0, "axis": "y", "origin": [5.999, 11.501, 8.001]},
			"faces": {
				"north": {"uv": [6, 7, 4, 7.5], "rotation": 180, "texture": "#18"},
				"east": {"uv": [4.5, 7.5, 5, 8], "rotation": 270, "texture": "#18"},
				"south": {"uv": [4, 7.5, 2, 7], "texture": "#18"},
				"west": {"uv": [5, 7.5, 5.5, 8], "rotation": 90, "texture": "#18"},
				"up": {"uv": [5.5, 6.5, 7.5, 7], "rotation": 180, "texture": "#18"},
				"down": {"uv": [6.5, 5.5, 8.5, 6], "texture": "#18"}
			}
		},
		{
			"from": [3.499, 0.001, 4.501],
			"to": [12.499, 1.001, 6.501],
			"rotation": {"angle": 0, "axis": "y", "origin": [5.999, 11.501, 8.001]},
			"faces": {
				"north": {"uv": [10, 0, 5.5, 0.5], "rotation": 180, "texture": "#18"},
				"east": {"uv": [6, 7, 6.5, 8], "rotation": 270, "texture": "#18"},
				"south": {"uv": [9.5, 4, 5, 3.5], "texture": "#18"},
				"west": {"uv": [6.5, 7, 7, 8], "rotation": 90, "texture": "#18"},
				"up": {"uv": [0, 4, 4.5, 5], "rotation": 180, "texture": "#18"},
				"down": {"uv": [4.5, 4, 9, 5], "texture": "#18"}
			}
		},
		{
			"from": [2.499, 0.001, 6.501],
			"to": [13.499, 1.001, 8.501],
			"rotation": {"angle": 0, "axis": "y", "origin": [5.999, 11.501, 8.001]},
			"faces": {
				"north": {"uv": [10.5, 2, 5, 2.5], "rotation": 180, "texture": "#18"},
				"east": {"uv": [7, 7, 7.5, 8], "rotation": 270, "texture": "#18"},
				"south": {"uv": [5.5, 5.5, 0, 5], "texture": "#18"},
				"west": {"uv": [2, 7.5, 2.5, 8.5], "rotation": 90, "texture": "#18"},
				"up": {"uv": [0, 0, 5.5, 1], "rotation": 180, "texture": "#18"},
				"down": {"uv": [0, 1, 5.5, 2], "texture": "#18"}
			}
		},
		{
			"from": [2.499, 0.001, 8.501],
			"to": [12.499, 1.001, 10.501],
			"rotation": {"angle": 0, "axis": "y", "origin": [5.999, 11.501, 8.001]},
			"faces": {
				"north": {"uv": [10, 3, 5, 3.5], "rotation": 180, "texture": "#18"},
				"east": {"uv": [2.5, 7.5, 3, 8.5], "rotation": 270, "texture": "#18"},
				"south": {"uv": [10, 3, 5, 2.5], "texture": "#18"},
				"west": {"uv": [3, 7.5, 3.5, 8.5], "rotation": 90, "texture": "#18"},
				"up": {"uv": [0, 2, 5, 3], "rotation": 180, "texture": "#18"},
				"down": {"uv": [0, 3, 5, 4], "texture": "#18"}
			}
		},
		{
			"from": [2.499, 0.001, 10.501],
			"to": [11.499, 1.001, 11.501],
			"rotation": {"angle": 0, "axis": "y", "origin": [5.999, 11.501, 8.001]},
			"faces": {
				"north": {"uv": [6.5, 5.5, 2, 6], "rotation": 180, "texture": "#18"},
				"east": {"uv": [5.5, 7.5, 6, 8], "rotation": 270, "texture": "#18"},
				"south": {"uv": [10, 2, 5.5, 1.5], "texture": "#18"},
				"west": {"uv": [7.5, 6.5, 8, 7], "rotation": 90, "texture": "#18"},
				"up": {"uv": [5.5, 0.5, 10, 1], "rotation": 180, "texture": "#18"},
				"down": {"uv": [5.5, 1, 10, 1.5], "texture": "#18"}
			}
		},
		{
			"from": [3.499, 0.001, 11.501],
			"to": [10.499, 1.001, 12.501],
			"rotation": {"angle": 0, "axis": "y", "origin": [5.999, 11.501, 8.001]},
			"faces": {
				"north": {"uv": [5.5, 6.5, 2, 7], "rotation": 180, "texture": "#18"},
				"east": {"uv": [7.5, 7, 8, 7.5], "rotation": 270, "texture": "#18"},
				"south": {"uv": [9, 6.5, 5.5, 6], "texture": "#18"},
				"west": {"uv": [7.5, 7.5, 8, 8], "rotation": 90, "texture": "#18"},
				"up": {"uv": [5.5, 5, 9, 5.5], "rotation": 180, "texture": "#18"},
				"down": {"uv": [2, 6, 5.5, 6.5], "texture": "#18"}
			}
		}
	],
	"gui_light": "front",
	"display": {
		"thirdperson_righthand": {
			"rotation": [61.86, 0.64, 1.38],
			"translation": [0, 6.25, 4.75]
		},
		"thirdperson_lefthand": {
			"rotation": [61.86, 0.64, 1.38],
			"translation": [0, 6.25, 4.75]
		},
		"firstperson_righthand": {
			"rotation": [-120, 10, 100],
			"translation": [-3, 3.75, -1]
		},
		"firstperson_lefthand": {
			"rotation": [-120, 10, 100],
			"translation": [-3, 3.75, -1]
		},
		"ground": {
			"translation": [0, 4.5, 0]
		},
		"gui": {
			"rotation": [-90, 0, -180],
			"translation": [0, -0.25, 0]
		},
		"fixed": {
			"rotation": [-90, 0, 0],
			"translation": [0, 0, -7]
		}
	},
	"groups": [
		{
			"name": "candy8",
			"origin": [8, 8, 8],
			"color": 0,
			"children": [0, 1, 2, 3, 4, 5]
		}
	]
}