{
	"credit": "Made by Elo106",
	"texture_size": [32, 32],
	"textures": {
		"11": "candy:item/voxelspawns_pumpkin"
	},
	"elements": [
		{
			"from": [4.5, 0, 4.5],
			"to": [11.5, 6, 11.5],
			"faces": {
				"north": {"uv": [0, 10.5, 3.5, 13.5], "texture": "#11"},
				"east": {"uv": [8, 11, 11.5, 14], "texture": "#11"},
				"south": {"uv": [11.5, 0, 15, 3], "texture": "#11"},
				"west": {"uv": [3.5, 11.5, 7, 14.5], "texture": "#11"},
				"up": {"uv": [3.5, 10.5, 0, 7], "texture": "#11"},
				"down": {"uv": [11.5, 0, 8, 3.5], "texture": "#11"}
			}
		},
		{
			"from": [8, 6, 4.5],
			"to": [8, 10, 11.5],
			"faces": {
				"north": {"uv": [0, 0, 0, 2], "texture": "#11"},
				"east": {"uv": [0, 13.5, 3.5, 15.5], "texture": "#11"},
				"south": {"uv": [0, 0, 0, 2], "texture": "#11"},
				"west": {"uv": [3.5, 13.5, 0, 15.5], "texture": "#11"},
				"up": {"uv": [0, 3.5, 0, 0], "texture": "#11"},
				"down": {"uv": [0, 0, 0, 3.5], "texture": "#11"}
			}
		},
		{
			"from": [3.499, 0.499, 4.499],
			"to": [12.501, 5.501, 11.501],
			"faces": {
				"north": {"uv": [8, 3.5, 12.5, 6], "texture": "#11"},
				"east": {"uv": [12.5, 3, 16, 5.5], "texture": "#11"},
				"south": {"uv": [8, 6, 12.5, 8.5], "texture": "#11"},
				"west": {"uv": [12.5, 3, 16, 5.5], "texture": "#11"},
				"up": {"uv": [4.5, 3.5, 0, 0], "texture": "#11"},
				"down": {"uv": [4.5, 3.5, 0, 7], "texture": "#11"}
			}
		},
		{
			"from": [4.5, 0.5, 3.5],
			"to": [11.5, 5.5, 12.5],
			"rotation": {"angle": 0, "axis": "y", "origin": [2.5, 1.5, 7.5]},
			"faces": {
				"north": {"uv": [12.5, 3, 16, 5.5], "texture": "#11"},
				"east": {"uv": [8, 8.5, 12.5, 11], "texture": "#11"},
				"south": {"uv": [12.5, 3, 16, 5.5], "texture": "#11"},
				"west": {"uv": [3.5, 9, 8, 11.5], "texture": "#11"},
				"up": {"uv": [8, 4.5, 4.5, 0], "texture": "#11"},
				"down": {"uv": [8, 4.5, 4.5, 9], "texture": "#11"}
			}
		}
	],
	"gui_light": "front",
	"display": {
		"thirdperson_righthand": {
			"rotation": [61.86, 0.64, 1.38],
			"translation": [0, 0.25, 0.5]
		},
		"thirdperson_lefthand": {
			"rotation": [61.86, 0.64, 1.38],
			"translation": [0, 0.25, 0.5]
		},
		"firstperson_righthand": {
			"rotation": [-22.5, 0, 0],
			"translation": [5.25, 6.5, -2.25]
		},
		"firstperson_lefthand": {
			"rotation": [-22.5, 0, 0],
			"translation": [5.25, 6.5, -2.25]
		},
		"ground": {
			"translation": [0, 4.75, 0]
		},
		"gui": {
			"rotation": [0, 25, 0],
			"translation": [0, 2.75, 0]
		},
		"fixed": {
			"rotation": [-90, 0, 0],
			"translation": [0, 0, -6.5]
		}
	},
	"groups": [
		{
			"name": "pumpkin",
			"origin": [0, 0, 0],
			"color": 0,
			"children": [0, 1, 2, 3]
		}
	]
}