{
	"credit": "Made by Elo106",
	"texture_size": [32, 32],
	"textures": {
		"17": "candy:item/voxelspawns_bonedrink"
	},
	"elements": [
		{
			"from": [1.5, 0, 1.5],
			"to": [14.5, 2, 14.5],
			"faces": {
				"north": {"uv": [5.625, 6.75, 7.25, 7], "texture": "#17"},
				"east": {"uv": [5.625, 6.75, 7.25, 7], "texture": "#17"},
				"south": {"uv": [5.625, 6.75, 7.25, 7], "texture": "#17"},
				"west": {"uv": [5.625, 6.75, 7.25, 7], "texture": "#17"},
				"up": {"uv": [7.25, 1.625, 5.625, 0], "texture": "#17"},
				"down": {"uv": [7.25, 1.625, 5.625, 3.25], "texture": "#17"}
			}
		},
		{
			"from": [0.3, 1.8, 0.3],
			"to": [15.7, 16.2, 15.7],
			"faces": {
				"north": {"uv": [0, 3.75, 1.875, 5.5], "texture": "#17"},
				"east": {"uv": [3.75, 0, 5.625, 1.75], "texture": "#17"},
				"south": {"uv": [3.75, 1.75, 5.625, 3.5], "texture": "#17"},
				"west": {"uv": [1.875, 3.75, 3.75, 5.5], "texture": "#17"},
				"up": {"uv": [1.875, 1.875, 0, 0], "texture": "#17"},
				"down": {"uv": [1.875, 1.875, 0, 3.75], "texture": "#17"}
			}
		},
		{
			"from": [0.5, 2, 0.5],
			"to": [15.5, 16, 15.5],
			"faces": {
				"north": {"uv": [3.75, 3.5, 5.625, 5.25], "texture": "#17"},
				"east": {"uv": [3.75, 5.25, 5.625, 7], "texture": "#17"},
				"south": {"uv": [0, 5.5, 1.875, 7.25], "texture": "#17"},
				"west": {"uv": [1.875, 5.5, 3.75, 7.25], "texture": "#17"},
				"up": {"uv": [3.75, 1.875, 1.875, 0], "texture": "#17"},
				"down": {"uv": [3.75, 1.875, 1.875, 3.75], "texture": "#17"}
			}
		},
		{
			"from": [-1.5, 16, 6.5],
			"to": [9.5, 28, 6.5],
			"faces": {
				"north": {"uv": [5.625, 3.25, 7, 4.75], "texture": "#17"},
				"east": {"uv": [0, 0, 0, 1.5], "texture": "#17"},
				"south": {"uv": [7, 3.25, 5.625, 4.75], "texture": "#17"},
				"west": {"uv": [0, 0, 0, 1.5], "texture": "#17"},
				"up": {"uv": [1.375, 0, 0, 0], "texture": "#17"},
				"down": {"uv": [1.375, 0, 0, 0], "texture": "#17"}
			}
		}
	],
	"gui_light": "front",
	"display": {
		"thirdperson_righthand": {
			"rotation": [61.86, 0.64, 1.38],
			"translation": [0, 1.5, -3.5],
			"scale": [0.5, 0.5, 0.5]
		},
		"thirdperson_lefthand": {
			"rotation": [61.86, 0.64, 1.38],
			"translation": [0, 1.5, -3.5],
			"scale": [0.5, 0.5, 0.5]
		},
		"firstperson_righthand": {
			"translation": [7.25, -1.25, -3],
			"scale": [0.5, 0.5, 0.5]
		},
		"firstperson_lefthand": {
			"translation": [7.25, -1.25, -3],
			"scale": [0.5, 0.5, 0.5]
		},
		"ground": {
			"scale": [0.5, 0.5, 0.5]
		},
		"gui": {
			"rotation": [0, -22.5, 0],
			"translation": [0, -2.75, 0],
			"scale": [0.5, 0.5, 0.5]
		},
		"fixed": {
			"rotation": [-90, 0, 0],
			"translation": [0, 0, -5.25]
		}
	},
	"groups": [
		{
			"name": "bonedrink",
			"origin": [8, 8, 8],
			"color": 0,
			"children": [0, 1, 2, 3]
		}
	]
}