{
	"credit": "Made by Elo106",
	"texture_size": [32, 32],
	"textures": {
		"4": "candy:item/voxelspawns_cookie"
	},
	"elements": [
		{
			"from": [5, 0, 5],
			"to": [11, 1, 11],
			"rotation": {"angle": 0, "axis": "y", "origin": [8, 2, 8]},
			"faces": {
				"north": {"uv": [6, 0, 12, 1], "texture": "#4"},
				"east": {"uv": [6, 1, 12, 2], "texture": "#4"},
				"south": {"uv": [6, 2, 12, 3], "texture": "#4"},
				"west": {"uv": [6, 3, 12, 4], "texture": "#4"},
				"up": {"uv": [6, 6, 0, 0], "texture": "#4"},
				"down": {"uv": [0, 6, 6, 0], "texture": "#4"}
			}
		}
	],
	"gui_light": "front",
	"display": {
		"thirdperson_righthand": {
			"rotation": [60, 0, 0],
			"translation": [0, 4.5, 5.5]
		},
		"thirdperson_lefthand": {
			"rotation": [60, 0, 0],
			"translation": [0, 4.5, 5.5]
		},
		"firstperson_righthand": {
			"rotation": [0, 0, 15],
			"translation": [0, 8.75, 0]
		},
		"firstperson_lefthand": {
			"rotation": [0, 0, 15],
			"translation": [0, 8.75, 0]
		},
		"ground": {
			"translation": [0, 4.75, 0]
		},
		"gui": {
			"rotation": [-90, 0, 0]
		},
		"fixed": {
			"rotation": [-90, 0, 0],
			"translation": [0, 0, -7]
		}
	},
	"groups": [
		{
			"name": "cookie",
			"origin": [11, 2, 8],
			"color": 0,
			"children": [0]
		}
	]
}