{
	"credit": "Made by Elo106",
	"texture_size": [32, 32],
	"textures": {
		"13": "candy:item/voxelspawns_candy6_pink"
	},
	"elements": [
		{
			"from": [7.5, 0, 7.5],
			"to": [8.5, 9, 8.5],
			"rotation": {"angle": 0, "axis": "y", "origin": [8, 2, 8]},
			"faces": {
				"north": {"uv": [0, 0, 1, 9], "texture": "#13"},
				"east": {"uv": [1, 0, 2, 9], "texture": "#13"},
				"south": {"uv": [2, 0, 3, 9], "texture": "#13"},
				"west": {"uv": [3, 0, 4, 9], "texture": "#13"},
				"up": {"uv": [11, 3, 10, 2], "texture": "#13"},
				"down": {"uv": [11, 3, 10, 4], "texture": "#13"}
			}
		},
		{
			"from": [6.499, 6.999, 6.499],
			"to": [9.501, 10.001, 9.501],
			"rotation": {"angle": 0, "axis": "y", "origin": [8, 11.5, 8]},
			"faces": {
				"north": {"uv": [4, 0, 7, 3], "texture": "#13"},
				"east": {"uv": [4, 3, 7, 6], "texture": "#13"},
				"south": {"uv": [4, 6, 7, 9], "texture": "#13"},
				"west": {"uv": [7, 0, 10, 3], "texture": "#13"},
				"up": {"uv": [10, 6, 7, 3], "texture": "#13"},
				"down": {"uv": [10, 6, 7, 9], "texture": "#13"}
			}
		},
		{
			"from": [6.4, 7.9, 6.4],
			"to": [9.6, 9.1, 9.6],
			"rotation": {"angle": 0, "axis": "y", "origin": [8, 11.5, 8]},
			"faces": {
				"north": {"uv": [6, 9, 9, 10], "texture": "#13"},
				"east": {"uv": [9, 9, 12, 10], "texture": "#13"},
				"south": {"uv": [10, 0, 13, 1], "texture": "#13"},
				"west": {"uv": [10, 1, 13, 2], "texture": "#13"},
				"up": {"uv": [3, 12, 0, 9], "texture": "#13"},
				"down": {"uv": [6, 9, 3, 12], "texture": "#13"}
			}
		}
	],
	"gui_light": "front",
	"display": {
		"thirdperson_righthand": {
			"translation": [0, 4.5, 1]
		},
		"thirdperson_lefthand": {
			"translation": [0, 4.5, 1]
		},
		"firstperson_righthand": {
			"translation": [2.25, 3.25, 0]
		},
		"firstperson_lefthand": {
			"translation": [2.25, 3.25, 0]
		},
		"ground": {
			"translation": [0, 5, 0]
		},
		"gui": {
			"rotation": [0, 0, -45],
			"translation": [1.5, 1.5, 0]
		},
		"fixed": {
			"translation": [0, 3, 0]
		}
	},
	"groups": [
		{
			"name": "candy6",
			"origin": [8, 8, 8],
			"color": 0,
			"children": [0, 1, 2]
		}
	]
}