{
	"credit": "magic_store_official",
	"texture_size": [128, 128],
	"textures": {
		"0": "chunky:item/furniture/medieval_pack_v5/medieval_pack_v5_sign",
		"particle": "chunky:item/furniture/medieval_pack_v5/medieval_pack_v5_sign"
	},
	"elements": [
		{
			"from": [-16, 0, 8],
			"to": [32, 2, 10],
			"faces": {
				"north": {"uv": [5.5, 0, 11.5, 0.25], "texture": "#0"},
				"east": {"uv": [11.5, 0, 11.75, 0.25], "texture": "#0"},
				"south": {"uv": [5.5, 0, 11.5, 0.25], "texture": "#0"},
				"west": {"uv": [11.5, 0, 11.75, 0.25], "texture": "#0"},
				"up": {"uv": [11.5, 0, 5.5, 0.125], "texture": "#0"},
				"down": {"uv": [11.5, 0.125, 5.5, 0.25], "texture": "#0"}
			}
		},
		{
			"from": [-16, 30, 8],
			"to": [32, 32, 10],
			"faces": {
				"north": {"uv": [5.5, 0, 11.5, 0.25], "texture": "#0"},
				"east": {"uv": [11.5, 0, 11.75, 0.25], "texture": "#0"},
				"south": {"uv": [5.5, 0, 11.5, 0.25], "texture": "#0"},
				"west": {"uv": [11.5, 0, 11.75, 0.25], "texture": "#0"},
				"up": {"uv": [11.5, 0, 5.5, 0.125], "texture": "#0"},
				"down": {"uv": [11.5, 0.25, 5.5, 0.125], "texture": "#0"}
			}
		},
		{
			"from": [30, 2, 8],
			"to": [32, 30, 10],
			"faces": {
				"north": {"uv": [5.5, 0.25, 5.75, 3.75], "texture": "#0"},
				"east": {"uv": [5.5, 0.25, 5.625, 3.75], "texture": "#0"},
				"south": {"uv": [5.75, 0.25, 5.5, 3.75], "texture": "#0"},
				"west": {"uv": [5.625, 0.25, 5.75, 3.75], "texture": "#0"}
			}
		},
		{
			"from": [-16, 2, 8],
			"to": [-14, 30, 10],
			"rotation": {"angle": 0, "axis": "y", "origin": [16, 0, 0]},
			"faces": {
				"north": {"uv": [5.75, 0.25, 5.5, 3.75], "texture": "#0"},
				"east": {"uv": [5.75, 0.25, 5.625, 3.75], "texture": "#0"},
				"south": {"uv": [5.5, 0.25, 5.75, 3.75], "texture": "#0"},
				"west": {"uv": [5.625, 0.25, 5.5, 3.75], "texture": "#0"}
			}
		},
		{
			"from": [-14, 2, 8.9],
			"to": [30, 30, 8.9],
			"faces": {
				"north": {"uv": [0, 0, 5.5, 3.5], "texture": "#0"},
				"east": {"uv": [0, 0, 0, 3.5], "texture": "#0"},
				"west": {"uv": [0, 0, 0, 3.5], "texture": "#0"},
				"up": {"uv": [5.5, 0, 0, 0], "texture": "#0"},
				"down": {"uv": [5.5, 0, 0, 0], "texture": "#0"}
			}
		},
		{
			"from": [-14, 2, 9.1],
			"to": [30, 30, 9.1],
			"rotation": {"angle": 0, "axis": "y", "origin": [8, 16, 9]},
			"faces": {
				"east": {"uv": [0, 0, 0, 3.5], "texture": "#0"},
				"south": {"uv": [0, 0, 5.5, 3.5], "texture": "#0"},
				"west": {"uv": [0, 0, 0, 3.5], "texture": "#0"},
				"up": {"uv": [5.5, 0, 0, 0], "rotation": 180, "texture": "#0"},
				"down": {"uv": [5.5, 0, 0, 0], "rotation": 180, "texture": "#0"}
			}
		}
	],
	"display": {
		"thirdperson_righthand": {
			"rotation": [49, 36, 0],
			"translation": [-0.5, 3, 0.5],
			"scale": [0.25, 0.25, 0.25]
		},
		"thirdperson_lefthand": {
			"rotation": [49, 36, 0],
			"translation": [-0.5, 3, 0.5],
			"scale": [0.25, 0.25, 0.25]
		},
		"firstperson_righthand": {
			"rotation": [-180, 65, -180],
			"translation": [9.75, -2.25, -9.25],
			"scale": [0.85, 0.85, 0.85]
		},
		"firstperson_lefthand": {
			"rotation": [-180, 65, -180],
			"translation": [9.75, -2.25, -9.25],
			"scale": [0.85, 0.85, 0.85]
		},
		"ground": {
			"translation": [0, 5.5, 0],
			"scale": [0.4, 0.4, 0.4]
		},
		"gui": {
			"rotation": [30, 145.5, 0],
			"translation": [-0.25, -2.5, 0],
			"scale": [0.4, 0.4, 0.4]
		},
		"head": {
			"rotation": [8, -180, 0],
			"translation": [0, -45, -10],
			"scale": [1.6, 1.6, 1.6]
		},
		"fixed": {
			"rotation": [-90, 0, 0],
			"translation": [0, 0, -16],
			"scale": [2, 2, 2]
		}
	}
}