{
	"credit": "MadewithBlockbench",
	"textures": {
		"1": "elitecreatures:item/elite_pickaxe_bundle/pickaxe_15",
		"2": "elitecreatures:item/elite_pickaxe_bundle/pickaxe_15_animation",
		"particle": "elitecreatures:item/elite_pickaxe_bundle/pickaxe_15_animation"
	},
	"elements": [
		{
			"from": [7.41, -0.09, 7.41],
			"to": [8.59, 1.09, 8.59],
			"rotation": {"angle": -45, "axis": "x", "origin": [8, 0.5, 8]},
			"faces": {
				"north": {"uv": [0, 10, 1.25, 11.25], "texture": "#1"},
				"east": {"uv": [10, 0, 11.25, 1.25], "texture": "#1"},
				"south": {"uv": [10, 4, 11.25, 5.25], "texture": "#1"},
				"west": {"uv": [10, 6, 11.25, 7.25], "texture": "#1"},
				"up": {"uv": [9.25, 11.25, 8, 10], "texture": "#1"},
				"down": {"uv": [11.25, 8, 10, 9.25], "texture": "#1"}
			}
		},
		{
			"from": [7.5, 4.7, 7.5],
			"to": [8.5, 5.7, 8.5],
			"rotation": {"angle": 0, "axis": "x", "origin": [8, 5.2, 8]},
			"faces": {
				"north": {"uv": [10, 2, 11, 3], "texture": "#1"},
				"east": {"uv": [10, 10, 11, 11], "texture": "#1"},
				"south": {"uv": [11, 2, 12, 3], "texture": "#1"},
				"west": {"uv": [11, 3, 12, 4], "texture": "#1"},
				"up": {"uv": [6, 12, 5, 11], "texture": "#1"},
				"down": {"uv": [8, 11, 7, 12], "texture": "#1"}
			}
		},
		{
			"from": [7.5, 0.7, 7.5],
			"to": [8.5, 1.7, 8.5],
			"rotation": {"angle": 0, "axis": "x", "origin": [8, 5.2, 8]},
			"faces": {
				"north": {"uv": [10, 11, 11, 12], "texture": "#1"},
				"east": {"uv": [11, 10, 12, 11], "texture": "#1"},
				"south": {"uv": [11, 11, 12, 12], "texture": "#1"},
				"west": {"uv": [0, 12, 1, 13], "texture": "#1"},
				"up": {"uv": [13, 1, 12, 0], "texture": "#1"},
				"down": {"uv": [2, 12, 1, 13], "texture": "#1"}
			}
		},
		{
			"from": [7.6, 1.7, 7.6],
			"to": [8.4, 4.7, 8.4],
			"rotation": {"angle": 0, "axis": "x", "origin": [8, 2.2, 8]},
			"faces": {
				"north": {"uv": [8, 4, 8.75, 7], "texture": "#1"},
				"east": {"uv": [8, 7, 8.75, 10], "texture": "#1"},
				"south": {"uv": [9, 0, 9.75, 3], "texture": "#1"},
				"west": {"uv": [4, 9, 4.75, 12], "texture": "#1"},
				"up": {"uv": [12.75, 1.75, 12, 1], "texture": "#1"},
				"down": {"uv": [12.75, 2, 12, 2.75], "texture": "#1"}
			}
		},
		{
			"from": [8, -2.5, 7],
			"to": [8, 0.5, 9],
			"rotation": {"angle": -45, "axis": "y", "origin": [8, -1, 8]},
			"faces": {
				"north": {"uv": [0, 0, 0, 3], "texture": "#1"},
				"east": {"uv": [2, 3, 4, 6], "texture": "#1"},
				"south": {"uv": [0, 0, 0, 3], "texture": "#1"},
				"west": {"uv": [4, 3, 6, 6], "texture": "#1"},
				"up": {"uv": [0, 2, 0, 0], "texture": "#1"},
				"down": {"uv": [0, 0, 0, 2], "texture": "#1"}
			}
		},
		{
			"from": [8, -2.5, 7],
			"to": [8, 0.5, 9],
			"rotation": {"angle": 45, "axis": "y", "origin": [8, -1, 8]},
			"faces": {
				"north": {"uv": [0, 0, 0, 3], "texture": "#1"},
				"east": {"uv": [2, 3, 4, 6], "texture": "#1"},
				"south": {"uv": [0, 0, 0, 3], "texture": "#1"},
				"west": {"uv": [4, 3, 6, 6], "texture": "#1"},
				"up": {"uv": [0, 2, 0, 0], "texture": "#1"},
				"down": {"uv": [0, 0, 0, 2], "texture": "#1"}
			}
		},
		{
			"from": [7.525, 5.15, 7.15],
			"to": [8.475, 6.85, 8.85],
			"rotation": {"angle": 45, "axis": "x", "origin": [8, 6, 8]},
			"faces": {
				"north": {"uv": [9, 4, 10, 5.75], "texture": "#1"},
				"east": {"uv": [7, 0, 8.75, 1.75], "texture": "#1"},
				"south": {"uv": [5, 9, 6, 10.75], "texture": "#1"},
				"west": {"uv": [4, 7, 5.75, 8.75], "texture": "#1"},
				"up": {"uv": [10, 7.75, 9, 6], "texture": "#1"},
				"down": {"uv": [10, 8, 9, 9.75], "texture": "#1"}
			}
		},
		{
			"from": [7.75, 6.1, 7.5],
			"to": [8.25, 13.1, 8.5],
			"rotation": {"angle": 0, "axis": "y", "origin": [7.75, 10.6, 8]},
			"faces": {
				"north": {"uv": [2, 7, 2.5, 14], "texture": "#1"},
				"east": {"uv": [0, 3, 1, 10], "texture": "#1"},
				"south": {"uv": [3, 7, 3.5, 14], "texture": "#1"},
				"west": {"uv": [1, 3, 2, 10], "texture": "#1"},
				"up": {"uv": [12.5, 4, 12, 3], "texture": "#1"},
				"down": {"uv": [4.5, 12, 4, 13], "texture": "#1"}
			}
		},
		{
			"from": [7.7625, 11.3, 2.9],
			"to": [8.2375, 12.3, 7.9],
			"rotation": {"angle": -22.5, "axis": "x", "origin": [7.7625, 11.6, 5.6]},
			"faces": {
				"north": {"uv": [12, 6, 12.5, 7], "texture": "#1"},
				"east": {"uv": [2, 6, 7, 7], "texture": "#1"},
				"south": {"uv": [7, 12, 7.5, 13], "texture": "#1"},
				"west": {"uv": [6, 3, 11, 4], "texture": "#1"},
				"up": {"uv": [6.5, 12, 6, 7], "texture": "#1"},
				"down": {"uv": [7.5, 6, 7, 11], "texture": "#1"}
			}
		},
		{
			"from": [8, 9.3, 0.65],
			"to": [8, 12.3, 7.65],
			"rotation": {"angle": -22.5, "axis": "x", "origin": [8, 11.6, 5.6]},
			"faces": {
				"north": {"uv": [0, 0, 0, 3], "texture": "#1"},
				"east": {"uv": [0, 3, 7, 0], "rotation": 180, "texture": "#1"},
				"south": {"uv": [0, 0, 0, 3], "texture": "#1"},
				"west": {"uv": [0, 0, 7, 3], "texture": "#1"},
				"up": {"uv": [0, 7, 0, 0], "texture": "#1"},
				"down": {"uv": [0, 0, 0, 7], "texture": "#1"}
			}
		},
		{
			"from": [7.7625, 11.3, 8.1],
			"to": [8.2375, 12.3, 13.1],
			"rotation": {"angle": 22.5, "axis": "x", "origin": [7.7625, 11.6, 10.4]},
			"faces": {
				"north": {"uv": [7.5, 12, 7, 13], "texture": "#1"},
				"east": {"uv": [7, 6, 2, 7], "texture": "#1"},
				"south": {"uv": [12.5, 6, 12, 7], "texture": "#1"},
				"west": {"uv": [11, 3, 6, 4], "texture": "#1"},
				"up": {"uv": [6.5, 7, 6, 12], "texture": "#1"},
				"down": {"uv": [7.5, 11, 7, 6], "texture": "#1"}
			}
		},
		{
			"from": [8, 9.3, 8.35],
			"to": [8, 12.3, 15.35],
			"rotation": {"angle": 22.5, "axis": "x", "origin": [8, 11.6, 10.4]},
			"faces": {
				"north": {"uv": [0, 0, 0, 3], "texture": "#1"},
				"east": {"uv": [7, 3, 0, 0], "rotation": 180, "texture": "#1"},
				"south": {"uv": [0, 0, 0, 3], "texture": "#1"},
				"west": {"uv": [7, 0, 0, 3], "texture": "#1"},
				"up": {"uv": [0, 0, 0, 7], "texture": "#1"},
				"down": {"uv": [0, 7, 0, 0], "texture": "#1"}
			}
		},
		{
			"from": [8, 13.1018, 7],
			"to": [8, 15.1018, 9],
			"rotation": {"angle": 0, "axis": "x", "origin": [8, 12.1018, 1]},
			"faces": {
				"north": {"uv": [0, 0, 0, 2], "texture": "#1"},
				"east": {"uv": [6, 6, 8, 4], "rotation": 180, "texture": "#1"},
				"south": {"uv": [0, 0, 0, 2], "texture": "#1"},
				"west": {"uv": [6, 4, 8, 6], "texture": "#1"},
				"up": {"uv": [0, 2, 0, 0], "texture": "#1"},
				"down": {"uv": [0, 0, 0, 2], "texture": "#1"}
			}
		},
		{
			"from": [7.7375, 12.6, 7.5],
			"to": [8.2625, 13.6, 8.5],
			"rotation": {"angle": -45, "axis": "x", "origin": [8.0125, 13.1, 8]},
			"faces": {
				"north": {"uv": [12, 4, 12.5, 5], "texture": "#1"},
				"east": {"uv": [7, 2, 8, 3], "texture": "#1"},
				"south": {"uv": [5, 12, 5.5, 13], "texture": "#1"},
				"west": {"uv": [8, 2, 9, 3], "texture": "#1"},
				"up": {"uv": [12.5, 6, 12, 5], "texture": "#1"},
				"down": {"uv": [6.5, 12, 6, 13], "texture": "#1"}
			}
		},
		{
			"from": [7.4, 5.9, 7.1],
			"to": [7.4, 13.9, 9.1],
			"rotation": {"angle": 0, "axis": "y", "origin": [7.4, 5.9, 7.1]},
			"faces": {
				"north": {"uv": [0, 0, 0, 8], "texture": "#2"},
				"east": {"uv": [4, 0, 0, 16], "texture": "#2"},
				"south": {"uv": [0, 0, 0, 8], "texture": "#2"},
				"west": {"uv": [0, 0, 4, 16], "texture": "#2"},
				"up": {"uv": [0, 2, 0, 0], "texture": "#2"},
				"down": {"uv": [0, 0, 0, 2], "texture": "#2"}
			}
		},
		{
			"from": [8.6, 5.9, 7.1],
			"to": [8.6, 13.9, 9.1],
			"rotation": {"angle": 0, "axis": "y", "origin": [8.6, 5.9, 7.1]},
			"faces": {
				"north": {"uv": [0, 0, 0, 8], "texture": "#2"},
				"east": {"uv": [4, 0, 0, 16], "texture": "#2"},
				"south": {"uv": [0, 0, 0, 8], "texture": "#2"},
				"west": {"uv": [0, 0, 4, 16], "texture": "#2"},
				"up": {"uv": [0, 2, 0, 0], "texture": "#2"},
				"down": {"uv": [0, 0, 0, 2], "texture": "#2"}
			}
		}
	],
	"gui_light": "front",
	"display": {
		"thirdperson_righthand": {
			"translation": [0, 4.25, 1.5],
			"scale": [1.3, 1.3, 1.3]
		},
		"thirdperson_lefthand": {
			"translation": [0, 4.25, 1.5],
			"scale": [1.3, 1.3, 1.3]
		},
		"firstperson_righthand": {
			"rotation": [8, 0, 0],
			"translation": [0.75, 6, 3.25],
			"scale": [0.66016, 0.66016, 0.66016]
		},
		"firstperson_lefthand": {
			"rotation": [8, 0, 0],
			"translation": [0.75, 6, 3.25],
			"scale": [0.66016, 0.66016, 0.66016]
		},
		"ground": {
			"rotation": [-45, 0, 0],
			"translation": [1, 6, -0.75]
		},
		"gui": {
			"rotation": [90, -135, 90],
			"translation": [0.75, 0.75, 0],
			"scale": [1.0957, 1.0957, 1.0957]
		},
		"head": {
			"scale": [0, 0, 0]
		},
		"fixed": {
			"rotation": [0, 90, 0],
			"translation": [0, 6.75, -1.75],
			"scale": [3.2, 3.2, 3.2]
		}
	}
}