{
	"credit": "MadewithBlockbench",
	"texture_size": [64, 64],
	"textures": {
		"1": "elitecreatures:item/elite_pickaxe_bundle/pickaxe_10_animation",
		"2": "elitecreatures:item/elite_pickaxe_bundle/pickaxe_10",
		"particle": "elitecreatures:item/elite_pickaxe_bundle/pickaxe_10"
	},
	"elements": [
		{
			"from": [6.5, 7, 5],
			"to": [9.5, 12, 10],
			"rotation": {"angle": 45, "axis": "x", "origin": [7.5, 9, 8]},
			"faces": {
				"north": {"uv": [0.5, 5.75, 1.25, 7], "texture": "#2"},
				"east": {"uv": [3.25, 5, 4.5, 6.25], "texture": "#2"},
				"south": {"uv": [1.25, 5.75, 2, 7], "texture": "#2"},
				"west": {"uv": [5.5, 0.75, 6.75, 2], "texture": "#2"},
				"up": {"uv": [2.75, 7, 2, 5.75], "texture": "#2"},
				"down": {"uv": [6.75, 2, 6, 3.25], "texture": "#2"}
			}
		},
		{
			"from": [7.25, 6.8, 8.8],
			"to": [8.75, 8.3, 12.8],
			"rotation": {"angle": 22.5, "axis": "x", "origin": [7.5, 7.3, 8.7]},
			"faces": {
				"north": {"uv": [8.25, 3, 8.625, 3.375], "texture": "#2"},
				"east": {"uv": [3, 7, 4, 7.375], "texture": "#2"},
				"south": {"uv": [8.25, 3.5, 8.625, 3.875], "texture": "#2"},
				"west": {"uv": [7.25, 2.25, 8.25, 2.625], "texture": "#2"},
				"up": {"uv": [6.375, 8, 6, 7], "texture": "#2"},
				"down": {"uv": [7.625, 2.75, 7.25, 3.75], "texture": "#2"}
			}
		},
		{
			"from": [8, 6.8, 12.8],
			"to": [8, 8.3, 14.8],
			"rotation": {"angle": 22.5, "axis": "x", "origin": [7.5, 7.3, 8.7]},
			"faces": {
				"north": {"uv": [0, 0, 0, 0.375], "texture": "#2"},
				"east": {"uv": [7.75, 3, 8.25, 3.375], "texture": "#2"},
				"south": {"uv": [0, 0, 0, 0.375], "texture": "#2"},
				"west": {"uv": [7.75, 3.5, 8.25, 3.875], "texture": "#2"},
				"up": {"uv": [0, 0.5, 0, 0], "texture": "#2"},
				"down": {"uv": [0, 0, 0, 0.5], "texture": "#2"}
			}
		},
		{
			"from": [7.25, 6.8, 3.2],
			"to": [8.75, 8.3, 7.2],
			"rotation": {"angle": -22.5, "axis": "x", "origin": [7.5, 7.3, 7.3]},
			"faces": {
				"north": {"uv": [5, 8.5, 5.375, 8.875], "texture": "#2"},
				"east": {"uv": [7.25, 4.5, 8.25, 4.875], "texture": "#2"},
				"south": {"uv": [6, 8.5, 6.375, 8.875], "texture": "#2"},
				"west": {"uv": [3, 7.5, 4, 7.875], "texture": "#2"},
				"up": {"uv": [4.375, 8.5, 4, 7.5], "texture": "#2"},
				"down": {"uv": [5.375, 7.5, 5, 8.5], "texture": "#2"}
			}
		},
		{
			"from": [8, 6.8, 1.2],
			"to": [8, 8.3, 3.2],
			"rotation": {"angle": -22.5, "axis": "x", "origin": [7.5, 7.3, 7.3]},
			"faces": {
				"north": {"uv": [0, 0, 0, 0.375], "texture": "#2"},
				"east": {"uv": [7.75, 4, 8.25, 4.375], "texture": "#2"},
				"south": {"uv": [0, 0, 0, 0.375], "texture": "#2"},
				"west": {"uv": [7.75, 5, 8.25, 5.375], "texture": "#2"},
				"up": {"uv": [0, 0.5, 0, 0], "texture": "#2"},
				"down": {"uv": [0, 0, 0, 0.5], "texture": "#2"}
			}
		},
		{
			"from": [7, 1.5, 6.5],
			"to": [9, 2.5, 9.5],
			"rotation": {"angle": 0, "axis": "y", "origin": [8, 3.5, 8.5]},
			"faces": {
				"north": {"uv": [6.75, 3, 7.25, 3.25], "texture": "#2"},
				"east": {"uv": [2, 7.75, 2.75, 8], "texture": "#2"},
				"south": {"uv": [8.5, 2, 9, 2.25], "texture": "#2"},
				"west": {"uv": [7.75, 2.75, 8.5, 3], "texture": "#2"},
				"up": {"uv": [2.5, 7.75, 2, 7], "texture": "#2"},
				"down": {"uv": [3, 7, 2.5, 7.75], "texture": "#2"}
			}
		},
		{
			"from": [7, 4, 5.5],
			"to": [9, 6, 10.5],
			"rotation": {"angle": 0, "axis": "y", "origin": [8, 6, 8.5]},
			"faces": {
				"north": {"uv": [1, 7.75, 1.5, 8.25], "texture": "#2"},
				"east": {"uv": [6, 3.25, 7.25, 3.75], "texture": "#2"},
				"south": {"uv": [1.5, 7.75, 2, 8.25], "texture": "#2"},
				"west": {"uv": [6, 3.75, 7.25, 4.25], "texture": "#2"},
				"up": {"uv": [3.25, 7, 2.75, 5.75], "texture": "#2"},
				"down": {"uv": [6.5, 4.25, 6, 5.5], "texture": "#2"}
			}
		},
		{
			"from": [7.275, 2.5, 6.5],
			"to": [8.725, 13.5, 9.5],
			"rotation": {"angle": 0, "axis": "y", "origin": [8, 8, 8]},
			"faces": {
				"north": {"uv": [5.875, 4.75, 5.5, 2], "rotation": 180, "texture": "#2"},
				"east": {"uv": [0.5, 5, 3.25, 5.75], "rotation": 90, "texture": "#2"},
				"south": {"uv": [5.875, 4.75, 5.5, 7.5], "texture": "#2"},
				"west": {"uv": [5.5, 0, 8.25, 0.75], "rotation": 270, "texture": "#2"},
				"up": {"uv": [0.5, 7.75, 0.875, 8.5], "texture": "#2"},
				"down": {"uv": [5.5, 7.5, 5.875, 8.25], "rotation": 180, "texture": "#2"}
			}
		},
		{
			"from": [7, -8, 6.5],
			"to": [9, -5, 9.5],
			"rotation": {"angle": 45, "axis": "x", "origin": [8, -6.5, 8]},
			"faces": {
				"north": {"uv": [6.75, 2.25, 7.25, 3], "texture": "#2"},
				"east": {"uv": [6, 5.5, 6.75, 6.25], "texture": "#2"},
				"south": {"uv": [0.5, 7, 1, 7.75], "texture": "#2"},
				"west": {"uv": [3.25, 6.25, 4, 7], "texture": "#2"},
				"up": {"uv": [1.5, 7.75, 1, 7], "texture": "#2"},
				"down": {"uv": [2, 7, 1.5, 7.75], "texture": "#2"}
			}
		},
		{
			"from": [7, 12.5, 6.5],
			"to": [9, 15.5, 9.5],
			"rotation": {"angle": 45, "axis": "x", "origin": [8, 14, 8]},
			"faces": {
				"north": {"uv": [7.25, 3.75, 7.75, 4.5], "texture": "#2"},
				"east": {"uv": [6, 6.25, 6.75, 7], "texture": "#2"},
				"south": {"uv": [7.25, 5.5, 7.75, 6.25], "texture": "#2"},
				"west": {"uv": [6.5, 4.25, 7.25, 5], "texture": "#2"},
				"up": {"uv": [7.75, 7, 7.25, 6.25], "texture": "#2"},
				"down": {"uv": [7.75, 7, 7.25, 7.75], "texture": "#2"}
			}
		},
		{
			"from": [7.5, -6, 7],
			"to": [8.5, 2, 9],
			"rotation": {"angle": 0, "axis": "y", "origin": [0, 2, 0]},
			"faces": {
				"north": {"uv": [4.5, 9.25, 4.75, 11.25], "texture": "#2"},
				"east": {"uv": [0, 9.25, 0.5, 11.25], "texture": "#2"},
				"south": {"uv": [4.75, 9.25, 5, 11.25], "texture": "#2"},
				"west": {"uv": [5, 4.25, 5.5, 6.25], "texture": "#2"},
				"up": {"uv": [6.75, 7.5, 6.5, 7], "texture": "#2"},
				"down": {"uv": [6.75, 7.5, 6.5, 8], "texture": "#2"}
			}
		},
		{
			"from": [7.25, 13.1569, 8.34828],
			"to": [8.75, 14.6569, 13.34828],
			"rotation": {"angle": -45, "axis": "x", "origin": [8, 13.36515, 12.48486]},
			"faces": {
				"north": {"uv": [7.75, 5.5, 8.125, 5.875], "texture": "#2"},
				"east": {"uv": [6.5, 5, 7.75, 5.375], "texture": "#2"},
				"south": {"uv": [7.75, 6, 8.125, 6.375], "texture": "#2"},
				"west": {"uv": [6.75, 0.75, 8, 1.125], "texture": "#2"},
				"up": {"uv": [4.375, 7.5, 4, 6.25], "texture": "#2"},
				"down": {"uv": [5.375, 6.25, 5, 7.5], "texture": "#2"}
			}
		},
		{
			"from": [7.275, 13.3893, 12.20278],
			"to": [8.725, 14.8893, 13.70278],
			"rotation": {"angle": 0, "axis": "y", "origin": [8, 13.36515, 12.48486]},
			"faces": {
				"north": {"uv": [7.75, 6.5, 8.125, 6.875], "texture": "#2"},
				"east": {"uv": [7.75, 7, 8.125, 7.375], "texture": "#2"},
				"south": {"uv": [7.25, 7.75, 7.625, 8.125], "texture": "#2"},
				"west": {"uv": [7.75, 7.5, 8.125, 7.875], "texture": "#2"},
				"up": {"uv": [8.375, 1.125, 8, 0.75], "texture": "#2"},
				"down": {"uv": [8.375, 1.25, 8, 1.625], "texture": "#2"}
			}
		},
		{
			"from": [7.3, 12.06089, 12.92402],
			"to": [8.7, 13.56089, 14.42402],
			"rotation": {"angle": -45, "axis": "x", "origin": [8, 13.36515, 12.48486]},
			"faces": {
				"north": {"uv": [8, 1.75, 8.375, 2.125], "texture": "#2"},
				"east": {"uv": [2, 8, 2.375, 8.375], "texture": "#2"},
				"south": {"uv": [2.5, 8, 2.875, 8.375], "texture": "#2"},
				"west": {"uv": [3, 8, 3.375, 8.375], "texture": "#2"},
				"up": {"uv": [3.875, 8.375, 3.5, 8], "texture": "#2"},
				"down": {"uv": [6.375, 8, 6, 8.375], "texture": "#2"}
			}
		},
		{
			"from": [7.325, 12.30655, 13.27518],
			"to": [8.675, 13.80655, 14.77518],
			"rotation": {"angle": 0, "axis": "y", "origin": [8, 13.36515, 12.48486]},
			"faces": {
				"north": {"uv": [6.5, 8, 6.875, 8.375], "texture": "#2"},
				"east": {"uv": [7.75, 8, 8.125, 8.375], "texture": "#2"},
				"south": {"uv": [8.25, 0, 8.625, 0.375], "texture": "#2"},
				"west": {"uv": [1, 8.25, 1.375, 8.625], "texture": "#2"},
				"up": {"uv": [1.875, 8.625, 1.5, 8.25], "texture": "#2"},
				"down": {"uv": [8.625, 2.25, 8.25, 2.625], "texture": "#2"}
			}
		},
		{
			"from": [7.25, 13.1569, 2.65172],
			"to": [8.75, 14.6569, 7.65172],
			"rotation": {"angle": 45, "axis": "x", "origin": [8, 13.36515, 3.51514]},
			"faces": {
				"north": {"uv": [3.5, 8.5, 3.875, 8.875], "texture": "#2"},
				"east": {"uv": [6.75, 1.25, 8, 1.625], "texture": "#2"},
				"south": {"uv": [4, 8.5, 4.375, 8.875], "texture": "#2"},
				"west": {"uv": [6.75, 1.75, 8, 2.125], "texture": "#2"},
				"up": {"uv": [7.125, 6.75, 6.75, 5.5], "texture": "#2"},
				"down": {"uv": [7.125, 6.75, 6.75, 8], "texture": "#2"}
			}
		},
		{
			"from": [7.275, 13.3893, 2.29722],
			"to": [8.725, 14.8893, 3.79722],
			"rotation": {"angle": 0, "axis": "y", "origin": [8, 13.36515, 3.51514]},
			"faces": {
				"north": {"uv": [8.5, 0.5, 8.875, 0.875], "texture": "#2"},
				"east": {"uv": [8.5, 1, 8.875, 1.375], "texture": "#2"},
				"south": {"uv": [8.5, 1.5, 8.875, 1.875], "texture": "#2"},
				"west": {"uv": [2, 8.5, 2.375, 8.875], "texture": "#2"},
				"up": {"uv": [2.875, 8.875, 2.5, 8.5], "texture": "#2"},
				"down": {"uv": [3.375, 8.5, 3, 8.875], "texture": "#2"}
			}
		},
		{
			"from": [7.3, 12.06089, 1.57598],
			"to": [8.7, 13.56089, 3.07598],
			"rotation": {"angle": 45, "axis": "x", "origin": [8, 13.36515, 3.51514]},
			"faces": {
				"north": {"uv": [8.25, 6.5, 8.625, 6.875], "texture": "#2"},
				"east": {"uv": [7, 8.25, 7.375, 8.625], "texture": "#2"},
				"south": {"uv": [8.25, 7, 8.625, 7.375], "texture": "#2"},
				"west": {"uv": [8.25, 7.5, 8.625, 7.875], "texture": "#2"},
				"up": {"uv": [8.625, 8.375, 8.25, 8], "texture": "#2"},
				"down": {"uv": [0.875, 8.5, 0.5, 8.875], "texture": "#2"}
			}
		},
		{
			"from": [7.325, 12.30655, 1.22482],
			"to": [8.675, 13.80655, 2.72482],
			"rotation": {"angle": 0, "axis": "y", "origin": [8, 13.36515, 3.51514]},
			"faces": {
				"north": {"uv": [8.25, 4, 8.625, 4.375], "texture": "#2"},
				"east": {"uv": [8.25, 4.5, 8.625, 4.875], "texture": "#2"},
				"south": {"uv": [8.25, 5, 8.625, 5.375], "texture": "#2"},
				"west": {"uv": [5.5, 8.25, 5.875, 8.625], "texture": "#2"},
				"up": {"uv": [8.625, 5.875, 8.25, 5.5], "texture": "#2"},
				"down": {"uv": [8.625, 6, 8.25, 6.375], "texture": "#2"}
			}
		},
		{
			"from": [7.9, 2, 8.5],
			"to": [7.9, 8, 12.5],
			"rotation": {"angle": 0, "axis": "y", "origin": [6.875, 4, 13]},
			"faces": {
				"north": {"uv": [0, 0, 0, 1.5], "texture": "#1"},
				"east": {"uv": [0, 0, 8, 12], "texture": "#1"},
				"south": {"uv": [0, 0, 0, 1.5], "texture": "#1"},
				"west": {"uv": [8, 0, 0, 12], "texture": "#1"},
				"up": {"uv": [0, 0, 0, 1], "texture": "#1"},
				"down": {"uv": [0, 1, 0, 0], "texture": "#1"}
			}
		},
		{
			"from": [7.9, 2, 3.5],
			"to": [7.9, 8, 7.5],
			"rotation": {"angle": 0, "axis": "y", "origin": [6.875, 4, 3]},
			"faces": {
				"north": {"uv": [0, 0, 0, 1.5], "texture": "#1"},
				"east": {"uv": [8, 0, 0, 12], "texture": "#1"},
				"south": {"uv": [0, 0, 0, 1.5], "texture": "#1"},
				"west": {"uv": [0, 0, 8, 12], "texture": "#1"},
				"up": {"uv": [0, 1, 0, 0], "texture": "#1"},
				"down": {"uv": [0, 0, 0, 1], "texture": "#1"}
			}
		},
		{
			"from": [7, 7.5, 8],
			"to": [9, 9.5, 12],
			"rotation": {"angle": 0, "axis": "y", "origin": [7, 8.5, 5]},
			"faces": {
				"north": {"uv": [9.625, 0.5, 10.125, 1], "texture": "#2"},
				"east": {"uv": [10.625, 0, 9.625, 0.5], "texture": "#2"},
				"south": {"uv": [10.125, 0.5, 10.625, 1], "texture": "#2"},
				"west": {"uv": [9.625, 0, 10.625, 0.5], "texture": "#2"},
				"up": {"uv": [8.625, 0, 9.125, 1], "texture": "#2"},
				"down": {"uv": [9.125, 0, 9.625, 1], "texture": "#2"}
			}
		},
		{
			"from": [7, 7.5, 4],
			"to": [9, 9.5, 8],
			"rotation": {"angle": 0, "axis": "y", "origin": [7, 8.5, 11]},
			"faces": {
				"north": {"uv": [10.625, 0.5, 10.125, 1], "texture": "#2"},
				"east": {"uv": [9.625, 0, 10.625, 0.5], "texture": "#2"},
				"south": {"uv": [10.125, 0.5, 9.625, 1], "texture": "#2"},
				"west": {"uv": [10.625, 0, 9.625, 0.5], "texture": "#2"},
				"up": {"uv": [8.625, 1, 9.125, 0], "texture": "#2"},
				"down": {"uv": [9.125, 1, 9.625, 0], "texture": "#2"}
			}
		},
		{
			"from": [7.25, 8, 10.2],
			"to": [8.75, 11, 14.2],
			"rotation": {"angle": 0, "axis": "y", "origin": [8, 8.23102, 15.09791]},
			"faces": {
				"north": {"uv": [10.25, 1, 10.625, 1.75], "texture": "#2"},
				"east": {"uv": [9.875, 1, 8.875, 1.75], "texture": "#2"},
				"south": {"uv": [9.875, 1, 10.25, 1.75], "texture": "#2"},
				"west": {"uv": [8.875, 1, 9.875, 1.75], "texture": "#2"},
				"up": {"uv": [8.625, 3.25, 9, 4.25], "texture": "#2"},
				"down": {"uv": [8.625, 2.25, 9, 3.25], "texture": "#2"}
			}
		},
		{
			"from": [7.275, 7.58346, 13.299],
			"to": [8.725, 10.08346, 17.299],
			"rotation": {"angle": 22.5, "axis": "x", "origin": [8, 8.23102, 15.09791]},
			"faces": {
				"north": {"uv": [9.375, 2.375, 9.75, 3], "texture": "#2"},
				"east": {"uv": [10, 1.75, 9, 2.375], "texture": "#2"},
				"south": {"uv": [9, 2.375, 9.375, 3], "texture": "#2"},
				"west": {"uv": [9, 1.75, 10, 2.375], "texture": "#2"},
				"up": {"uv": [9, 3, 9.375, 4], "texture": "#2"},
				"down": {"uv": [9.375, 3, 9.75, 4], "texture": "#2"}
			}
		},
		{
			"from": [7.3, 5.46204, 15.99581],
			"to": [8.7, 8.46204, 17.99581],
			"rotation": {"angle": -22.5, "axis": "x", "origin": [8, 6.96204, 17.99581]},
			"faces": {
				"north": {"uv": [9, 4, 9.375, 4.75], "rotation": 180, "texture": "#2"},
				"east": {"uv": [9, 4.75, 9.75, 5.25], "rotation": 270, "texture": "#2"},
				"south": {"uv": [9.375, 4, 9.75, 4.75], "texture": "#2"},
				"west": {"uv": [9.75, 4.75, 9, 5.25], "rotation": 90, "texture": "#2"},
				"up": {"uv": [8.625, 4.25, 9, 4.75], "rotation": 180, "texture": "#2"},
				"down": {"uv": [8.625, 4.75, 9, 5.25], "texture": "#2"}
			}
		},
		{
			"from": [7.25, 8, 1.8],
			"to": [8.75, 11, 5.8],
			"rotation": {"angle": 0, "axis": "y", "origin": [7.2, 8, 5.8]},
			"faces": {
				"north": {"uv": [10.25, 1, 9.875, 1.75], "texture": "#2"},
				"east": {"uv": [8.875, 1, 9.875, 1.75], "texture": "#2"},
				"south": {"uv": [10.625, 1, 10.25, 1.75], "texture": "#2"},
				"west": {"uv": [9.875, 1, 8.875, 1.75], "texture": "#2"},
				"up": {"uv": [8.625, 4.25, 9, 3.25], "texture": "#2"},
				"down": {"uv": [8.625, 3.25, 9, 2.25], "texture": "#2"}
			}
		},
		{
			"from": [7.275, 8.1, -1.9],
			"to": [8.725, 10.6, 2.1],
			"rotation": {"angle": -22.5, "axis": "x", "origin": [7.2, 10, 1.9]},
			"faces": {
				"north": {"uv": [9.375, 2.375, 9, 3], "texture": "#2"},
				"east": {"uv": [9, 1.75, 10, 2.375], "texture": "#2"},
				"south": {"uv": [9.75, 2.375, 9.375, 3], "texture": "#2"},
				"west": {"uv": [10, 1.75, 9, 2.375], "texture": "#2"},
				"up": {"uv": [9, 4, 9.375, 3], "texture": "#2"},
				"down": {"uv": [9.375, 4, 9.75, 3], "texture": "#2"}
			}
		},
		{
			"from": [7.3, 5.46204, -1.99581],
			"to": [8.7, 8.46204, 0.00419],
			"rotation": {"angle": 22.5, "axis": "x", "origin": [8, 6.96204, -1.99581]},
			"faces": {
				"north": {"uv": [9.375, 4.75, 9.75, 4], "rotation": 180, "texture": "#2"},
				"east": {"uv": [9.75, 4.75, 9, 5.25], "rotation": 90, "texture": "#2"},
				"south": {"uv": [9, 4.75, 9.375, 4], "texture": "#2"},
				"west": {"uv": [9, 4.75, 9.75, 5.25], "rotation": 270, "texture": "#2"},
				"up": {"uv": [9, 4.25, 8.625, 4.75], "texture": "#2"},
				"down": {"uv": [9, 4.75, 8.625, 5.25], "rotation": 180, "texture": "#2"}
			}
		}
	],
	"gui_light": "front",
	"display": {
		"thirdperson_righthand": {
			"translation": [0, 5.25, 1.75],
			"scale": [0.74414, 0.74414, 0.74414]
		},
		"thirdperson_lefthand": {
			"translation": [0, 5.25, 1.75],
			"scale": [0.74414, 0.74414, 0.74414]
		},
		"firstperson_righthand": {
			"rotation": [4.25, 0, 0],
			"translation": [1, 6.75, 2.5],
			"scale": [0.4375, 0.4375, 0.4375]
		},
		"firstperson_lefthand": {
			"rotation": [4.25, 0, 0],
			"translation": [1, 6.75, 2.5],
			"scale": [0.4375, 0.4375, 0.4375]
		},
		"ground": {
			"rotation": [45, 0, 0],
			"translation": [0, 9, 1.75],
			"scale": [0.6, 0.6, 0.6]
		},
		"gui": {
			"rotation": [90, 45, -90],
			"translation": [1, 1, 0],
			"scale": [0.70469, 0.70469, 0.70469]
		},
		"head": {
			"scale": [0, 0, 0]
		},
		"fixed": {
			"rotation": [90, 90, -90],
			"translation": [-0.25, 15, -2.13],
			"scale": [2.22657, 2.22657, 2.22657]
		}
	},
	"groups": [
		0,
		1,
		2,
		3,
		4,
		5,
		6,
		7,
		8,
		9,
		10,
		{
			"name": "group",
			"origin": [8.25, 8.81409, 14.76764],
			"color": 0,
			"children": [11, 12, 13, 14, 15, 16, 17, 18]
		},
		19,
		20,
		21,
		22,
		23,
		24,
		25,
		26,
		27,
		28
	]
}