{"credit":"MadewithBlockbench","texture_size":[20,20],"textures":{"1":"elitecreatures:item/elite_pickaxe_bundle/pickaxe_14_animation","2":"elitecreatures:item/elite_pickaxe_bundle/pickaxe_14","particle":"elitecreatures:item/elite_pickaxe_bundle/pickaxe_14"},"elements":[{"from":[7.39,-0.11,7.39],"to":[8.61,1.11,8.61],"rotation":{"angle":45,"axis":"x","origin":[8,0.5,8]},"faces":{"north":{"uv":[4,10.4,5,11.4],"texture":"#2"},"east":{"uv":[10.4,4.8,11.4,5.8],"texture":"#2"},"south":{"uv":[5.6,10.4,6.6,11.4],"texture":"#2"},"west":{"uv":[10.4,6.4,11.4,7.4],"texture":"#2"},"up":{"uv":[11.4,9,10.4,8],"texture":"#2"},"down":{"uv":[11.4,9.6,10.4,10.6],"texture":"#2"}}},{"from":[7.5,0,6.4],"to":[8.5,1,7.9],"rotation":{"angle":22.5,"axis":"x","origin":[8,0.5,7.15]},"faces":{"north":{"uv":[8,7.2,8.8,8],"texture":"#2"},"east":{"uv":[2.4,11.2,3.6,12],"texture":"#2"},"south":{"uv":[8.8,3.2,9.6,4],"texture":"#2"},"west":{"uv":[11.2,3.2,12.4,4],"texture":"#2"},"up":{"uv":[8,12.4,7.2,11.2],"texture":"#2"},"down":{"uv":[8.8,11.2,8,12.4],"texture":"#2"}}},{"from":[7.5,0,8.1],"to":[8.5,1,9.6],"rotation":{"angle":-22.5,"axis":"x","origin":[8,0.5,8.85]},"faces":{"north":{"uv":[1.6,13.6,2.4,14.4],"texture":"#2"},"east":{"uv":[11.2,4,12.4,4.8],"texture":"#2"},"south":{"uv":[13.6,1.6,14.4,2.4],"texture":"#2"},"west":{"uv":[8.8,11.2,10,12],"texture":"#2"},"up":{"uv":[11.2,12.4,10.4,11.2],"texture":"#2"},"down":{"uv":[12,11.2,11.2,12.4],"texture":"#2"}}},{"from":[7.45,0.75,7.45],"to":[8.55,1.85,8.55],"rotation":{"angle":0,"axis":"y","origin":[7.45,0.75,7.45]},"faces":{"north":{"uv":[4,12,4.8,12.8],"texture":"#2"},"east":{"uv":[4.8,12,5.6,12.8],"texture":"#2"},"south":{"uv":[12,4.8,12.8,5.6],"texture":"#2"},"west":{"uv":[5.6,12,6.4,12.8],"texture":"#2"},"up":{"uv":[12.8,6.4,12,5.6],"texture":"#2"},"down":{"uv":[7.2,12,6.4,12.8],"texture":"#2"}}},{"from":[7.45,4.85,7.45],"to":[8.55,5.95,8.55],"rotation":{"angle":0,"axis":"y","origin":[7.45,4.85,7.45]},"faces":{"north":{"uv":[12.8,7.2,13.6,8],"texture":"#2"},"east":{"uv":[8,12.8,8.8,13.6],"texture":"#2"},"south":{"uv":[12.8,8,13.6,8.8],"texture":"#2"},"west":{"uv":[8.8,12.8,9.6,13.6],"texture":"#2"},"up":{"uv":[13.6,9.6,12.8,8.8],"texture":"#2"},"down":{"uv":[10.4,12.8,9.6,13.6],"texture":"#2"}}},{"from":[7.5,1.85,7.5],"to":[8.5,4.85,8.5],"rotation":{"angle":0,"axis":"y","origin":[6.95,-4.3,6.95]},"faces":{"north":{"uv":[7.2,0,8,2.4],"texture":"#2"},"east":{"uv":[8,0,8.8,2.4],"texture":"#2"},"south":{"uv":[8,4.8,8.8,7.2],"texture":"#2"},"west":{"uv":[6.4,8,7.2,10.4],"texture":"#2"},"up":{"uv":[12.8,7.2,12,6.4],"texture":"#2"},"down":{"uv":[12.8,7.2,12,8],"texture":"#2"}}},{"from":[7.4,15.7,7],"to":[8.6,17.7,9],"rotation":{"angle":-45,"axis":"x","origin":[8,16.7,8]},"faces":{"north":{"uv":[7.2,8,8.2,9.6],"texture":"#2"},"east":{"uv":[5.6,0,7.2,1.6],"texture":"#2"},"south":{"uv":[8.8,0,9.8,1.6],"texture":"#2"},"west":{"uv":[5.6,1.6,7.2,3.2],"texture":"#2"},"up":{"uv":[9.8,3.2,8.8,1.6],"texture":"#2"},"down":{"uv":[9.8,4.8,8.8,6.4],"texture":"#2"}}},{"from":[7.2,15.9,7.2],"to":[8.8,17.5,8.8],"rotation":{"angle":-45,"axis":"x","origin":[8,16.7,8]},"faces":{"north":{"uv":[8.8,6.4,10,7.6],"texture":"#2"},"east":{"uv":[8.8,8,10,9.2],"texture":"#2"},"south":{"uv":[9.6,3.2,10.8,4.4],"texture":"#2"},"west":{"uv":[7.2,9.6,8.4,10.8],"texture":"#2"},"up":{"uv":[10,10.8,8.8,9.6],"texture":"#2"},"down":{"uv":[1.2,10.4,0,11.6],"texture":"#2"}}},{"from":[7.58,16.76,7.16],"to":[8.42,18.44,8.84],"rotation":{"angle":-45,"axis":"x","origin":[8,17.6,8]},"faces":{"north":{"uv":[0,12,0.6,13.4],"texture":"#2"},"east":{"uv":[6.4,4.8,7.8,6.2],"texture":"#2"},"south":{"uv":[0.8,12,1.4,13.4],"texture":"#2"},"west":{"uv":[6.4,6.4,7.8,7.8],"texture":"#2"},"up":{"uv":[3,13.4,2.4,12],"texture":"#2"},"down":{"uv":[3.8,12,3.2,13.4],"texture":"#2"}}},{"from":[7.5,16,6.3],"to":[8.5,17,7.3],"rotation":{"angle":0,"axis":"y","origin":[7.5,15,6.3]},"faces":{"north":{"uv":[12,8,12.8,8.8],"texture":"#2"},"east":{"uv":[8.8,12,9.6,12.8],"texture":"#2"},"south":{"uv":[12,8.8,12.8,9.6],"texture":"#2"},"west":{"uv":[9.6,12,10.4,12.8],"texture":"#2"},"up":{"uv":[12.8,10.4,12,9.6],"texture":"#2"},"down":{"uv":[12.8,10.4,12,11.2],"texture":"#2"}}},{"from":[7.5,15,6.8],"to":[8.5,16,7.3],"rotation":{"angle":0,"axis":"y","origin":[7.5,14,6.3]},"faces":{"north":{"uv":[12.8,5.6,13.6,6.4],"texture":"#2"},"east":{"uv":[8,13.6,8.4,14.4],"texture":"#2"},"south":{"uv":[6.4,12.8,7.2,13.6],"texture":"#2"},"west":{"uv":[13.6,8,14,8.8],"texture":"#2"},"up":{"uv":[9.6,14,8.8,13.6],"texture":"#2"},"down":{"uv":[14.4,8.8,13.6,9.2],"texture":"#2"}}},{"from":[7.5,18.30776,5.42988],"to":[8.5,19.30776,5.92988],"rotation":{"angle":-45,"axis":"x","origin":[8,18.80776,5.67988]},"faces":{"north":{"uv":[12.8,6.4,13.6,7.2],"texture":"#2"},"east":{"uv":[9.6,13.6,10,14.4],"texture":"#2"},"south":{"uv":[7.2,12.8,8,13.6],"texture":"#2"},"west":{"uv":[13.6,9.6,14,10.4],"texture":"#2"},"up":{"uv":[11.2,14,10.4,13.6],"texture":"#2"},"down":{"uv":[14.4,10.4,13.6,10.8],"texture":"#2"}}},{"from":[7.495,16.61732,6.37612],"to":[8.505,17.61732,7.37612],"rotation":{"angle":-22.5,"axis":"x","origin":[7.52,16.61732,6.37612]},"faces":{"north":{"uv":[12,11.2,12.8,12],"texture":"#2"},"east":{"uv":[12,12,12.8,12.8],"texture":"#2"},"south":{"uv":[12.8,0,13.6,0.8],"texture":"#2"},"west":{"uv":[12.8,0.8,13.6,1.6],"texture":"#2"},"up":{"uv":[13.6,2.4,12.8,1.6],"texture":"#2"},"down":{"uv":[13.6,2.4,12.8,3.2],"texture":"#2"}}},{"from":[7.5,17.21677,6.21021],"to":[8.5,18.21677,7.21021],"rotation":{"angle":-45,"axis":"x","origin":[7.5,17.21677,6.21021]},"faces":{"north":{"uv":[12.8,3.2,13.6,4],"texture":"#2"},"east":{"uv":[4,12.8,4.8,13.6],"texture":"#2"},"south":{"uv":[12.8,4,13.6,4.8],"texture":"#2"},"west":{"uv":[4.8,12.8,5.6,13.6],"texture":"#2"},"up":{"uv":[13.6,5.6,12.8,4.8],"texture":"#2"},"down":{"uv":[6.4,12.8,5.6,13.6],"texture":"#2"}}},{"from":[7.4,15.7,6.45],"to":[8.6,16.2,6.95],"rotation":{"angle":-45,"axis":"x","origin":[8,15.95,6.7]},"faces":{"north":{"uv":[3.2,13.6,4.2,14],"texture":"#2"},"east":{"uv":[12.8,13.6,13.2,14],"texture":"#2"},"south":{"uv":[13.6,4,14.6,4.4],"texture":"#2"},"west":{"uv":[13.6,12.8,14,13.2],"texture":"#2"},"up":{"uv":[5.8,14,4.8,13.6],"texture":"#2"},"down":{"uv":[14.6,4.8,13.6,5.2],"texture":"#2"}}},{"from":[7.4,18,5.45],"to":[8.6,18.5,5.95],"rotation":{"angle":-45,"axis":"x","origin":[8,18.25,5.7]},"faces":{"north":{"uv":[13.6,5.6,14.6,6],"texture":"#2"},"east":{"uv":[13.6,13.6,14,14],"texture":"#2"},"south":{"uv":[6.4,13.6,7.4,14],"texture":"#2"},"west":{"uv":[0,14.4,0.4,14.8],"texture":"#2"},"up":{"uv":[14.6,6.8,13.6,6.4],"texture":"#2"},"down":{"uv":[14.6,7.2,13.6,7.6],"texture":"#2"}}},{"from":[7.5,5.95,7.5],"to":[8.5,6.95,8.5],"rotation":{"angle":0,"axis":"y","origin":[6.95,3.9,6.95]},"faces":{"north":{"uv":[12.8,9.6,13.6,10.4],"texture":"#2"},"east":{"uv":[10.4,12.8,11.2,13.6],"texture":"#2"},"south":{"uv":[12.8,10.4,13.6,11.2],"texture":"#2"},"west":{"uv":[11.2,12.8,12,13.6],"texture":"#2"},"up":{"uv":[13.6,12,12.8,11.2],"texture":"#2"},"down":{"uv":[12.8,12.8,12,13.6],"texture":"#2"}}},{"from":[7.5,14.95,7.5],"to":[8.5,15.95,8.5],"rotation":{"angle":0,"axis":"y","origin":[6.95,12.9,6.95]},"faces":{"north":{"uv":[12.8,12,13.6,12.8],"texture":"#2"},"east":{"uv":[12.8,12.8,13.6,13.6],"texture":"#2"},"south":{"uv":[0,13.6,0.8,14.4],"texture":"#2"},"west":{"uv":[13.6,0,14.4,0.8],"texture":"#2"},"up":{"uv":[1.6,14.4,0.8,13.6],"texture":"#2"},"down":{"uv":[14.4,0.8,13.6,1.6],"texture":"#2"}}},{"from":[7.4,6.95,7.4],"to":[8.6,14.95,8.6],"rotation":{"angle":0,"axis":"y","origin":[6.95,4.9,6.95]},"faces":{"north":{"uv":[0,4,1,10.4],"texture":"#2"},"east":{"uv":[1.6,4,2.6,10.4],"texture":"#2"},"south":{"uv":[3.2,4,4.2,10.4],"texture":"#2"},"west":{"uv":[4.8,4,5.8,10.4],"texture":"#2"},"up":{"uv":[12.2,1,11.2,0],"texture":"#2"},"down":{"uv":[12.2,1.6,11.2,2.6],"texture":"#2"}}},{"from":[7.75,16.90133,2.04224],"to":[8.25,17.90133,6.04224],"rotation":{"angle":-22.5,"axis":"x","origin":[8.25,17.40133,3.54224]},"faces":{"north":{"uv":[11.2,13.6,11.6,14.4],"texture":"#2"},"east":{"uv":[5.6,3.2,8.8,4],"texture":"#2"},"south":{"uv":[13.6,11.2,14,12],"texture":"#2"},"west":{"uv":[6.4,4,9.6,4.8],"texture":"#2"},"up":{"uv":[10.8,3.2,10.4,0],"texture":"#2"},"down":{"uv":[2,10.4,1.6,13.6],"texture":"#2"}}},{"from":[8,14.00133,-0.95776],"to":[8,18.70133,6.04224],"rotation":{"angle":-22.5,"axis":"x","origin":[8,17.40133,3.54224]},"faces":{"north":{"uv":[0,0,0,3.8],"texture":"#2"},"east":{"uv":[5.6,0,0,3.76],"texture":"#2"},"south":{"uv":[0,0,0,3.8],"texture":"#2"},"west":{"uv":[0,0,5.6,3.8],"texture":"#2"},"up":{"uv":[0,5.6,0,0],"texture":"#2"},"down":{"uv":[0,0,0,5.6],"texture":"#2"}}},{"from":[7.755,17.49635,-0.12071],"to":[8.245,18.49635,1.87929],"rotation":{"angle":-45,"axis":"x","origin":[8.255,17.99635,3.37929]},"faces":{"north":{"uv":[12,13.6,12.4,14.4],"texture":"#2"},"east":{"uv":[7.2,2.4,8.8,3.2],"texture":"#2"},"south":{"uv":[13.6,12,14,12.8],"texture":"#2"},"west":{"uv":[2.4,10.4,4,11.2],"texture":"#2"},"up":{"uv":[2.8,15.2,2.4,13.6],"texture":"#2"},"down":{"uv":[14,2.4,13.6,4],"texture":"#2"}}},{"from":[7.5,16,8.7],"to":[8.5,17,9.7],"rotation":{"angle":0,"axis":"y","origin":[7.5,15,9.7]},"faces":{"north":{"uv":[12.8,8.8,12,9.6],"texture":"#2"},"east":{"uv":[9.6,12,8.8,12.8],"texture":"#2"},"south":{"uv":[12.8,8,12,8.8],"texture":"#2"},"west":{"uv":[10.4,12,9.6,12.8],"texture":"#2"},"up":{"uv":[12.8,9.6,12,10.4],"texture":"#2"},"down":{"uv":[12.8,11.2,12,10.4],"texture":"#2"}}},{"from":[7.495,16.61732,8.62388],"to":[8.505,17.61732,9.62388],"rotation":{"angle":22.5,"axis":"x","origin":[7.52,16.61732,9.62388]},"faces":{"north":{"uv":[13.6,0,12.8,0.8],"texture":"#2"},"east":{"uv":[12.8,12,12,12.8],"texture":"#2"},"south":{"uv":[12.8,11.2,12,12],"texture":"#2"},"west":{"uv":[13.6,0.8,12.8,1.6],"texture":"#2"},"up":{"uv":[13.6,1.6,12.8,2.4],"texture":"#2"},"down":{"uv":[13.6,3.2,12.8,2.4],"texture":"#2"}}},{"from":[7.5,17.21677,8.78979],"to":[8.5,18.21677,9.78979],"rotation":{"angle":45,"axis":"x","origin":[7.5,17.21677,9.78979]},"faces":{"north":{"uv":[13.6,4,12.8,4.8],"texture":"#2"},"east":{"uv":[4.8,12.8,4,13.6],"texture":"#2"},"south":{"uv":[13.6,3.2,12.8,4],"texture":"#2"},"west":{"uv":[5.6,12.8,4.8,13.6],"texture":"#2"},"up":{"uv":[13.6,4.8,12.8,5.6],"texture":"#2"},"down":{"uv":[6.4,13.6,5.6,12.8],"texture":"#2"}}},{"from":[7.5,15,8.7],"to":[8.5,16,9.2],"rotation":{"angle":0,"axis":"y","origin":[7.5,14,9.7]},"faces":{"north":{"uv":[7.2,12.8,6.4,13.6],"texture":"#2"},"east":{"uv":[8.4,13.6,8,14.4],"texture":"#2"},"south":{"uv":[13.6,5.6,12.8,6.4],"texture":"#2"},"west":{"uv":[14,8,13.6,8.8],"texture":"#2"},"up":{"uv":[9.6,13.6,8.8,14],"texture":"#2"},"down":{"uv":[14.4,9.2,13.6,8.8],"texture":"#2"}}},{"from":[7.5,18.30776,10.07012],"to":[8.5,19.30776,10.57012],"rotation":{"angle":45,"axis":"x","origin":[8,18.80776,10.32012]},"faces":{"north":{"uv":[8,12.8,7.2,13.6],"texture":"#2"},"east":{"uv":[10,13.6,9.6,14.4],"texture":"#2"},"south":{"uv":[13.6,6.4,12.8,7.2],"texture":"#2"},"west":{"uv":[14,9.6,13.6,10.4],"texture":"#2"},"up":{"uv":[11.2,13.6,10.4,14],"texture":"#2"},"down":{"uv":[14.4,10.8,13.6,10.4],"texture":"#2"}}},{"from":[7.4,15.7,9.05],"to":[8.6,16.2,9.55],"rotation":{"angle":45,"axis":"x","origin":[8,15.95,9.3]},"faces":{"north":{"uv":[14.6,4,13.6,4.4],"texture":"#2"},"east":{"uv":[13.2,13.6,12.8,14],"texture":"#2"},"south":{"uv":[4.2,13.6,3.2,14],"texture":"#2"},"west":{"uv":[14,12.8,13.6,13.2],"texture":"#2"},"up":{"uv":[5.8,13.6,4.8,14],"texture":"#2"},"down":{"uv":[14.6,5.2,13.6,4.8],"texture":"#2"}}},{"from":[7.4,18,10.05],"to":[8.6,18.5,10.55],"rotation":{"angle":45,"axis":"x","origin":[8,18.25,10.3]},"faces":{"north":{"uv":[7.4,13.6,6.4,14],"texture":"#2"},"east":{"uv":[14,13.6,13.6,14],"texture":"#2"},"south":{"uv":[14.6,5.6,13.6,6],"texture":"#2"},"west":{"uv":[0.4,14.4,0,14.8],"texture":"#2"},"up":{"uv":[14.6,6.4,13.6,6.8],"texture":"#2"},"down":{"uv":[14.6,7.6,13.6,7.2],"texture":"#2"}}},{"from":[7.75,16.90133,9.95776],"to":[8.25,17.90133,13.95776],"rotation":{"angle":22.5,"axis":"x","origin":[8.25,17.40133,12.45776]},"faces":{"north":{"uv":[14,11.2,13.6,12],"texture":"#2"},"east":{"uv":[8.8,3.2,5.6,4],"texture":"#2"},"south":{"uv":[11.6,13.6,11.2,14.4],"texture":"#2"},"west":{"uv":[9.6,4,6.4,4.8],"texture":"#2"},"up":{"uv":[10.8,0,10.4,3.2],"texture":"#2"},"down":{"uv":[2,13.6,1.6,10.4],"texture":"#2"}}},{"from":[7.755,17.49635,14.12071],"to":[8.245,18.49635,16.12071],"rotation":{"angle":45,"axis":"x","origin":[8.255,17.99635,12.62071]},"faces":{"north":{"uv":[14,12,13.6,12.8],"texture":"#2"},"east":{"uv":[8.8,2.4,7.2,3.2],"texture":"#2"},"south":{"uv":[12.4,13.6,12,14.4],"texture":"#2"},"west":{"uv":[4,10.4,2.4,11.2],"texture":"#2"},"up":{"uv":[2.8,13.6,2.4,15.2],"texture":"#2"},"down":{"uv":[14,4,13.6,2.4],"texture":"#2"}}},{"from":[8,14.00133,9.95776],"to":[8,18.70133,16.95776],"rotation":{"angle":22.5,"axis":"x","origin":[8,17.40133,12.45776]},"faces":{"north":{"uv":[0,0,0,3.8],"texture":"#2"},"east":{"uv":[0,0,5.6,3.76],"texture":"#2"},"south":{"uv":[0,0,0,3.8],"texture":"#2"},"west":{"uv":[5.6,0,0,3.8],"texture":"#2"},"up":{"uv":[0,0,0,5.6],"texture":"#2"},"down":{"uv":[0,5.6,0,0],"texture":"#2"}}},{"from":[7.375,14.5167,-1.32368],"to":[7.375,18.5167,8.27632],"rotation":{"angle":-45,"axis":"x","origin":[7.375,16.1567,3.47632]},"faces":{"north":{"uv":[0,0,0,4],"rotation":180,"texture":"#1"},"east":{"uv":[0.66667,0.66667,0,0],"rotation":270,"texture":"#1"},"south":{"uv":[0,4,0,0],"texture":"#1"},"west":{"uv":[6.33333,0,0,16],"rotation":270,"texture":"#1"},"up":{"uv":[0,9.6,0,0],"rotation":180,"texture":"#1"},"down":{"uv":[0,9.6,0,0],"texture":"#1"}}},{"from":[7.375,14.5167,7.72368],"to":[7.375,18.5167,17.32368],"rotation":{"angle":45,"axis":"x","origin":[7.375,16.1567,12.52368]},"faces":{"north":{"uv":[0,4,0,0],"texture":"#1"},"east":{"uv":[0.66667,0.66667,0,0],"rotation":270,"texture":"#1"},"south":{"uv":[0,0,0,4],"rotation":180,"texture":"#1"},"west":{"uv":[6.33333,16,0,0],"rotation":270,"texture":"#1"},"up":{"uv":[0,0,0,9.6],"rotation":180,"texture":"#1"},"down":{"uv":[0,0,0,9.6],"texture":"#1"}}},{"from":[8.625,14.5167,7.72368],"to":[8.625,18.5167,17.32368],"rotation":{"angle":45,"axis":"x","origin":[8.625,16.1567,12.52368]},"faces":{"north":{"uv":[0,4,0,0],"texture":"#1"},"east":{"uv":[6.33333,0,0,16],"rotation":270,"texture":"#1"},"south":{"uv":[0,0,0,4],"rotation":180,"texture":"#1"},"west":{"uv":[0.66667,0.66667,0,0],"rotation":270,"texture":"#1"},"up":{"uv":[0,0,0,9.6],"rotation":180,"texture":"#1"},"down":{"uv":[0,0,0,9.6],"texture":"#1"}}},{"from":[8.625,14.5167,-1.32368],"to":[8.625,18.5167,8.27632],"rotation":{"angle":-45,"axis":"x","origin":[8.625,16.1567,3.47632]},"faces":{"north":{"uv":[0,0,0,4],"rotation":180,"texture":"#1"},"east":{"uv":[6.33333,16,0,0],"rotation":270,"texture":"#1"},"south":{"uv":[0,4,0,0],"texture":"#1"},"west":{"uv":[0.66667,0.66667,0,0],"rotation":270,"texture":"#1"},"up":{"uv":[0,9.6,0,0],"rotation":180,"texture":"#1"},"down":{"uv":[0,9.6,0,0],"texture":"#1"}}}],"gui_light":"front","display":{"thirdperson_righthand":{"translation":[0,2.75,1.5],"scale":[1.2,1.2,1.2]},"thirdperson_lefthand":{"translation":[0,2.75,1.5],"scale":[1.2,1.2,1.2]},"firstperson_righthand":{"rotation":[9.5,0,0],"translation":[1,4.25,2.75],"scale":[0.56055,0.56055,0.56055]},"firstperson_lefthand":{"rotation":[9.5,0,0],"translation":[1,4.25,2.75],"scale":[0.56055,0.56055,0.56055]},"ground":{"rotation":[-45,0,0],"translation":[-0.25,6,1.75]},"gui":{"rotation":[90,-135,90],"translation":[-2.25,-2.25,0],"scale":[0.81836,0.81836,0.81836]},"head":{"scale":[0,0,0]},"fixed":{"rotation":[0,-90,0],"translation":[0,-3,-1.5],"scale":[2.4,2.4,2.4]}}}