{"credit":"MadewithBlockbench","textures":{"0":"elitecreatures:item/elite_pickaxe_bundle/pickaxe_11","1":"elitecreatures:item/elite_pickaxe_bundle/pickaxe_11_animation","2":"elitecreatures:item/elite_pickaxe_bundle/pickaxe_11_1","particle":"elitecreatures:item/elite_pickaxe_bundle/pickaxe_11"},"elements":[{"from":[7.5,1.35,7.5],"to":[8.5,2.35,8.5],"rotation":{"angle":0,"axis":"y","origin":[8,4,8]},"faces":{"north":{"uv":[0.05,3.475,1,2.55],"rotation":90,"texture":"#0"},"east":{"uv":[0.05,2.475,1,1.55],"rotation":90,"texture":"#0"},"south":{"uv":[0.05,2.55,1,3.475],"rotation":90,"texture":"#0"},"west":{"uv":[0.05,1.55,1,2.475],"rotation":90,"texture":"#0"},"up":{"uv":[1.275,1.55625,2.2,2.46875],"rotation":90,"texture":"#0"},"down":{"uv":[15.4,0,16,0.7],"rotation":90,"texture":"#0"}}},{"from":[7.473,0.9652,7.94967],"to":[7.827,1.2692,8.63367],"rotation":{"angle":22.5,"axis":"x","origin":[8,0.50364,8.46654]},"faces":{"north":{"uv":[2.9,0,3.204,0.684],"rotation":90,"texture":"#0"},"east":{"uv":[2.9,0,3.204,0.684],"rotation":90,"texture":"#0"},"south":{"uv":[2.9,0,3.204,0.684],"rotation":90,"texture":"#0"},"west":{"uv":[2.9,0,3.204,0.684],"rotation":90,"texture":"#0"},"up":{"uv":[2.9,0,3.204,0.684],"rotation":90,"texture":"#0"},"down":{"uv":[2.9,0,3.204,0.684],"rotation":90,"texture":"#0"}}},{"from":[7.473,0.54679,8.82205],"to":[7.827,0.92679,9.12605],"rotation":{"angle":-22.5,"axis":"x","origin":[8,0.50364,8.46654]},"faces":{"north":{"uv":[2.9,0,3.204,0.684],"rotation":90,"texture":"#0"},"east":{"uv":[2.9,0,3.204,0.684],"rotation":90,"texture":"#0"},"south":{"uv":[2.9,0,3.204,0.684],"rotation":90,"texture":"#0"},"west":{"uv":[2.9,0,3.204,0.684],"rotation":90,"texture":"#0"},"up":{"uv":[2.9,0,3.204,0.684],"rotation":90,"texture":"#0"},"down":{"uv":[2.9,0,3.204,0.684],"rotation":90,"texture":"#0"}}},{"from":[7.473,0.0125,8.59837],"to":[7.827,1.0005,8.90237],"rotation":{"angle":22.5,"axis":"x","origin":[8,0.50364,8.46654]},"faces":{"north":{"uv":[2.9,0,3.204,0.684],"rotation":90,"texture":"#0"},"east":{"uv":[2.9,0,3.204,0.684],"rotation":90,"texture":"#0"},"south":{"uv":[2.9,0,3.204,0.684],"rotation":90,"texture":"#0"},"west":{"uv":[2.9,0,3.204,0.684],"rotation":90,"texture":"#0"},"up":{"uv":[2.9,0,3.204,0.684],"rotation":90,"texture":"#0"},"down":{"uv":[2.9,0,3.204,0.684],"rotation":90,"texture":"#0"}}},{"from":[7.473,-0.15183,8.04743],"to":[7.827,0.15217,8.42743],"rotation":{"angle":-22.5,"axis":"x","origin":[8,0.50364,8.46654]},"faces":{"north":{"uv":[2.9,0,3.204,0.684],"rotation":270,"texture":"#0"},"east":{"uv":[2.9,0,3.204,0.684],"texture":"#0"},"south":{"uv":[2.9,0,3.204,0.684],"rotation":90,"texture":"#0"},"west":{"uv":[2.9,0,3.204,0.684],"rotation":180,"texture":"#0"},"up":{"uv":[2.9,0,3.204,0.684],"rotation":270,"texture":"#0"},"down":{"uv":[2.9,0,3.204,0.684],"rotation":90,"texture":"#0"}}},{"from":[7.473,-0.2562,8.17767],"to":[7.827,0.0478,8.63367],"rotation":{"angle":22.5,"axis":"x","origin":[8,0.50364,8.46654]},"faces":{"north":{"uv":[2.9,0,3.204,0.684],"rotation":90,"texture":"#0"},"east":{"uv":[2.9,0,3.204,0.684],"rotation":90,"texture":"#0"},"south":{"uv":[2.9,0,3.204,0.684],"rotation":90,"texture":"#0"},"west":{"uv":[2.9,0,3.204,0.684],"rotation":90,"texture":"#0"},"up":{"uv":[2.9,0,3.204,0.684],"rotation":90,"texture":"#0"},"down":{"uv":[2.9,0,3.204,0.684],"rotation":90,"texture":"#0"}}},{"from":[7.373,0.6125,8.49837],"to":[7.927,0.8005,9.00237],"rotation":{"angle":22.5,"axis":"x","origin":[8,0.50364,8.46654]},"faces":{"north":{"uv":[3.65,0.025,3.838,0.479],"rotation":90,"texture":"#0"},"east":{"uv":[3.65,0.025,3.838,0.479],"rotation":90,"texture":"#0"},"south":{"uv":[3.65,0.025,3.838,0.479],"rotation":90,"texture":"#0"},"west":{"uv":[3.65,0.025,3.838,0.479],"rotation":90,"texture":"#0"},"up":{"uv":[3.525,0.025,3.963,0.479],"rotation":90,"texture":"#0"},"down":{"uv":[3.963,0.025,3.525,0.479],"rotation":90,"texture":"#0"}}},{"from":[7.4,1.66759,5.66759],"to":[8.6,2.76759,6.76759],"rotation":{"angle":-45,"axis":"x","origin":[8,4,8]},"faces":{"north":{"uv":[1.275,0.025,2.475,1.225],"rotation":90,"texture":"#0"},"east":{"uv":[0.025,1.225,1.225,0.025],"rotation":90,"texture":"#0"},"south":{"uv":[2.475,0.025,1.275,1.225],"rotation":90,"texture":"#0"},"west":{"uv":[0.025,0.025,1.225,1.225],"rotation":90,"texture":"#0"},"up":{"uv":[1.275,0.025,2.475,1.225],"rotation":90,"texture":"#0"},"down":{"uv":[1.275,1.225,2.475,0.025],"rotation":90,"texture":"#0"}}},{"from":[7.473,0.15498,7.72499],"to":[7.827,0.38598,7.93899],"rotation":{"angle":-22.5,"axis":"x","origin":[8,0.50364,8.46654]},"faces":{"north":{"uv":[2.9,0,3.204,0.684],"rotation":270,"texture":"#0"},"east":{"uv":[2.9,0,3.204,0.684],"texture":"#0"},"south":{"uv":[2.9,0,3.204,0.684],"rotation":90,"texture":"#0"},"west":{"uv":[2.9,0,3.204,0.684],"rotation":180,"texture":"#0"},"up":{"uv":[2.9,0,3.204,0.684],"rotation":270,"texture":"#0"},"down":{"uv":[2.9,0,3.204,0.684],"rotation":90,"texture":"#0"}}},{"from":[7.373,0.2125,8.49837],"to":[7.927,0.4005,9.00237],"rotation":{"angle":22.5,"axis":"x","origin":[8,0.50364,8.46654]},"faces":{"north":{"uv":[3.65,0.025,3.838,0.479],"rotation":90,"texture":"#0"},"east":{"uv":[3.65,0.025,3.838,0.479],"rotation":90,"texture":"#0"},"south":{"uv":[3.65,0.025,3.838,0.479],"rotation":90,"texture":"#0"},"west":{"uv":[3.65,0.025,3.838,0.479],"rotation":90,"texture":"#0"},"up":{"uv":[3.525,0.025,3.963,0.479],"rotation":90,"texture":"#0"},"down":{"uv":[3.963,0.025,3.525,0.479],"rotation":90,"texture":"#0"}}},{"from":[8.173,0.99074,7.96069],"to":[8.527,1.29474,8.64469],"rotation":{"angle":22.5,"axis":"x","origin":[8.35,0.54412,8.40785]},"faces":{"north":{"uv":[2.9,0,3.204,0.684],"rotation":90,"texture":"#0"},"east":{"uv":[2.9,0,3.204,0.684],"rotation":90,"texture":"#0"},"south":{"uv":[2.9,0,3.204,0.684],"rotation":90,"texture":"#0"},"west":{"uv":[2.9,0,3.204,0.684],"rotation":90,"texture":"#0"},"up":{"uv":[2.9,0,3.204,0.684],"rotation":90,"texture":"#0"},"down":{"uv":[2.9,0,3.204,0.684],"rotation":90,"texture":"#0"}}},{"from":[8.173,0.52742,8.80209],"to":[8.527,0.90742,9.10609],"rotation":{"angle":-22.5,"axis":"x","origin":[8.35,0.54412,8.40785]},"faces":{"north":{"uv":[2.9,0,3.204,0.684],"rotation":90,"texture":"#0"},"east":{"uv":[2.9,0,3.204,0.684],"rotation":90,"texture":"#0"},"south":{"uv":[2.9,0,3.204,0.684],"rotation":90,"texture":"#0"},"west":{"uv":[2.9,0,3.204,0.684],"rotation":90,"texture":"#0"},"up":{"uv":[2.9,0,3.204,0.684],"rotation":90,"texture":"#0"},"down":{"uv":[2.9,0,3.204,0.684],"rotation":90,"texture":"#0"}}},{"from":[8.173,-0.23066,8.18869],"to":[8.527,0.07334,8.64469],"rotation":{"angle":22.5,"axis":"x","origin":[8.35,0.54412,8.40785]},"faces":{"north":{"uv":[2.9,0,3.204,0.684],"rotation":90,"texture":"#0"},"east":{"uv":[2.9,0,3.204,0.684],"rotation":90,"texture":"#0"},"south":{"uv":[2.9,0,3.204,0.684],"rotation":90,"texture":"#0"},"west":{"uv":[2.9,0,3.204,0.684],"rotation":90,"texture":"#0"},"up":{"uv":[2.9,0,3.204,0.684],"rotation":90,"texture":"#0"},"down":{"uv":[2.9,0,3.204,0.684],"rotation":90,"texture":"#0"}}},{"from":[8.173,0.1356,7.70503],"to":[8.527,0.3666,7.91903],"rotation":{"angle":-22.5,"axis":"x","origin":[8.35,0.54412,8.40785]},"faces":{"north":{"uv":[2.9,0,3.204,0.684],"rotation":270,"texture":"#0"},"east":{"uv":[2.9,0,3.204,0.684],"texture":"#0"},"south":{"uv":[2.9,0,3.204,0.684],"rotation":90,"texture":"#0"},"west":{"uv":[2.9,0,3.204,0.684],"rotation":180,"texture":"#0"},"up":{"uv":[2.9,0,3.204,0.684],"rotation":270,"texture":"#0"},"down":{"uv":[2.9,0,3.204,0.684],"rotation":90,"texture":"#0"}}},{"from":[8.173,-0.17121,8.02747],"to":[8.527,0.13279,8.40747],"rotation":{"angle":-22.5,"axis":"x","origin":[8.35,0.54412,8.40785]},"faces":{"north":{"uv":[2.9,0,3.204,0.684],"rotation":270,"texture":"#0"},"east":{"uv":[2.9,0,3.204,0.684],"texture":"#0"},"south":{"uv":[2.9,0,3.204,0.684],"rotation":90,"texture":"#0"},"west":{"uv":[2.9,0,3.204,0.684],"rotation":180,"texture":"#0"},"up":{"uv":[2.9,0,3.204,0.684],"rotation":270,"texture":"#0"},"down":{"uv":[2.9,0,3.204,0.684],"rotation":90,"texture":"#0"}}},{"from":[8.173,0.03804,8.60939],"to":[8.527,1.02604,8.91339],"rotation":{"angle":22.5,"axis":"x","origin":[8.35,0.54412,8.40785]},"faces":{"north":{"uv":[2.9,0,3.204,0.684],"rotation":90,"texture":"#0"},"east":{"uv":[2.9,0,3.204,0.684],"rotation":90,"texture":"#0"},"south":{"uv":[2.9,0,3.204,0.684],"rotation":90,"texture":"#0"},"west":{"uv":[2.9,0,3.204,0.684],"rotation":90,"texture":"#0"},"up":{"uv":[2.9,0,3.204,0.684],"rotation":90,"texture":"#0"},"down":{"uv":[2.9,0,3.204,0.684],"rotation":90,"texture":"#0"}}},{"from":[8.073,0.23804,8.50939],"to":[8.627,0.42604,9.01339],"rotation":{"angle":22.5,"axis":"x","origin":[8.35,0.54412,8.40785]},"faces":{"north":{"uv":[3.65,0.479,3.838,0.025],"rotation":90,"texture":"#0"},"east":{"uv":[3.65,0.479,3.838,0.025],"rotation":90,"texture":"#0"},"south":{"uv":[3.65,0.479,3.838,0.025],"rotation":90,"texture":"#0"},"west":{"uv":[3.65,0.479,3.838,0.025],"rotation":90,"texture":"#0"},"up":{"uv":[3.525,0.479,3.963,0.025],"rotation":90,"texture":"#0"},"down":{"uv":[3.963,0.479,3.525,0.025],"rotation":90,"texture":"#0"}}},{"from":[8.073,0.63804,8.50939],"to":[8.627,0.82604,9.01339],"rotation":{"angle":22.5,"axis":"x","origin":[8.35,0.54412,8.40785]},"faces":{"north":{"uv":[3.65,0.479,3.838,0.025],"rotation":90,"texture":"#0"},"east":{"uv":[3.65,0.479,3.838,0.025],"rotation":90,"texture":"#0"},"south":{"uv":[3.65,0.479,3.838,0.025],"rotation":90,"texture":"#0"},"west":{"uv":[3.65,0.479,3.838,0.025],"rotation":90,"texture":"#0"},"up":{"uv":[3.525,0.479,3.963,0.025],"rotation":90,"texture":"#0"},"down":{"uv":[3.963,0.479,3.525,0.025],"rotation":90,"texture":"#0"}}},{"from":[7.6,2.35,7.6],"to":[8.4,6.25,8.4],"rotation":{"angle":0,"axis":"y","origin":[8,4,8]},"faces":{"north":{"uv":[0,6.55,3.9,7.45],"rotation":90,"texture":"#0"},"east":{"uv":[0,6.1,3.9,5.3],"rotation":90,"texture":"#0"},"south":{"uv":[0,7.8,3.9,8.7],"rotation":90,"texture":"#0"},"west":{"uv":[0,5.3,3.9,6.1],"rotation":90,"texture":"#0"},"up":{"uv":[15.2,0,16,0.8],"rotation":90,"texture":"#0"},"down":{"uv":[15.2,0,16,0.8],"rotation":90,"texture":"#0"}}},{"from":[6.8,1.50873,7.82659],"to":[7.525,1.90873,8.22659],"rotation":{"angle":-22.5,"axis":"x","origin":[8,1.63373,8.52659]},"faces":{"north":{"uv":[1.9125,2.775,1.525,3.175],"texture":"#0"},"east":{"uv":[15.4,0,15.8,0.4],"rotation":90,"texture":"#0"},"south":{"uv":[1.3,2.775,1.45,2.925],"texture":"#0"},"west":{"uv":[1.275,2.775,1.675,3.175],"rotation":90,"texture":"#0"},"up":{"uv":[2.175,2.875,1.775,3.175],"rotation":90,"texture":"#0"},"down":{"uv":[1.525,2.775,1.9125,3.175],"texture":"#0"}}},{"from":[6.8,1.50873,8.22659],"to":[7.225,1.90873,9.62659],"rotation":{"angle":-22.5,"axis":"x","origin":[8,1.63373,8.52659]},"faces":{"north":{"uv":[15.4,0,15.8,0.425],"rotation":90,"texture":"#0"},"east":{"uv":[1.275,4.675,1.675,3.275],"rotation":90,"texture":"#0"},"south":{"uv":[1.775,3.275,2.175,3.7],"rotation":90,"texture":"#0"},"west":{"uv":[1.275,3.275,1.675,4.675],"rotation":90,"texture":"#0"},"up":{"uv":[1.275,3.275,1.425,4.675],"rotation":180,"texture":"#0"},"down":{"uv":[1.5,4.675,1.65,3.275],"rotation":180,"texture":"#0"}}},{"from":[8.475,1.50873,7.82659],"to":[9.2,1.90873,8.22659],"rotation":{"angle":-22.5,"axis":"x","origin":[8,1.63373,8.52659]},"faces":{"north":{"uv":[1.525,2.775,1.9125,3.175],"texture":"#0"},"east":{"uv":[1.275,3.175,1.675,2.775],"rotation":90,"texture":"#0"},"south":{"uv":[1.45,2.775,1.3,2.925],"texture":"#0"},"west":{"uv":[15.4,0.4,15.8,0],"rotation":90,"texture":"#0"},"up":{"uv":[2.175,3.175,1.775,2.875],"rotation":90,"texture":"#0"},"down":{"uv":[1.9125,2.775,1.525,3.175],"texture":"#0"}}},{"from":[8.775,1.50873,8.22659],"to":[9.2,1.90873,9.62659],"rotation":{"angle":-22.5,"axis":"x","origin":[8,1.63373,8.52659]},"faces":{"north":{"uv":[15.4,0.425,15.8,0],"rotation":90,"texture":"#0"},"east":{"uv":[1.275,4.675,1.675,3.275],"rotation":90,"texture":"#0"},"south":{"uv":[1.775,3.7,2.175,3.275],"rotation":90,"texture":"#0"},"west":{"uv":[1.275,3.275,1.675,4.675],"rotation":90,"texture":"#0"},"up":{"uv":[1.425,3.275,1.275,4.675],"rotation":180,"texture":"#0"},"down":{"uv":[1.65,4.675,1.5,3.275],"rotation":180,"texture":"#0"}}},{"from":[7.4,5.43241,5.66759],"to":[8.6,6.53241,6.76759],"rotation":{"angle":45,"axis":"x","origin":[8,4.2,8]},"faces":{"north":{"uv":[2.475,0.025,1.275,1.225],"rotation":90,"texture":"#0"},"east":{"uv":[1.225,1.225,0.025,0.025],"rotation":90,"texture":"#0"},"south":{"uv":[1.275,0.025,2.475,1.225],"rotation":90,"texture":"#0"},"west":{"uv":[1.225,0.025,0.025,1.225],"rotation":90,"texture":"#0"},"up":{"uv":[2.475,1.225,1.275,0.025],"rotation":90,"texture":"#0"},"down":{"uv":[2.475,0.025,1.275,1.225],"rotation":90,"texture":"#0"}}},{"from":[7.5,5.85,7.5],"to":[8.5,6.85,8.5],"rotation":{"angle":0,"axis":"y","origin":[8,4.2,8]},"faces":{"north":{"uv":[1,3.475,0.05,2.55],"rotation":90,"texture":"#0"},"east":{"uv":[1,2.475,0.05,1.55],"rotation":90,"texture":"#0"},"south":{"uv":[1,2.55,0.05,3.475],"rotation":90,"texture":"#0"},"west":{"uv":[1,1.55,0.05,2.475],"rotation":90,"texture":"#0"},"up":{"uv":[16,0,15.4,0.7],"rotation":90,"texture":"#0"},"down":{"uv":[2.2,1.55625,1.275,2.46875],"rotation":90,"texture":"#0"}}},{"from":[7.548,6.35737,7.52955],"to":[8.452,8.20537,9.37755],"rotation":{"angle":0,"axis":"y","origin":[8,7.80937,8.10155]},"faces":{"north":{"uv":[3.1,5.05,4.4,9.25],"texture":"#1"},"east":{"uv":[0.05,0.05,4.25,4.25],"rotation":180,"texture":"#1"},"south":{"uv":[1.1,5.05,2.4,9.25],"texture":"#1"},"west":{"uv":[4.25,0.05,0.05,4.25],"rotation":180,"texture":"#1"},"up":{"uv":[2.1,5.05,3.4,9.25],"texture":"#1"},"down":{"uv":[0.1,5.05,1.4,9.25],"texture":"#1"}}},{"from":[7.828,7.03911,8.70937],"to":[8.172,7.72111,9.39137],"rotation":{"angle":45,"axis":"x","origin":[8,7.13726,9.60808]},"faces":{"north":{"uv":[2.475,0.025,1.275,1.225],"rotation":90,"texture":"#0"},"east":{"uv":[4.957,0.707,4.275,0.025],"rotation":90,"texture":"#0"},"south":{"uv":[4.957,0.025,4.275,0.157],"rotation":90,"texture":"#0"},"west":{"uv":[4.957,0.025,4.275,0.707],"rotation":90,"texture":"#0"},"up":{"uv":[4.825,0.025,4.932,0.707],"rotation":180,"texture":"#0"},"down":{"uv":[2.475,0.025,1.275,1.225],"rotation":90,"texture":"#0"}}},{"from":[8,4.45407,7.54714],"to":[8,8.55407,11.64714],"rotation":{"angle":-22.5,"axis":"x","origin":[8,7.13726,9.60808]},"faces":{"north":{"uv":[16,0,15.3,0.7],"rotation":180,"texture":"#1"},"east":{"uv":[7.8,7.8,16,16],"rotation":180,"texture":"#1"},"south":{"uv":[16,0,15.3,0.7],"rotation":180,"texture":"#1"},"west":{"uv":[16,7.8,7.8,16],"rotation":180,"texture":"#1"},"up":{"uv":[16,0,15.3,0.7],"rotation":180,"texture":"#1"},"down":{"uv":[16,0,15.3,0.7],"rotation":180,"texture":"#1"}}},{"from":[7.7,7.85,7.8],"to":[8.3,16.55,8.4],"rotation":{"angle":0,"axis":"y","origin":[8,4.1,7.7]},"faces":{"north":{"uv":[4.3,1.375,10.5,1.5],"rotation":90,"texture":"#0"},"east":{"uv":[4.3,1.475,10.5,1.025],"rotation":90,"texture":"#0"},"south":{"uv":[4.3,1.025,10.5,1.175],"rotation":90,"texture":"#0"},"west":{"uv":[4.3,1.025,10.5,1.475],"rotation":90,"texture":"#0"},"up":{"uv":[4.3,1.025,4.75,1.475],"rotation":180,"texture":"#0"},"down":{"uv":[2.9,0,3.204,0.684],"rotation":90,"texture":"#0"}}},{"from":[7.828,6.38911,9.20937],"to":[8.172,7.07111,9.89137],"rotation":{"angle":45,"axis":"x","origin":[8,7.13726,9.60808]},"faces":{"north":{"uv":[2.475,0.025,1.275,1.225],"rotation":90,"texture":"#0"},"east":{"uv":[4.957,0.707,4.275,0.025],"rotation":90,"texture":"#0"},"south":{"uv":[4.957,0.025,4.275,0.157],"rotation":90,"texture":"#0"},"west":{"uv":[4.957,0.025,4.275,0.707],"rotation":90,"texture":"#0"},"up":{"uv":[4.825,0.025,4.932,0.707],"rotation":180,"texture":"#0"},"down":{"uv":[2.475,0.025,1.275,1.225],"rotation":90,"texture":"#0"}}},{"from":[7.5554,14.0303,7.6554],"to":[8.4446,15.0697,8.5446],"rotation":{"angle":0,"axis":"y","origin":[8,-0.9272,7.5072]},"faces":{"north":{"uv":[5.55,0.025,6.42528,0.7238],"rotation":90,"texture":"#0"},"east":{"uv":[5.55,0.025,6.42528,0.7238],"rotation":90,"texture":"#0"},"south":{"uv":[5.55,0.025,6.42528,0.7238],"rotation":90,"texture":"#0"},"west":{"uv":[5.55,0.025,6.42528,0.7238],"rotation":90,"texture":"#0"},"up":{"uv":[5.55,0.025,6.42528,0.1238],"rotation":90,"texture":"#0"},"down":{"uv":[6.42528,0.025,5.55,0.1238],"rotation":90,"texture":"#0"}}},{"from":[7.5,15.75,7.6],"to":[8.5,17.05,8.6],"rotation":{"angle":0,"axis":"y","origin":[8,14.4,8.1]},"faces":{"north":{"uv":[1,3.475,0.05,2.55],"rotation":90,"texture":"#0"},"east":{"uv":[1,2.475,0.05,1.55],"rotation":90,"texture":"#0"},"south":{"uv":[1,2.55,0.05,3.475],"rotation":90,"texture":"#0"},"west":{"uv":[1,1.55,0.05,2.475],"rotation":90,"texture":"#0"},"up":{"uv":[16,0,15.4,0.7],"rotation":90,"texture":"#0"},"down":{"uv":[2.2,1.55625,1.275,2.46875],"rotation":90,"texture":"#0"}}},{"from":[7.4,15.63241,5.76759],"to":[8.6,16.73241,6.86759],"rotation":{"angle":45,"axis":"x","origin":[8,14.4,8.1]},"faces":{"north":{"uv":[2.475,0.025,1.275,1.225],"rotation":90,"texture":"#0"},"east":{"uv":[1.225,1.225,0.025,0.025],"rotation":90,"texture":"#0"},"south":{"uv":[1.275,0.025,2.475,1.225],"rotation":90,"texture":"#0"},"west":{"uv":[1.225,0.025,0.025,1.225],"rotation":90,"texture":"#0"},"up":{"uv":[2.475,1.225,1.275,0.025],"rotation":90,"texture":"#0"},"down":{"uv":[2.475,0.025,1.275,1.225],"rotation":90,"texture":"#0"}}},{"from":[7.6,15.00273,4.60849],"to":[8.4,15.80273,8.50849],"rotation":{"angle":-22.5,"axis":"x","origin":[8,15.03329,4.76403]},"faces":{"north":{"uv":[8.9,0.05,8.75,0.85],"texture":"#0"},"east":{"uv":[12.65,0.85,8.75,0.05],"texture":"#0"},"south":{"uv":[12.65,0.05,12.55,0.85],"texture":"#0"},"west":{"uv":[8.75,0.05,12.65,0.85],"texture":"#0"},"up":{"uv":[8.75,0.925,12.65,0.125],"rotation":90,"texture":"#0"},"down":{"uv":[12.65,0.125,8.75,0.925],"rotation":90,"texture":"#0"}}},{"from":[7.7,15.05368,2.01479],"to":[8.3,15.70368,4.91479],"rotation":{"angle":-45,"axis":"x","origin":[8,15.03329,4.76403]},"faces":{"north":{"uv":[8.9,0.05,8.75,0.85],"texture":"#0"},"east":{"uv":[11.65,0.7,8.75,0.05],"texture":"#0"},"south":{"uv":[12.65,0.05,12.55,0.85],"texture":"#0"},"west":{"uv":[8.75,0.05,11.65,0.7],"texture":"#0"},"up":{"uv":[8.75,0.725,11.65,0.125],"rotation":90,"texture":"#0"},"down":{"uv":[11.65,0.125,8.75,0.725],"rotation":90,"texture":"#0"}}},{"from":[7.7,15.05368,11.28521],"to":[8.3,15.70368,14.18521],"rotation":{"angle":45,"axis":"x","origin":[8,15.03329,11.43597]},"faces":{"north":{"uv":[12.55,0.05,12.65,0.85],"texture":"#0"},"east":{"uv":[8.75,0.7,11.65,0.05],"texture":"#0"},"south":{"uv":[8.75,0.05,8.9,0.85],"texture":"#0"},"west":{"uv":[11.65,0.05,8.75,0.7],"texture":"#0"},"up":{"uv":[11.65,0.725,8.75,0.125],"rotation":90,"texture":"#0"},"down":{"uv":[8.75,0.125,11.65,0.725],"rotation":90,"texture":"#0"}}},{"from":[7.6,15.00273,7.69151],"to":[8.4,15.80273,11.59151],"rotation":{"angle":22.5,"axis":"x","origin":[8,15.03329,11.43597]},"faces":{"north":{"uv":[12.55,0.05,12.65,0.85],"texture":"#0"},"east":{"uv":[8.75,0.85,12.65,0.05],"texture":"#0"},"south":{"uv":[8.75,0.05,8.9,0.85],"texture":"#0"},"west":{"uv":[12.65,0.05,8.75,0.85],"texture":"#0"},"up":{"uv":[12.65,0.925,8.75,0.125],"rotation":90,"texture":"#0"},"down":{"uv":[8.75,0.125,12.65,0.925],"rotation":90,"texture":"#0"}}},{"from":[7.828,14.61261,4.10956],"to":[8.172,15.29461,4.79156],"rotation":{"angle":0,"axis":"y","origin":[8,14.95361,4.45056]},"faces":{"north":{"uv":[2.475,0.025,1.275,1.225],"rotation":270,"texture":"#0"},"east":{"uv":[4.957,0.707,4.275,0.025],"texture":"#0"},"south":{"uv":[4.825,0.025,4.932,0.707],"rotation":180,"texture":"#0"},"west":{"uv":[4.957,0.025,4.275,0.707],"rotation":180,"texture":"#0"},"up":{"uv":[2.475,0.025,1.275,1.225],"rotation":270,"texture":"#0"},"down":{"uv":[4.957,0.025,4.275,0.157],"rotation":90,"texture":"#0"}}},{"from":[7.5554,8.5303,7.6554],"to":[8.4446,9.5697,8.5446],"rotation":{"angle":0,"axis":"y","origin":[8,16.5272,7.5072]},"faces":{"north":{"uv":[6.42528,0.025,5.55,0.7238],"rotation":90,"texture":"#0"},"east":{"uv":[6.42528,0.025,5.55,0.7238],"rotation":90,"texture":"#0"},"south":{"uv":[6.42528,0.025,5.55,0.7238],"rotation":90,"texture":"#0"},"west":{"uv":[6.42528,0.025,5.55,0.7238],"rotation":90,"texture":"#0"},"up":{"uv":[6.42528,0.025,5.55,0.1238],"rotation":90,"texture":"#0"},"down":{"uv":[6.42528,0.025,5.55,0.1238],"rotation":90,"texture":"#0"}}},{"from":[7.61,9.295,7.71],"to":[8.39,14.505,8.49],"rotation":{"angle":0,"axis":"y","origin":[8,1.22,7.58]},"faces":{"north":{"uv":[4.3,4.93184,8.68737,4.275],"rotation":90,"texture":"#0"},"east":{"uv":[4.3,4.275,8.68737,4.93184],"rotation":90,"texture":"#0"},"south":{"uv":[4.3,4.93184,8.68737,4.275],"rotation":90,"texture":"#0"},"west":{"uv":[4.3,4.275,8.68737,4.93184],"rotation":90,"texture":"#0"},"up":{"uv":[4.3,1.025,4.75,1.475],"rotation":180,"texture":"#0"},"down":{"uv":[2.9,0,3.204,0.684],"rotation":90,"texture":"#0"}}},{"from":[7.66921,17.10126,6.60307],"to":[8.33069,17.76274,11.38829],"rotation":{"angle":22.5,"axis":"x","origin":[7.99958,18.896,9.3]},"faces":{"north":{"uv":[5.4,12.25,5.67668,12.95026],"rotation":90,"texture":"#0"},"east":{"uv":[0.25,12.85,5.68776,12.95168],"rotation":180,"texture":"#0"},"south":{"uv":[5.4,12.95026,5.67668,12.25],"rotation":90,"texture":"#0"},"west":{"uv":[0.275,14.575,5.68776,15.20168],"texture":"#0"},"up":{"uv":[0.25,12.92668,5.68776,12.25],"rotation":90,"texture":"#0"},"down":{"uv":[0.275,12.25,5.68776,12.92668],"rotation":270,"texture":"#0"}}},{"from":[7.99921,17.18926,6.60307],"to":[7.99921,18.73074,12.26829],"rotation":{"angle":22.5,"axis":"x","origin":[7.99958,18.896,9.3]},"faces":{"north":{"uv":[2.65,11,2.92668,11.70026],"texture":"#0"},"east":{"uv":[2.525,4.25168,8.96276,2.5],"rotation":180,"texture":"#0"},"south":{"uv":[2.65,11,2.92668,11.70026],"rotation":180,"texture":"#0"},"west":{"uv":[2.525,2.5,8.96276,4.25168],"texture":"#0"},"up":{"uv":[2.65,11,2.92668,11.70026],"rotation":180,"texture":"#0"},"down":{"uv":[2.65,11,2.92668,11.70026],"texture":"#0"}}},{"from":[7.89787,17.32992,7.33776],"to":[8.10203,17.53408,13.87088],"rotation":{"angle":22.5,"axis":"x","origin":[7.99958,18.896,9.3]},"faces":{"north":{"uv":[2.9,0,3.204,0.684],"texture":"#0"},"east":{"uv":[0.05,13.825,7.424,13.982],"rotation":180,"texture":"#0"},"south":{"uv":[7.375,13.825,7.424,13.982],"texture":"#0"},"west":{"uv":[0.05,13.825,7.424,13.982],"texture":"#0"},"up":{"uv":[0.05,13.825,7.424,13.982],"rotation":90,"texture":"#0"},"down":{"uv":[0.05,13.825,7.424,13.982],"rotation":270,"texture":"#0"}}},{"from":[8,9.58112,0.97416],"to":[8,17.91888,8.22584],"rotation":{"angle":0,"axis":"y","origin":[8,7.6,8.2]},"faces":{"north":{"uv":[2.65,11,2.92668,11.70026],"rotation":180,"texture":"#0"},"east":{"uv":[16,6.11425,8.59832,14.60201],"texture":"#0"},"south":{"uv":[2.65,11,2.92668,11.70026],"rotation":180,"texture":"#0"},"west":{"uv":[8.59832,6.11425,16,14.60201],"texture":"#0"},"up":{"uv":[2.65,11,2.92668,11.70026],"rotation":180,"texture":"#0"},"down":{"uv":[2.65,11,2.92668,11.70026],"rotation":180,"texture":"#0"}}},{"from":[7.42416,13.16612,6.79916],"to":[7.42416,15.80388,9.45084],"rotation":{"angle":0,"axis":"y","origin":[8,19.485,8.125]},"faces":{"north":{"uv":[2.65,11,2.92668,11.70026],"rotation":180,"texture":"#2"},"east":{"uv":[16,0,0,16],"texture":"#2"},"south":{"uv":[2.65,11,2.92668,11.70026],"rotation":180,"texture":"#2"},"west":{"uv":[0,0,16,16],"texture":"#2"},"up":{"uv":[2.65,11,2.92668,11.70026],"rotation":180,"texture":"#2"},"down":{"uv":[2.65,11,2.92668,11.70026],"rotation":180,"texture":"#2"}}},{"from":[8.57584,13.16612,6.79916],"to":[8.57584,15.80388,9.45084],"rotation":{"angle":0,"axis":"y","origin":[8,19.485,8.125]},"faces":{"north":{"uv":[2.92668,11,2.65,11.70026],"rotation":180,"texture":"#2"},"east":{"uv":[16,0,0,16],"texture":"#2"},"south":{"uv":[2.92668,11,2.65,11.70026],"rotation":180,"texture":"#2"},"west":{"uv":[0,0,16,16],"texture":"#2"},"up":{"uv":[2.92668,11,2.65,11.70026],"rotation":180,"texture":"#2"},"down":{"uv":[2.92668,11,2.65,11.70026],"rotation":180,"texture":"#2"}}},{"from":[8,9.58112,7.77416],"to":[8,17.91888,15.02584],"rotation":{"angle":0,"axis":"y","origin":[8,7.6,7.8]},"faces":{"north":{"uv":[2.65,11,2.92668,11.70026],"rotation":180,"texture":"#0"},"east":{"uv":[8.59832,6.11425,16,14.60201],"texture":"#0"},"south":{"uv":[2.65,11,2.92668,11.70026],"rotation":180,"texture":"#0"},"west":{"uv":[16,6.11425,8.59832,14.60201],"texture":"#0"},"up":{"uv":[2.92668,11.70026,2.65,11],"rotation":180,"texture":"#0"},"down":{"uv":[2.92668,11.70026,2.65,11],"rotation":180,"texture":"#0"}}}],"gui_light":"front","display":{"thirdperson_righthand":{"translation":[0,2.75,1.25],"scale":[1.3,1.3,1.3]},"thirdperson_lefthand":{"translation":[0,2.75,1.25],"scale":[1.3,1.3,1.3]},"firstperson_righthand":{"rotation":[8,0,0],"translation":[3.25,3.75,0.25],"scale":[0.80664,0.80664,0.80664]},"firstperson_lefthand":{"rotation":[8,0,0],"translation":[3.25,3.75,0.25],"scale":[0.80664,0.80664,0.80664]},"ground":{"rotation":[-45,0,0],"translation":[0.25,6,0]},"gui":{"rotation":[-75,-45,-90],"translation":[-1.25,-1.75,0],"scale":[1.02359,1.02359,1.02359]},"head":{"scale":[0,0,0]},"fixed":{"rotation":[0,90,0],"translation":[0,-1.75,-2.75],"scale":[2.6,2.6,2.6]}},"groups":[{"name":"group","origin":[8,7.6,7.8],"color":0,"children":[0,1,2,3,4,5,6,7,8,9,10,11,12,13,14,15,16,17,18,19,20,21,22,23,24,25,26,27,28,29,30,31,32,33,34,35,36,37,38,39,40,41,42,43,44,45,46]}]}