{"credit":"MadewithBlockbench","textures":{"2":"elitecreatures:item/elite_pickaxe_bundle/pickaxe_2","particle":"elitecreatures:item/elite_pickaxe_bundle/pickaxe_2"},"elements":[{"from":[7.5,2.00329,7.5],"to":[8.5,3.00329,8.5],"rotation":{"angle":-45,"axis":"x","origin":[8,2.50329,8]},"faces":{"north":{"uv":[8,4,9,5],"texture":"#2"},"east":{"uv":[5,8,6,9],"texture":"#2"},"south":{"uv":[8,5,9,6],"texture":"#2"},"west":{"uv":[6,8,7,9],"texture":"#2"},"up":{"uv":[9,8,8,7],"texture":"#2"},"down":{"uv":[9,8,8,9],"texture":"#2"}}},{"from":[7.5,11.20329,7.5],"to":[8.5,12.20329,8.5],"rotation":{"angle":-45,"axis":"x","origin":[8,11.70329,8]},"faces":{"north":{"uv":[8,9,9,10],"texture":"#2"},"east":{"uv":[9,8,10,9],"texture":"#2"},"south":{"uv":[9,9,10,10],"texture":"#2"},"west":{"uv":[0,10,1,11],"texture":"#2"},"up":{"uv":[11,1,10,0],"texture":"#2"},"down":{"uv":[11,1,10,2],"texture":"#2"}}},{"from":[7.6,11.30329,7.5],"to":[8.4,13.30329,9.5],"rotation":{"angle":-45,"axis":"x","origin":[8,11.80329,8]},"faces":{"north":{"uv":[3,5,4,7],"texture":"#2"},"east":{"uv":[0,3,2,5],"texture":"#2"},"south":{"uv":[6,0,7,2],"texture":"#2"},"west":{"uv":[2,3,4,5],"texture":"#2"},"up":{"uv":[5,8,4,6],"texture":"#2"},"down":{"uv":[8,0,7,2],"texture":"#2"}}},{"from":[7.6,2.80329,7.6],"to":[8.4,3.80329,8.4],"rotation":{"angle":0,"axis":"x","origin":[8,3.30329,8]},"faces":{"north":{"uv":[9,0,10,1],"texture":"#2"},"east":{"uv":[9,1,10,2],"texture":"#2"},"south":{"uv":[9,2,10,3],"texture":"#2"},"west":{"uv":[3,9,4,10],"texture":"#2"},"up":{"uv":[10,4,9,3],"texture":"#2"},"down":{"uv":[10,4,9,5],"texture":"#2"}}},{"from":[7.6,4.80329,7.6],"to":[8.4,5.60329,8.4],"rotation":{"angle":0,"axis":"x","origin":[8,5.30329,8]},"faces":{"north":{"uv":[5,9,6,10],"texture":"#2"},"east":{"uv":[9,5,10,6],"texture":"#2"},"south":{"uv":[6,9,7,10],"texture":"#2"},"west":{"uv":[9,6,10,7],"texture":"#2"},"up":{"uv":[8,10,7,9],"texture":"#2"},"down":{"uv":[10,7,9,8],"texture":"#2"}}},{"from":[7.6,8.60329,7.6],"to":[8.4,11.40329,8.4],"rotation":{"angle":0,"axis":"x","origin":[8,9.10329,8]},"faces":{"north":{"uv":[4,3,5,6],"texture":"#2"},"east":{"uv":[0,5,1,8],"texture":"#2"},"south":{"uv":[1,5,2,8],"texture":"#2"},"west":{"uv":[2,5,3,8],"texture":"#2"},"up":{"uv":[11,4,10,3],"texture":"#2"},"down":{"uv":[11,4,10,5],"texture":"#2"}}},{"from":[7.7,3.80329,7.7],"to":[8.3,4.80329,8.3],"rotation":{"angle":0,"axis":"x","origin":[8,4.30329,8]},"faces":{"north":{"uv":[1,11,1.5,12],"texture":"#2"},"east":{"uv":[2,11,2.5,12],"texture":"#2"},"south":{"uv":[11,2,11.5,3],"texture":"#2"},"west":{"uv":[3,11,3.5,12],"texture":"#2"},"up":{"uv":[11.5,5.5,11,5],"texture":"#2"},"down":{"uv":[6.5,11,6,11.5],"texture":"#2"}}},{"from":[7.7,5.60329,7.7],"to":[8.3,8.60329,8.3],"rotation":{"angle":0,"axis":"x","origin":[8,6.10329,8]},"faces":{"north":{"uv":[8,0,8.5,3],"texture":"#2"},"east":{"uv":[1,8,1.5,11],"texture":"#2"},"south":{"uv":[2,8,2.5,11],"texture":"#2"},"west":{"uv":[4,8,4.5,11],"texture":"#2"},"up":{"uv":[11.5,7.5,11,7],"texture":"#2"},"down":{"uv":[8.5,11,8,11.5],"texture":"#2"}}},{"from":[7.7,11.9718,6.04713],"to":[8.3,12.5718,7.04713],"rotation":{"angle":-22.5,"axis":"x","origin":[8,12.4718,6.34713]},"faces":{"north":{"uv":[11,6,11.5,6.5],"texture":"#2"},"east":{"uv":[11,3,12,3.5],"texture":"#2"},"south":{"uv":[7,11,7.5,11.5],"texture":"#2"},"west":{"uv":[4,11,5,11.5],"texture":"#2"},"up":{"uv":[11.5,5,11,4],"texture":"#2"},"down":{"uv":[5.5,11,5,12],"texture":"#2"}}},{"from":[7.5,11.68088,4.48457],"to":[8.5,12.68088,6.48457],"rotation":{"angle":22.5,"axis":"x","origin":[8,11.98088,5.68457]},"faces":{"north":{"uv":[10,2,11,3],"texture":"#2"},"east":{"uv":[6,2,8,3],"texture":"#2"},"south":{"uv":[3,10,4,11],"texture":"#2"},"west":{"uv":[7,3,9,4],"texture":"#2"},"up":{"uv":[4,9,3,7],"texture":"#2"},"down":{"uv":[8,4,7,6],"texture":"#2"}}},{"from":[7.7375,12.90329,7.575],"to":[8.2625,14.32829,9],"rotation":{"angle":45,"axis":"x","origin":[7.9875,13.90329,8]},"faces":{"north":{"uv":[9,10,9.5,11.5],"texture":"#2"},"east":{"uv":[5,3,6.5,4.5],"texture":"#2"},"south":{"uv":[10,9,10.5,10.5],"texture":"#2"},"west":{"uv":[5,5,6.5,6.5],"texture":"#2"},"up":{"uv":[0.5,12.5,0,11],"texture":"#2"},"down":{"uv":[11.5,0,11,1.5],"texture":"#2"}}},{"from":[7.55,11.7,3.1],"to":[8.45,12.6,5.1],"rotation":{"angle":-22.5,"axis":"x","origin":[8,12.35,4.1]},"faces":{"north":{"uv":[5,10,6,11],"texture":"#2"},"east":{"uv":[5,7,7,8],"texture":"#2"},"south":{"uv":[10,5,11,6],"texture":"#2"},"west":{"uv":[7,6,9,7],"texture":"#2"},"up":{"uv":[8,9,7,7],"texture":"#2"},"down":{"uv":[1,8,0,10],"texture":"#2"}}},{"from":[7.6,11.1412,2.49072],"to":[8.4,11.9412,3.49072],"rotation":{"angle":-45,"axis":"x","origin":[7.95,11.5912,2.99072]},"faces":{"north":{"uv":[6,10,7,11],"texture":"#2"},"east":{"uv":[10,6,11,7],"texture":"#2"},"south":{"uv":[7,10,8,11],"texture":"#2"},"west":{"uv":[10,7,11,8],"texture":"#2"},"up":{"uv":[9,11,8,10],"texture":"#2"},"down":{"uv":[11,8,10,9],"texture":"#2"}}},{"from":[8,10.2,1.2],"to":[8,13.2,7.2],"rotation":{"angle":-22.5,"axis":"x","origin":[8,11.7,4.2]},"faces":{"north":{"uv":[0,0,0,3],"texture":"#2"},"east":{"uv":[6,0,0,3],"texture":"#2"},"south":{"uv":[0,0,0,3],"texture":"#2"},"west":{"uv":[0,0,6,3],"texture":"#2"},"up":{"uv":[0,6,0,0],"texture":"#2"},"down":{"uv":[0,0,0,6],"texture":"#2"}}},{"from":[7.7,11.9718,8.95287],"to":[8.3,12.5718,9.95287],"rotation":{"angle":22.5,"axis":"x","origin":[8,12.4718,9.65287]},"faces":{"north":{"uv":[7.5,11,7,11.5],"texture":"#2"},"east":{"uv":[12,3,11,3.5],"texture":"#2"},"south":{"uv":[11.5,6,11,6.5],"texture":"#2"},"west":{"uv":[5,11,4,11.5],"texture":"#2"},"up":{"uv":[11.5,4,11,5],"texture":"#2"},"down":{"uv":[5.5,12,5,11],"texture":"#2"}}},{"from":[7.5,11.68088,9.51543],"to":[8.5,12.68088,11.51543],"rotation":{"angle":-22.5,"axis":"x","origin":[8,11.98088,10.31543]},"faces":{"north":{"uv":[4,10,3,11],"texture":"#2"},"east":{"uv":[8,2,6,3],"texture":"#2"},"south":{"uv":[11,2,10,3],"texture":"#2"},"west":{"uv":[9,3,7,4],"texture":"#2"},"up":{"uv":[4,7,3,9],"texture":"#2"},"down":{"uv":[8,6,7,4],"texture":"#2"}}},{"from":[7.55,11.7,10.9],"to":[8.45,12.6,12.9],"rotation":{"angle":22.5,"axis":"x","origin":[8,12.35,11.9]},"faces":{"north":{"uv":[11,5,10,6],"texture":"#2"},"east":{"uv":[7,7,5,8],"texture":"#2"},"south":{"uv":[6,10,5,11],"texture":"#2"},"west":{"uv":[9,6,7,7],"texture":"#2"},"up":{"uv":[8,7,7,9],"texture":"#2"},"down":{"uv":[1,10,0,8],"texture":"#2"}}},{"from":[8,10.2,8.8],"to":[8,13.2,14.8],"rotation":{"angle":22.5,"axis":"x","origin":[8,11.7,11.8]},"faces":{"north":{"uv":[0,0,0,3],"texture":"#2"},"east":{"uv":[0,0,6,3],"texture":"#2"},"south":{"uv":[0,0,0,3],"texture":"#2"},"west":{"uv":[6,0,0,3],"texture":"#2"},"up":{"uv":[0,0,0,6],"texture":"#2"},"down":{"uv":[0,6,0,0],"texture":"#2"}}},{"from":[7.6,11.1412,12.50928],"to":[8.4,11.9412,13.50928],"rotation":{"angle":45,"axis":"x","origin":[7.95,11.5912,13.00928]},"faces":{"north":{"uv":[8,10,7,11],"texture":"#2"},"east":{"uv":[11,6,10,7],"texture":"#2"},"south":{"uv":[7,10,6,11],"texture":"#2"},"west":{"uv":[11,7,10,8],"texture":"#2"},"up":{"uv":[9,10,8,11],"texture":"#2"},"down":{"uv":[11,9,10,8],"texture":"#2"}}}],"gui_light":"front","display":{"thirdperson_righthand":{"translation":[0,3.25,1.5],"scale":[1.72891,1.72891,1.72891]},"thirdperson_lefthand":{"translation":[0,3.25,1.5],"scale":[1.72891,1.72891,1.72891]},"firstperson_righthand":{"rotation":[4.75,0,0],"translation":[0.25,5.5,3.5],"scale":[0.78125,0.78125,0.78125]},"firstperson_lefthand":{"rotation":[4.75,0,0],"translation":[0.25,5.5,3.5],"scale":[0.78125,0.78125,0.78125]},"ground":{"rotation":[-45,0,0],"translation":[0,6,0],"scale":[1.3,1.3,1.3]},"gui":{"rotation":[90,-135,90],"translation":[-1.5,-1.5,0],"scale":[1.34766,1.34766,1.34766]},"head":{"scale":[0,0,0]},"fixed":{"rotation":[90,-90,90],"translation":[0,1.75,-1.75],"scale":[3.6,3.6,3.6]}}}