{"credit":"MadewithBlockbench","texture_size":[8,8],"textures":{"1":"elitecreatures:item/elite_pickaxe_bundle/pickaxe_1_animation1","2":"elitecreatures:item/elite_pickaxe_bundle/pickaxe_1","3":"elitecreatures:item/elite_pickaxe_bundle/pickaxe_1_animation2","particle":"elitecreatures:item/elite_pickaxe_bundle/pickaxe_1"},"elements":[{"from":[7.42,0.15432,7.22507],"to":[8.58,1.31432,8.84507],"rotation":{"angle":-22.5,"axis":"x","origin":[8,0.73432,8.38507]},"faces":{"north":{"uv":[8,9.6,9,10.6],"texture":"#2"},"east":{"uv":[4.8,9.6,6,10.6],"texture":"#2"},"south":{"uv":[9.6,8,10.6,9],"texture":"#2"},"west":{"uv":[9.6,4.8,10.8,5.8],"texture":"#2"},"up":{"uv":[7.4,10.8,6.4,9.6],"texture":"#2"},"down":{"uv":[10.6,6.4,9.6,7.6],"texture":"#2"}}},{"from":[7.5476,-0.1671,6.30945],"to":[8.4524,0.7377,7.53905],"rotation":{"angle":0,"axis":"y","origin":[8,0.1603,6.99925]},"faces":{"north":{"uv":[10.4,4,11.2,4.8],"texture":"#2"},"east":{"uv":[9.6,9.6,10.6,10.4],"texture":"#2"},"south":{"uv":[4.8,11.2,5.6,12],"texture":"#2"},"west":{"uv":[10.4,0,11.4,0.8],"texture":"#2"},"up":{"uv":[11.2,1.8,10.4,0.8],"texture":"#2"},"down":{"uv":[2.4,10.4,1.6,11.4],"texture":"#2"}}},{"from":[7.65618,-0.23708,5.58812],"to":[8.34382,0.45057,6.52262],"rotation":{"angle":22.5,"axis":"x","origin":[8,0.28675,6.77237]},"faces":{"north":{"uv":[12.8,1.6,13.4,2.2],"texture":"#2"},"east":{"uv":[12,5.6,12.8,6.2],"texture":"#2"},"south":{"uv":[2.4,12.8,3,13.4],"texture":"#2"},"west":{"uv":[12,6.4,12.8,7],"texture":"#2"},"up":{"uv":[7.8,12.8,7.2,12],"texture":"#2"},"down":{"uv":[12.6,7.2,12,8],"texture":"#2"}}},{"from":[7.5,0.93432,7.48507],"to":[8.5,1.93432,8.48507],"rotation":{"angle":0,"axis":"y","origin":[7.5,0.23432,7.48507]},"faces":{"north":{"uv":[5.6,11.2,6.4,12],"texture":"#2"},"east":{"uv":[11.2,5.6,12,6.4],"texture":"#2"},"south":{"uv":[6.4,11.2,7.2,12],"texture":"#2"},"west":{"uv":[11.2,6.4,12,7.2],"texture":"#2"},"up":{"uv":[8,12,7.2,11.2],"texture":"#2"},"down":{"uv":[12,7.2,11.2,8],"texture":"#2"}}},{"from":[7.5,2.43432,7.48507],"to":[8.5,5.43432,8.48507],"rotation":{"angle":0,"axis":"y","origin":[7.5,0.23432,7.48507]},"faces":{"north":{"uv":[7.2,1.6,8,4],"texture":"#2"},"east":{"uv":[7.2,4,8,6.4],"texture":"#2"},"south":{"uv":[5.6,7.2,6.4,9.6],"texture":"#2"},"west":{"uv":[6.4,7.2,7.2,9.6],"texture":"#2"},"up":{"uv":[8.8,12,8,11.2],"texture":"#2"},"down":{"uv":[12,8,11.2,8.8],"texture":"#2"}}},{"from":[7.5,13.33432,5.78507],"to":[8.5,14.33432,7.78507],"rotation":{"angle":22.5,"axis":"x","origin":[8,13.83432,6.78507]},"faces":{"north":{"uv":[8.8,11.2,9.6,12],"texture":"#2"},"east":{"uv":[8.8,2.4,10.4,3.2],"texture":"#2"},"south":{"uv":[11.2,8.8,12,9.6],"texture":"#2"},"west":{"uv":[3.2,9.6,4.8,10.4],"texture":"#2"},"up":{"uv":[7.2,3.2,6.4,1.6],"texture":"#2"},"down":{"uv":[10.4,3.2,9.6,4.8],"texture":"#2"}}},{"from":[7.51,10.98993,2.44545],"to":[8.49,12.18993,3.22545],"rotation":{"angle":0,"axis":"x","origin":[8,13.26746,4.76699]},"faces":{"north":{"uv":[10.4,2.4,11.2,3.4],"texture":"#2"},"east":{"uv":[11.2,11.2,11.8,12.2],"texture":"#2"},"south":{"uv":[3.2,10.4,4,11.4],"texture":"#2"},"west":{"uv":[12,0,12.6,1],"texture":"#2"},"up":{"uv":[8.8,12.6,8,12],"texture":"#2"},"down":{"uv":[12.8,8,12,8.6],"texture":"#2"}}},{"from":[7.5175,11.38353,3.03451],"to":[8.4825,12.58353,3.81451],"rotation":{"angle":22.5,"axis":"x","origin":[8,13.26746,4.76699]},"faces":{"north":{"uv":[4,10.4,4.8,11.4],"texture":"#2"},"east":{"uv":[1.6,12,2.2,13],"texture":"#2"},"south":{"uv":[9.6,10.4,10.4,11.4],"texture":"#2"},"west":{"uv":[12,1.6,12.6,2.6],"texture":"#2"},"up":{"uv":[9.6,12.6,8.8,12],"texture":"#2"},"down":{"uv":[12.8,8.8,12,9.4],"texture":"#2"}}},{"from":[7.525,13.82633,3.47214],"to":[8.475,14.60633,4.67214],"rotation":{"angle":-45,"axis":"x","origin":[8,13.26746,4.76699]},"faces":{"north":{"uv":[9.6,12,10.4,12.6],"texture":"#2"},"east":{"uv":[2.4,12,3.4,12.6],"texture":"#2"},"south":{"uv":[12,9.6,12.8,10.2],"texture":"#2"},"west":{"uv":[12,3.2,13,3.8],"texture":"#2"},"up":{"uv":[11.2,11.4,10.4,10.4],"texture":"#2"},"down":{"uv":[0.8,11.2,0,12.2],"texture":"#2"}}},{"from":[7.54,13.82633,4.86185],"to":[8.46,14.60633,6.06185],"rotation":{"angle":0,"axis":"x","origin":[8,13.26746,4.76699]},"faces":{"north":{"uv":[10.4,12,11.2,12.6],"texture":"#2"},"east":{"uv":[4,12,5,12.6],"texture":"#2"},"south":{"uv":[12,10.4,12.8,11],"texture":"#2"},"west":{"uv":[12,4,13,4.6],"texture":"#2"},"up":{"uv":[1.6,12.2,0.8,11.2],"texture":"#2"},"down":{"uv":[12,0.8,11.2,1.8],"texture":"#2"}}},{"from":[7.5325,13.68812,4.16699],"to":[8.4675,14.46812,5.36699],"rotation":{"angle":-22.5,"axis":"x","origin":[8,13.26746,4.76699]},"faces":{"north":{"uv":[12,11.2,12.8,11.8],"texture":"#2"},"east":{"uv":[12,4.8,13,5.4],"texture":"#2"},"south":{"uv":[12,12,12.8,12.6],"texture":"#2"},"west":{"uv":[5.6,12,6.6,12.6],"texture":"#2"},"up":{"uv":[12,3.4,11.2,2.4],"texture":"#2"},"down":{"uv":[12,4,11.2,5],"texture":"#2"}}},{"from":[8,14.2147,4.9926],"to":[8,17.2147,10.9926],"rotation":{"angle":0,"axis":"x","origin":[8,14.7147,7.9926]},"faces":{"north":{"uv":[0,0,0,2.4],"texture":"#2"},"east":{"uv":[4.8,3.2,0,5.6],"texture":"#2"},"south":{"uv":[0,0,0,2.4],"texture":"#2"},"west":{"uv":[0,3.2,4.8,5.6],"texture":"#2"},"up":{"uv":[0,4.8,0,0],"texture":"#2"},"down":{"uv":[0,0,0,4.8],"texture":"#2"}}},{"from":[7.5,5.93432,7.48507],"to":[8.5,10.93432,8.48507],"rotation":{"angle":0,"axis":"y","origin":[7,-2.2808,6.97014]},"faces":{"north":{"uv":[2.4,5.6,3.2,9.6],"texture":"#2"},"east":{"uv":[3.2,5.6,4,9.6],"texture":"#2"},"south":{"uv":[4,5.6,4.8,9.6],"texture":"#2"},"west":{"uv":[4.8,5.6,5.6,9.6],"texture":"#2"},"up":{"uv":[12,10.4,11.2,9.6],"texture":"#2"},"down":{"uv":[12,10.4,11.2,11.2],"texture":"#2"}}},{"from":[7.46,11.53775,6.36507],"to":[8.54,13.69775,8.52507],"rotation":{"angle":45,"axis":"x","origin":[8,12.07775,7.98507]},"faces":{"north":{"uv":[1.6,8,2.4,9.8],"texture":"#2"},"east":{"uv":[4.8,3.2,6.6,5],"texture":"#2"},"south":{"uv":[8.8,0,9.6,1.8],"texture":"#2"},"west":{"uv":[0,5.6,1.8,7.4],"texture":"#2"},"up":{"uv":[10.4,1.8,9.6,0],"texture":"#2"},"down":{"uv":[3.2,9.6,2.4,11.4],"texture":"#2"}}},{"from":[7.31,11.73775,6.56507],"to":[8.69,13.49775,8.32507],"rotation":{"angle":45,"axis":"x","origin":[8.15,12.07775,7.98507]},"faces":{"north":{"uv":[8,3.2,9.2,4.6],"texture":"#2"},"east":{"uv":[5.6,5.6,7,7],"texture":"#2"},"south":{"uv":[8,4.8,9.2,6.2],"texture":"#2"},"west":{"uv":[6.4,0,7.8,1.4],"texture":"#2"},"up":{"uv":[9.2,7.8,8,6.4],"texture":"#2"},"down":{"uv":[9.2,8,8,9.4],"texture":"#2"}}},{"from":[7.6,10.93432,7.58507],"to":[8.4,11.93432,8.38507],"rotation":{"angle":0,"axis":"y","origin":[7,-2.2808,6.97014]},"faces":{"north":{"uv":[0,12.8,0.6,13.6],"texture":"#2"},"east":{"uv":[12.8,0,13.4,0.8],"texture":"#2"},"south":{"uv":[0.8,12.8,1.4,13.6],"texture":"#2"},"west":{"uv":[12.8,0.8,13.4,1.6],"texture":"#2"},"up":{"uv":[4.6,13.4,4,12.8],"texture":"#2"},"down":{"uv":[5.4,12.8,4.8,13.4],"texture":"#2"}}},{"from":[7.6,1.93432,7.58507],"to":[8.4,5.93432,8.38507],"rotation":{"angle":0,"axis":"y","origin":[7,-2.2808,6.97014]},"faces":{"north":{"uv":[7.2,6.4,7.8,9.6],"texture":"#2"},"east":{"uv":[0,8,0.6,11.2],"texture":"#2"},"south":{"uv":[8,0,8.6,3.2],"texture":"#2"},"west":{"uv":[0.8,8,1.4,11.2],"texture":"#2"},"up":{"uv":[13.4,3,12.8,2.4],"texture":"#2"},"down":{"uv":[3.8,12.8,3.2,13.4],"texture":"#2"}}},{"from":[8,9.15,-0.6],"to":[8,13.15,7.4],"rotation":{"angle":-22.5,"axis":"x","origin":[8,11.15,3.4]},"faces":{"north":{"uv":[0,0,0,8],"texture":"#1"},"east":{"uv":[16,0,0,8],"texture":"#1"},"south":{"uv":[0,0,0,8],"texture":"#1"},"west":{"uv":[0,0,16,8],"texture":"#1"},"up":{"uv":[0,16,0,0],"texture":"#1"},"down":{"uv":[0,0,0,16],"texture":"#1"}}},{"from":[8,9.15,8.6],"to":[8,13.15,16.6],"rotation":{"angle":22.5,"axis":"x","origin":[8,11.15,12.6]},"faces":{"north":{"uv":[0,0,0,8],"texture":"#1"},"east":{"uv":[0,0,16,8],"texture":"#1"},"south":{"uv":[0,0,0,8],"texture":"#1"},"west":{"uv":[16,0,0,8],"texture":"#1"},"up":{"uv":[0,0,0,16],"texture":"#1"},"down":{"uv":[0,16,0,0],"texture":"#1"}}},{"from":[7.5,13.33432,8.21493],"to":[8.5,14.33432,10.21493],"rotation":{"angle":-22.5,"axis":"x","origin":[8,13.83432,9.21493]},"faces":{"north":{"uv":[12,8.8,11.2,9.6],"texture":"#2"},"east":{"uv":[10.4,2.4,8.8,3.2],"texture":"#2"},"south":{"uv":[9.6,11.2,8.8,12],"texture":"#2"},"west":{"uv":[4.8,9.6,3.2,10.4],"texture":"#2"},"up":{"uv":[7.2,1.6,6.4,3.2],"texture":"#2"},"down":{"uv":[10.4,4.8,9.6,3.2],"texture":"#2"}}},{"from":[7.54,13.82633,9.93815],"to":[8.46,14.60633,11.13815],"rotation":{"angle":0,"axis":"x","origin":[8,13.26746,11.23301]},"faces":{"north":{"uv":[12.8,10.4,12,11],"texture":"#2"},"east":{"uv":[5,12,4,12.6],"texture":"#2"},"south":{"uv":[11.2,12,10.4,12.6],"texture":"#2"},"west":{"uv":[13,4,12,4.6],"texture":"#2"},"up":{"uv":[1.6,11.2,0.8,12.2],"texture":"#2"},"down":{"uv":[12,1.8,11.2,0.8],"texture":"#2"}}},{"from":[7.5325,13.68812,10.63301],"to":[8.4675,14.46812,11.83301],"rotation":{"angle":22.5,"axis":"x","origin":[8,13.26746,11.23301]},"faces":{"north":{"uv":[12.8,12,12,12.6],"texture":"#2"},"east":{"uv":[13,4.8,12,5.4],"texture":"#2"},"south":{"uv":[12.8,11.2,12,11.8],"texture":"#2"},"west":{"uv":[6.6,12,5.6,12.6],"texture":"#2"},"up":{"uv":[12,2.4,11.2,3.4],"texture":"#2"},"down":{"uv":[12,5,11.2,4],"texture":"#2"}}},{"from":[7.525,13.82633,11.32786],"to":[8.475,14.60633,12.52786],"rotation":{"angle":45,"axis":"x","origin":[8,13.26746,11.23301]},"faces":{"north":{"uv":[12.8,9.6,12,10.2],"texture":"#2"},"east":{"uv":[3.4,12,2.4,12.6],"texture":"#2"},"south":{"uv":[10.4,12,9.6,12.6],"texture":"#2"},"west":{"uv":[13,3.2,12,3.8],"texture":"#2"},"up":{"uv":[11.2,10.4,10.4,11.4],"texture":"#2"},"down":{"uv":[0.8,12.2,0,11.2],"texture":"#2"}}},{"from":[7.5175,11.38353,12.18549],"to":[8.4825,12.58353,12.96549],"rotation":{"angle":-22.5,"axis":"x","origin":[8,13.26746,11.23301]},"faces":{"north":{"uv":[10.4,10.4,9.6,11.4],"texture":"#2"},"east":{"uv":[2.2,12,1.6,13],"texture":"#2"},"south":{"uv":[4.8,10.4,4,11.4],"texture":"#2"},"west":{"uv":[12.6,1.6,12,2.6],"texture":"#2"},"up":{"uv":[9.6,12,8.8,12.6],"texture":"#2"},"down":{"uv":[12.8,9.4,12,8.8],"texture":"#2"}}},{"from":[7.51,10.98993,12.77455],"to":[8.49,12.18993,13.55455],"rotation":{"angle":0,"axis":"x","origin":[8,13.26746,11.23301]},"faces":{"north":{"uv":[4,10.4,3.2,11.4],"texture":"#2"},"east":{"uv":[11.8,11.2,11.2,12.2],"texture":"#2"},"south":{"uv":[11.2,2.4,10.4,3.4],"texture":"#2"},"west":{"uv":[12.6,0,12,1],"texture":"#2"},"up":{"uv":[8.8,12,8,12.6],"texture":"#2"},"down":{"uv":[12.8,8.6,12,8],"texture":"#2"}}},{"from":[7.3,9.35,4.525],"to":[7.3,16.35,11.525],"faces":{"north":{"uv":[0,0,0,14],"texture":"#3"},"east":{"uv":[16,0,0,16],"texture":"#3"},"south":{"uv":[0,0,0,14],"texture":"#3"},"west":{"uv":[0,0,16,16],"texture":"#3"},"up":{"uv":[0,0,0,14],"texture":"#3"},"down":{"uv":[0,0,0,14],"texture":"#3"}}},{"from":[8.7,9.35,4.525],"to":[8.7,16.35,11.525],"rotation":{"angle":0,"axis":"y","origin":[16,0,0]},"faces":{"north":{"uv":[0,0,0,14],"texture":"#3"},"east":{"uv":[16,0,0,16],"texture":"#3"},"south":{"uv":[0,0,0,14],"texture":"#3"},"west":{"uv":[0,0,16,16],"texture":"#3"},"up":{"uv":[0,0,0,14],"texture":"#3"},"down":{"uv":[0,0,0,14],"texture":"#3"}}}],"gui_light":"front","display":{"thirdperson_righthand":{"translation":[0,4,1.5],"scale":[1.4,1.4,1.4]},"thirdperson_lefthand":{"translation":[0,4,1.5],"scale":[1.4,1.4,1.4]},"firstperson_righthand":{"rotation":[6,0,0],"translation":[2.5,4.75,1],"scale":[0.83789,0.83789,0.83789]},"firstperson_lefthand":{"rotation":[6,0,0],"translation":[2.5,4.75,1],"scale":[0.83789,0.83789,0.83789]},"ground":{"rotation":[-45,0,0],"translation":[1,9,0.25],"scale":[1.2,1.2,1.2]},"gui":{"rotation":[-90,135,90],"translation":[-0.25,-1,0],"scale":[1.02149,1.02149,1.02149]},"head":{"scale":[0,0,0]},"fixed":{"rotation":[0,90,0],"translation":[0,2,-1.5],"scale":[3,3,3]}}}