{"credit":"MadewithBlockbench","texture_size":[32,32],"textures":{"0":"elitecreatures:item/elite_pickaxe_bundle/pickaxe_7","1":"elitecreatures:item/elite_pickaxe_bundle/pickaxe_7_1","2":"elitecreatures:item/elite_pickaxe_bundle/pickaxe_7_2","3":"elitecreatures:item/elite_pickaxe_bundle/pickaxe_7_3","4":"elitecreatures:item/elite_pickaxe_bundle/pickaxe_7_4","particle":"elitecreatures:item/elite_pickaxe_bundle/pickaxe_7"},"elements":[{"from":[7,-9,7],"to":[9,0,9],"rotation":{"angle":0,"axis":"y","origin":[16,-5,0]},"faces":{"north":{"uv":[6.25,0,7.25,4.5],"texture":"#0"},"east":{"uv":[7.25,0,6.25,4.5],"texture":"#0"},"south":{"uv":[6.25,0,7.25,4.5],"texture":"#0"},"west":{"uv":[7.25,0,6.25,4.5],"texture":"#0"},"up":{"uv":[7.25,5.5,6.25,4.5],"rotation":90,"texture":"#0"},"down":{"uv":[7.25,4.5,6.25,5.5],"rotation":270,"texture":"#0"}}},{"from":[7,1,7],"to":[9,10,9],"rotation":{"angle":0,"axis":"y","origin":[16,-13,0]},"faces":{"north":{"uv":[6.25,0,7.25,4.5],"texture":"#0"},"east":{"uv":[7.25,0,6.25,4.5],"texture":"#0"},"south":{"uv":[6.25,0,7.25,4.5],"texture":"#0"},"west":{"uv":[7.25,0,6.25,4.5],"texture":"#0"},"up":{"uv":[7.25,5.5,6.25,4.5],"rotation":90,"texture":"#0"},"down":{"uv":[7.25,4.5,6.25,5.5],"rotation":270,"texture":"#0"}}},{"from":[6,-10,6],"to":[10,-9,10],"rotation":{"angle":0,"axis":"y","origin":[16,-5,0]},"faces":{"north":{"uv":[14,13.5,16,14],"texture":"#0"},"east":{"uv":[16,13,14,13.5],"texture":"#0"},"south":{"uv":[14,13.5,16,14],"texture":"#0"},"west":{"uv":[14,13,16,13.5],"texture":"#0"},"up":{"uv":[16,16,14,14],"rotation":90,"texture":"#0"},"down":{"uv":[16,14,14,16],"rotation":270,"texture":"#0"}}},{"from":[6,0,6],"to":[10,1,10],"rotation":{"angle":0,"axis":"y","origin":[16,-5,0]},"faces":{"north":{"uv":[14,13.5,16,14],"texture":"#0"},"east":{"uv":[16,13,14,13.5],"texture":"#0"},"south":{"uv":[14,13.5,16,14],"texture":"#0"},"west":{"uv":[14,13,16,13.5],"texture":"#0"},"up":{"uv":[16,16,14,14],"rotation":90,"texture":"#0"},"down":{"uv":[16,14,14,16],"rotation":270,"texture":"#0"}}},{"from":[7,-11,7],"to":[9,-10,9],"rotation":{"angle":0,"axis":"y","origin":[16,-5,0]},"faces":{"north":{"uv":[13,14.5,14,15],"texture":"#0"},"east":{"uv":[14,14,13,14.5],"texture":"#0"},"south":{"uv":[13,14.5,14,15],"texture":"#0"},"west":{"uv":[13,14,14,14.5],"texture":"#0"},"up":{"uv":[14,16,13,15],"rotation":90,"texture":"#0"},"down":{"uv":[14,15,13,16],"rotation":270,"texture":"#0"}}},{"from":[6,-12,4],"to":[9,-8,4],"rotation":{"angle":22.5,"axis":"y","origin":[16,-6,0]},"faces":{"north":{"uv":[6,2,4.5,0],"texture":"#0"},"east":{"uv":[0,2,0,0],"texture":"#0"},"south":{"uv":[4.5,2,6,0],"texture":"#0"},"west":{"uv":[0,2,0,0],"texture":"#0"},"up":{"uv":[1.5,0,0,0],"texture":"#0"},"down":{"uv":[1.5,0,0,0],"texture":"#0"}}},{"from":[6,-12,12],"to":[9,-8,12],"rotation":{"angle":-22.5,"axis":"y","origin":[16,-6,16]},"faces":{"north":{"uv":[6,2,4.5,0],"texture":"#0"},"east":{"uv":[0,2,0,0],"texture":"#0"},"south":{"uv":[4.5,2,6,0],"texture":"#0"},"west":{"uv":[0,2,0,0],"texture":"#0"},"up":{"uv":[1.5,0,0,0],"texture":"#0"},"down":{"uv":[1.5,0,0,0],"texture":"#0"}}},{"from":[7,-12,4],"to":[10,-8,4],"rotation":{"angle":-22.5,"axis":"y","origin":[0,-6,0]},"faces":{"north":{"uv":[4.5,2,6,0],"texture":"#0"},"east":{"uv":[0,2,0,0],"texture":"#0"},"south":{"uv":[6,2,4.5,0],"texture":"#0"},"west":{"uv":[0,2,0,0],"texture":"#0"},"up":{"uv":[0,0,1.5,0],"texture":"#0"},"down":{"uv":[0,0,1.5,0],"texture":"#0"}}},{"from":[7,-12,12],"to":[10,-8,12],"rotation":{"angle":22.5,"axis":"y","origin":[0,-6,16]},"faces":{"north":{"uv":[4.5,2,6,0],"texture":"#0"},"east":{"uv":[0,2,0,0],"texture":"#0"},"south":{"uv":[6,2,4.5,0],"texture":"#0"},"west":{"uv":[0,2,0,0],"texture":"#0"},"up":{"uv":[0,0,1.5,0],"texture":"#0"},"down":{"uv":[0,0,1.5,0],"texture":"#0"}}},{"from":[8,9,8],"to":[12,13,8],"rotation":{"angle":-45,"axis":"y","origin":[12,10,8]},"faces":{"north":{"uv":[7.75,12.5,5.75,14.5],"texture":"#0"},"east":{"uv":[3.75,14.5,3.75,12.5],"rotation":180,"texture":"#0"},"south":{"uv":[5.75,12.5,7.75,14.5],"texture":"#0"},"west":{"uv":[3.75,14.5,3.75,12.5],"rotation":180,"texture":"#0"},"up":{"uv":[3.75,14.5,3.75,12.5],"rotation":270,"texture":"#0"},"down":{"uv":[3.75,14.5,3.75,12.5],"rotation":90,"texture":"#0"}}},{"from":[8,9,8],"to":[12,13,8],"rotation":{"angle":45,"axis":"y","origin":[12,10,8]},"faces":{"north":{"uv":[7.75,12.5,5.75,14.5],"texture":"#0"},"east":{"uv":[3.75,14.5,3.75,12.5],"rotation":180,"texture":"#0"},"south":{"uv":[5.75,12.5,7.75,14.5],"texture":"#0"},"west":{"uv":[3.75,14.5,3.75,12.5],"rotation":180,"texture":"#0"},"up":{"uv":[3.75,14.5,3.75,12.5],"rotation":270,"texture":"#0"},"down":{"uv":[3.75,14.5,3.75,12.5],"rotation":90,"texture":"#0"}}},{"from":[10,8,8],"to":[14,11,8],"rotation":{"angle":-22.5,"axis":"y","origin":[14,8,8]},"faces":{"north":{"uv":[5.75,13,3.75,14.5],"texture":"#0"},"east":{"uv":[3.75,14.5,3.75,12.5],"rotation":180,"texture":"#0"},"south":{"uv":[3.75,13,5.75,14.5],"texture":"#0"},"west":{"uv":[3.75,14.5,3.75,12.5],"rotation":180,"texture":"#0"},"up":{"uv":[3.75,14.5,3.75,12.5],"rotation":270,"texture":"#0"},"down":{"uv":[3.75,14.5,3.75,12.5],"rotation":90,"texture":"#0"}}},{"from":[10,8,8],"to":[14,11,8],"rotation":{"angle":22.5,"axis":"y","origin":[14,8,8]},"faces":{"north":{"uv":[5.75,13,3.75,14.5],"texture":"#0"},"east":{"uv":[3.75,14.5,3.75,12.5],"rotation":180,"texture":"#0"},"south":{"uv":[3.75,13,5.75,14.5],"texture":"#0"},"west":{"uv":[3.75,14.5,3.75,12.5],"rotation":180,"texture":"#0"},"up":{"uv":[3.75,14.5,3.75,12.5],"rotation":270,"texture":"#0"},"down":{"uv":[3.75,14.5,3.75,12.5],"rotation":90,"texture":"#0"}}},{"from":[8,-5,9],"to":[8,5,16],"rotation":{"angle":0,"axis":"y","origin":[8,-21.40596,8]},"faces":{"north":{"uv":[0,0,0,5],"texture":"#0"},"east":{"uv":[3.75,9.5,0.25,14.5],"texture":"#0"},"south":{"uv":[0,0,0,5],"texture":"#0"},"west":{"uv":[0.25,9.5,3.75,14.5],"texture":"#0"},"up":{"uv":[3,0,0,0],"rotation":90,"texture":"#0"},"down":{"uv":[3,0,0,0],"rotation":270,"texture":"#0"}}},{"from":[8,-5,0],"to":[8,5,7],"rotation":{"angle":0,"axis":"y","origin":[8,-21.40596,8]},"faces":{"north":{"uv":[0,0,0,5],"texture":"#0"},"east":{"uv":[0.25,9.5,3.75,14.5],"texture":"#0"},"south":{"uv":[0,0,0,5],"texture":"#0"},"west":{"uv":[3.75,9.5,0.25,14.5],"texture":"#0"},"up":{"uv":[0,0,3,0],"rotation":90,"texture":"#0"},"down":{"uv":[0,0,3,0],"rotation":270,"texture":"#0"}}},{"from":[4,9,8],"to":[8,13,8],"rotation":{"angle":-45,"axis":"y","origin":[4,10,8]},"faces":{"north":{"uv":[5.75,12.5,7.75,14.5],"texture":"#0"},"east":{"uv":[3.75,14.5,3.75,12.5],"rotation":180,"texture":"#0"},"south":{"uv":[7.75,12.5,5.75,14.5],"texture":"#0"},"west":{"uv":[3.75,14.5,3.75,12.5],"rotation":180,"texture":"#0"},"up":{"uv":[3.75,12.5,3.75,14.5],"rotation":270,"texture":"#0"},"down":{"uv":[3.75,12.5,3.75,14.5],"rotation":90,"texture":"#0"}}},{"from":[4,9,8],"to":[8,13,8],"rotation":{"angle":45,"axis":"y","origin":[4,10,8]},"faces":{"north":{"uv":[5.75,12.5,7.75,14.5],"texture":"#0"},"east":{"uv":[3.75,14.5,3.75,12.5],"rotation":180,"texture":"#0"},"south":{"uv":[7.75,12.5,5.75,14.5],"texture":"#0"},"west":{"uv":[3.75,14.5,3.75,12.5],"rotation":180,"texture":"#0"},"up":{"uv":[3.75,12.5,3.75,14.5],"rotation":270,"texture":"#0"},"down":{"uv":[3.75,12.5,3.75,14.5],"rotation":90,"texture":"#0"}}},{"from":[2,8,8],"to":[6,11,8],"rotation":{"angle":-22.5,"axis":"y","origin":[2,8,8]},"faces":{"north":{"uv":[3.75,13,5.75,14.5],"texture":"#0"},"east":{"uv":[3.75,14.5,3.75,12.5],"rotation":180,"texture":"#0"},"south":{"uv":[5.75,13,3.75,14.5],"texture":"#0"},"west":{"uv":[3.75,14.5,3.75,12.5],"rotation":180,"texture":"#0"},"up":{"uv":[3.75,12.5,3.75,14.5],"rotation":270,"texture":"#0"},"down":{"uv":[3.75,12.5,3.75,14.5],"rotation":90,"texture":"#0"}}},{"from":[2,8,8],"to":[6,11,8],"rotation":{"angle":22.5,"axis":"y","origin":[2,8,8]},"faces":{"north":{"uv":[3.75,13,5.75,14.5],"texture":"#0"},"east":{"uv":[3.75,14.5,3.75,12.5],"rotation":180,"texture":"#0"},"south":{"uv":[5.75,13,3.75,14.5],"texture":"#0"},"west":{"uv":[3.75,14.5,3.75,12.5],"rotation":180,"texture":"#0"},"up":{"uv":[3.75,12.5,3.75,14.5],"rotation":270,"texture":"#0"},"down":{"uv":[3.75,12.5,3.75,14.5],"rotation":90,"texture":"#0"}}},{"from":[6,10,6],"to":[10,12,10],"rotation":{"angle":0,"axis":"y","origin":[0,-2,0]},"faces":{"north":{"uv":[2.5,7.5,4.5,8.5],"texture":"#0"},"east":{"uv":[2.5,7.5,4.5,8.5],"texture":"#0"},"south":{"uv":[2.5,7.5,4.5,8.5],"texture":"#0"},"west":{"uv":[2.5,7.5,4.5,8.5],"texture":"#0"},"up":{"uv":[3,5.5,5,7.5],"texture":"#0"},"down":{"uv":[3,5.5,5,7.5],"texture":"#0"}}},{"from":[7,12,7],"to":[9,15,9],"rotation":{"angle":0,"axis":"y","origin":[0,-2,0]},"faces":{"north":{"uv":[2,6,3,7.5],"texture":"#0"},"east":{"uv":[2,6,3,7.5],"texture":"#0"},"south":{"uv":[2,6,3,7.5],"texture":"#0"},"west":{"uv":[2,6,3,7.5],"texture":"#0"},"up":{"uv":[2,5,3,6],"texture":"#0"},"down":{"uv":[2,5,3,6],"texture":"#0"}}},{"from":[7.7,15,8.3],"to":[9.7,17,8.3],"rotation":{"angle":45,"axis":"y","origin":[8,16,9]},"faces":{"north":{"uv":[3.75,12,4.75,13],"texture":"#0"},"east":{"uv":[2,6,2,7],"texture":"#0"},"south":{"uv":[3.75,12,4.75,13],"texture":"#0"},"west":{"uv":[2,6,2,7],"texture":"#0"},"up":{"uv":[2,5,3,5],"texture":"#0"},"down":{"uv":[2,5,3,5],"texture":"#0"}}},{"from":[6.3,15,8.3],"to":[8.3,17,8.3],"rotation":{"angle":-45,"axis":"y","origin":[8,16,9]},"faces":{"north":{"uv":[4.75,12,3.75,13],"texture":"#0"},"east":{"uv":[2,6,2,7],"texture":"#0"},"south":{"uv":[4.75,12,3.75,13],"texture":"#0"},"west":{"uv":[2,6,2,7],"texture":"#0"},"up":{"uv":[3,5,2,5],"texture":"#0"},"down":{"uv":[3,5,2,5],"texture":"#0"}}},{"from":[12,10,8],"to":[23,15,8],"rotation":{"angle":-22.5,"axis":"z","origin":[13.5,13.5,8]},"faces":{"north":{"uv":[5.5,13.5,0,16],"texture":"#2"},"east":{"uv":[0,0,0,2.5],"texture":"#2"},"south":{"uv":[0,13.5,5.5,16],"texture":"#2"},"west":{"uv":[0,0,0,2.5],"texture":"#2"},"up":{"uv":[0,0,5.5,0],"texture":"#2"},"down":{"uv":[0,0,5.5,0],"texture":"#2"}}},{"from":[-7,10,8],"to":[4,15,8],"rotation":{"angle":22.5,"axis":"z","origin":[2.5,13.5,8]},"faces":{"north":{"uv":[0,13.5,5.5,16],"texture":"#2"},"east":{"uv":[0,0,0,2.5],"texture":"#2"},"south":{"uv":[5.5,13.5,0,16],"texture":"#2"},"west":{"uv":[0,0,0,2.5],"texture":"#2"},"up":{"uv":[5.5,0,0,0],"texture":"#2"},"down":{"uv":[5.5,0,0,0],"texture":"#2"}}},{"from":[-2,-8,9.5],"to":[7,-2,9.5],"rotation":{"angle":22.5,"axis":"y","origin":[0,-11,0]},"faces":{"north":{"uv":[7,13,11.5,16],"texture":"#1"},"east":{"uv":[0,0,0,3],"texture":"#1"},"south":{"uv":[11.5,13,7,16],"texture":"#1"},"west":{"uv":[0,0,0,3],"texture":"#1"},"up":{"uv":[0,0,2.5,0],"texture":"#1"},"down":{"uv":[0,0,2.5,0],"texture":"#1"}}},{"from":[9.9715,2,6.74717],"to":[9.9715,6,10.74717],"rotation":{"angle":22.5,"axis":"y","origin":[8.1715,7,8.44717]},"faces":{"north":{"uv":[0.25,0.25,0.25,3.25],"texture":"#1"},"east":{"uv":[6.75,8.5,8.75,10.5],"texture":"#1"},"south":{"uv":[0.25,0.25,0.25,3.25],"texture":"#1"},"west":{"uv":[8.75,8.5,6.75,10.5],"texture":"#1"},"up":{"uv":[2.5,0,5,0],"rotation":270,"texture":"#1"},"down":{"uv":[2.5,0,5,0],"rotation":90,"texture":"#1"}}},{"from":[4.5715,5,6.94717],"to":[9.5715,10,6.94717],"rotation":{"angle":0,"axis":"y","origin":[8.1715,7,8.44717]},"faces":{"north":{"uv":[8.25,6.5,10.75,9],"texture":"#1"},"east":{"uv":[0,0.5,0,3.5],"texture":"#1"},"south":{"uv":[10.75,6.5,8.25,9],"texture":"#1"},"west":{"uv":[0,0.5,0,3.5],"texture":"#1"},"up":{"uv":[2.5,0,5,0],"rotation":180,"texture":"#1"},"down":{"uv":[2.5,0,5,0],"rotation":180,"texture":"#1"}}},{"from":[9.5,-2,10.8],"to":[16.5,2,10.8],"rotation":{"angle":-22.5,"axis":"y","origin":[16,-11,0]},"faces":{"north":{"uv":[6,10.75,9.5,12.75],"texture":"#1"},"east":{"uv":[0,0,0,3],"texture":"#1"},"south":{"uv":[9.5,10.75,6,12.75],"texture":"#1"},"west":{"uv":[0,0,0,3],"texture":"#1"},"up":{"uv":[2.5,0,5,0],"texture":"#1"},"down":{"uv":[2.5,0,5,0],"texture":"#1"}}},{"from":[-5,-4.3,7.9],"to":[9.4,9.2,7.9],"rotation":{"angle":0,"axis":"y","origin":[8.1,4.45,-1.5]},"faces":{"north":{"uv":[16,15,0,0],"rotation":180,"texture":"#3"},"east":{"uv":[0,0,0,15],"texture":"#3"},"south":{"uv":[0,15,16,0],"rotation":180,"texture":"#3"},"west":{"uv":[0,0,0,15],"texture":"#3"},"up":{"uv":[4,0,0,0],"rotation":180,"texture":"#3"},"down":{"uv":[4,0,0,0],"rotation":180,"texture":"#3"}}},{"from":[6.6,-4.3,7.9],"to":[21,9.2,7.9],"rotation":{"angle":0,"axis":"y","origin":[7.9,4.45,-1.5]},"faces":{"north":{"uv":[0,15,16,0],"rotation":180,"texture":"#3"},"east":{"uv":[0,0,0,15],"texture":"#3"},"south":{"uv":[16,15,0,0],"rotation":180,"texture":"#3"},"west":{"uv":[0,0,0,15],"texture":"#3"},"up":{"uv":[0,0,4,0],"rotation":180,"texture":"#3"},"down":{"uv":[0,0,4,0],"rotation":180,"texture":"#3"}}},{"from":[3,12,9.9],"to":[8,17,9.9],"rotation":{"angle":-22.5,"axis":"y","origin":[8,12,10.5]},"faces":{"north":{"uv":[0,7.25,2.5,9.75],"texture":"#4"},"east":{"uv":[0,7.25,0,9.75],"texture":"#4"},"south":{"uv":[2.5,7.25,0,9.75],"texture":"#4"},"west":{"uv":[0,7.25,0,9.75],"texture":"#4"},"up":{"uv":[2.5,0,0,0],"texture":"#4"},"down":{"uv":[2.5,0,0,0],"texture":"#4"}}},{"from":[11,12,7.7],"to":[16,17,7.7],"rotation":{"angle":22.5,"axis":"y","origin":[8,12,26.5]},"faces":{"north":{"uv":[0,7.25,2.5,9.75],"texture":"#4"},"east":{"uv":[0,7.25,0,9.75],"texture":"#4"},"south":{"uv":[2.5,7.25,0,9.75],"texture":"#4"},"west":{"uv":[0,7.25,0,9.75],"texture":"#4"},"up":{"uv":[2.5,0,0,0],"texture":"#4"},"down":{"uv":[2.5,0,0,0],"texture":"#4"}}},{"from":[8,12,9.9],"to":[13,17,9.9],"rotation":{"angle":22.5,"axis":"y","origin":[8,12,10.5]},"faces":{"north":{"uv":[2.5,7.25,0,9.75],"texture":"#4"},"east":{"uv":[0,7.25,0,9.75],"texture":"#4"},"south":{"uv":[0,7.25,2.5,9.75],"texture":"#4"},"west":{"uv":[0,7.25,0,9.75],"texture":"#4"},"up":{"uv":[0,0,2.5,0],"texture":"#4"},"down":{"uv":[0,0,2.5,0],"texture":"#4"}}},{"from":[0,12,7.7],"to":[5,17,7.7],"rotation":{"angle":-22.5,"axis":"y","origin":[8,12,26.5]},"faces":{"north":{"uv":[2.5,7.25,0,9.75],"texture":"#4"},"east":{"uv":[0,7.25,0,9.75],"texture":"#4"},"south":{"uv":[0,7.25,2.5,9.75],"texture":"#4"},"west":{"uv":[0,7.25,0,9.75],"texture":"#4"},"up":{"uv":[0,0,2.5,0],"texture":"#4"},"down":{"uv":[0,0,2.5,0],"texture":"#4"}}},{"from":[6,-16,0],"to":[10,-7,0],"rotation":{"angle":-45,"axis":"y","origin":[0,-8,0]},"faces":{"north":{"uv":[5.25,4.5,7.25,9],"texture":"#0"},"east":{"uv":[0,0,0,4.5],"texture":"#0"},"south":{"uv":[7.25,4.5,5.25,9],"texture":"#0"},"west":{"uv":[0,0,0,4.5],"texture":"#0"},"up":{"uv":[0,0,2,0],"texture":"#0"},"down":{"uv":[0,0,2,0],"texture":"#0"}}},{"from":[6,-12,12],"to":[9,-8,12],"rotation":{"angle":-22.5,"axis":"y","origin":[16,-6,16]},"faces":{"north":{"uv":[6,2,4.5,0],"texture":"#0"},"east":{"uv":[0,2,0,0],"texture":"#0"},"south":{"uv":[4.5,2,6,0],"texture":"#0"},"west":{"uv":[0,2,0,0],"texture":"#0"},"up":{"uv":[1.5,0,0,0],"texture":"#0"},"down":{"uv":[1.5,0,0,0],"texture":"#0"}}},{"from":[6,-16,0],"to":[10,-7,0],"rotation":{"angle":45,"axis":"y","origin":[16,-8,0]},"faces":{"north":{"uv":[7.25,4.5,5.25,9],"texture":"#0"},"east":{"uv":[0,0,0,4.5],"texture":"#0"},"south":{"uv":[5.25,4.5,7.25,9],"texture":"#0"},"west":{"uv":[0,0,0,4.5],"texture":"#0"},"up":{"uv":[2,0,0,0],"texture":"#0"},"down":{"uv":[2,0,0,0],"texture":"#0"}}},{"from":[6,-12,4],"to":[9,-8,4],"rotation":{"angle":22.5,"axis":"y","origin":[16,-6,0]},"faces":{"north":{"uv":[6,2,4.5,0],"texture":"#0"},"east":{"uv":[0,2,0,0],"texture":"#0"},"south":{"uv":[4.5,2,6,0],"texture":"#0"},"west":{"uv":[0,2,0,0],"texture":"#0"},"up":{"uv":[1.5,0,0,0],"texture":"#0"},"down":{"uv":[1.5,0,0,0],"texture":"#0"}}},{"from":[6,-16,16],"to":[10,-7,16],"rotation":{"angle":-45,"axis":"y","origin":[16,-8,16]},"faces":{"north":{"uv":[7.25,4.5,5.25,9],"texture":"#0"},"east":{"uv":[0,0,0,4.5],"texture":"#0"},"south":{"uv":[5.25,4.5,7.25,9],"texture":"#0"},"west":{"uv":[0,0,0,4.5],"texture":"#0"},"up":{"uv":[2,0,0,0],"texture":"#0"},"down":{"uv":[2,0,0,0],"texture":"#0"}}},{"from":[7,-12,4],"to":[10,-8,4],"rotation":{"angle":-22.5,"axis":"y","origin":[0,-6,0]},"faces":{"north":{"uv":[4.5,2,6,0],"texture":"#0"},"east":{"uv":[0,2,0,0],"texture":"#0"},"south":{"uv":[6,2,4.5,0],"texture":"#0"},"west":{"uv":[0,2,0,0],"texture":"#0"},"up":{"uv":[0,0,1.5,0],"texture":"#0"},"down":{"uv":[0,0,1.5,0],"texture":"#0"}}},{"from":[6,-16,16],"to":[10,-7,16],"rotation":{"angle":45,"axis":"y","origin":[0,-8,16]},"faces":{"north":{"uv":[5.25,4.5,7.25,9],"texture":"#0"},"east":{"uv":[0,0,0,4.5],"texture":"#0"},"south":{"uv":[7.25,4.5,5.25,9],"texture":"#0"},"west":{"uv":[0,0,0,4.5],"texture":"#0"},"up":{"uv":[0,0,2,0],"texture":"#0"},"down":{"uv":[0,0,2,0],"texture":"#0"}}},{"from":[7,-12,12],"to":[10,-8,12],"rotation":{"angle":22.5,"axis":"y","origin":[0,-6,16]},"faces":{"north":{"uv":[4.5,2,6,0],"texture":"#0"},"east":{"uv":[0,2,0,0],"texture":"#0"},"south":{"uv":[6,2,4.5,0],"texture":"#0"},"west":{"uv":[0,2,0,0],"texture":"#0"},"up":{"uv":[0,0,1.5,0],"texture":"#0"},"down":{"uv":[0,0,1.5,0],"texture":"#0"}}},{"from":[16,-14,8],"to":[16,-10,11],"rotation":{"angle":-45,"axis":"y","origin":[16,0,0]},"faces":{"north":{"uv":[11.5,14,11.5,16],"texture":"#0"},"east":{"uv":[13,14,11.5,16],"texture":"#0"},"south":{"uv":[11.5,14,11.5,16],"texture":"#0"},"west":{"uv":[11.5,14,13,16],"texture":"#0"},"up":{"uv":[11.5,14,11.5,15.5],"texture":"#0"},"down":{"uv":[11.5,14,11.5,15.5],"texture":"#0"}}},{"from":[16,-14,5],"to":[16,-10,8],"rotation":{"angle":45,"axis":"y","origin":[16,0,16]},"faces":{"north":{"uv":[11.5,14,11.5,16],"texture":"#0"},"east":{"uv":[11.5,14,13,16],"texture":"#0"},"south":{"uv":[11.5,14,11.5,16],"texture":"#0"},"west":{"uv":[13,14,11.5,16],"texture":"#0"},"up":{"uv":[11.5,15.5,11.5,14],"texture":"#0"},"down":{"uv":[11.5,15.5,11.5,14],"texture":"#0"}}},{"from":[0,-14,5],"to":[0,-10,8],"rotation":{"angle":-45,"axis":"y","origin":[0,0,16]},"faces":{"north":{"uv":[11.5,14,11.5,16],"texture":"#0"},"east":{"uv":[11.5,14,13,16],"texture":"#0"},"south":{"uv":[11.5,14,11.5,16],"texture":"#0"},"west":{"uv":[13,14,11.5,16],"texture":"#0"},"up":{"uv":[11.5,15.5,11.5,14],"texture":"#0"},"down":{"uv":[11.5,15.5,11.5,14],"texture":"#0"}}},{"from":[0,-14,8],"to":[0,-10,11],"rotation":{"angle":45,"axis":"y","origin":[0,0,0]},"faces":{"north":{"uv":[11.5,14,11.5,16],"texture":"#0"},"east":{"uv":[13,14,11.5,16],"texture":"#0"},"south":{"uv":[11.5,14,11.5,16],"texture":"#0"},"west":{"uv":[11.5,14,13,16],"texture":"#0"},"up":{"uv":[11.5,14,11.5,15.5],"texture":"#0"},"down":{"uv":[11.5,14,11.5,15.5],"texture":"#0"}}}],"gui_light":"front","display":{"thirdperson_righthand":{"rotation":[0,90,0],"translation":[0,7.5,1.75],"scale":[0.7,0.7,0.7]},"thirdperson_lefthand":{"rotation":[0,90,0],"translation":[0,7.5,1.75],"scale":[0.7,0.7,0.7]},"firstperson_righthand":{"rotation":[5.75,-90,0],"translation":[3.25,6.25,0.5],"scale":[0.4375,0.4375,0.4375]},"firstperson_lefthand":{"rotation":[5.75,-90,0],"translation":[3.25,6.25,0.5],"scale":[0.4375,0.4375,0.4375]},"ground":{"rotation":[0,0,45],"translation":[-2.25,9,0],"scale":[0.5,0.5,0.5]},"gui":{"rotation":[0,0,-45],"translation":[2,1.75,-2],"scale":[0.48048,0.48048,0.48048]},"head":{"scale":[0,0,0]},"fixed":{"translation":[-0.75,13.75,-4.5],"scale":[1.5,1.5,1.5]}},"groups":[0,1,2,3,4,{"name":"group","origin":[16,2,16],"color":0,"children":[5,6]},{"name":"group","origin":[16,2,16],"color":0,"children":[7,8]},{"name":"group","origin":[8,1,3],"color":0,"children":[9,10,11,12]},{"name":"group","origin":[16,0,0],"color":0,"children":[13,14]},{"name":"group","origin":[8,1,3],"color":0,"children":[15,16,17,18]},19,20,21,22,23,24,{"name":"Animation","origin":[16,-5,0],"color":0,"children":[25,26,27,28]},29,30,31,32,33,34,{"name":"group","origin":[16,2,16],"color":0,"children":[35,36,37,38,39,40,41,42]},{"name":"group","origin":[0,0,0],"color":0,"children":[43,44,45,46]}]}