{"credit":"Made with Blockbench by yungwilder","texture_size":[32,32],"textures":{"0":"yungwilder:item/winter_pack/blizzard_sword","1":"yungwilder:item/winter_pack/blizzard_sword_animation","2":"yungwilder:item/winter_pack/blizzard_sword_animation2","particle":"yungwilder:item/winter_pack/blizzard_sword"},"elements":[{"from":[6.5,-5,7],"to":[9.5,-2,9],"rotation":{"angle":-45,"axis":"z","origin":[8,-3.5,8]},"faces":{"north":{"uv":[9,0,10.5,1.5],"texture":"#0"},"east":{"uv":[10,1.5,11,3],"texture":"#0"},"south":{"uv":[9,4,10.5,5.5],"texture":"#0"},"west":{"uv":[10,5.5,11,7],"texture":"#0"},"up":{"uv":[11.5,4,10,3],"texture":"#0"},"down":{"uv":[11.5,7,10,8],"texture":"#0"}}},{"from":[5.5,-8,7.975],"to":[10.5,-3,8.025],"rotation":{"angle":0,"axis":"z","origin":[8,-3.5,8]},"faces":{"north":{"uv":[2,5,4.5,7.5],"texture":"#0"},"south":{"uv":[2,5,4.5,7.5],"texture":"#0"}}},{"from":[1.97227,4,7.975],"to":[6.97227,9,8.025],"rotation":{"angle":22.5,"axis":"z","origin":[4.47227,7.5,8]},"faces":{"north":{"uv":[2,5,4.5,7.5],"rotation":180,"texture":"#0"},"south":{"uv":[2,5,4.5,7.5],"rotation":180,"texture":"#0"}}},{"from":[9.02773,4,7.975],"to":[14.02773,9,8.025],"rotation":{"angle":-22.5,"axis":"z","origin":[11.52773,7.5,8]},"faces":{"north":{"uv":[4.5,5,2,7.5],"rotation":180,"texture":"#0"},"south":{"uv":[4.5,5,2,7.5],"rotation":180,"texture":"#0"}}},{"from":[7.125,-2.5,7.125],"to":[8.875,4.5,8.875],"rotation":{"angle":0,"axis":"y","origin":[0,-5,0]},"faces":{"north":{"uv":[8,4,9,7.5],"texture":"#0"},"east":{"uv":[5,8,6,11.5],"texture":"#0"},"south":{"uv":[6,8,7,11.5],"texture":"#0"},"west":{"uv":[8,7.5,9,11],"texture":"#0"},"up":{"uv":[8,11,7,10],"texture":"#0"},"down":{"uv":[11,8,10,9],"texture":"#0"}}},{"from":[6,6.5,7.5],"to":[10,22.5,8.5],"rotation":{"angle":0,"axis":"y","origin":[0,-5,0]},"faces":{"north":{"uv":[0,5,2,13],"texture":"#0"},"east":{"uv":[4.5,5,5,13],"texture":"#0"},"south":{"uv":[2,5,0,13],"texture":"#0"},"west":{"uv":[7,2,7.5,10],"texture":"#0"},"up":{"uv":[12,9.5,10,9],"texture":"#0"},"down":{"uv":[12.5,1,10.5,1.5],"texture":"#0"}}},{"from":[6.82984,21.67359,7.525],"to":[9.65684,24.50059,8.475],"rotation":{"angle":45,"axis":"z","origin":[8.82984,22.49859,8]},"faces":{"north":{"uv":[2,7.5,4,9.5],"texture":"#0"},"east":{"uv":[9,10.5,9.5,12.5],"texture":"#0"},"south":{"uv":[4,7.5,2,9.5],"texture":"#0"},"west":{"uv":[9.5,10.5,10,12.5],"texture":"#0"},"up":{"uv":[12.5,5.5,10.5,5],"texture":"#0"},"down":{"uv":[12,10.5,10,11],"texture":"#0"}}},{"from":[5,4.5,7],"to":[9,8.5,9],"rotation":{"angle":45,"axis":"z","origin":[8,7.5,8]},"faces":{"north":{"uv":[7,0,9,2],"texture":"#0"},"east":{"uv":[9,5.5,10,7.5],"texture":"#0"},"south":{"uv":[9,0,7,2],"texture":"#0"},"west":{"uv":[9,7.5,10,9.5],"texture":"#0"},"up":{"uv":[4,10.5,2,9.5],"texture":"#0"},"down":{"uv":[11,9.5,9,10.5],"texture":"#0"}}},{"from":[3,6.5,7.5],"to":[5,8.5,8.5],"rotation":{"angle":45,"axis":"z","origin":[8,7.5,8]},"faces":{"north":{"uv":[10.5,0,11.5,1],"texture":"#0"},"east":{"uv":[11,6,11.5,7],"texture":"#0"},"south":{"uv":[2,10.5,3,11.5],"texture":"#0"},"west":{"uv":[8,11,8.5,12],"texture":"#0"},"up":{"uv":[10,2,9,1.5],"texture":"#0"},"down":{"uv":[12,8,11,8.5],"texture":"#0"}}},{"from":[11,6.5,7.5],"to":[13,8.5,8.5],"rotation":{"angle":-45,"axis":"z","origin":[8,7.5,8]},"faces":{"north":{"uv":[3,10.5,4,11.5],"texture":"#0"},"east":{"uv":[8.5,11,9,12],"texture":"#0"},"south":{"uv":[10.5,4,11.5,5],"texture":"#0"},"west":{"uv":[11,9.5,11.5,10.5],"texture":"#0"},"up":{"uv":[12,9,11,8.5],"texture":"#0"},"down":{"uv":[11,11,10,11.5],"texture":"#0"}}},{"from":[0,-7,7.475],"to":[16,25,8.525],"rotation":{"angle":0,"axis":"y","origin":[8,9,8]},"faces":{"north":{"uv":[0,0,8,16],"texture":"#1"},"south":{"uv":[8,0,0,16],"texture":"#1"}}},{"from":[0,-7,7.475],"to":[16,25,8.525],"rotation":{"angle":0,"axis":"y","origin":[8,9,8]},"faces":{"north":{"uv":[8,0,0,16],"texture":"#2"},"south":{"uv":[0,0,8,16],"texture":"#2"}}}],"gui_light":"front","display":{"thirdperson_righthand":{"rotation":[0,-90,0],"translation":[0,4.5,1.5],"scale":[0.9,0.9,0.9]},"thirdperson_lefthand":{"rotation":[0,90,0],"translation":[0,4.5,1.5],"scale":[0.9,0.9,0.9]},"firstperson_righthand":{"rotation":[-20,-90,0],"translation":[2,3,0],"scale":[0.6,0.6,0.6]},"firstperson_lefthand":{"rotation":[-20,90,0],"translation":[2,3,0],"scale":[0.6,0.6,0.6]},"ground":{"rotation":[45,90,0],"scale":[0.35,0.35,0.35]},"gui":{"rotation":[20,160,45],"translation":[-0.5,-0.5,0],"scale":[0.65,0.65,0.65]},"head":{"rotation":[0,0,-125],"translation":[-4,14,0]},"fixed":{"rotation":[0,0,45],"translation":[1,-1,-1],"scale":[0.8,0.8,0.8]}}}