{"credit":"Made with Blockbench by yungwilder","textures":{"0":"yungwilder:item/winter_pack/candycane_pickaxe","1":"yungwilder:item/winter_pack/candycane_pickaxe_animation","particle":"yungwilder:item/winter_pack/candycane_pickaxe"},"elements":[{"from":[7,2.5,7],"to":[9,16.5,9],"rotation":{"angle":0,"axis":"y","origin":[8,9,8]},"faces":{"north":{"uv":[0,3,1,10],"texture":"#0"},"east":{"uv":[1,3,2,10],"texture":"#0"},"south":{"uv":[2,3,3,10],"texture":"#0"},"west":{"uv":[3,3,4,10],"texture":"#0"},"up":{"uv":[9,9.5,8,8.5],"texture":"#0"},"down":{"uv":[10,0,9,1],"texture":"#0"}}},{"from":[6.5,4.5,6.5],"to":[9.5,16.5,9.5],"rotation":{"angle":0,"axis":"y","origin":[8,9,8]},"faces":{"north":{"uv":[0,0,3,12],"texture":"#1"},"east":{"uv":[3,0,6,12],"texture":"#1"},"south":{"uv":[6,0,9,12],"texture":"#1"},"west":{"uv":[9,0,12,12],"texture":"#1"}}},{"from":[9.475,4.5,6.525],"to":[6.525,16.5,9.475],"rotation":{"angle":0,"axis":"y","origin":[8,10.5,8]},"faces":{"north":{"uv":[3,0,0,12],"texture":"#1"},"east":{"uv":[12,0,9,12],"texture":"#1"},"south":{"uv":[9,0,6,12],"texture":"#1"},"west":{"uv":[6,0,3,12],"texture":"#1"}}},{"from":[5,16.5,6.5],"to":[11,19.5,9.5],"rotation":{"angle":0,"axis":"y","origin":[8,10.5,8]},"faces":{"north":{"uv":[4,0,7,1.5],"texture":"#0"},"east":{"uv":[4,6,5.5,7.5],"texture":"#0"},"south":{"uv":[4,1.5,7,3],"texture":"#0"},"west":{"uv":[5.5,6,7,7.5],"texture":"#0"},"up":{"uv":[7,4.5,4,3],"texture":"#0"},"down":{"uv":[7,4.5,4,6],"texture":"#0"}}},{"from":[7.975,16.5,1],"to":[8.025,25.5,15],"rotation":{"angle":0,"axis":"y","origin":[8,21,8]},"faces":{"east":{"uv":[6.5,11.5,13.5,16],"texture":"#0"},"west":{"uv":[6.5,11.5,13.5,16],"texture":"#0"}}},{"from":[1,16.5,7.975],"to":[15,25.5,8.025],"rotation":{"angle":0,"axis":"y","origin":[8,21,8]},"faces":{"north":{"uv":[0,11.5,7,16],"texture":"#0"},"south":{"uv":[0,11.5,7,16],"texture":"#0"}}},{"from":[9.92102,15.98405,7],"to":[13.92102,17.98405,9],"rotation":{"angle":-22.5,"axis":"z","origin":[13.41665,16.77459,8]},"faces":{"north":{"uv":[7,0,9,1],"texture":"#0"},"east":{"uv":[9,1,10,2],"texture":"#0"},"south":{"uv":[7,1,9,2],"texture":"#0"},"west":{"uv":[9,2,10,3],"texture":"#0"},"up":{"uv":[9,3,7,2],"texture":"#0"},"down":{"uv":[9,3,7,4],"texture":"#0"}}},{"from":[13.37859,16.65344,7.5],"to":[16.37859,17.65344,8.5],"rotation":{"angle":-45,"axis":"z","origin":[13.41665,16.77459,8]},"faces":{"north":{"uv":[9.5,5,11,5.5],"texture":"#0"},"east":{"uv":[6.5,7.5,7,8],"texture":"#0"},"south":{"uv":[9.5,5.5,11,6],"texture":"#0"},"west":{"uv":[6.5,8,7,8.5],"texture":"#0"},"up":{"uv":[11,6.5,9.5,6],"texture":"#0"},"down":{"uv":[11,6.5,9.5,7],"texture":"#0"}}},{"from":[2.07898,15.98405,7],"to":[6.07898,17.98405,9],"rotation":{"angle":22.5,"axis":"z","origin":[2.58335,16.77459,8]},"faces":{"north":{"uv":[9,0,7,1],"texture":"#0"},"east":{"uv":[10,2,9,3],"texture":"#0"},"south":{"uv":[9,1,7,2],"texture":"#0"},"west":{"uv":[10,1,9,2],"texture":"#0"},"up":{"uv":[7,3,9,2],"texture":"#0"},"down":{"uv":[7,3,9,4],"texture":"#0"}}},{"from":[-0.37859,16.65344,7.5],"to":[2.62141,17.65344,8.5],"rotation":{"angle":45,"axis":"z","origin":[2.58335,16.77459,8]},"faces":{"north":{"uv":[11,5,9.5,5.5],"texture":"#0"},"east":{"uv":[7,8,6.5,8.5],"texture":"#0"},"south":{"uv":[11,5.5,9.5,6],"texture":"#0"},"west":{"uv":[7,7.5,6.5,8],"texture":"#0"},"up":{"uv":[9.5,6.5,11,6],"texture":"#0"},"down":{"uv":[9.5,6.5,11,7],"texture":"#0"}}},{"from":[7.91421,0.29289,7.025],"to":[9.91421,3.29289,8.975],"rotation":{"angle":45,"axis":"z","origin":[8.41421,1.79289,8]},"faces":{"north":{"uv":[7,4,8,5.5],"texture":"#0"},"east":{"uv":[7,5.5,8,7],"texture":"#0"},"south":{"uv":[7,7,8,8.5],"texture":"#0"},"west":{"uv":[4,7.5,5,9],"texture":"#0"},"up":{"uv":[10,4,9,3],"texture":"#0"},"down":{"uv":[5,9,4,10],"texture":"#0"}}},{"from":[8.5864,1.06793,7],"to":[11.5864,3.06793,9],"rotation":{"angle":22.5,"axis":"z","origin":[10.5864,2.06793,8]},"faces":{"north":{"uv":[5,7.5,6.5,8.5],"texture":"#0"},"east":{"uv":[9,7,10,8],"texture":"#0"},"south":{"uv":[8,4,9.5,5],"texture":"#0"},"west":{"uv":[9,8,10,9],"texture":"#0"},"up":{"uv":[9.5,6,8,5],"texture":"#0"},"down":{"uv":[9.5,6,8,7],"texture":"#0"}}},{"from":[10.5431,1.79523,7.025],"to":[12.5431,4.79523,8.975],"rotation":{"angle":-22.5,"axis":"z","origin":[11.5431,3.29523,8]},"faces":{"north":{"uv":[8,7,9,8.5],"texture":"#0"},"east":{"uv":[5,8.5,6,10],"texture":"#0"},"south":{"uv":[6,8.5,7,10],"texture":"#0"},"west":{"uv":[7,8.5,8,10],"texture":"#0"},"up":{"uv":[10,10,9,9],"texture":"#0"},"down":{"uv":[10.5,4,9.5,5],"texture":"#0"}}}],"gui_light":"front","display":{"thirdperson_righthand":{"rotation":[0,90,0],"translation":[0,-1,1],"scale":[0.9,0.9,0.9]},"thirdperson_lefthand":{"rotation":[0,-90,0],"translation":[0,-1,1],"scale":[0.9,0.9,0.9]},"firstperson_righthand":{"rotation":[-15,90,0],"translation":[0,2,0],"scale":[0.7,0.7,0.7]},"firstperson_lefthand":{"rotation":[-15,90,0],"translation":[0,2,0],"scale":[0.7,0.7,0.7]},"ground":{"rotation":[45,0,0],"scale":[0.35,0.35,0.35]},"gui":{"rotation":[20,10,-45],"translation":[-3,-2.5,0],"scale":[0.7,0.7,0.7]},"head":{"rotation":[0,0,65],"translation":[10.5,8,0]},"fixed":{"rotation":[0,0,45],"translation":[2.5,-4,-1],"scale":[0.9,0.9,0.9]}}}