{"credit":"Made with Blockbench by yungwilder","texture_size":[32,32],"textures":{"3":"yungwilder:item/winter_pack/fur_cap_green"},"elements":[{"from":[4.5,6,4],"to":[11.5,9,5],"faces":{"north":{"uv":[10.5,0,14,1.5],"texture":"#3"},"east":{"uv":[10.5,4,11,5.5],"texture":"#3"},"south":{"uv":[10.5,1.5,14,3],"texture":"#3"},"west":{"uv":[10.5,5.5,11,7],"texture":"#3"},"up":{"uv":[14,3.5,10.5,3],"texture":"#3"},"down":{"uv":[14,3.5,10.5,4],"texture":"#3"}}},{"from":[4.5,0,5],"to":[11.5,8,12],"faces":{"east":{"uv":[0,0,3.5,4],"texture":"#3"},"south":{"uv":[3.5,0,7,4],"texture":"#3"},"west":{"uv":[3.5,0,0,4],"texture":"#3"},"up":{"uv":[3.5,11.5,0,8],"texture":"#3"}}},{"from":[11.475,0.025,5.025],"to":[4.525,7.975,11.975],"faces":{"east":{"uv":[3.5,4,7,8],"texture":"#3"},"south":{"uv":[7,0,10.5,4],"texture":"#3"},"west":{"uv":[3.5,4,7,8],"texture":"#3"},"up":{"uv":[7,11.5,3.5,8],"texture":"#3"}}}],"gui_light":"front","display":{"thirdperson_righthand":{"rotation":[75,0,0],"translation":[0,2.5,2.5],"scale":[0.7,0.7,0.7]},"thirdperson_lefthand":{"rotation":[75,0,0],"translation":[0,2.5,2.5],"scale":[0.7,0.7,0.7]},"firstperson_righthand":{"rotation":[0,119.5,0],"translation":[0,4,0],"scale":[0.6,0.6,0.6]},"firstperson_lefthand":{"rotation":[0,120,0],"translation":[0,4,0],"scale":[0.6,0.6,0.6]},"ground":{"translation":[0,1,0],"scale":[0.5,0.5,0.5]},"gui":{"rotation":[15,-145,0],"translation":[0,4,0],"scale":[1.3,1.3,1.3]},"head":{"translation":[0,7.5,-0.75],"scale":[2.15,2.15,2.15]},"fixed":{"translation":[0,6,-7.25],"scale":[1.8,1.8,1.8]}}}