{"credit":"Made with Blockbench by yungwilder","texture_size":[32,32],"textures":{"0":"yungwilder:item/winter_pack/giftbox_backpack_red","particle":"yungwilder:item/winter_pack/giftbox_backpack_red"},"elements":[{"from":[0,-6,0],"to":[16,10,16],"rotation":{"angle":0,"axis":"y","origin":[0,-6,0]},"faces":{"north":{"uv":[0,0,8,8],"texture":"#0"},"east":{"uv":[0,0,8,8],"texture":"#0"},"south":{"uv":[0,0,8,8],"texture":"#0"},"west":{"uv":[0,0,8,8],"texture":"#0"},"down":{"uv":[0,8,8,16],"texture":"#0"}}},{"from":[15.975,-5.975,0.025],"to":[0.025,9.975,15.975],"rotation":{"angle":0,"axis":"y","origin":[16,-6,0]},"faces":{"north":{"uv":[8,0,0,8],"texture":"#0"},"east":{"uv":[8,0,0,8],"texture":"#0"},"south":{"uv":[8,0,0,8],"texture":"#0"},"west":{"uv":[8,0,0,8],"texture":"#0"},"down":{"uv":[8,8,0,16],"texture":"#0"}}},{"from":[-1,8,-1],"to":[17,13,17],"rotation":{"angle":0,"axis":"x","origin":[7,15.25,9]},"faces":{"north":{"uv":[16,10.5,8,8],"rotation":180,"texture":"#0"},"east":{"uv":[16,10.5,8,8],"rotation":180,"texture":"#0"},"south":{"uv":[16,10.5,8,8],"rotation":180,"texture":"#0"},"west":{"uv":[16,10.5,8,8],"rotation":180,"texture":"#0"},"up":{"uv":[16,8,8,0],"texture":"#0"}}},{"from":[16.975,8.025,-0.975],"to":[-0.975,12.975,16.975],"rotation":{"angle":0,"axis":"x","origin":[7,15.25,9]},"faces":{"north":{"uv":[8,13,16,10.5],"rotation":180,"texture":"#0"},"east":{"uv":[8,13,16,10.5],"rotation":180,"texture":"#0"},"south":{"uv":[8,13,16,10.5],"rotation":180,"texture":"#0"},"west":{"uv":[8,13,16,10.5],"rotation":180,"texture":"#0"},"up":{"uv":[0,16,8,8],"texture":"#0"}}},{"from":[7.975,13,3],"to":[8.025,19,13],"rotation":{"angle":0,"axis":"x","origin":[7,15.25,9]},"faces":{"east":{"uv":[8,13,13,16],"texture":"#0"},"west":{"uv":[8,13,13,16],"texture":"#0"}}},{"from":[3,13,7.975],"to":[13,19,8.025],"rotation":{"angle":0,"axis":"x","origin":[7,15.25,9]},"faces":{"north":{"uv":[8,13,13,16],"texture":"#0"},"south":{"uv":[8,13,13,16],"texture":"#0"}}}],"gui_light":"front","display":{"thirdperson_righthand":{"rotation":[0,-180,0],"translation":[0,6.5,0],"scale":[0.45,0.45,0.45]},"thirdperson_lefthand":{"rotation":[0,-180,0],"translation":[0,6.5,0],"scale":[0.45,0.45,0.45]},"firstperson_righthand":{"rotation":[0,20,0],"translation":[0,3,0],"scale":[0.3,0.3,0.3]},"firstperson_lefthand":{"rotation":[0,20,0],"translation":[0,3,0],"scale":[0.3,0.3,0.3]},"ground":{"rotation":[20,0,0],"translation":[0,2,0],"scale":[0.3,0.3,0.3]},"gui":{"rotation":[15,-145,0],"scale":[0.45,0.45,0.45]},"head":{"translation":[0,-18,0],"scale":[1.81,1.81,1.81]},"fixed":{"rotation":[-90,0,0],"translation":[0,0,-27.5],"scale":[2,2,2]}}}