{"credit":"Made with Blockbench by yungwilder","texture_size":[32,32],"textures":{"0":"yungwilder:item/winter_pack/giftbox_backpack_green","particle":"yungwilder:item/winter_pack/giftbox_backpack_green"},"elements":[{"from":[0,-6,0],"to":[16,10,16],"rotation":{"angle":0,"axis":"y","origin":[0,-6,0]},"faces":{"north":{"uv":[0,0,8,8],"texture":"#0"},"east":{"uv":[0,0,8,8],"texture":"#0"},"south":{"uv":[0,0,8,8],"texture":"#0"},"west":{"uv":[0,0,8,8],"texture":"#0"},"down":{"uv":[0,8,8,16],"texture":"#0"}}},{"from":[15.975,-5.975,0.025],"to":[0.025,9.975,15.975],"rotation":{"angle":0,"axis":"y","origin":[16,-6,0]},"faces":{"north":{"uv":[8,0,0,8],"texture":"#0"},"east":{"uv":[8,0,0,8],"texture":"#0"},"south":{"uv":[8,0,0,8],"texture":"#0"},"west":{"uv":[8,0,0,8],"texture":"#0"},"down":{"uv":[8,8,0,16],"texture":"#0"}}},{"from":[-1,11.47781,9.67263],"to":[17,29.47781,14.67263],"rotation":{"angle":-45,"axis":"x","origin":[8,17.47781,17.42263]},"faces":{"east":{"uv":[16,10.5,8,8],"rotation":90,"texture":"#0"},"south":{"uv":[16,8,8,0],"texture":"#0"},"west":{"uv":[16,10.5,8,8],"rotation":270,"texture":"#0"},"up":{"uv":[16,10.5,8,8],"texture":"#0"},"down":{"uv":[16,10.5,8,8],"rotation":180,"texture":"#0"}}},{"from":[16.975,11.50281,9.69763],"to":[-0.975,29.45281,14.64763],"rotation":{"angle":-45,"axis":"x","origin":[8,17.47781,17.42263]},"faces":{"east":{"uv":[8,13,16,10.5],"rotation":90,"texture":"#0"},"south":{"uv":[0,16,8,8],"texture":"#0"},"west":{"uv":[8,13,16,10.5],"rotation":270,"texture":"#0"},"up":{"uv":[8,13,16,10.5],"texture":"#0"},"down":{"uv":[8,13,16,10.5],"rotation":180,"texture":"#0"}}},{"from":[7.975,15.47781,14.67263],"to":[8.025,25.47781,20.67263],"rotation":{"angle":-45,"axis":"x","origin":[8,17.47781,17.42263]},"faces":{"east":{"uv":[8,13,13,16],"rotation":270,"texture":"#0"},"west":{"uv":[8,13,13,16],"rotation":90,"texture":"#0"}}},{"from":[3,20.45281,14.67263],"to":[13,20.50281,20.67263],"rotation":{"angle":-45,"axis":"x","origin":[8,17.47781,17.42263]},"faces":{"up":{"uv":[8,13,13,16],"rotation":180,"texture":"#0"},"down":{"uv":[8,13,13,16],"texture":"#0"}}}],"gui_light":"front","display":{"thirdperson_righthand":{"rotation":[0,-180,0],"translation":[0,6.5,0],"scale":[0.45,0.45,0.45]},"thirdperson_lefthand":{"rotation":[0,-180,0],"translation":[0,6.5,0],"scale":[0.45,0.45,0.45]},"firstperson_righthand":{"rotation":[0,20,0],"translation":[0,3,0],"scale":[0.3,0.3,0.3]},"firstperson_lefthand":{"rotation":[0,20,0],"translation":[0,3,0],"scale":[0.3,0.3,0.3]},"ground":{"rotation":[20,0,0],"translation":[0,2,0],"scale":[0.3,0.3,0.3]},"gui":{"rotation":[15,-145,0],"scale":[0.45,0.45,0.45]},"head":{"translation":[0,-50,0],"scale":[1.81,1.81,1.81]},"fixed":{"rotation":[-90,0,0],"translation":[0,0,-27],"scale":[2,2,2]}}}