{"credit":"Made with Blockbench by yungwilder","texture_size":[32,32],"textures":{"0":"yungwilder:item/winter_pack/snowshovel","particle":"yungwilder:item/winter_pack/snowshovel"},"elements":[{"from":[7,5,7],"to":[9,19,9],"faces":{"north":{"uv":[5,5.5,6,12.5],"texture":"#0"},"east":{"uv":[6,5.5,7,12.5],"texture":"#0"},"south":{"uv":[7,0,8,7],"texture":"#0"},"west":{"uv":[7,7,8,14],"texture":"#0"},"up":{"uv":[4.5,9.5,3.5,8.5],"texture":"#0"},"down":{"uv":[2,9,1,10],"texture":"#0"}}},{"from":[2.975,19,4.975],"to":[13.025,30,9.025],"rotation":{"angle":-22.5,"axis":"x","origin":[8,24,9]},"faces":{"east":{"uv":[5,0,7,5.5],"texture":"#0"},"south":{"uv":[0,0,5,5.5],"texture":"#0"},"west":{"uv":[7,0,5,5.5],"texture":"#0"},"down":{"uv":[5,5.5,0,7.5],"texture":"#0"}}},{"from":[13,19.05,5],"to":[3,30.05,9],"rotation":{"angle":-22.5,"axis":"x","origin":[8,24,9]},"faces":{"east":{"uv":[5,0,7,5.5],"texture":"#0"},"south":{"uv":[5,0,0,5.5],"texture":"#0"},"west":{"uv":[7,0,5,5.5],"texture":"#0"},"down":{"uv":[0,5.5,5,7.5],"texture":"#0"}}},{"from":[6.5,3,6.5],"to":[9.5,5,9.5],"rotation":{"angle":0,"axis":"y","origin":[8,2.375,8]},"faces":{"north":{"uv":[8,5,9.5,6],"texture":"#0"},"east":{"uv":[8,6,9.5,7],"texture":"#0"},"south":{"uv":[8,3,9.5,4],"texture":"#0"},"west":{"uv":[8,4,9.5,5],"texture":"#0"},"up":{"uv":[9.5,1.5,8,0],"rotation":180,"texture":"#0"},"down":{"uv":[9.5,1.5,8,3],"rotation":180,"texture":"#0"}}},{"from":[5.5,1,7],"to":[6.5,4,9],"rotation":{"angle":0,"axis":"y","origin":[8,2.375,8]},"faces":{"north":{"uv":[2,9,2.5,10.5],"texture":"#0"},"east":{"uv":[0,8.5,1,10],"texture":"#0"},"south":{"uv":[4.5,8.5,5,10],"texture":"#0"},"west":{"uv":[8,7,9,8.5],"texture":"#0"},"up":{"uv":[3,10,2.5,9],"rotation":180,"texture":"#0"},"down":{"uv":[3.5,9,3,10],"rotation":180,"texture":"#0"}}},{"from":[9.5,1,7],"to":[10.5,4,9],"rotation":{"angle":0,"axis":"y","origin":[8,2.375,8]},"faces":{"north":{"uv":[2.5,9,2,10.5],"texture":"#0"},"east":{"uv":[9,7,8,8.5],"texture":"#0"},"south":{"uv":[5,8.5,4.5,10],"texture":"#0"},"west":{"uv":[1,8.5,0,10],"texture":"#0"},"up":{"uv":[2.5,10,3,9],"rotation":180,"texture":"#0"},"down":{"uv":[3,9,3.5,10],"rotation":180,"texture":"#0"}}},{"from":[5.5,0,7],"to":[10.5,1,9],"rotation":{"angle":0,"axis":"y","origin":[8,2.375,8]},"faces":{"north":{"uv":[8,8.5,10.5,9],"texture":"#0"},"east":{"uv":[9,7.5,10,8],"texture":"#0"},"south":{"uv":[1,8.5,3.5,9],"texture":"#0"},"west":{"uv":[9,7,10,7.5],"texture":"#0"},"up":{"uv":[2.5,8.5,0,7.5],"rotation":180,"texture":"#0"},"down":{"uv":[5,7.5,2.5,8.5],"rotation":180,"texture":"#0"}}}],"gui_light":"front","display":{"thirdperson_righthand":{"rotation":[0,140,0],"translation":[0,-2.5,1]},"thirdperson_lefthand":{"rotation":[0,140,0],"translation":[0,-2.5,1]},"firstperson_righthand":{"rotation":[-25,120,0],"translation":[2,1,0],"scale":[0.6,0.6,0.6]},"firstperson_lefthand":{"rotation":[-25,120,0],"translation":[2,1,0],"scale":[0.6,0.6,0.6]},"ground":{"rotation":[45,45,0],"scale":[0.35,0.35,0.35]},"gui":{"rotation":[35,-160,45],"translation":[-3,-3,0],"scale":[0.6,0.6,0.6]},"head":{"rotation":[0,0,-160],"translation":[-7.25,24,0]},"fixed":{"rotation":[0,0,45],"translation":[3.5,-3.5,-2.25],"scale":[0.7,0.7,0.7]}}}