{"credit":"Made with Blockbench by yungwilder","texture_size":[32,32],"textures":{"0":"yungwilder:item/winter_pack/snowflake_sunglasses","particle":"yungwilder:item/winter_pack/snowflake_sunglasses"},"elements":[{"from":[2.5,0,2.5],"to":[13.5,9,13.5],"faces":{"north":{"uv":[0,0,5.5,4.5],"texture":"#0"},"east":{"uv":[0,4.5,5.5,9],"texture":"#0"},"west":{"uv":[5.5,4.5,0,9],"texture":"#0"}}},{"from":[13.475,0,2.525],"to":[2.525,9,13.475],"rotation":{"angle":0,"axis":"y","origin":[16,0,0]},"faces":{"north":{"uv":[5.5,0,0,4.5],"texture":"#0"},"east":{"uv":[0,4.5,5.5,9],"texture":"#0"},"west":{"uv":[5.5,4.5,0,9],"texture":"#0"}}}],"gui_light":"front","display":{"thirdperson_righthand":{"translation":[0,3.5,3],"scale":[0.5,0.5,0.5]},"thirdperson_lefthand":{"translation":[0,3.5,3],"scale":[0.5,0.5,0.5]},"firstperson_righthand":{"rotation":[15,120,-15],"translation":[0,6.5,0],"scale":[0.5,0.5,0.5]},"firstperson_lefthand":{"rotation":[15,120,-15],"translation":[0,6.5,0],"scale":[0.5,0.5,0.5]},"ground":{"rotation":[25,0,0],"translation":[0,2,1],"scale":[0.45,0.45,0.45]},"gui":{"rotation":[15,-145,0],"translation":[-1,4,0]},"head":{"translation":[0,2.25,0],"scale":[1.4,1.4,1.4]},"fixed":{"translation":[0,5,4],"scale":[1.5,1.5,1.5]}}}