{"credit":"Made with Blockbench by yungwilder","texture_size":[32,32],"textures":{"0":"yungwilder:item/winter_pack/snowflake_shield","particle":"yungwilder:item/winter_pack/snowflake_shield"},"elements":[{"from":[7.5,0,7.5],"to":[8.5,16,8.5],"rotation":{"angle":0,"axis":"z","origin":[8,8,8.375]},"faces":{"north":{"uv":[0,6,0.5,14],"texture":"#0"},"east":{"uv":[6,0,6.5,8],"texture":"#0"},"south":{"uv":[0.5,6,1,14],"texture":"#0"},"west":{"uv":[1,6,1.5,14],"texture":"#0"},"up":{"uv":[2.5,8.5,2,8],"texture":"#0"},"down":{"uv":[8.5,2,8,2.5],"texture":"#0"}}},{"from":[7.5,6,10.5],"to":[8.5,10,11.5],"rotation":{"angle":0,"axis":"z","origin":[8,8,8.375]},"faces":{"north":{"uv":[1.5,6,2,8],"texture":"#0"},"east":{"uv":[2,6,2.5,8],"texture":"#0"},"south":{"uv":[2.5,6,3,8],"texture":"#0"},"west":{"uv":[3,6,3.5,8],"texture":"#0"},"up":{"uv":[6,8.5,5.5,8],"texture":"#0"},"down":{"uv":[6.5,8,6,8.5],"texture":"#0"}}},{"from":[7.5,9,8.5],"to":[8.5,10,10.5],"rotation":{"angle":0,"axis":"z","origin":[8,8,8.375]},"faces":{"north":{"uv":[6.5,8,7,8.5],"texture":"#0"},"east":{"uv":[3.5,7.5,4.5,8],"texture":"#0"},"south":{"uv":[7,8,7.5,8.5],"texture":"#0"},"west":{"uv":[7.5,4,8.5,4.5],"texture":"#0"},"up":{"uv":[5,8.5,4.5,7.5],"texture":"#0"},"down":{"uv":[8,4.5,7.5,5.5],"texture":"#0"}}},{"from":[7.5,6,8.5],"to":[8.5,7,10.5],"rotation":{"angle":0,"axis":"z","origin":[8,8,8.375]},"faces":{"north":{"uv":[8,7,8.5,7.5],"texture":"#0"},"east":{"uv":[5,7.5,6,8],"texture":"#0"},"south":{"uv":[8,7.5,8.5,8],"texture":"#0"},"west":{"uv":[6.5,7.5,7.5,8],"texture":"#0"},"up":{"uv":[8,8.5,7.5,7.5],"texture":"#0"},"down":{"uv":[2,8,1.5,9],"texture":"#0"}}},{"from":[1.81802,10.47487,7.525],"to":[4.81802,11.47487,8.475],"rotation":{"angle":-45,"axis":"z","origin":[8,8,8.375]},"faces":{"north":{"uv":[6.5,2,8,2.5],"texture":"#0"},"east":{"uv":[3,8,3.5,8.5],"texture":"#0"},"south":{"uv":[6.5,2.5,8,3],"texture":"#0"},"west":{"uv":[8,3,8.5,3.5],"texture":"#0"},"up":{"uv":[8,3.5,6.5,3],"texture":"#0"},"down":{"uv":[8,3.5,6.5,4],"texture":"#0"}}},{"from":[4.52513,11.18198,7.525],"to":[5.52513,14.18198,8.475],"rotation":{"angle":-45,"axis":"z","origin":[8,8,8.375]},"faces":{"north":{"uv":[3.5,6,4,7.5],"texture":"#0"},"east":{"uv":[4,6,4.5,7.5],"texture":"#0"},"south":{"uv":[4.5,6,5,7.5],"texture":"#0"},"west":{"uv":[5,6,5.5,7.5],"texture":"#0"},"up":{"uv":[3,8.5,2.5,8],"texture":"#0"},"down":{"uv":[8.5,2.5,8,3],"texture":"#0"}}},{"from":[11.18198,4.52513,7.525],"to":[14.18198,5.52513,8.475],"rotation":{"angle":-45,"axis":"z","origin":[8,8,8.375]},"faces":{"north":{"uv":[7,5.5,8.5,6],"texture":"#0"},"east":{"uv":[4,8,4.5,8.5],"texture":"#0"},"south":{"uv":[7,6,8.5,6.5],"texture":"#0"},"west":{"uv":[8,4.5,8.5,5],"texture":"#0"},"up":{"uv":[8,7.5,6.5,7],"texture":"#0"},"down":{"uv":[8.5,6.5,7,7],"texture":"#0"}}},{"from":[10.47487,1.81802,7.525],"to":[11.47487,4.81802,8.475],"rotation":{"angle":-45,"axis":"z","origin":[8,8,8.375]},"faces":{"north":{"uv":[5.5,6,6,7.5],"texture":"#0"},"east":{"uv":[6.5,4,7,5.5],"texture":"#0"},"south":{"uv":[6.5,5.5,7,7],"texture":"#0"},"west":{"uv":[7,4,7.5,5.5],"texture":"#0"},"up":{"uv":[4,8.5,3.5,8],"texture":"#0"},"down":{"uv":[8.5,3.5,8,4],"texture":"#0"}}},{"from":[2,2,7.975],"to":[14,14,8.025],"rotation":{"angle":0,"axis":"z","origin":[8,8,8.375]},"faces":{"north":{"uv":[0,0,6,6],"rotation":180,"texture":"#0"},"south":{"uv":[6,0,0,6],"rotation":90,"texture":"#0"}}},{"from":[3,7.5,7.55],"to":[13,8.5,8.45],"rotation":{"angle":-45,"axis":"z","origin":[8,8,8.375]},"faces":{"north":{"uv":[6.5,0,11.5,0.5],"texture":"#0"},"east":{"uv":[5,8,5.5,8.5],"texture":"#0"},"south":{"uv":[6.5,0.5,11.5,1],"texture":"#0"},"west":{"uv":[8,5,8.5,5.5],"texture":"#0"},"up":{"uv":[11.5,1.5,6.5,1],"texture":"#0"},"down":{"uv":[11.5,1.5,6.5,2],"texture":"#0"}}},{"from":[10.47487,1.81802,7.55],"to":[11.47487,4.81802,8.45],"rotation":{"angle":45,"axis":"z","origin":[8,8,8.375]},"faces":{"north":{"uv":[5.5,6,6,7.5],"texture":"#0"},"east":{"uv":[6.5,4,7,5.5],"texture":"#0"},"south":{"uv":[6.5,5.5,7,7],"texture":"#0"},"west":{"uv":[7,4,7.5,5.5],"texture":"#0"},"up":{"uv":[4,8.5,3.5,8],"texture":"#0"},"down":{"uv":[8.5,3.5,8,4],"texture":"#0"}}},{"from":[11.18198,4.52513,7.55],"to":[14.18198,5.52513,8.45],"rotation":{"angle":45,"axis":"z","origin":[8,8,8.375]},"faces":{"north":{"uv":[7,5.5,8.5,6],"texture":"#0"},"east":{"uv":[4,8,4.5,8.5],"texture":"#0"},"south":{"uv":[7,6,8.5,6.5],"texture":"#0"},"west":{"uv":[8,4.5,8.5,5],"texture":"#0"},"up":{"uv":[8,7.5,6.5,7],"texture":"#0"},"down":{"uv":[8.5,6.5,7,7],"texture":"#0"}}},{"from":[0,7.5,7.525],"to":[16,8.5,8.475],"rotation":{"angle":0,"axis":"z","origin":[8,8,8.375]},"faces":{"north":{"uv":[0,6,0.5,14],"rotation":90,"texture":"#0"},"east":{"uv":[8.5,2,8,2.5],"rotation":270,"texture":"#0"},"south":{"uv":[0.5,6,1,14],"rotation":270,"texture":"#0"},"west":{"uv":[2.5,8.5,2,8],"rotation":270,"texture":"#0"},"up":{"uv":[6,0,6.5,8],"rotation":270,"texture":"#0"},"down":{"uv":[1,6,1.5,14],"rotation":270,"texture":"#0"}}},{"from":[3,7.5,7.55],"to":[13,8.5,8.45],"rotation":{"angle":45,"axis":"z","origin":[8,8,8.375]},"faces":{"north":{"uv":[6.5,0,11.5,0.5],"texture":"#0"},"east":{"uv":[5,8,5.5,8.5],"texture":"#0"},"south":{"uv":[6.5,0.5,11.5,1],"texture":"#0"},"west":{"uv":[8,5,8.5,5.5],"texture":"#0"},"up":{"uv":[11.5,1.5,6.5,1],"texture":"#0"},"down":{"uv":[11.5,1.5,6.5,2],"texture":"#0"}}},{"from":[1.81802,10.47487,7.55],"to":[4.81802,11.47487,8.45],"rotation":{"angle":45,"axis":"z","origin":[8,8,8.375]},"faces":{"north":{"uv":[6.5,2,8,2.5],"texture":"#0"},"east":{"uv":[3,8,3.5,8.5],"texture":"#0"},"south":{"uv":[6.5,2.5,8,3],"texture":"#0"},"west":{"uv":[8,3,8.5,3.5],"texture":"#0"},"up":{"uv":[8,3.5,6.5,3],"texture":"#0"},"down":{"uv":[8,3.5,6.5,4],"texture":"#0"}}},{"from":[4.52513,11.18198,7.55],"to":[5.52513,14.18198,8.45],"rotation":{"angle":45,"axis":"z","origin":[8,8,8.375]},"faces":{"north":{"uv":[3.5,6,4,7.5],"texture":"#0"},"east":{"uv":[4,6,4.5,7.5],"texture":"#0"},"south":{"uv":[4.5,6,5,7.5],"texture":"#0"},"west":{"uv":[5,6,5.5,7.5],"texture":"#0"},"up":{"uv":[3,8.5,2.5,8],"texture":"#0"},"down":{"uv":[8.5,2.5,8,3],"texture":"#0"}}}],"gui_light":"front","display":{"thirdperson_righthand":{"rotation":[15,-80,0],"translation":[3,-1.5,1],"scale":[1.3,1.3,1.3]},"thirdperson_lefthand":{"rotation":[15,-80,0],"translation":[3,-1.5,0],"scale":[1.3,1.3,1.3]},"firstperson_righthand":{"translation":[0,-1,0],"scale":[0.8,0.8,0.8]},"firstperson_lefthand":{"translation":[0,-1,0],"scale":[0.8,0.8,0.8]},"ground":{"rotation":[45,0,0],"scale":[0.5,0.5,0.5]},"gui":{"rotation":[15,-150,0],"scale":[0.85,0.85,0.85]},"head":{"rotation":[70,0,0],"translation":[0,10.25,0],"scale":[1.2,1.2,1.2]},"fixed":{"translation":[0,0,-2.5],"scale":[1.1,1.1,1.1]}}}