{
	"credit": "Made with Blockbench by yungwilder",
	"texture_size": [32, 32],
	"textures": {
		"0": "yungwilder:item/winter_pack/winter_scarf_red",
		"particle": "yungwilder:item/winter_pack/winter_scarf_red"
	},
	"elements": [
		{
			"from": [4, -4, 5],
			"to": [12, 6, 11],
			"faces": {
				"north": {"uv": [0, 0, 4, 5], "texture": "#0"},
				"east": {"uv": [0, 5, 3, 10], "texture": "#0"},
				"south": {"uv": [4, 0, 8, 5], "texture": "#0"},
				"west": {"uv": [3, 5, 6, 10], "texture": "#0"},
				"up": {"uv": [8, 0, 12, 3], "texture": "#0"}
			}
		},
		{
			"from": [11.975, -3.975, 5.025],
			"to": [4.025, 5.975, 10.975],
			"rotation": {"angle": 0, "axis": "y", "origin": [16, 0, 0]},
			"faces": {
				"north": {"uv": [4, 0, 0, 5], "texture": "#0"},
				"east": {"uv": [6, 5, 3, 10], "texture": "#0"},
				"south": {"uv": [8, 0, 4, 5], "texture": "#0"},
				"west": {"uv": [3, 5, 0, 10], "texture": "#0"},
				"up": {"uv": [12, 0, 8, 3], "texture": "#0"}
			}
		}
	],
	"gui_light": "front",
	"display": {
		"thirdperson_righthand": {
			"rotation": [45, 0, 0],
			"translation": [0, 3, 1],
			"scale": [0.6, 0.6, 0.6]
		},
		"thirdperson_lefthand": {
			"rotation": [45, 0, 0],
			"translation": [0, 3, 1],
			"scale": [0.6, 0.6, 0.6]
		},
		"firstperson_righthand": {
			"rotation": [0, 110, 0],
			"translation": [1, 5, 0],
			"scale": [0.5, 0.5, 0.5]
		},
		"firstperson_lefthand": {
			"rotation": [0, 110, 0],
			"translation": [1, 5, 0],
			"scale": [0.5, 0.5, 0.5]
		},
		"ground": {
			"rotation": [25, 0, 0],
			"translation": [0, 3, 0],
			"scale": [0.5, 0.5, 0.5]
		},
		"gui": {
			"rotation": [20, -160, 0],
			"translation": [0, 7.5, 0],
			"scale": [1.2, 1.2, 1.2]
		},
		"head": {
			"translation": [0, -2.75, 0],
			"scale": [1.91, 1.61, 1.61]
		},
		"fixed": {
			"translation": [0, 12, 4],
			"scale": [2, 2, 2]
		}
	}
}