{
	"credit": "magic_store_official",
	"texture_size": [32, 32],
	"textures": {
		"0": "chunky:item/furniture/valentines_event/valentine_rose_1",
		"particle": "chunky:item/furniture/valentines_event/valentine_rose_1"
	},
	"elements": [
		{
			"from": [6, 11, 8],
			"to": [9, 14, 11],
			"rotation": {"angle": 0, "axis": "y", "origin": [7.5, 12.5, 9.5]},
			"faces": {
				"north": {"uv": [6, 0, 7.5, 1.5], "texture": "#0"},
				"east": {"uv": [6, 0, 7.5, 1.5], "texture": "#0"},
				"south": {"uv": [6, 0, 7.5, 1.5], "texture": "#0"},
				"west": {"uv": [6, 0, 7.5, 1.5], "texture": "#0"},
				"up": {"uv": [7.5, 7.5, 6, 6], "texture": "#0"},
				"down": {"uv": [1.5, 7, 0, 8.5], "texture": "#0"}
			}
		},
		{
			"from": [6.11418, 11.57403, 8],
			"to": [6.11418, 14.57403, 11],
			"rotation": {"angle": 22.5, "axis": "z", "origin": [7.5, 11, 9.5]},
			"faces": {
				"east": {"uv": [7.5, 0, 9, 1.5], "texture": "#0"},
				"west": {"uv": [7.5, 0, 9, 1.5], "texture": "#0"}
			}
		},
		{
			"from": [7.5, 0, 8],
			"to": [7.5, 11, 11],
			"rotation": {"angle": 0, "axis": "y", "origin": [0, -2, 0]},
			"faces": {
				"north": {"uv": [0, 0, 0, 5.5], "texture": "#0"},
				"east": {"uv": [1.5, 0, 3, 5.5], "texture": "#0"},
				"south": {"uv": [0, 0, 0, 5.5], "texture": "#0"},
				"west": {"uv": [3, 0, 1.5, 5.5], "texture": "#0"},
				"up": {"uv": [0, 1.5, 0, 0], "texture": "#0"},
				"down": {"uv": [0, 0, 0, 1.5], "texture": "#0"}
			}
		},
		{
			"from": [6, 0, 9.5],
			"to": [9, 11, 9.5],
			"rotation": {"angle": 0, "axis": "y", "origin": [0, -2, 0]},
			"faces": {
				"north": {"uv": [1.5, 0, 3, 5.5], "texture": "#0"},
				"east": {"uv": [0, 0, 0, 5.5], "texture": "#0"},
				"south": {"uv": [3, 0, 1.5, 5.5], "texture": "#0"},
				"west": {"uv": [0, 0, 0, 5.5], "texture": "#0"},
				"up": {"uv": [1.5, 0, 0, 0], "texture": "#0"},
				"down": {"uv": [1.5, 0, 0, 0], "texture": "#0"}
			}
		},
		{
			"from": [6, 11.57403, 8.11418],
			"to": [9, 14.57403, 8.11418],
			"rotation": {"angle": -22.5, "axis": "x", "origin": [7.5, 11, 9.5]},
			"faces": {
				"north": {"uv": [7.5, 0, 9, 1.5], "texture": "#0"},
				"south": {"uv": [7.5, 0, 9, 1.5], "texture": "#0"}
			}
		},
		{
			"from": [8.88582, 11.57403, 8],
			"to": [8.88582, 14.57403, 11],
			"rotation": {"angle": -22.5, "axis": "z", "origin": [7.5, 11, 9.5]},
			"faces": {
				"east": {"uv": [7.5, 0, 9, 1.5], "texture": "#0"},
				"west": {"uv": [7.5, 0, 9, 1.5], "texture": "#0"}
			}
		},
		{
			"from": [6, 11.57403, 10.88582],
			"to": [9, 14.57403, 10.88582],
			"rotation": {"angle": 22.5, "axis": "x", "origin": [7.5, 11, 9.5]},
			"faces": {
				"north": {"uv": [7.5, 0, 9, 1.5], "texture": "#0"},
				"south": {"uv": [7.5, 0, 9, 1.5], "texture": "#0"}
			}
		},
		{
			"from": [10, 8, 1],
			"to": [13, 11, 4],
			"rotation": {"angle": 0, "axis": "y", "origin": [4, -5, -7]},
			"faces": {
				"north": {"uv": [6, 0, 7.5, 1.5], "texture": "#0"},
				"east": {"uv": [6, 0, 7.5, 1.5], "texture": "#0"},
				"south": {"uv": [6, 0, 7.5, 1.5], "texture": "#0"},
				"west": {"uv": [6, 0, 7.5, 1.5], "texture": "#0"},
				"up": {"uv": [7.5, 7.5, 6, 6], "texture": "#0"},
				"down": {"uv": [1.5, 7, 0, 8.5], "texture": "#0"}
			}
		},
		{
			"from": [10.11418, 8.57403, 1],
			"to": [10.11418, 11.57403, 4],
			"rotation": {"angle": 22.5, "axis": "z", "origin": [11.5, 8, 2.5]},
			"faces": {
				"east": {"uv": [7.5, 0, 9, 1.5], "texture": "#0"},
				"west": {"uv": [7.5, 0, 9, 1.5], "texture": "#0"}
			}
		},
		{
			"from": [11.5, 0, 1],
			"to": [11.5, 8, 4],
			"rotation": {"angle": 0, "axis": "y", "origin": [4, -5, -7]},
			"faces": {
				"north": {"uv": [0, 0, 0, 4], "texture": "#0"},
				"east": {"uv": [1.5, 0, 3, 4], "texture": "#0"},
				"south": {"uv": [0, 0, 0, 4], "texture": "#0"},
				"west": {"uv": [3, 0, 1.5, 4], "texture": "#0"},
				"up": {"uv": [0, 1.5, 0, 0], "texture": "#0"},
				"down": {"uv": [0, 0, 0, 1.5], "texture": "#0"}
			}
		},
		{
			"from": [10, 0, 2.5],
			"to": [13, 8, 2.5],
			"rotation": {"angle": 0, "axis": "y", "origin": [4, -5, -7]},
			"faces": {
				"north": {"uv": [1.5, 0, 3, 4], "texture": "#0"},
				"east": {"uv": [0, 0, 0, 4], "texture": "#0"},
				"south": {"uv": [3, 0, 1.5, 4], "texture": "#0"},
				"west": {"uv": [0, 0, 0, 4], "texture": "#0"},
				"up": {"uv": [1.5, 0, 0, 0], "texture": "#0"},
				"down": {"uv": [1.5, 0, 0, 0], "texture": "#0"}
			}
		},
		{
			"from": [10, 8.57403, 1.11418],
			"to": [13, 11.57403, 1.11418],
			"rotation": {"angle": -22.5, "axis": "x", "origin": [11.5, 8, 2.5]},
			"faces": {
				"north": {"uv": [7.5, 0, 9, 1.5], "texture": "#0"},
				"south": {"uv": [7.5, 0, 9, 1.5], "texture": "#0"}
			}
		},
		{
			"from": [12.88582, 8.57403, 1],
			"to": [12.88582, 11.57403, 4],
			"rotation": {"angle": -22.5, "axis": "z", "origin": [11.5, 8, 2.5]},
			"faces": {
				"east": {"uv": [7.5, 0, 9, 1.5], "texture": "#0"},
				"west": {"uv": [7.5, 0, 9, 1.5], "texture": "#0"}
			}
		},
		{
			"from": [10, 8.57403, 3.88582],
			"to": [13, 11.57403, 3.88582],
			"rotation": {"angle": 22.5, "axis": "x", "origin": [11.5, 8, 2.5]},
			"faces": {
				"north": {"uv": [7.5, 0, 9, 1.5], "texture": "#0"},
				"south": {"uv": [7.5, 0, 9, 1.5], "texture": "#0"}
			}
		},
		{
			"from": [3, 7, 11],
			"to": [6, 10, 14],
			"rotation": {"angle": 0, "axis": "y", "origin": [-3, -6, 3]},
			"faces": {
				"north": {"uv": [6, 0, 7.5, 1.5], "texture": "#0"},
				"east": {"uv": [6, 0, 7.5, 1.5], "texture": "#0"},
				"south": {"uv": [6, 0, 7.5, 1.5], "texture": "#0"},
				"west": {"uv": [6, 0, 7.5, 1.5], "texture": "#0"},
				"up": {"uv": [7.5, 7.5, 6, 6], "texture": "#0"},
				"down": {"uv": [1.5, 7, 0, 8.5], "texture": "#0"}
			}
		},
		{
			"from": [3.11418, 7.57403, 11],
			"to": [3.11418, 10.57403, 14],
			"rotation": {"angle": 22.5, "axis": "z", "origin": [4.5, 7, 12.5]},
			"faces": {
				"east": {"uv": [7.5, 0, 9, 1.5], "texture": "#0"},
				"west": {"uv": [7.5, 0, 9, 1.5], "texture": "#0"}
			}
		},
		{
			"from": [4.5, 0, 11],
			"to": [4.5, 7, 14],
			"rotation": {"angle": 0, "axis": "y", "origin": [-3, -6, 3]},
			"faces": {
				"north": {"uv": [0, 0, 0, 3.5], "texture": "#0"},
				"east": {"uv": [1.5, 0, 3, 3.5], "texture": "#0"},
				"south": {"uv": [0, 0, 0, 3.5], "texture": "#0"},
				"west": {"uv": [3, 0, 1.5, 3.5], "texture": "#0"},
				"up": {"uv": [0, 1.5, 0, 0], "texture": "#0"},
				"down": {"uv": [0, 0, 0, 1.5], "texture": "#0"}
			}
		},
		{
			"from": [3, 0, 12.5],
			"to": [6, 7, 12.5],
			"rotation": {"angle": 0, "axis": "y", "origin": [-3, -6, 3]},
			"faces": {
				"north": {"uv": [1.5, 0, 3, 3.5], "texture": "#0"},
				"east": {"uv": [0, 0, 0, 3.5], "texture": "#0"},
				"south": {"uv": [3, 0, 1.5, 3.5], "texture": "#0"},
				"west": {"uv": [0, 0, 0, 3.5], "texture": "#0"},
				"up": {"uv": [1.5, 0, 0, 0], "texture": "#0"},
				"down": {"uv": [1.5, 0, 0, 0], "texture": "#0"}
			}
		},
		{
			"from": [3, 7.57403, 11.11418],
			"to": [6, 10.57403, 11.11418],
			"rotation": {"angle": -22.5, "axis": "x", "origin": [4.5, 7, 12.5]},
			"faces": {
				"north": {"uv": [7.5, 0, 9, 1.5], "texture": "#0"},
				"south": {"uv": [7.5, 0, 9, 1.5], "texture": "#0"}
			}
		},
		{
			"from": [5.88582, 7.57403, 11],
			"to": [5.88582, 10.57403, 14],
			"rotation": {"angle": -22.5, "axis": "z", "origin": [4.5, 7, 12.5]},
			"faces": {
				"east": {"uv": [7.5, 0, 9, 1.5], "texture": "#0"},
				"west": {"uv": [7.5, 0, 9, 1.5], "texture": "#0"}
			}
		},
		{
			"from": [3, 7.57403, 13.88582],
			"to": [6, 10.57403, 13.88582],
			"rotation": {"angle": 22.5, "axis": "x", "origin": [4.5, 7, 12.5]},
			"faces": {
				"north": {"uv": [7.5, 0, 9, 1.5], "texture": "#0"},
				"south": {"uv": [7.5, 0, 9, 1.5], "texture": "#0"}
			}
		},
		{
			"from": [4, 5, 2],
			"to": [7, 8, 5],
			"rotation": {"angle": 0, "axis": "y", "origin": [5.5, 2.25, 3.5]},
			"faces": {
				"north": {"uv": [6, 0, 7.5, 1.5], "texture": "#0"},
				"east": {"uv": [6, 0, 7.5, 1.5], "texture": "#0"},
				"south": {"uv": [6, 0, 7.5, 1.5], "texture": "#0"},
				"west": {"uv": [6, 0, 7.5, 1.5], "texture": "#0"},
				"up": {"uv": [7.5, 7.5, 6, 6], "texture": "#0"},
				"down": {"uv": [1.5, 7, 0, 8.5], "texture": "#0"}
			}
		},
		{
			"from": [5.16656, 5.36469, 2],
			"to": [5.16656, 8.36469, 5],
			"rotation": {"angle": 22.5, "axis": "z", "origin": [5.5, 2.25, 3.5]},
			"faces": {
				"east": {"uv": [7.5, 0, 9, 1.5], "texture": "#0"},
				"west": {"uv": [7.5, 0, 9, 1.5], "texture": "#0"}
			}
		},
		{
			"from": [5.5, 0, 2],
			"to": [5.5, 5, 5],
			"rotation": {"angle": 0, "axis": "y", "origin": [5.5, 2.25, 3.5]},
			"faces": {
				"north": {"uv": [0, 0, 0, 2.5], "texture": "#0"},
				"east": {"uv": [1.5, 0, 3, 2.5], "texture": "#0"},
				"south": {"uv": [0, 0, 0, 2.5], "texture": "#0"},
				"west": {"uv": [3, 0, 1.5, 2.5], "texture": "#0"},
				"up": {"uv": [0, 1.5, 0, 0], "texture": "#0"},
				"down": {"uv": [0, 0, 0, 1.5], "texture": "#0"}
			}
		},
		{
			"from": [4, 0, 3.5],
			"to": [7, 5, 3.5],
			"rotation": {"angle": 0, "axis": "y", "origin": [5.5, 2.25, 3.5]},
			"faces": {
				"north": {"uv": [1.5, 0, 3, 2.5], "texture": "#0"},
				"east": {"uv": [0, 0, 0, 2.5], "texture": "#0"},
				"south": {"uv": [3, 0, 1.5, 2.5], "texture": "#0"},
				"west": {"uv": [0, 0, 0, 7], "texture": "#0"},
				"up": {"uv": [1.5, 0, 0, 0], "texture": "#0"},
				"down": {"uv": [1.5, 0, 0, 0], "texture": "#0"}
			}
		},
		{
			"from": [4, 5.36469, 3.16656],
			"to": [7, 8.36469, 3.16656],
			"rotation": {"angle": -22.5, "axis": "x", "origin": [5.5, 2.25, 3.5]},
			"faces": {
				"north": {"uv": [7.5, 0, 9, 1.5], "texture": "#0"},
				"south": {"uv": [7.5, 0, 9, 1.5], "texture": "#0"}
			}
		},
		{
			"from": [5.83344, 5.36469, 2],
			"to": [5.83344, 8.36469, 5],
			"rotation": {"angle": -22.5, "axis": "z", "origin": [5.5, 2.25, 3.5]},
			"faces": {
				"east": {"uv": [7.5, 0, 9, 1.5], "texture": "#0"},
				"west": {"uv": [7.5, 0, 9, 1.5], "texture": "#0"}
			}
		},
		{
			"from": [4, 5.36469, 3.83344],
			"to": [7, 8.36469, 3.83344],
			"rotation": {"angle": 22.5, "axis": "x", "origin": [5.5, 2.25, 3.5]},
			"faces": {
				"north": {"uv": [7.5, 0, 9, 1.5], "texture": "#0"},
				"south": {"uv": [7.5, 0, 9, 1.5], "texture": "#0"}
			}
		},
		{
			"from": [12, 4, 6],
			"to": [15, 7, 9],
			"rotation": {"angle": 0, "axis": "y", "origin": [13.5, 1.25, 7.5]},
			"faces": {
				"north": {"uv": [6, 0, 7.5, 1.5], "texture": "#0"},
				"east": {"uv": [6, 0, 7.5, 1.5], "texture": "#0"},
				"south": {"uv": [6, 0, 7.5, 1.5], "texture": "#0"},
				"west": {"uv": [6, 0, 7.5, 1.5], "texture": "#0"},
				"up": {"uv": [7.5, 7.5, 6, 6], "texture": "#0"},
				"down": {"uv": [1.5, 7, 0, 8.5], "texture": "#0"}
			}
		},
		{
			"from": [13.16656, 4.36469, 6],
			"to": [13.16656, 7.36469, 9],
			"rotation": {"angle": 22.5, "axis": "z", "origin": [13.5, 1.25, 7.5]},
			"faces": {
				"east": {"uv": [7.5, 0, 9, 1.5], "texture": "#0"},
				"west": {"uv": [7.5, 0, 9, 1.5], "texture": "#0"}
			}
		},
		{
			"from": [13.5, 0, 6],
			"to": [13.5, 4, 9],
			"rotation": {"angle": 0, "axis": "y", "origin": [13.5, 1.25, 7.5]},
			"faces": {
				"north": {"uv": [0, 0, 0, 2], "texture": "#0"},
				"east": {"uv": [1.5, 0, 3, 2], "texture": "#0"},
				"south": {"uv": [0, 0, 0, 2], "texture": "#0"},
				"west": {"uv": [3, 0, 1.5, 2], "texture": "#0"},
				"up": {"uv": [0, 1.5, 0, 0], "texture": "#0"},
				"down": {"uv": [0, 0, 0, 1.5], "texture": "#0"}
			}
		},
		{
			"from": [12, 0, 7.5],
			"to": [15, 4, 7.5],
			"rotation": {"angle": 0, "axis": "y", "origin": [13.5, 1.25, 7.5]},
			"faces": {
				"north": {"uv": [1.5, 0, 3, 2], "texture": "#0"},
				"east": {"uv": [0, 0, 0, 7], "texture": "#0"},
				"south": {"uv": [3, 0, 1.5, 2], "texture": "#0"},
				"west": {"uv": [0, 0, 0, 7], "texture": "#0"},
				"up": {"uv": [1.5, 0, 0, 0], "texture": "#0"},
				"down": {"uv": [1.5, 0, 0, 0], "texture": "#0"}
			}
		},
		{
			"from": [12, 4.36469, 7.16656],
			"to": [15, 7.36469, 7.16656],
			"rotation": {"angle": -22.5, "axis": "x", "origin": [13.5, 1.25, 7.5]},
			"faces": {
				"north": {"uv": [7.5, 0, 9, 1.5], "texture": "#0"},
				"south": {"uv": [7.5, 0, 9, 1.5], "texture": "#0"}
			}
		},
		{
			"from": [13.83344, 4.36469, 6],
			"to": [13.83344, 7.36469, 9],
			"rotation": {"angle": -22.5, "axis": "z", "origin": [13.5, 1.25, 7.5]},
			"faces": {
				"east": {"uv": [7.5, 0, 9, 1.5], "texture": "#0"},
				"west": {"uv": [7.5, 0, 9, 1.5], "texture": "#0"}
			}
		},
		{
			"from": [12, 4.36469, 7.83344],
			"to": [15, 7.36469, 7.83344],
			"rotation": {"angle": 22.5, "axis": "x", "origin": [13.5, 1.25, 7.5]},
			"faces": {
				"north": {"uv": [7.5, 0, 9, 1.5], "texture": "#0"},
				"south": {"uv": [7.5, 0, 9, 1.5], "texture": "#0"}
			}
		},
		{
			"from": [10, 3, 11],
			"to": [13, 6, 14],
			"rotation": {"angle": 0, "axis": "y", "origin": [11.5, 0.25, 12.5]},
			"faces": {
				"north": {"uv": [6, 0, 7.5, 1.5], "texture": "#0"},
				"east": {"uv": [6, 0, 7.5, 1.5], "texture": "#0"},
				"south": {"uv": [6, 0, 7.5, 1.5], "texture": "#0"},
				"west": {"uv": [6, 0, 7.5, 1.5], "texture": "#0"},
				"up": {"uv": [7.5, 7.5, 6, 6], "texture": "#0"},
				"down": {"uv": [1.5, 7, 0, 8.5], "texture": "#0"}
			}
		},
		{
			"from": [11.16656, 3.36469, 11],
			"to": [11.16656, 6.36469, 14],
			"rotation": {"angle": 22.5, "axis": "z", "origin": [11.5, 0.25, 12.5]},
			"faces": {
				"east": {"uv": [7.5, 0, 9, 1.5], "texture": "#0"},
				"west": {"uv": [7.5, 0, 9, 1.5], "texture": "#0"}
			}
		},
		{
			"from": [11.5, 0, 11],
			"to": [11.5, 3, 14],
			"rotation": {"angle": 0, "axis": "y", "origin": [11.5, 0.25, 12.5]},
			"faces": {
				"north": {"uv": [0, 0, 0, 1.5], "texture": "#0"},
				"east": {"uv": [1.5, 0, 3, 1.5], "texture": "#0"},
				"south": {"uv": [0, 0, 0, 1.5], "texture": "#0"},
				"west": {"uv": [3, 0, 1.5, 1.5], "texture": "#0"},
				"up": {"uv": [0, 1.5, 0, 0], "texture": "#0"},
				"down": {"uv": [0, 0, 0, 1.5], "texture": "#0"}
			}
		},
		{
			"from": [10, 0, 12.5],
			"to": [13, 3, 12.5],
			"rotation": {"angle": 0, "axis": "y", "origin": [11.5, 0.25, 12.5]},
			"faces": {
				"north": {"uv": [1.5, 0, 3, 1.5], "texture": "#0"},
				"east": {"uv": [0, 0, 0, 1.5], "texture": "#0"},
				"south": {"uv": [3, 0, 1.5, 1.5], "texture": "#0"},
				"west": {"uv": [0, 0, 0, 1.5], "texture": "#0"},
				"up": {"uv": [1.5, 0, 0, 0], "texture": "#0"},
				"down": {"uv": [1.5, 0, 0, 0], "texture": "#0"}
			}
		},
		{
			"from": [10, 3.36469, 12.16656],
			"to": [13, 6.36469, 12.16656],
			"rotation": {"angle": -22.5, "axis": "x", "origin": [11.5, 0.25, 12.5]},
			"faces": {
				"north": {"uv": [7.5, 0, 9, 1.5], "texture": "#0"},
				"south": {"uv": [7.5, 0, 9, 1.5], "texture": "#0"}
			}
		},
		{
			"from": [11.83344, 3.36469, 11],
			"to": [11.83344, 6.36469, 14],
			"rotation": {"angle": -22.5, "axis": "z", "origin": [11.5, 0.25, 12.5]},
			"faces": {
				"east": {"uv": [7.5, 0, 9, 1.5], "texture": "#0"},
				"west": {"uv": [7.5, 0, 9, 1.5], "texture": "#0"}
			}
		},
		{
			"from": [10, 3.36469, 12.83344],
			"to": [13, 6.36469, 12.83344],
			"rotation": {"angle": 22.5, "axis": "x", "origin": [11.5, 0.25, 12.5]},
			"faces": {
				"north": {"uv": [7.5, 0, 9, 1.5], "texture": "#0"},
				"south": {"uv": [7.5, 0, 9, 1.5], "texture": "#0"}
			}
		},
		{
			"from": [1, 3, 7],
			"to": [4, 6, 10],
			"rotation": {"angle": 0, "axis": "y", "origin": [2.5, 0.25, 8.5]},
			"faces": {
				"north": {"uv": [6, 0, 7.5, 1.5], "texture": "#0"},
				"east": {"uv": [6, 0, 7.5, 1.5], "texture": "#0"},
				"south": {"uv": [6, 0, 7.5, 1.5], "texture": "#0"},
				"west": {"uv": [6, 0, 7.5, 1.5], "texture": "#0"},
				"up": {"uv": [7.5, 7.5, 6, 6], "texture": "#0"},
				"down": {"uv": [1.5, 7, 0, 8.5], "texture": "#0"}
			}
		},
		{
			"from": [2.16656, 3.36469, 7],
			"to": [2.16656, 6.36469, 10],
			"rotation": {"angle": 22.5, "axis": "z", "origin": [2.5, 0.25, 8.5]},
			"faces": {
				"east": {"uv": [7.5, 0, 9, 1.5], "texture": "#0"},
				"west": {"uv": [7.5, 0, 9, 1.5], "texture": "#0"}
			}
		},
		{
			"from": [2.5, 0, 7],
			"to": [2.5, 3, 10],
			"rotation": {"angle": 0, "axis": "y", "origin": [2.5, 0.25, 8.5]},
			"faces": {
				"north": {"uv": [0, 0, 0, 7], "texture": "#0"},
				"east": {"uv": [1.5, 0, 3, 1.5], "texture": "#0"},
				"south": {"uv": [0, 0, 0, 7], "texture": "#0"},
				"west": {"uv": [3, 0, 1.5, 1.5], "texture": "#0"},
				"up": {"uv": [0, 1.5, 0, 0], "texture": "#0"},
				"down": {"uv": [0, 0, 0, 1.5], "texture": "#0"}
			}
		},
		{
			"from": [1, 0, 8.5],
			"to": [4, 3, 8.5],
			"rotation": {"angle": 0, "axis": "y", "origin": [2.5, 0.25, 8.5]},
			"faces": {
				"north": {"uv": [1.5, 0, 3, 1.5], "texture": "#0"},
				"east": {"uv": [0, 0, 0, 1.5], "texture": "#0"},
				"south": {"uv": [3, 0, 1.5, 1.5], "texture": "#0"},
				"west": {"uv": [0, 0, 0, 1.5], "texture": "#0"},
				"up": {"uv": [1.5, 0, 0, 0], "texture": "#0"},
				"down": {"uv": [1.5, 0, 0, 0], "texture": "#0"}
			}
		},
		{
			"from": [1, 3.36469, 8.16656],
			"to": [4, 6.36469, 8.16656],
			"rotation": {"angle": -22.5, "axis": "x", "origin": [2.5, 0.25, 8.5]},
			"faces": {
				"north": {"uv": [7.5, 0, 9, 1.5], "texture": "#0"},
				"south": {"uv": [7.5, 0, 9, 1.5], "texture": "#0"}
			}
		},
		{
			"from": [2.83344, 3.36469, 7],
			"to": [2.83344, 6.36469, 10],
			"rotation": {"angle": -22.5, "axis": "z", "origin": [2.5, 0.25, 8.5]},
			"faces": {
				"east": {"uv": [7.5, 0, 9, 1.5], "texture": "#0"},
				"west": {"uv": [7.5, 0, 9, 1.5], "texture": "#0"}
			}
		},
		{
			"from": [1, 3.36469, 8.83344],
			"to": [4, 6.36469, 8.83344],
			"rotation": {"angle": 22.5, "axis": "x", "origin": [2.5, 0.25, 8.5]},
			"faces": {
				"north": {"uv": [7.5, 0, 9, 1.5], "texture": "#0"},
				"south": {"uv": [7.5, 0, 9, 1.5], "texture": "#0"}
			}
		}
	],
	"display": {
		"thirdperson_righthand": {
			"rotation": [1.34, 18.64, -8.05],
			"translation": [0.5, 0.5, -1.25],
			"scale": [0.5, 0.5, 0.5]
		},
		"thirdperson_lefthand": {
			"rotation": [1.34, 18.64, -8.05],
			"translation": [0.5, 0.5, -1.25],
			"scale": [0.5, 0.5, 0.5]
		},
		"firstperson_righthand": {
			"rotation": [0, 25, 0],
			"translation": [1.25, 1.75, 0],
			"scale": [0.5, 0.5, 0.5]
		},
		"firstperson_lefthand": {
			"rotation": [0, 25, 0],
			"translation": [1.25, 1.75, 0],
			"scale": [0.5, 0.5, 0.5]
		},
		"ground": {
			"translation": [0, 0.75, 0],
			"scale": [0.4, 0.4, 0.4]
		},
		"gui": {
			"rotation": [30, 135, 0],
			"translation": [-0.25, 0.25, 0],
			"scale": [0.7, 0.7, 0.7]
		},
		"head": {
			"translation": [0, -30.5, 0],
			"scale": [1.6, 1.6, 1.6]
		},
		"fixed": {
			"rotation": [-90, 0, 0],
			"translation": [0, 0, -16],
			"scale": [2, 2, 2]
		}
	},
	"groups": [
		{
			"name": "group",
			"origin": [7.5, 14.5, 9.5],
			"color": 0,
			"nbt": "{}",
			"armAnimationEnabled": false,
			"children": [0, 1, 2, 3, 4, 5, 6]
		},
		{
			"name": "group",
			"origin": [7.5, 14.5, 9.5],
			"color": 0,
			"nbt": "{}",
			"armAnimationEnabled": false,
			"children": [7, 8, 9, 10, 11, 12, 13]
		},
		{
			"name": "group",
			"origin": [7.5, 14.5, 9.5],
			"color": 0,
			"nbt": "{}",
			"armAnimationEnabled": false,
			"children": [14, 15, 16, 17, 18, 19, 20]
		},
		{
			"name": "group",
			"origin": [7.5, 14.5, 9.5],
			"color": 0,
			"nbt": "{}",
			"armAnimationEnabled": false,
			"children": [21, 22, 23, 24, 25, 26, 27]
		},
		{
			"name": "group",
			"origin": [7.5, 14.5, 9.5],
			"color": 0,
			"nbt": "{}",
			"armAnimationEnabled": false,
			"children": [28, 29, 30, 31, 32, 33, 34]
		},
		{
			"name": "group",
			"origin": [7.5, 14.5, 9.5],
			"color": 0,
			"nbt": "{}",
			"armAnimationEnabled": false,
			"children": [35, 36, 37, 38, 39, 40, 41]
		},
		{
			"name": "group",
			"origin": [7.5, 14.5, 9.5],
			"color": 0,
			"nbt": "{}",
			"armAnimationEnabled": false,
			"children": [42, 43, 44, 45, 46, 47, 48]
		}
	]
}