{"textures":{"0":"modelengine:entity/pet_snowman_creeper"},"elements":[{"from":[5.714286,6.0,5.714286],"to":[10.285714,10.0,10.285714],"rotation":{"angle":0.0,"axis":"y","origin":[8.0,6.0,8.0]},"faces":{"east":{"uv":[8.05,0.05,11.95,3.45],"rotation":0,"texture":"#0","tintindex":0},"south":{"uv":[8.05,3.55,11.95,6.95],"rotation":0,"texture":"#0","tintindex":0},"north":{"uv":[0.05,8.05,3.95,11.45],"rotation":0,"texture":"#0","tintindex":0},"west":{"uv":[4.05,8.05,7.95,11.45],"rotation":0,"texture":"#0","tintindex":0},"up":{"uv":[3.95,3.95,0.05,0.05],"rotation":0,"texture":"#0","tintindex":0},"down":{"uv":[3.95,4.05,0.05,7.95],"rotation":0,"texture":"#0","tintindex":0}}}],"display":{"head":{"translation":[0.0,-6.4,0.0],"scale":[4.0,4.0,4.0]}}}