{
	"credit": "magic_store_official",
	"texture_size": [32, 32],
	"textures": {
		"0": "chunky:item/furniture/medieval/medieval_pack_v5_floor_4",
		"particle": "chunky:item/furniture/medieval/medieval_pack_v5_floor_4"
	},
	"elements": [
		{
			"from": [3, 0, 8],
			"to": [7, 1, 12],
			"rotation": {"angle": 0, "axis": "y", "origin": [1, 0, 0]},
			"faces": {
				"north": {"uv": [0, 2, 2, 2.5], "texture": "#0"},
				"east": {"uv": [0, 2, 2, 2.5], "texture": "#0"},
				"south": {"uv": [0, 2, 2, 2.5], "texture": "#0"},
				"west": {"uv": [0, 2, 2, 2.5], "texture": "#0"},
				"up": {"uv": [2, 0, 0, 2], "texture": "#0"},
				"down": {"uv": [2, 0, 0, 2], "texture": "#0"}
			}
		},
		{
			"from": [3, 5, 8],
			"to": [7, 6, 12],
			"rotation": {"angle": 0, "axis": "y", "origin": [1, 0, 0]},
			"faces": {
				"north": {"uv": [0, 2, 2, 2.5], "texture": "#0"},
				"east": {"uv": [0, 2, 2, 2.5], "texture": "#0"},
				"south": {"uv": [0, 2, 2, 2.5], "texture": "#0"},
				"west": {"uv": [0, 2, 2, 2.5], "texture": "#0"},
				"up": {"uv": [2, 0, 0, 2], "texture": "#0"},
				"down": {"uv": [2, 0, 0, 2], "texture": "#0"}
			}
		},
		{
			"from": [3.5, 1, 8.5],
			"to": [6.5, 5, 11.5],
			"rotation": {"angle": 0, "axis": "y", "origin": [1, 0, 0]},
			"faces": {
				"north": {"uv": [2, 0, 3.5, 2], "texture": "#0"},
				"east": {"uv": [2, 0, 3.5, 2], "texture": "#0"},
				"south": {"uv": [2, 0, 3.5, 2], "texture": "#0"},
				"west": {"uv": [2, 0, 3.5, 2], "texture": "#0"}
			}
		},
		{
			"from": [10, 0, 9],
			"to": [14, 1, 13],
			"rotation": {"angle": 45, "axis": "y", "origin": [10, 3, 10]},
			"faces": {
				"north": {"uv": [0, 2, 2, 2.5], "texture": "#0"},
				"east": {"uv": [0, 2, 2, 2.5], "texture": "#0"},
				"south": {"uv": [0, 2, 2, 2.5], "texture": "#0"},
				"west": {"uv": [0, 2, 2, 2.5], "texture": "#0"},
				"up": {"uv": [2, 0, 0, 2], "texture": "#0"},
				"down": {"uv": [2, 0, 0, 2], "texture": "#0"}
			}
		},
		{
			"from": [10, 5, 9],
			"to": [14, 6, 13],
			"rotation": {"angle": 45, "axis": "y", "origin": [10, 3, 10]},
			"faces": {
				"north": {"uv": [0, 2, 2, 2.5], "texture": "#0"},
				"east": {"uv": [0, 2, 2, 2.5], "texture": "#0"},
				"south": {"uv": [0, 2, 2, 2.5], "texture": "#0"},
				"west": {"uv": [0, 2, 2, 2.5], "texture": "#0"},
				"up": {"uv": [2, 0, 0, 2], "texture": "#0"},
				"down": {"uv": [2, 0, 0, 2], "texture": "#0"}
			}
		},
		{
			"from": [10.5, 1, 9.5],
			"to": [13.5, 5, 12.5],
			"rotation": {"angle": 45, "axis": "y", "origin": [10, 3, 10]},
			"faces": {
				"north": {"uv": [3.5, 0, 5, 2], "texture": "#0"},
				"east": {"uv": [3.5, 0, 5, 2], "texture": "#0"},
				"south": {"uv": [3.5, 0, 5, 2], "texture": "#0"},
				"west": {"uv": [3.5, 0, 5, 2], "texture": "#0"}
			}
		},
		{
			"from": [9, 0, 3],
			"to": [10, 4, 7],
			"rotation": {"angle": -22.5, "axis": "y", "origin": [7, 2, 5]},
			"faces": {
				"north": {"uv": [0, 2, 2, 2.5], "rotation": 90, "texture": "#0"},
				"east": {"uv": [2, 0, 0, 2], "texture": "#0"},
				"south": {"uv": [0, 2, 2, 2.5], "rotation": 270, "texture": "#0"},
				"west": {"uv": [2, 0, 0, 2], "rotation": 180, "texture": "#0"},
				"up": {"uv": [0, 2, 2, 2.5], "rotation": 270, "texture": "#0"},
				"down": {"uv": [0, 2, 2, 2.5], "rotation": 270, "texture": "#0"}
			}
		},
		{
			"from": [4, 0, 3],
			"to": [5, 4, 7],
			"rotation": {"angle": -22.5, "axis": "y", "origin": [7, 2, 5]},
			"faces": {
				"north": {"uv": [0, 2, 2, 2.5], "rotation": 90, "texture": "#0"},
				"east": {"uv": [2, 0, 0, 2], "texture": "#0"},
				"south": {"uv": [0, 2, 2, 2.5], "rotation": 270, "texture": "#0"},
				"west": {"uv": [2, 0, 0, 2], "rotation": 180, "texture": "#0"},
				"up": {"uv": [0, 2, 2, 2.5], "rotation": 270, "texture": "#0"},
				"down": {"uv": [0, 2, 2, 2.5], "rotation": 270, "texture": "#0"}
			}
		},
		{
			"from": [5, 0.5, 3.5],
			"to": [9, 3.5, 6.5],
			"rotation": {"angle": -22.5, "axis": "y", "origin": [7, 2, 5]},
			"faces": {
				"north": {"uv": [5, 0, 6.5, 2], "rotation": 90, "texture": "#0"},
				"south": {"uv": [5, 0, 6.5, 2], "rotation": 270, "texture": "#0"},
				"up": {"uv": [5, 0, 6.5, 2], "rotation": 270, "texture": "#0"},
				"down": {"uv": [5, 0, 6.5, 2], "rotation": 270, "texture": "#0"}
			}
		}
	],
	"display": {
		"thirdperson_righthand": {
			"rotation": [49, 36, 0],
			"translation": [-0.5, 3, 0.5],
			"scale": [0.35, 0.35, 0.35]
		},
		"thirdperson_lefthand": {
			"rotation": [49, 36, 0],
			"translation": [-0.5, 3, 0.5],
			"scale": [0.35, 0.35, 0.35]
		},
		"firstperson_righthand": {
			"rotation": [-180, 65, -180],
			"translation": [9.75, 1.5, -9.25],
			"scale": [0.85, 0.85, 0.85]
		},
		"firstperson_lefthand": {
			"rotation": [-180, 65, -180],
			"translation": [9.75, 1.75, -9.25],
			"scale": [0.85, 0.85, 0.85]
		},
		"ground": {
			"translation": [0, 5.5, 0],
			"scale": [0.4, 0.4, 0.4]
		},
		"gui": {
			"rotation": [30, 145, 0],
			"translation": [-0.25, 0.25, 0],
			"scale": [0.7, 0.7, 0.7]
		},
		"head": {
			"rotation": [0, -180, 0],
			"translation": [0, -30.5, 0],
			"scale": [1.6, 1.6, 1.6]
		},
		"fixed": {
			"rotation": [-90, 0, 0],
			"translation": [0, 0, -16],
			"scale": [2, 2, 2]
		}
	},
	"groups": [
		{
			"name": "group",
			"origin": [0, 0, 0],
			"color": 0,
			"children": [0, 1, 2]
		},
		{
			"name": "group",
			"origin": [0, 0, 0],
			"color": 0,
			"children": [3, 4, 5]
		},
		{
			"name": "group",
			"origin": [0, 0, 0],
			"color": 0,
			"children": [6, 7, 8]
		}
	]
}