{
	"credit": "Made by Manning Design",
	"texture_size": [64, 64],
	"textures": {
		"0": "chunky:item/furniture/cottagecore_villagesquare/bs_bicycle_green_texture",
		"particle": "chunky:item/furniture/cottagecore_villagesquare/bs_bicycle_green_texture"
	},
	"elements": [
		{
			"from": [7, 5.5, 12],
			"to": [9, 7.5, 14],
			"rotation": {"angle": 0, "axis": "y", "origin": [0, 0.5, -8]},
			"faces": {
				"north": {"uv": [11.75, 2.75, 12.25, 3.25], "texture": "#0"},
				"east": {"uv": [4.25, 11.75, 4.75, 12.25], "texture": "#0"},
				"south": {"uv": [11.75, 4.5, 12.25, 5], "texture": "#0"},
				"west": {"uv": [11.75, 5, 12.25, 5.5], "texture": "#0"},
				"up": {"uv": [6, 12.25, 5.5, 11.75], "texture": "#0"},
				"down": {"uv": [12.25, 5.5, 11.75, 6], "texture": "#0"}
			}
		},
		{
			"from": [9, 5.5, 5],
			"to": [9, 7.5, 14],
			"rotation": {"angle": 0, "axis": "y", "origin": [0, 0.5, -8]},
			"faces": {
				"north": {"uv": [0, 0, 0, 0.5], "texture": "#0"},
				"east": {"uv": [5.5, 2.5, 7.75, 3], "texture": "#0"},
				"south": {"uv": [0, 0, 0, 0.5], "texture": "#0"},
				"west": {"uv": [7.75, 2.5, 5.5, 3], "texture": "#0"},
				"up": {"uv": [0, 2.25, 0, 0], "texture": "#0"},
				"down": {"uv": [0, 0, 0, 2.25], "texture": "#0"}
			}
		},
		{
			"from": [6.5, 5.25, 1],
			"to": [9.5, 9.25, 5],
			"rotation": {"angle": 0, "axis": "y", "origin": [0, 0.5, -8]},
			"faces": {
				"north": {"uv": [4, 7.5, 4.75, 8.5], "texture": "#0"},
				"east": {"uv": [7, 5.5, 8, 6.5], "texture": "#0"},
				"south": {"uv": [7.75, 3.25, 8.5, 4.25], "texture": "#0"},
				"west": {"uv": [7, 6.5, 8, 7.5], "texture": "#0"},
				"up": {"uv": [8.5, 5.25, 7.75, 4.25], "texture": "#0"},
				"down": {"uv": [8.75, 5.25, 8, 6.25], "texture": "#0"}
			}
		},
		{
			"from": [7, 14.5, -5],
			"to": [9, 19.5, -3],
			"rotation": {"angle": 22.5, "axis": "x", "origin": [8, 18.5, -4]},
			"faces": {
				"north": {"uv": [5.5, 7.75, 6, 9], "texture": "#0"},
				"east": {"uv": [8, 6.25, 8.5, 7.5], "texture": "#0"},
				"south": {"uv": [7.25, 8, 7.75, 9.25], "texture": "#0"},
				"west": {"uv": [7.75, 8, 8.25, 9.25], "texture": "#0"},
				"up": {"uv": [11.75, 5, 11.25, 4.5], "texture": "#0"},
				"down": {"uv": [11.75, 5, 11.25, 5.5], "texture": "#0"}
			}
		},
		{
			"from": [5.5, 18.42388, -5.54232],
			"to": [10.5, 21.42388, -2.54232],
			"rotation": {"angle": 0, "axis": "y", "origin": [8, 19.42388, -3.61732]},
			"faces": {
				"north": {"uv": [7.5, 0, 8.75, 0.75], "texture": "#0"},
				"east": {"uv": [1, 10.5, 1.75, 11.25], "texture": "#0"},
				"south": {"uv": [7.5, 0.75, 8.75, 1.5], "texture": "#0"},
				"west": {"uv": [10.5, 1.25, 11.25, 2], "texture": "#0"},
				"up": {"uv": [8.75, 2.25, 7.5, 1.5], "texture": "#0"},
				"down": {"uv": [7.25, 7.5, 6, 8.25], "texture": "#0"}
			}
		},
		{
			"from": [4.5, 18.92388, -5.04232],
			"to": [11.5, 20.92388, -3.04232],
			"rotation": {"angle": 0, "axis": "y", "origin": [8, 19.42388, -3.61732]},
			"faces": {
				"north": {"uv": [7.25, 7.5, 9, 8], "texture": "#0"},
				"east": {"uv": [7.25, 11.75, 7.75, 12.25], "texture": "#0"},
				"south": {"uv": [2, 7.75, 3.75, 8.25], "texture": "#0"},
				"west": {"uv": [11.75, 7.5, 12.25, 8], "texture": "#0"},
				"up": {"uv": [9.5, 2.75, 7.75, 2.25], "texture": "#0"},
				"down": {"uv": [9.5, 2.75, 7.75, 3.25], "texture": "#0"}
			}
		},
		{
			"from": [10.4, 19.42388, -5.04232],
			"to": [14.4, 20.42388, -4.04232],
			"rotation": {"angle": -45, "axis": "y", "origin": [10.5, 19.92388, -3.54232]},
			"faces": {
				"north": {"uv": [11.5, 1, 12.5, 1.25], "texture": "#0"},
				"east": {"uv": [7.5, 2.25, 7.75, 2.5], "texture": "#0"},
				"south": {"uv": [11.5, 11.25, 12.5, 11.5], "texture": "#0"},
				"west": {"uv": [7.75, 5.25, 8, 5.5], "texture": "#0"},
				"up": {"uv": [12.75, 3.5, 11.75, 3.25], "texture": "#0"},
				"down": {"uv": [12.75, 8, 11.75, 8.25], "texture": "#0"}
			}
		},
		{
			"from": [12.4, 18.92388, -5.54232],
			"to": [15.4, 20.92388, -3.54232],
			"rotation": {"angle": -45, "axis": "y", "origin": [10.5, 19.92388, -3.54232]},
			"faces": {
				"north": {"uv": [10.75, 8.5, 11.5, 9], "texture": "#0"},
				"east": {"uv": [11.75, 11.5, 12.25, 12], "texture": "#0"},
				"south": {"uv": [10.75, 9, 11.5, 9.5], "texture": "#0"},
				"west": {"uv": [12, 0, 12.5, 0.5], "texture": "#0"},
				"up": {"uv": [11, 11.25, 10.25, 10.75], "texture": "#0"},
				"down": {"uv": [3.75, 11, 3, 11.5], "texture": "#0"}
			}
		},
		{
			"from": [1.6, 19.42388, -5.04232],
			"to": [5.6, 20.42388, -4.04232],
			"rotation": {"angle": 45, "axis": "y", "origin": [5.5, 19.92388, -3.54232]},
			"faces": {
				"north": {"uv": [12, 1.75, 13, 2], "texture": "#0"},
				"east": {"uv": [4.75, 8, 5, 8.25], "texture": "#0"},
				"south": {"uv": [12, 2, 13, 2.25], "texture": "#0"},
				"west": {"uv": [3.75, 8.25, 4, 8.5], "texture": "#0"},
				"up": {"uv": [3.5, 12.25, 2.5, 12], "texture": "#0"},
				"down": {"uv": [13, 3.5, 12, 3.75], "texture": "#0"}
			}
		},
		{
			"from": [0.6, 18.92388, -5.54232],
			"to": [3.6, 20.92388, -3.54232],
			"rotation": {"angle": 45, "axis": "y", "origin": [5.5, 19.92388, -3.54232]},
			"faces": {
				"north": {"uv": [3.75, 11, 4.5, 11.5], "texture": "#0"},
				"east": {"uv": [12, 0.5, 12.5, 1], "texture": "#0"},
				"south": {"uv": [6.75, 11, 7.5, 11.5], "texture": "#0"},
				"west": {"uv": [12, 1.25, 12.5, 1.75], "texture": "#0"},
				"up": {"uv": [9.5, 11.5, 8.75, 11], "texture": "#0"},
				"down": {"uv": [10.25, 11, 9.5, 11.5], "texture": "#0"}
			}
		},
		{
			"from": [6.5, 13.5, -5],
			"to": [9.5, 14.5, -3],
			"rotation": {"angle": 22.5, "axis": "x", "origin": [8, 18.5, -4]},
			"faces": {
				"north": {"uv": [9.5, 6.75, 10.25, 7], "texture": "#0"},
				"east": {"uv": [9.5, 12, 10, 12.25], "texture": "#0"},
				"south": {"uv": [10.75, 9.5, 11.5, 9.75], "texture": "#0"},
				"west": {"uv": [12, 9.5, 12.5, 9.75], "texture": "#0"},
				"up": {"uv": [11.5, 1.25, 10.75, 0.75], "texture": "#0"},
				"down": {"uv": [11.5, 3.5, 10.75, 4], "texture": "#0"}
			}
		},
		{
			"from": [9.5, 5.5, -5],
			"to": [9.5, 13.5, -3],
			"rotation": {"angle": 22.5, "axis": "x", "origin": [8, 18.5, -4]},
			"faces": {
				"north": {"uv": [0, 0, 0, 2], "texture": "#0"},
				"east": {"uv": [6, 5.5, 6.5, 7.5], "texture": "#0"},
				"south": {"uv": [0, 0, 0, 2], "texture": "#0"},
				"west": {"uv": [6.5, 5.5, 6, 7.5], "texture": "#0"},
				"up": {"uv": [0, 0.5, 0, 0], "texture": "#0"},
				"down": {"uv": [0, 0, 0, 0.5], "texture": "#0"}
			}
		},
		{
			"from": [6.5, 5.5, -5],
			"to": [6.5, 13.5, -3],
			"rotation": {"angle": 22.5, "axis": "x", "origin": [8, 18.5, -4]},
			"faces": {
				"north": {"uv": [0, 0, 0, 2], "texture": "#0"},
				"east": {"uv": [6, 5.5, 6.5, 7.5], "texture": "#0"},
				"south": {"uv": [0, 0, 0, 2], "texture": "#0"},
				"west": {"uv": [7, 0, 7.5, 2], "texture": "#0"},
				"up": {"uv": [0, 0.5, 0, 0], "texture": "#0"},
				"down": {"uv": [0, 0, 0, 0.5], "texture": "#0"}
			}
		},
		{
			"from": [7.025, 6.28213, 2.17733],
			"to": [8.975, 19.28213, 4.17733],
			"rotation": {"angle": -45, "axis": "x", "origin": [8, 7.28213, 3.17733]},
			"faces": {
				"north": {"uv": [2, 4.5, 2.5, 7.75], "texture": "#0"},
				"east": {"uv": [2.5, 4.5, 3, 7.75], "texture": "#0"},
				"south": {"uv": [3, 4.5, 3.5, 7.75], "texture": "#0"},
				"west": {"uv": [3.5, 4.5, 4, 7.75], "texture": "#0"},
				"up": {"uv": [6.5, 12.25, 6, 11.75], "texture": "#0"},
				"down": {"uv": [12.25, 6, 11.75, 6.5], "texture": "#0"}
			}
		},
		{
			"from": [6, 16.59705, 4.62148],
			"to": [10, 18.59705, 9.62148],
			"rotation": {"angle": 0, "axis": "y", "origin": [8, 15.59705, 6.62148]},
			"faces": {
				"north": {"uv": [6.5, 2, 7.5, 2.5], "texture": "#0"},
				"east": {"uv": [2, 8.25, 3.25, 8.75], "texture": "#0"},
				"south": {"uv": [10.5, 2, 11.5, 2.5], "texture": "#0"},
				"west": {"uv": [6, 8.25, 7.25, 8.75], "texture": "#0"},
				"up": {"uv": [6.5, 1.25, 5.5, 0], "texture": "#0"},
				"down": {"uv": [6.5, 1.25, 5.5, 2.5], "texture": "#0"}
			}
		},
		{
			"from": [7.025, 15.25, 12],
			"to": [8.975, 16.25, 14],
			"rotation": {"angle": -45, "axis": "x", "origin": [8, 6.5, 13]},
			"faces": {
				"north": {"uv": [3, 10.75, 3.5, 11], "texture": "#0"},
				"east": {"uv": [9, 12, 9.5, 12.25], "texture": "#0"},
				"south": {"uv": [12, 9, 12.5, 9.25], "texture": "#0"},
				"west": {"uv": [12, 9.25, 12.5, 9.5], "texture": "#0"},
				"up": {"uv": [11.75, 6, 11.25, 5.5], "texture": "#0"},
				"down": {"uv": [6.25, 11.25, 5.75, 11.75], "texture": "#0"}
			}
		},
		{
			"from": [7.05, 12.42582, -3.79541],
			"to": [8.95, 14.42582, 5.20459],
			"rotation": {"angle": 22.5, "axis": "x", "origin": [8, 14.42582, 7.02959]},
			"faces": {
				"north": {"uv": [7.75, 11.75, 8.25, 12.25], "texture": "#0"},
				"east": {"uv": [5.5, 4.5, 7.75, 5], "texture": "#0"},
				"south": {"uv": [10, 11.75, 10.5, 12.25], "texture": "#0"},
				"west": {"uv": [5.5, 5, 7.75, 5.5], "texture": "#0"},
				"up": {"uv": [6, 7.75, 5.5, 5.5], "texture": "#0"},
				"down": {"uv": [5.5, 6, 5, 8.25], "texture": "#0"}
			}
		},
		{
			"from": [6.5, 14.25, 12],
			"to": [9.5, 15.25, 14],
			"rotation": {"angle": -45, "axis": "x", "origin": [8, 6.5, 13]},
			"faces": {
				"north": {"uv": [3.5, 12, 4.25, 12.25], "texture": "#0"},
				"east": {"uv": [12, 9.75, 12.5, 10], "texture": "#0"},
				"south": {"uv": [12, 3.75, 12.75, 4], "texture": "#0"},
				"west": {"uv": [12, 10, 12.5, 10.25], "texture": "#0"},
				"up": {"uv": [11.5, 4.5, 10.75, 4], "texture": "#0"},
				"down": {"uv": [5.25, 10.75, 4.5, 11.25], "texture": "#0"}
			}
		},
		{
			"from": [9.5, 6.25, 12],
			"to": [9.5, 14.25, 14],
			"rotation": {"angle": -45, "axis": "x", "origin": [8, 6.5, 13]},
			"faces": {
				"north": {"uv": [0, 0, 0, 2], "texture": "#0"},
				"east": {"uv": [0, 7.25, 0.5, 9.25], "texture": "#0"},
				"south": {"uv": [0, 0, 0, 2], "texture": "#0"},
				"west": {"uv": [0.5, 7.25, 0, 9.25], "texture": "#0"},
				"up": {"uv": [0, 0.5, 0, 0], "texture": "#0"},
				"down": {"uv": [0, 0, 0, 0.5], "texture": "#0"}
			}
		},
		{
			"from": [6.5, 6.25, 12],
			"to": [6.5, 14.25, 14],
			"rotation": {"angle": -45, "axis": "x", "origin": [8, 6.5, 13]},
			"faces": {
				"north": {"uv": [0, 0, 0, 2], "texture": "#0"},
				"east": {"uv": [2, 7.25, 1.5, 9.25], "texture": "#0"},
				"south": {"uv": [0, 0, 0, 2], "texture": "#0"},
				"west": {"uv": [1.5, 7.25, 2, 9.25], "texture": "#0"},
				"up": {"uv": [0, 0.5, 0, 0], "texture": "#0"},
				"down": {"uv": [0, 0, 0, 0.5], "texture": "#0"}
			}
		},
		{
			"from": [6.5, 6, 13],
			"to": [9.5, 7, 13],
			"rotation": {"angle": 0, "axis": "y", "origin": [0, 0.5, -6]},
			"faces": {
				"north": {"uv": [12, 4, 12.75, 4.25], "texture": "#0"},
				"east": {"uv": [0, 0, 0, 0.25], "texture": "#0"},
				"south": {"uv": [12, 4.25, 12.75, 4.5], "texture": "#0"},
				"west": {"uv": [0, 0, 0, 0.25], "texture": "#0"},
				"up": {"uv": [0.75, 0, 0, 0], "texture": "#0"},
				"down": {"uv": [0.75, 0, 0, 0], "texture": "#0"}
			}
		},
		{
			"from": [7, 5.5, -10],
			"to": [9, 7.5, -8],
			"rotation": {"angle": 0, "axis": "y", "origin": [0, 0.5, -8]},
			"faces": {
				"north": {"uv": [11.75, 2.75, 12.25, 3.25], "texture": "#0"},
				"east": {"uv": [4.25, 11.75, 4.75, 12.25], "texture": "#0"},
				"south": {"uv": [11.75, 4.5, 12.25, 5], "texture": "#0"},
				"west": {"uv": [11.75, 5, 12.25, 5.5], "texture": "#0"},
				"up": {"uv": [6, 12.25, 5.5, 11.75], "texture": "#0"},
				"down": {"uv": [12.25, 5.5, 11.75, 6], "texture": "#0"}
			}
		},
		{
			"from": [6.5, 6, -9],
			"to": [9.5, 7, -9],
			"rotation": {"angle": 0, "axis": "y", "origin": [0, 0.5, -6]},
			"faces": {
				"north": {"uv": [12, 4, 12.75, 4.25], "texture": "#0"},
				"east": {"uv": [0, 0, 0, 0.25], "texture": "#0"},
				"south": {"uv": [12, 4.25, 12.75, 4.5], "texture": "#0"},
				"west": {"uv": [0, 0, 0, 0.25], "texture": "#0"},
				"up": {"uv": [0.75, 0, 0, 0], "texture": "#0"},
				"down": {"uv": [0.75, 0, 0, 0], "texture": "#0"}
			}
		},
		{
			"from": [9.5, 7.25, 2.5],
			"to": [11.5, 7.25, 3.5],
			"rotation": {"angle": -45, "axis": "x", "origin": [10.5, 7.25, 3]},
			"faces": {
				"north": {"uv": [0, 0, 0.5, 0], "texture": "#0"},
				"east": {"uv": [0, 0, 0.25, 0], "texture": "#0"},
				"south": {"uv": [0, 0, 0.5, 0], "texture": "#0"},
				"west": {"uv": [0, 0, 0.25, 0], "texture": "#0"},
				"up": {"uv": [12.5, 10.5, 12, 10.25], "texture": "#0"},
				"down": {"uv": [11, 12, 10.5, 12.25], "texture": "#0"}
			}
		},
		{
			"from": [10.5, 7.25, 0.5],
			"to": [11.5, 7.25, 2.5],
			"rotation": {"angle": -45, "axis": "x", "origin": [10.5, 7.25, 3]},
			"faces": {
				"north": {"uv": [0, 0, 0.25, 0], "texture": "#0"},
				"east": {"uv": [0, 0, 0.5, 0], "texture": "#0"},
				"south": {"uv": [0, 0, 0.25, 0], "texture": "#0"},
				"west": {"uv": [0, 0, 0.5, 0], "texture": "#0"},
				"up": {"uv": [5, 8, 4.75, 7.5], "texture": "#0"},
				"down": {"uv": [4, 7.75, 3.75, 8.25], "texture": "#0"}
			}
		},
		{
			"from": [4.5, 7.25, 2.5],
			"to": [6.5, 7.25, 3.5],
			"rotation": {"angle": -45, "axis": "x", "origin": [10.5, 7.25, 3]},
			"faces": {
				"north": {"uv": [0, 0, 0.5, 0], "texture": "#0"},
				"east": {"uv": [0, 0, 0.25, 0], "texture": "#0"},
				"south": {"uv": [0, 0, 0.5, 0], "texture": "#0"},
				"west": {"uv": [0, 0, 0.25, 0], "texture": "#0"},
				"up": {"uv": [12.5, 10.75, 12, 10.5], "texture": "#0"},
				"down": {"uv": [12.5, 10.75, 12, 11], "texture": "#0"}
			}
		},
		{
			"from": [4.5, 7.25, 3.5],
			"to": [5.5, 7.25, 5.5],
			"rotation": {"angle": -45, "axis": "x", "origin": [10.5, 7.25, 3]},
			"faces": {
				"north": {"uv": [0, 0, 0.25, 0], "texture": "#0"},
				"east": {"uv": [0, 0, 0.5, 0], "texture": "#0"},
				"south": {"uv": [0, 0, 0.25, 0], "texture": "#0"},
				"west": {"uv": [0, 0, 0.5, 0], "texture": "#0"},
				"up": {"uv": [5.5, 8.75, 5.25, 8.25], "texture": "#0"},
				"down": {"uv": [8.75, 4.5, 8.5, 5], "texture": "#0"}
			}
		},
		{
			"from": [9.5, 6.75, -2.5],
			"to": [12.5, 7.75, 0.5],
			"rotation": {"angle": -45, "axis": "x", "origin": [10.5, 7.25, 3]},
			"faces": {
				"north": {"uv": [12, 6.5, 12.75, 6.75], "texture": "#0"},
				"east": {"uv": [12, 6.75, 12.75, 7], "texture": "#0"},
				"south": {"uv": [12, 7, 12.75, 7.25], "texture": "#0"},
				"west": {"uv": [12, 7.25, 12.75, 7.5], "texture": "#0"},
				"up": {"uv": [11.25, 5.25, 10.5, 4.5], "texture": "#0"},
				"down": {"uv": [11.25, 5.25, 10.5, 6], "texture": "#0"}
			}
		},
		{
			"from": [3.5, 6.75, 5.5],
			"to": [6.5, 7.75, 8.5],
			"rotation": {"angle": -45, "axis": "x", "origin": [10.5, 7.25, 3]},
			"faces": {
				"north": {"uv": [8.25, 12, 9, 12.25], "texture": "#0"},
				"east": {"uv": [12, 8.25, 12.75, 8.5], "texture": "#0"},
				"south": {"uv": [12, 8.5, 12.75, 8.75], "texture": "#0"},
				"west": {"uv": [12, 8.75, 12.75, 9], "texture": "#0"},
				"up": {"uv": [11.25, 6.75, 10.5, 6], "texture": "#0"},
				"down": {"uv": [11.25, 7.75, 10.5, 8.5], "texture": "#0"}
			}
		},
		{
			"from": [6, 14.5, 7],
			"to": [10, 14.5, 18],
			"rotation": {"angle": 0, "axis": "y", "origin": [0, 0.5, -6]},
			"faces": {
				"north": {"uv": [0, 0, 1, 0], "texture": "#0"},
				"east": {"uv": [0, 0, 2.75, 0], "texture": "#0"},
				"south": {"uv": [0, 0, 1, 0], "texture": "#0"},
				"west": {"uv": [0, 0, 2.75, 0], "texture": "#0"},
				"up": {"uv": [1, 7.25, 0, 4.5], "texture": "#0"},
				"down": {"uv": [1, 4.5, 0, 7.25], "texture": "#0"}
			}
		},
		{
			"from": [6.5, 18.42388, -7.54232],
			"to": [9.5, 21.42388, -5.54232],
			"rotation": {"angle": 0, "axis": "y", "origin": [1, 0.67388, -5.29232]},
			"faces": {
				"north": {"uv": [8, 10.5, 8.75, 11.25], "texture": "#0"},
				"east": {"uv": [7.5, 11, 8, 11.75], "texture": "#0"},
				"south": {"uv": [10.75, 0, 11.5, 0.75], "texture": "#0"},
				"west": {"uv": [11, 10.75, 11.5, 11.5], "texture": "#0"},
				"up": {"uv": [1.75, 11.75, 1, 11.25], "texture": "#0"},
				"down": {"uv": [12, 1.25, 11.25, 1.75], "texture": "#0"}
			}
		},
		{
			"from": [8, 2, -14.5],
			"to": [8, 11, -4.5],
			"faces": {
				"north": {"uv": [0, 0, 0, 2.25], "texture": "#0"},
				"east": {"uv": [2.5, 0, 5, 2.25], "texture": "#0"},
				"south": {"uv": [0, 0, 0, 2.25], "texture": "#0"},
				"west": {"uv": [2.25, 0, 4.75, 2.25], "texture": "#0"},
				"up": {"uv": [0, 2.5, 0, 0], "texture": "#0"},
				"down": {"uv": [0, 0, 0, 2.5], "texture": "#0"}
			}
		},
		{
			"from": [8, 2, 7.5],
			"to": [8, 11, 17.5],
			"faces": {
				"north": {"uv": [0, 0, 0, 2.25], "texture": "#0"},
				"east": {"uv": [2.5, 0, 5, 2.25], "texture": "#0"},
				"south": {"uv": [0, 0, 0, 2.25], "texture": "#0"},
				"west": {"uv": [2.25, 0, 4.75, 2.25], "texture": "#0"},
				"up": {"uv": [0, 2.5, 0, 0], "texture": "#0"},
				"down": {"uv": [0, 0, 0, 2.5], "texture": "#0"}
			}
		},
		{
			"name": "octagon",
			"from": [7.05, 3.80761, 6.5],
			"to": [8.95, 9.19239, 8.5],
			"rotation": {"angle": 45, "axis": "x", "origin": [8, 6.5, 13]},
			"faces": {
				"north": {"uv": [8.75, 9.25, 9.25, 10.5], "texture": "#0"},
				"east": {"uv": [9.5, 2.25, 10, 3.5], "texture": "#0"},
				"south": {"uv": [3, 9.5, 3.5, 10.75], "texture": "#0"},
				"west": {"uv": [4.75, 9.5, 5.25, 10.75], "texture": "#0"},
				"up": {"uv": [9, 12, 8.5, 11.5], "texture": "#0"},
				"down": {"uv": [12, 8.75, 11.5, 9.25], "texture": "#0"}
			}
		},
		{
			"name": "octagon",
			"from": [7, 3.80761, 6.5],
			"to": [9, 9.19239, 8.5],
			"rotation": {"angle": 0, "axis": "y", "origin": [8, 6.5, 13]},
			"faces": {
				"north": {"uv": [9.5, 5.5, 10, 6.75], "texture": "#0"},
				"east": {"uv": [9.75, 0, 10.25, 1.25], "texture": "#0"},
				"south": {"uv": [3.5, 9.75, 4, 11], "texture": "#0"},
				"west": {"uv": [4, 9.75, 4.5, 11], "texture": "#0"},
				"up": {"uv": [9.5, 12, 9, 11.5], "texture": "#0"},
				"down": {"uv": [12, 9.25, 11.5, 9.75], "texture": "#0"}
			}
		},
		{
			"name": "octagon",
			"from": [7.05, 3.80761, 17.5],
			"to": [8.95, 9.19239, 19.5],
			"rotation": {"angle": 45, "axis": "x", "origin": [8, 6.5, 13]},
			"faces": {
				"north": {"uv": [7, 9.75, 7.5, 11], "texture": "#0"},
				"east": {"uv": [7.5, 9.75, 8, 11], "texture": "#0"},
				"south": {"uv": [9.75, 8.5, 10.25, 9.75], "texture": "#0"},
				"west": {"uv": [9.25, 9.75, 9.75, 11], "texture": "#0"},
				"up": {"uv": [10, 12, 9.5, 11.5], "texture": "#0"},
				"down": {"uv": [12, 9.75, 11.5, 10.25], "texture": "#0"}
			}
		},
		{
			"name": "octagon",
			"from": [7, 3.80761, 17.5],
			"to": [9, 9.19239, 19.5],
			"rotation": {"angle": 0, "axis": "y", "origin": [8, 6.5, 13]},
			"faces": {
				"north": {"uv": [9.75, 9.75, 10.25, 11], "texture": "#0"},
				"east": {"uv": [10, 1.25, 10.5, 2.5], "texture": "#0"},
				"south": {"uv": [2, 10, 2.5, 11.25], "texture": "#0"},
				"west": {"uv": [2.5, 10, 3, 11.25], "texture": "#0"},
				"up": {"uv": [12, 10.75, 11.5, 10.25], "texture": "#0"},
				"down": {"uv": [11.25, 11.5, 10.75, 12], "texture": "#0"}
			}
		},
		{
			"name": "octagon",
			"from": [7.05, 0, 10.30761],
			"to": [8.95, 2, 15.69239],
			"rotation": {"angle": 45, "axis": "x", "origin": [8, 6.5, 13]},
			"faces": {
				"north": {"uv": [11.5, 10.75, 12, 11.25], "texture": "#0"},
				"east": {"uv": [9.5, 3.5, 10.75, 4], "texture": "#0"},
				"south": {"uv": [11.25, 11.5, 11.75, 12], "texture": "#0"},
				"west": {"uv": [9.5, 4, 10.75, 4.5], "texture": "#0"},
				"up": {"uv": [10.5, 6.75, 10, 5.5], "texture": "#0"},
				"down": {"uv": [6.25, 10, 5.75, 11.25], "texture": "#0"}
			}
		},
		{
			"name": "octagon",
			"from": [7, 0, 10.30761],
			"to": [9, 2, 15.69239],
			"rotation": {"angle": 0, "axis": "y", "origin": [8, 6.5, 13]},
			"faces": {
				"north": {"uv": [0, 11.75, 0.5, 12.25], "texture": "#0"},
				"east": {"uv": [10, 2.5, 11.25, 3], "texture": "#0"},
				"south": {"uv": [0.5, 11.75, 1, 12.25], "texture": "#0"},
				"west": {"uv": [10, 3, 11.25, 3.5], "texture": "#0"},
				"up": {"uv": [6.75, 11.25, 6.25, 10], "texture": "#0"},
				"down": {"uv": [10.75, 0, 10.25, 1.25], "texture": "#0"}
			}
		},
		{
			"name": "octagon",
			"from": [7, 3.80761, -4.5],
			"to": [9, 9.19239, -2.5],
			"rotation": {"angle": 0, "axis": "y", "origin": [8, 6.5, -9]},
			"faces": {
				"north": {"uv": [9.75, 9.75, 10.25, 11], "texture": "#0"},
				"east": {"uv": [10, 1.25, 10.5, 2.5], "texture": "#0"},
				"south": {"uv": [2, 10, 2.5, 11.25], "texture": "#0"},
				"west": {"uv": [2.5, 10, 3, 11.25], "texture": "#0"},
				"up": {"uv": [12, 10.75, 11.5, 10.25], "texture": "#0"},
				"down": {"uv": [11.25, 11.5, 10.75, 12], "texture": "#0"}
			}
		},
		{
			"name": "octagon",
			"from": [7.05, 11, -11.69239],
			"to": [8.95, 13, -6.30761],
			"rotation": {"angle": 45, "axis": "x", "origin": [8, 6.5, -9]},
			"faces": {
				"north": {"uv": [1, 11.75, 1.5, 12.25], "texture": "#0"},
				"east": {"uv": [10.25, 6.75, 11.5, 7.25], "texture": "#0"},
				"south": {"uv": [1.5, 11.75, 2, 12.25], "texture": "#0"},
				"west": {"uv": [10.25, 7.25, 11.5, 7.75], "texture": "#0"},
				"up": {"uv": [5.75, 11.5, 5.25, 10.25], "texture": "#0"},
				"down": {"uv": [10.75, 8.5, 10.25, 9.75], "texture": "#0"}
			}
		},
		{
			"name": "octagon",
			"from": [7, 11, -11.69239],
			"to": [9, 13, -6.30761],
			"rotation": {"angle": 0, "axis": "y", "origin": [8, 6.5, -9]},
			"faces": {
				"north": {"uv": [2, 11.75, 2.5, 12.25], "texture": "#0"},
				"east": {"uv": [10.25, 9.75, 11.5, 10.25], "texture": "#0"},
				"south": {"uv": [11.75, 2.25, 12.25, 2.75], "texture": "#0"},
				"west": {"uv": [10.25, 10.25, 11.5, 10.75], "texture": "#0"},
				"up": {"uv": [0.5, 11.75, 0, 10.5], "texture": "#0"},
				"down": {"uv": [1, 10.5, 0.5, 11.75], "texture": "#0"}
			}
		},
		{
			"name": "octagon",
			"from": [7.05, 3.80761, -15.5],
			"to": [8.95, 9.19239, -13.5],
			"rotation": {"angle": 45, "axis": "x", "origin": [8, 6.5, -9]},
			"faces": {
				"north": {"uv": [8.75, 9.25, 9.25, 10.5], "texture": "#0"},
				"east": {"uv": [9.5, 2.25, 10, 3.5], "texture": "#0"},
				"south": {"uv": [3, 9.5, 3.5, 10.75], "texture": "#0"},
				"west": {"uv": [4.75, 9.5, 5.25, 10.75], "texture": "#0"},
				"up": {"uv": [9, 12, 8.5, 11.5], "texture": "#0"},
				"down": {"uv": [12, 8.75, 11.5, 9.25], "texture": "#0"}
			}
		},
		{
			"name": "octagon",
			"from": [7, 3.80761, -15.5],
			"to": [9, 9.19239, -13.5],
			"rotation": {"angle": 0, "axis": "y", "origin": [8, 6.5, -9]},
			"faces": {
				"north": {"uv": [9.5, 5.5, 10, 6.75], "texture": "#0"},
				"east": {"uv": [9.75, 0, 10.25, 1.25], "texture": "#0"},
				"south": {"uv": [3.5, 9.75, 4, 11], "texture": "#0"},
				"west": {"uv": [4, 9.75, 4.5, 11], "texture": "#0"},
				"up": {"uv": [9.5, 12, 9, 11.5], "texture": "#0"},
				"down": {"uv": [12, 9.25, 11.5, 9.75], "texture": "#0"}
			}
		},
		{
			"name": "octagon",
			"from": [7.05, 0, -11.69239],
			"to": [8.95, 2, -6.30761],
			"rotation": {"angle": 45, "axis": "x", "origin": [8, 6.5, -9]},
			"faces": {
				"north": {"uv": [11.5, 10.75, 12, 11.25], "texture": "#0"},
				"east": {"uv": [9.5, 3.5, 10.75, 4], "texture": "#0"},
				"south": {"uv": [11.25, 11.5, 11.75, 12], "texture": "#0"},
				"west": {"uv": [9.5, 4, 10.75, 4.5], "texture": "#0"},
				"up": {"uv": [10.5, 6.75, 10, 5.5], "texture": "#0"},
				"down": {"uv": [6.25, 10, 5.75, 11.25], "texture": "#0"}
			}
		},
		{
			"name": "octagon",
			"from": [7.05, 3.80761, -4.5],
			"to": [8.95, 9.19239, -2.5],
			"rotation": {"angle": 45, "axis": "x", "origin": [8, 6.5, -9]},
			"faces": {
				"north": {"uv": [7, 9.75, 7.5, 11], "texture": "#0"},
				"east": {"uv": [7.5, 9.75, 8, 11], "texture": "#0"},
				"south": {"uv": [9.75, 8.5, 10.25, 9.75], "texture": "#0"},
				"west": {"uv": [9.25, 9.75, 9.75, 11], "texture": "#0"},
				"up": {"uv": [10, 12, 9.5, 11.5], "texture": "#0"},
				"down": {"uv": [12, 9.75, 11.5, 10.25], "texture": "#0"}
			}
		},
		{
			"name": "octagon",
			"from": [7, 0, -11.69239],
			"to": [9, 2, -6.30761],
			"rotation": {"angle": 0, "axis": "y", "origin": [8, 6.5, -9]},
			"faces": {
				"north": {"uv": [0, 11.75, 0.5, 12.25], "texture": "#0"},
				"east": {"uv": [10, 2.5, 11.25, 3], "texture": "#0"},
				"south": {"uv": [0.5, 11.75, 1, 12.25], "texture": "#0"},
				"west": {"uv": [10, 3, 11.25, 3.5], "texture": "#0"},
				"up": {"uv": [6.75, 11.25, 6.25, 10], "texture": "#0"},
				"down": {"uv": [10.75, 0, 10.25, 1.25], "texture": "#0"}
			}
		},
		{
			"name": "octagon",
			"from": [7.05, 11, 10.30761],
			"to": [8.95, 13, 15.69239],
			"rotation": {"angle": 45, "axis": "x", "origin": [8, 6.5, 13]},
			"faces": {
				"north": {"uv": [1, 11.75, 1.5, 12.25], "texture": "#0"},
				"east": {"uv": [10.25, 6.75, 11.5, 7.25], "texture": "#0"},
				"south": {"uv": [1.5, 11.75, 2, 12.25], "texture": "#0"},
				"west": {"uv": [10.25, 7.25, 11.5, 7.75], "texture": "#0"},
				"up": {"uv": [5.75, 11.5, 5.25, 10.25], "texture": "#0"},
				"down": {"uv": [10.75, 8.5, 10.25, 9.75], "texture": "#0"}
			}
		},
		{
			"name": "octagon",
			"from": [7, 11, 10.30761],
			"to": [9, 13, 15.69239],
			"rotation": {"angle": 0, "axis": "y", "origin": [8, 6.5, 13]},
			"faces": {
				"north": {"uv": [2, 11.75, 2.5, 12.25], "texture": "#0"},
				"east": {"uv": [10.25, 9.75, 11.5, 10.25], "texture": "#0"},
				"south": {"uv": [11.75, 2.25, 12.25, 2.75], "texture": "#0"},
				"west": {"uv": [10.25, 10.25, 11.5, 10.75], "texture": "#0"},
				"up": {"uv": [0.5, 11.75, 0, 10.5], "texture": "#0"},
				"down": {"uv": [1, 10.5, 0.5, 11.75], "texture": "#0"}
			}
		},
		{
			"from": [7, 6.32435, 5.96506],
			"to": [9, 18.32435, 7.96506],
			"rotation": {"angle": 22.5, "axis": "x", "origin": [8, 16.82435, 4.96506]},
			"faces": {
				"north": {"uv": [4, 4.5, 4.5, 7.5], "texture": "#0"},
				"east": {"uv": [4.5, 4.5, 5, 7.5], "texture": "#0"},
				"south": {"uv": [5, 0, 5.5, 3], "texture": "#0"},
				"west": {"uv": [5, 3, 5.5, 6], "texture": "#0"},
				"up": {"uv": [11.75, 6.5, 11.25, 6], "texture": "#0"},
				"down": {"uv": [6.75, 11.25, 6.25, 11.75], "texture": "#0"}
			}
		}
	],
	"display": {
		"thirdperson_righthand": {
			"translation": [2.5, 2.25, -1.5],
			"scale": [0.57, 0.57, 0.57]
		},
		"thirdperson_lefthand": {
			"translation": [2.5, 2.25, -1.5],
			"scale": [0.57, 0.57, 0.57]
		},
		"firstperson_righthand": {
			"rotation": [0, -42, 0],
			"scale": [0.54, 0.54, 0.54]
		},
		"firstperson_lefthand": {
			"rotation": [0, -42, 0],
			"scale": [0.54, 0.54, 0.54]
		},
		"ground": {
			"translation": [0, 2.25, 0],
			"scale": [0.43, 0.43, 0.43]
		},
		"gui": {
			"rotation": [26, 135, 0],
			"translation": [2.25, 0.75, 0],
			"scale": [0.46, 0.46, 0.46]
		},
		"fixed": {
			"rotation": [-90, 0, 0],
			"translation": [0, 0, -16],
			"scale": [2.01, 2.01, 2.01]
		}
	},
	"groups": [
		{
			"name": "octagon",
			"origin": [8, 8, 8],
			"color": 0,
			"nbt": "{}",
			"armAnimationEnabled": false,
			"children": [0, 1, 2, 3, 4, 5, 6, 7, 8, 9, 10, 11, 12, 13, 14, 15, 16, 17, 18, 19, 20, 21, 22, 23, 24, 25, 26, 27, 28, 29]
		},
		{
			"name": "octagon",
			"origin": [8, 8, 8],
			"color": 0,
			"nbt": "{}",
			"armAnimationEnabled": false,
			"children": [30, 31, 32]
		},
		{
			"name": "octagon",
			"origin": [8, 8, 8],
			"color": 0,
			"nbt": "{}",
			"armAnimationEnabled": false,
			"children": [33, 34, 35, 36, 37, 38, 39, 40, 41, 42, 43, 44, 45, 46, 47, 48]
		},
		49
	]
}