{
	"credit": "Made by Manning Design",
	"textures": {
		"0": "chunky:item/furniture/cottagecore_villagesquare/bs_crate_box_2",
		"particle": "chunky:item/furniture/cottagecore_villagesquare/bs_crate_box_2"
	},
	"elements": [
		{
			"from": [0, 0, 0],
			"to": [16, 2, 5],
			"rotation": {"angle": 0, "axis": "y", "origin": [8, 1, 8]},
			"faces": {
				"north": {"uv": [8, 5.5, 12, 6], "texture": "#0"},
				"east": {"uv": [10.5, 3, 11.75, 3.5], "texture": "#0"},
				"south": {"uv": [6, 8, 10, 8.5], "texture": "#0"},
				"west": {"uv": [10.5, 3.5, 11.75, 4], "texture": "#0"},
				"up": {"uv": [4, 5.25, 0, 4], "texture": "#0"},
				"down": {"uv": [8, 4, 4, 5.25], "texture": "#0"}
			}
		},
		{
			"from": [0, 0, 11],
			"to": [16, 2, 16],
			"rotation": {"angle": 0, "axis": "y", "origin": [8, 1, 8]},
			"faces": {
				"north": {"uv": [8, 5.5, 12, 6], "texture": "#0"},
				"east": {"uv": [10.5, 3, 11.75, 3.5], "texture": "#0"},
				"south": {"uv": [6, 8, 10, 8.5], "texture": "#0"},
				"west": {"uv": [10.5, 3.5, 11.75, 4], "texture": "#0"},
				"up": {"uv": [4, 5.25, 0, 4], "texture": "#0"},
				"down": {"uv": [8, 4, 4, 5.25], "texture": "#0"}
			}
		},
		{
			"from": [0, 0, 5.5],
			"to": [16, 2, 10.5],
			"rotation": {"angle": 0, "axis": "y", "origin": [8, 1, 8]},
			"faces": {
				"north": {"uv": [12, 5.5, 8, 6], "texture": "#0"},
				"east": {"uv": [11.75, 3.5, 10.5, 4], "texture": "#0"},
				"south": {"uv": [10, 8, 6, 8.5], "texture": "#0"},
				"west": {"uv": [11.75, 3, 10.5, 3.5], "texture": "#0"},
				"up": {"uv": [0, 5.25, 4, 4], "texture": "#0"},
				"down": {"uv": [4, 4, 8, 5.25], "texture": "#0"}
			}
		},
		{
			"from": [2, 2, 2],
			"to": [2, 10, 14],
			"rotation": {"angle": 0, "axis": "y", "origin": [16, 0, 0]},
			"faces": {
				"north": {"uv": [0, 0, 0, 2], "texture": "#0"},
				"east": {"uv": [3, 2, 0, 4], "texture": "#0"},
				"south": {"uv": [0, 0, 0, 2], "texture": "#0"},
				"west": {"uv": [0, 2, 3, 4], "texture": "#0"},
				"up": {"uv": [0, 3, 0, 0], "texture": "#0"},
				"down": {"uv": [0, 0, 0, 3], "texture": "#0"}
			}
		},
		{
			"from": [14, 10, 2],
			"to": [14, 16, 5],
			"faces": {
				"north": {"uv": [0, 0, 0, 1.5], "texture": "#0"},
				"east": {"uv": [4, 9.25, 3.25, 10.75], "texture": "#0"},
				"south": {"uv": [0, 0, 0, 1.5], "texture": "#0"},
				"west": {"uv": [3.25, 9.25, 4, 10.75], "texture": "#0"},
				"up": {"uv": [0, 0.75, 0, 0], "texture": "#0"},
				"down": {"uv": [0, 0, 0, 0.75], "texture": "#0"}
			}
		},
		{
			"from": [14, 12, 5],
			"to": [14, 15, 11],
			"faces": {
				"north": {"uv": [0, 0, 0, 0.75], "texture": "#0"},
				"east": {"uv": [10.5, 6.5, 9, 7.25], "texture": "#0"},
				"south": {"uv": [0, 0, 0, 0.75], "texture": "#0"},
				"west": {"uv": [9, 6.5, 10.5, 7.25], "texture": "#0"},
				"up": {"uv": [0, 1.5, 0, 0], "texture": "#0"},
				"down": {"uv": [0, 0, 0, 1.5], "texture": "#0"}
			}
		},
		{
			"from": [14, 10, 11],
			"to": [14, 16, 14],
			"faces": {
				"north": {"uv": [0, 0, 0, 1.5], "texture": "#0"},
				"east": {"uv": [10.75, 0, 10, 1.5], "texture": "#0"},
				"south": {"uv": [0, 0, 0, 1.5], "texture": "#0"},
				"west": {"uv": [10, 0, 10.75, 1.5], "texture": "#0"},
				"up": {"uv": [0, 0.75, 0, 0], "texture": "#0"},
				"down": {"uv": [0, 0, 0, 0.75], "texture": "#0"}
			}
		},
		{
			"from": [14, 2, 2],
			"to": [14, 10, 14],
			"faces": {
				"north": {"uv": [0, 0, 0, 2], "texture": "#0"},
				"east": {"uv": [3, 2, 0, 4], "texture": "#0"},
				"south": {"uv": [0, 0, 0, 2], "texture": "#0"},
				"west": {"uv": [0, 2, 3, 4], "texture": "#0"},
				"up": {"uv": [0, 3, 0, 0], "texture": "#0"},
				"down": {"uv": [0, 0, 0, 3], "texture": "#0"}
			}
		},
		{
			"from": [2, 12, 5],
			"to": [2, 15, 11],
			"rotation": {"angle": 0, "axis": "y", "origin": [16, 0, 0]},
			"faces": {
				"north": {"uv": [0, 0, 0, 0.75], "texture": "#0"},
				"east": {"uv": [10.5, 6.5, 9, 7.25], "texture": "#0"},
				"south": {"uv": [0, 0, 0, 0.75], "texture": "#0"},
				"west": {"uv": [9, 6.5, 10.5, 7.25], "texture": "#0"},
				"up": {"uv": [0, 1.5, 0, 0], "texture": "#0"},
				"down": {"uv": [0, 0, 0, 1.5], "texture": "#0"}
			}
		},
		{
			"from": [2, 10, 2],
			"to": [2, 16, 5],
			"rotation": {"angle": 0, "axis": "y", "origin": [16, 0, 0]},
			"faces": {
				"north": {"uv": [0, 0, 0, 1.5], "texture": "#0"},
				"east": {"uv": [4, 9.25, 3.25, 10.75], "texture": "#0"},
				"south": {"uv": [0, 0, 0, 1.5], "texture": "#0"},
				"west": {"uv": [3.25, 9.25, 4, 10.75], "texture": "#0"},
				"up": {"uv": [0, 0.75, 0, 0], "texture": "#0"},
				"down": {"uv": [0, 0, 0, 0.75], "texture": "#0"}
			}
		},
		{
			"from": [2, 10, 11],
			"to": [2, 16, 14],
			"rotation": {"angle": 0, "axis": "y", "origin": [16, 0, 0]},
			"faces": {
				"north": {"uv": [0, 0, 0, 1.5], "texture": "#0"},
				"east": {"uv": [10.75, 0, 10, 1.5], "texture": "#0"},
				"south": {"uv": [0, 0, 0, 1.5], "texture": "#0"},
				"west": {"uv": [10, 0, 10.75, 1.5], "texture": "#0"},
				"up": {"uv": [0, 0.75, 0, 0], "texture": "#0"},
				"down": {"uv": [0, 0, 0, 0.75], "texture": "#0"}
			}
		},
		{
			"from": [1, 2, 13],
			"to": [3, 16, 15],
			"rotation": {"angle": 0, "axis": "y", "origin": [16, 0, 0]},
			"faces": {
				"north": {"uv": [0.5, 9.25, 1, 12.75], "texture": "#0"},
				"east": {"uv": [1, 9.25, 1.5, 12.75], "texture": "#0"},
				"south": {"uv": [1.5, 9.25, 2, 12.75], "texture": "#0"},
				"west": {"uv": [2, 9.25, 2.5, 12.75], "texture": "#0"},
				"up": {"uv": [11.5, 9, 11, 8.5], "texture": "#0"},
				"down": {"uv": [11.5, 9, 11, 9.5], "texture": "#0"}
			}
		},
		{
			"from": [13, 2, 1],
			"to": [15, 16, 3],
			"rotation": {"angle": 0, "axis": "y", "origin": [0, 0, 16]},
			"faces": {
				"north": {"uv": [1.5, 9.25, 2, 12.75], "texture": "#0"},
				"east": {"uv": [2, 9.25, 2.5, 12.75], "texture": "#0"},
				"south": {"uv": [0.5, 9.25, 1, 12.75], "texture": "#0"},
				"west": {"uv": [1, 9.25, 1.5, 12.75], "texture": "#0"},
				"up": {"uv": [11, 8.5, 11.5, 9], "texture": "#0"},
				"down": {"uv": [11, 9.5, 11.5, 9], "texture": "#0"}
			}
		},
		{
			"from": [1, 2, 1],
			"to": [3, 16, 3],
			"rotation": {"angle": 0, "axis": "y", "origin": [16, 0, 16]},
			"faces": {
				"north": {"uv": [2, 9.25, 1.5, 12.75], "texture": "#0"},
				"east": {"uv": [1.5, 9.25, 1, 12.75], "texture": "#0"},
				"south": {"uv": [1, 9.25, 0.5, 12.75], "texture": "#0"},
				"west": {"uv": [2.5, 9.25, 2, 12.75], "texture": "#0"},
				"up": {"uv": [11.5, 8.5, 11, 9], "texture": "#0"},
				"down": {"uv": [11.5, 9.5, 11, 9], "texture": "#0"}
			}
		},
		{
			"from": [13, 2, 13],
			"to": [15, 16, 15],
			"faces": {
				"north": {"uv": [1, 9.25, 0.5, 12.75], "texture": "#0"},
				"east": {"uv": [2.5, 9.25, 2, 12.75], "texture": "#0"},
				"south": {"uv": [2, 9.25, 1.5, 12.75], "texture": "#0"},
				"west": {"uv": [1.5, 9.25, 1, 12.75], "texture": "#0"},
				"up": {"uv": [11, 9, 11.5, 8.5], "texture": "#0"},
				"down": {"uv": [11, 9, 11.5, 9.5], "texture": "#0"}
			}
		},
		{
			"from": [2, 2, 14],
			"to": [14, 15, 14],
			"faces": {
				"north": {"uv": [5, 0, 8, 3.25], "texture": "#0"},
				"east": {"uv": [0, 0, 0, 13], "texture": "#0"},
				"south": {"uv": [5, 0, 8, 3.25], "texture": "#0"},
				"west": {"uv": [0, 0, 0, 13], "texture": "#0"},
				"up": {"uv": [0, 0, 12, 0], "texture": "#0"},
				"down": {"uv": [0, 0, 12, 0], "texture": "#0"}
			}
		},
		{
			"from": [2, 2, 2],
			"to": [14, 15, 2],
			"faces": {
				"north": {"uv": [8, 0, 5, 3.25], "texture": "#0"},
				"east": {"uv": [0, 0, 0, 13], "texture": "#0"},
				"south": {"uv": [8, 3.25, 5, 0], "texture": "#0"},
				"west": {"uv": [0, 0, 0, 13], "texture": "#0"},
				"up": {"uv": [0, 0, 12, 0], "texture": "#0"},
				"down": {"uv": [0, 0, 12, 0], "texture": "#0"}
			}
		}
	],
	"display": {
		"thirdperson_righthand": {
			"translation": [2.5, 2.25, -1.5],
			"scale": [0.57, 0.57, 0.57]
		},
		"thirdperson_lefthand": {
			"translation": [2.5, 2.25, -1.5],
			"scale": [0.57, 0.57, 0.57]
		},
		"firstperson_righthand": {
			"rotation": [0, -42, 0],
			"scale": [0.54, 0.54, 0.54]
		},
		"firstperson_lefthand": {
			"rotation": [0, -42, 0],
			"scale": [0.54, 0.54, 0.54]
		},
		"ground": {
			"translation": [0, 2.25, 0],
			"scale": [0.43, 0.43, 0.43]
		},
		"gui": {
			"rotation": [26, -45, 0],
			"scale": [0.33, 0.33, 0.33]
		},
		"fixed": {
			"rotation": [-90, 0, 0],
			"translation": [0, 0, -16],
			"scale": [2.01, 2.01, 2.01]
		}
	}
}