{
	"credit": "Made by Manning Design",
	"texture_size": [64, 64],
	"textures": {
		"0": "chunky:item/furniture/cottagecore_villagesquare/bs_market_awning_2w_red_texture",
		"particle": "chunky:item/furniture/cottagecore_villagesquare/bs_market_awning_2w_red_texture"
	},
	"elements": [
		{
			"from": [0, 16, -6],
			"to": [16, 16, 16],
			"rotation": {"angle": -22.5, "axis": "x", "origin": [1, 16, 16]},
			"faces": {
				"north": {"uv": [0, 0, 4, 0], "texture": "#0"},
				"east": {"uv": [0, 0, 1.5, 0], "texture": "#0"},
				"south": {"uv": [0, 0, 4, 0], "texture": "#0"},
				"west": {"uv": [0, 0, 1.5, 0], "texture": "#0"},
				"up": {"uv": [4, 5.5, 0, 0], "texture": "#0"},
				"down": {"uv": [4, 0, 0, 5.5], "texture": "#0"}
			}
		},
		{
			"from": [0, -1.41904, -4.32535],
			"to": [16, 7.58096, -4.32535],
			"rotation": {"angle": 0, "axis": "x", "origin": [16, 7.58096, -4.32535]},
			"faces": {
				"north": {"uv": [8, 0, 12, 2.25], "texture": "#0"},
				"east": {"uv": [0, 0, 0, 2.25], "texture": "#0"},
				"south": {"uv": [12, 0, 8, 2.25], "texture": "#0"},
				"west": {"uv": [0, 0, 0, 2.25], "texture": "#0"},
				"up": {"uv": [4, 0, 0, 0], "texture": "#0"},
				"down": {"uv": [4, 0, 0, 0], "texture": "#0"}
			}
		}
	],
	"display": {
		"thirdperson_righthand": {
			"translation": [0.25, -1.25, -0.5],
			"scale": [0.26, 0.26, 0.26]
		},
		"thirdperson_lefthand": {
			"translation": [0, -0.25, -0.25],
			"scale": [0.22, 0.22, 0.22]
		},
		"firstperson_righthand": {
			"rotation": [0, 143, 0],
			"translation": [1.5, 3.75, 0],
			"scale": [0.25, 0.25, 0.25]
		},
		"firstperson_lefthand": {
			"rotation": [0, 118, 0],
			"translation": [-1, 5.25, 3],
			"scale": [0.22, 0.22, 0.22]
		},
		"ground": {
			"translation": [0, 5.25, 0],
			"scale": [0.21, 0.21, 0.21]
		},
		"gui": {
			"rotation": [26, 135, 0],
			"translation": [0.5, 0.25, 0],
			"scale": [0.33, 0.33, 0.33]
		},
		"head": {
			"translation": [-0.25, 7.75, 2.75]
		},
		"fixed": {
			"translation": [0, 0, -16],
			"scale": [2.01, 2.01, 2.01]
		}
	}
}