{
	"credit": "Made by Manning Design",
	"texture_size": [32, 32],
	"textures": {
		"0": "chunky:item/furniture/cottagecore_villagesquare/bs_produce_crate_texture",
		"1": "chunky:item/furniture/cottagecore_villagesquare/bs_carrot",
		"particle": "chunky:item/furniture/cottagecore_villagesquare/bs_produce_crate_texture"
	},
	"elements": [
		{
			"from": [2, 0, 4],
			"to": [14, 1, 12],
			"faces": {
				"north": {"uv": [0, 10.5, 6, 11], "texture": "#0"},
				"east": {"uv": [11, 0, 15, 0.5], "texture": "#0"},
				"south": {"uv": [0, 11, 6, 11.5], "texture": "#0"},
				"west": {"uv": [11, 0.5, 15, 1], "texture": "#0"},
				"up": {"uv": [6, 4, 0, 0], "texture": "#0"},
				"down": {"uv": [6, 0, 0, 4], "texture": "#0"}
			}
		},
		{
			"from": [13, 1, 4],
			"to": [14, 6, 5],
			"faces": {
				"north": {"uv": [11, 1, 11.5, 3.5], "texture": "#0"},
				"east": {"uv": [11, 3.5, 11.5, 6], "texture": "#0"},
				"south": {"uv": [11, 6, 11.5, 8.5], "texture": "#0"},
				"west": {"uv": [0, 11.5, 0.5, 14], "texture": "#0"},
				"up": {"uv": [11.5, 9, 11, 8.5], "texture": "#0"},
				"down": {"uv": [11.5, 9, 11, 9.5], "texture": "#0"}
			}
		},
		{
			"from": [13, 1, 11],
			"to": [14, 6, 12],
			"faces": {
				"north": {"uv": [0.5, 11.5, 1, 14], "texture": "#0"},
				"east": {"uv": [1, 11.5, 1.5, 14], "texture": "#0"},
				"south": {"uv": [11.5, 1, 12, 3.5], "texture": "#0"},
				"west": {"uv": [1.5, 11.5, 2, 14], "texture": "#0"},
				"up": {"uv": [11.5, 10, 11, 9.5], "texture": "#0"},
				"down": {"uv": [6, 11.5, 5.5, 12], "texture": "#0"}
			}
		},
		{
			"from": [2, 1, 4],
			"to": [3, 6, 5],
			"faces": {
				"north": {"uv": [11.5, 3.5, 12, 6], "texture": "#0"},
				"east": {"uv": [4, 11.5, 4.5, 14], "texture": "#0"},
				"south": {"uv": [4.5, 11.5, 5, 14], "texture": "#0"},
				"west": {"uv": [5, 11.5, 5.5, 14], "texture": "#0"},
				"up": {"uv": [12, 7.5, 11.5, 7], "texture": "#0"},
				"down": {"uv": [12, 7.5, 11.5, 8], "texture": "#0"}
			}
		},
		{
			"from": [2, 1, 11],
			"to": [3, 6, 12],
			"faces": {
				"north": {"uv": [2, 11.5, 2.5, 14], "texture": "#0"},
				"east": {"uv": [2.5, 11.5, 3, 14], "texture": "#0"},
				"south": {"uv": [3, 11.5, 3.5, 14], "texture": "#0"},
				"west": {"uv": [3.5, 11.5, 4, 14], "texture": "#0"},
				"up": {"uv": [12, 6.5, 11.5, 6], "texture": "#0"},
				"down": {"uv": [12, 6.5, 11.5, 7], "texture": "#0"}
			}
		},
		{
			"from": [3, 1, 4.5],
			"to": [13, 6, 4.5],
			"faces": {
				"north": {"uv": [6, 0, 11, 2.5], "texture": "#0"},
				"east": {"uv": [0, 0, 0, 2.5], "texture": "#0"},
				"south": {"uv": [11, 0, 6, 2.5], "texture": "#0"},
				"west": {"uv": [0, 0, 0, 2.5], "texture": "#0"},
				"up": {"uv": [5, 0, 0, 0], "texture": "#0"},
				"down": {"uv": [5, 0, 0, 0], "texture": "#0"}
			}
		},
		{
			"from": [2.5, 1, 5],
			"to": [2.5, 6, 11],
			"faces": {
				"north": {"uv": [0, 0, 0, 2.5], "texture": "#0"},
				"east": {"uv": [0, 8, 3, 10.5], "texture": "#0"},
				"south": {"uv": [0, 0, 0, 2.5], "texture": "#0"},
				"west": {"uv": [3, 8, 0, 10.5], "texture": "#0"},
				"up": {"uv": [0, 3, 0, 0], "texture": "#0"},
				"down": {"uv": [0, 0, 0, 3], "texture": "#0"}
			}
		},
		{
			"from": [13.5, 1, 5],
			"to": [13.5, 6, 11],
			"faces": {
				"north": {"uv": [0, 0, 0, 2.5], "texture": "#0"},
				"east": {"uv": [12, 10, 9, 12.5], "texture": "#0"},
				"south": {"uv": [0, 0, 0, 2.5], "texture": "#0"},
				"west": {"uv": [9, 10, 12, 12.5], "texture": "#0"},
				"up": {"uv": [0, 3, 0, 0], "texture": "#0"},
				"down": {"uv": [0, 0, 0, 3], "texture": "#0"}
			}
		},
		{
			"from": [3, 1, 11.5],
			"to": [13, 6, 11.5],
			"faces": {
				"north": {"uv": [6, 5, 11, 7.5], "texture": "#0"},
				"east": {"uv": [0, 0, 0, 2.5], "texture": "#0"},
				"south": {"uv": [11, 5, 6, 7.5], "texture": "#0"},
				"west": {"uv": [0, 0, 0, 2.5], "texture": "#0"},
				"up": {"uv": [5, 0, 0, 0], "texture": "#0"},
				"down": {"uv": [5, 0, 0, 0], "texture": "#0"}
			}
		},
		{
			"from": [1.5, 1, 10.75],
			"to": [9.5, 9, 10.75],
			"rotation": {"angle": 22.5, "axis": "x", "origin": [-1, 5, 8]},
			"faces": {
				"north": {"uv": [0, 16, 16, 0], "rotation": 180, "texture": "#1"},
				"east": {"uv": [4, 0, 0, 0], "rotation": 90, "texture": "#1"},
				"south": {"uv": [0, 0, 16, 16], "texture": "#1"},
				"west": {"uv": [4, 0, 0, 0], "rotation": 270, "texture": "#1"},
				"up": {"uv": [4, 0, 0, 0], "texture": "#1"},
				"down": {"uv": [4, 0, 0, 0], "rotation": 180, "texture": "#1"}
			}
		},
		{
			"from": [3.5, 0.875, 10.25],
			"to": [11.5, 8.875, 10.25],
			"rotation": {"angle": 22.5, "axis": "x", "origin": [-1, 5, 8]},
			"faces": {
				"north": {"uv": [0, 16, 16, 0], "rotation": 180, "texture": "#1"},
				"east": {"uv": [0, 0, 4, 0], "rotation": 90, "texture": "#1"},
				"south": {"uv": [0, 0, 16, 16], "texture": "#1"},
				"west": {"uv": [0, 0, 4, 0], "rotation": 270, "texture": "#1"},
				"up": {"uv": [0, 0, 4, 0], "texture": "#1"},
				"down": {"uv": [0, 0, 4, 0], "rotation": 180, "texture": "#1"}
			}
		},
		{
			"from": [5.5, 0.8, 10],
			"to": [13.5, 8.8, 10],
			"rotation": {"angle": 22.5, "axis": "x", "origin": [-1, 5, 8]},
			"faces": {
				"north": {"uv": [0, 16, 16, 0], "rotation": 180, "texture": "#1"},
				"east": {"uv": [0, 0, 4, 0], "rotation": 90, "texture": "#1"},
				"south": {"uv": [0, 0, 16, 16], "texture": "#1"},
				"west": {"uv": [0, 0, 4, 0], "rotation": 270, "texture": "#1"},
				"up": {"uv": [0, 0, 4, 0], "texture": "#1"},
				"down": {"uv": [0, 0, 4, 0], "rotation": 180, "texture": "#1"}
			}
		},
		{
			"from": [2.25, 0.25, 9.25],
			"to": [10.25, 8.25, 9.25],
			"rotation": {"angle": 22.5, "axis": "x", "origin": [-1, 5, 8]},
			"faces": {
				"north": {"uv": [16, 16, 0, 0], "rotation": 180, "texture": "#1"},
				"east": {"uv": [4, 0, 0, 0], "rotation": 90, "texture": "#1"},
				"south": {"uv": [16, 0, 0, 16], "texture": "#1"},
				"west": {"uv": [4, 0, 0, 0], "rotation": 270, "texture": "#1"},
				"up": {"uv": [4, 0, 0, 0], "texture": "#1"},
				"down": {"uv": [4, 0, 0, 0], "rotation": 180, "texture": "#1"}
			}
		},
		{
			"from": [4.25, 0.125, 8.75],
			"to": [12.25, 8.125, 8.75],
			"rotation": {"angle": 22.5, "axis": "x", "origin": [-1, 5, 8]},
			"faces": {
				"north": {"uv": [16, 16, 0, 0], "rotation": 180, "texture": "#1"},
				"east": {"uv": [0, 0, 4, 0], "rotation": 90, "texture": "#1"},
				"south": {"uv": [16, 0, 0, 16], "texture": "#1"},
				"west": {"uv": [0, 0, 4, 0], "rotation": 270, "texture": "#1"},
				"up": {"uv": [0, 0, 4, 0], "texture": "#1"},
				"down": {"uv": [0, 0, 4, 0], "rotation": 180, "texture": "#1"}
			}
		},
		{
			"from": [6.25, 0.05, 8.5],
			"to": [14.25, 8.05, 8.5],
			"rotation": {"angle": 22.5, "axis": "x", "origin": [-1, 5, 8]},
			"faces": {
				"north": {"uv": [16, 16, 0, 0], "rotation": 180, "texture": "#1"},
				"east": {"uv": [0, 0, 4, 0], "rotation": 90, "texture": "#1"},
				"south": {"uv": [16, 0, 0, 16], "texture": "#1"},
				"west": {"uv": [0, 0, 4, 0], "rotation": 270, "texture": "#1"},
				"up": {"uv": [0, 0, 4, 0], "texture": "#1"},
				"down": {"uv": [0, 0, 4, 0], "rotation": 180, "texture": "#1"}
			}
		},
		{
			"from": [1.5, -0.325, 7.75],
			"to": [9.5, 7.675, 7.75],
			"rotation": {"angle": 22.5, "axis": "x", "origin": [-1, 5, 8]},
			"faces": {
				"north": {"uv": [0, 16, 16, 0], "rotation": 180, "texture": "#1"},
				"east": {"uv": [4, 0, 0, 0], "rotation": 90, "texture": "#1"},
				"south": {"uv": [0, 0, 16, 16], "texture": "#1"},
				"west": {"uv": [4, 0, 0, 0], "rotation": 270, "texture": "#1"},
				"up": {"uv": [4, 0, 0, 0], "texture": "#1"},
				"down": {"uv": [4, 0, 0, 0], "rotation": 180, "texture": "#1"}
			}
		},
		{
			"from": [3.5, -0.45, 7.25],
			"to": [11.5, 7.55, 7.25],
			"rotation": {"angle": 22.5, "axis": "x", "origin": [-1, 5, 8]},
			"faces": {
				"north": {"uv": [0, 16, 16, 0], "rotation": 180, "texture": "#1"},
				"east": {"uv": [0, 0, 4, 0], "rotation": 90, "texture": "#1"},
				"south": {"uv": [0, 0, 16, 16], "texture": "#1"},
				"west": {"uv": [0, 0, 4, 0], "rotation": 270, "texture": "#1"},
				"up": {"uv": [0, 0, 4, 0], "texture": "#1"},
				"down": {"uv": [0, 0, 4, 0], "rotation": 180, "texture": "#1"}
			}
		},
		{
			"from": [5.5, -0.525, 7],
			"to": [13.5, 7.475, 7],
			"rotation": {"angle": 22.5, "axis": "x", "origin": [-1, 5, 8]},
			"faces": {
				"north": {"uv": [0, 16, 16, 0], "rotation": 180, "texture": "#1"},
				"east": {"uv": [0, 0, 4, 0], "rotation": 90, "texture": "#1"},
				"south": {"uv": [0, 0, 16, 16], "texture": "#1"},
				"west": {"uv": [0, 0, 4, 0], "rotation": 270, "texture": "#1"},
				"up": {"uv": [0, 0, 4, 0], "texture": "#1"},
				"down": {"uv": [0, 0, 4, 0], "rotation": 180, "texture": "#1"}
			}
		}
	],
	"display": {
		"thirdperson_righthand": {
			"translation": [2.5, 2.25, -1.5],
			"scale": [0.57, 0.57, 0.57]
		},
		"thirdperson_lefthand": {
			"translation": [2.5, 2.25, -1.5],
			"scale": [0.57, 0.57, 0.57]
		},
		"firstperson_righthand": {
			"rotation": [0, -42, 0],
			"scale": [0.54, 0.54, 0.54]
		},
		"firstperson_lefthand": {
			"rotation": [0, -42, 0],
			"scale": [0.54, 0.54, 0.54]
		},
		"ground": {
			"translation": [0, 2.25, 0],
			"scale": [0.43, 0.43, 0.43]
		},
		"gui": {
			"rotation": [26, -45, 0],
			"scale": [0.33, 0.33, 0.33]
		},
		"fixed": {
			"rotation": [-90, 180, 0],
			"translation": [0, 0, -16],
			"scale": [2.01, 2.01, 2.01]
		}
	}
}