{
	"credit": "Made by Manning Design",
	"texture_size": [128, 128],
	"textures": {
		"0": "chunky:item/furniture/cottagecore_villagesquare/bs_picnic_table_texture",
		"particle": "chunky:item/furniture/cottagecore_villagesquare/bs_picnic_table_texture"
	},
	"elements": [
		{
			"from": [-14, 14, 3],
			"to": [30, 16, 11],
			"rotation": {"angle": 0, "axis": "y", "origin": [0, 0, 16]},
			"faces": {
				"north": {"uv": [5.5, 10.875, 0, 10.625], "texture": "#0"},
				"east": {"uv": [6.5, 13.125, 5.5, 12.875], "texture": "#0"},
				"south": {"uv": [5.5, 11.125, 0, 10.875], "texture": "#0"},
				"west": {"uv": [6.5, 12.875, 5.5, 12.625], "texture": "#0"},
				"up": {"uv": [5.5, 13.125, 0, 12.125], "texture": "#0"},
				"down": {"uv": [5.5, 12.125, 0, 11.125], "texture": "#0"}
			}
		},
		{
			"from": [-14, 14, 12],
			"to": [30, 16, 20],
			"rotation": {"angle": 0, "axis": "y", "origin": [16, 0, 16]},
			"faces": {
				"north": {"uv": [0, 10.875, 5.5, 10.625], "texture": "#0"},
				"east": {"uv": [5.5, 12.875, 6.5, 12.625], "texture": "#0"},
				"south": {"uv": [0, 11.125, 5.5, 10.875], "texture": "#0"},
				"west": {"uv": [5.5, 13.125, 6.5, 12.875], "texture": "#0"},
				"up": {"uv": [0, 13.125, 5.5, 12.125], "texture": "#0"},
				"down": {"uv": [0, 12.125, 5.5, 11.125], "texture": "#0"}
			}
		},
		{
			"from": [25, 12, 5],
			"to": [29, 14, 27],
			"rotation": {"angle": 0, "axis": "y", "origin": [16, 0, 16]},
			"faces": {
				"north": {"uv": [8.875, 15.75, 9.375, 16], "texture": "#0"},
				"east": {"uv": [6.125, 15.75, 8.875, 16], "texture": "#0"},
				"south": {"uv": [8.875, 15.5, 9.375, 15.75], "texture": "#0"},
				"west": {"uv": [6.125, 14.5, 8.875, 14.75], "texture": "#0"},
				"up": {"uv": [6.125, 14.75, 8.875, 15.25], "rotation": 90, "texture": "#0"},
				"down": {"uv": [6.125, 15.25, 8.875, 15.75], "rotation": 90, "texture": "#0"}
			}
		},
		{
			"from": [-13, 12, 5],
			"to": [-9, 14, 27],
			"rotation": {"angle": 0, "axis": "y", "origin": [0, 0, 16]},
			"faces": {
				"north": {"uv": [9.375, 15.75, 8.875, 16], "texture": "#0"},
				"east": {"uv": [8.875, 14.5, 6.125, 14.75], "texture": "#0"},
				"south": {"uv": [9.375, 15.5, 8.875, 15.75], "texture": "#0"},
				"west": {"uv": [8.875, 15.75, 6.125, 16], "texture": "#0"},
				"up": {"uv": [6.125, 15.25, 8.875, 14.75], "rotation": 90, "texture": "#0"},
				"down": {"uv": [6.125, 15.75, 8.875, 15.25], "rotation": 90, "texture": "#0"}
			}
		},
		{
			"from": [26, 0.51819, 21.68714],
			"to": [28, 15.51819, 25.68714],
			"rotation": {"angle": -22.5, "axis": "x", "origin": [27, 9.51819, 25.68714]},
			"faces": {
				"north": {"uv": [10.125, 14.125, 10.375, 16], "texture": "#0"},
				"east": {"uv": [9.375, 14.125, 9.875, 16], "texture": "#0"},
				"south": {"uv": [9.875, 14.125, 10.125, 16], "texture": "#0"},
				"west": {"uv": [9.375, 14.125, 9.875, 16], "texture": "#0"},
				"down": {"uv": [10.375, 15.5, 10.625, 16], "texture": "#0"}
			}
		},
		{
			"from": [-12, -0.133, 22.41341],
			"to": [-10, 14.867, 26.41341],
			"rotation": {"angle": -22.5, "axis": "x", "origin": [-11, 7.367, 24.41341]},
			"faces": {
				"north": {"uv": [10.375, 14.125, 10.125, 16], "texture": "#0"},
				"east": {"uv": [9.875, 14.125, 9.375, 16], "texture": "#0"},
				"south": {"uv": [10.125, 14.125, 9.875, 16], "texture": "#0"},
				"west": {"uv": [9.875, 14.125, 9.375, 16], "texture": "#0"},
				"down": {"uv": [10.625, 15.5, 10.375, 16], "texture": "#0"}
			}
		},
		{
			"from": [-12, -0.133, 5.41341],
			"to": [-10, 14.867, 9.41341],
			"rotation": {"angle": 22.5, "axis": "x", "origin": [-11, 7.367, 7.41341]},
			"faces": {
				"north": {"uv": [10.125, 14.125, 9.875, 16], "texture": "#0"},
				"east": {"uv": [9.875, 14.125, 9.375, 16], "texture": "#0"},
				"south": {"uv": [10.375, 14.125, 10.125, 16], "texture": "#0"},
				"west": {"uv": [9.875, 14.125, 9.375, 16], "texture": "#0"},
				"down": {"uv": [10.625, 15.5, 10.375, 16], "rotation": 180, "texture": "#0"}
			}
		},
		{
			"from": [26, -0.133, 5.41341],
			"to": [28, 14.867, 9.41341],
			"rotation": {"angle": 22.5, "axis": "x", "origin": [27, 7.367, 7.41341]},
			"faces": {
				"north": {"uv": [9.875, 14.125, 10.125, 16], "texture": "#0"},
				"east": {"uv": [9.375, 14.125, 9.875, 16], "texture": "#0"},
				"south": {"uv": [10.125, 14.125, 10.375, 16], "texture": "#0"},
				"west": {"uv": [9.375, 14.125, 9.875, 16], "texture": "#0"},
				"down": {"uv": [10.375, 15.5, 10.625, 16], "rotation": 180, "texture": "#0"}
			}
		},
		{
			"from": [-14, 14, 21],
			"to": [30, 16, 29],
			"rotation": {"angle": 0, "axis": "y", "origin": [0, 0, 16]},
			"faces": {
				"north": {"uv": [5.5, 10.875, 0, 10.625], "texture": "#0"},
				"east": {"uv": [6.5, 13.125, 5.5, 12.875], "texture": "#0"},
				"south": {"uv": [5.5, 11.125, 0, 10.875], "texture": "#0"},
				"west": {"uv": [6.5, 12.875, 5.5, 12.625], "texture": "#0"},
				"up": {"uv": [5.5, 13.125, 0, 12.125], "texture": "#0"},
				"down": {"uv": [5.5, 12.125, 0, 11.125], "texture": "#0"}
			}
		}
	],
	"display": {
		"thirdperson_righthand": {
			"rotation": [75, 45, 0],
			"translation": [0, 2.5, 0],
			"scale": [0.375, 0.375, 0.375]
		},
		"thirdperson_lefthand": {
			"rotation": [75, 45, 0],
			"translation": [0, 2.5, 0],
			"scale": [0.375, 0.375, 0.375]
		},
		"firstperson_righthand": {
			"rotation": [0, 45, 0],
			"scale": [0.4, 0.4, 0.4]
		},
		"firstperson_lefthand": {
			"rotation": [0, 225, 0],
			"translation": [5, 0, 4.25],
			"scale": [0.4, 0.4, 0.4]
		},
		"ground": {
			"translation": [0, 3, 0],
			"scale": [0.25, 0.25, 0.25]
		},
		"gui": {
			"rotation": [26, -45, 0],
			"translation": [1.75, 0, 0],
			"scale": [0.3, 0.3, 0.3]
		},
		"head": {
			"scale": [1.6, 1.6, 1.6]
		},
		"fixed": {
			"rotation": [-90, 0, 0],
			"translation": [0, 0, -13.5],
			"scale": [2, 2, 2]
		}
	},
	"groups": [
		{
			"name": "core",
			"origin": [8, 8, 8],
			"color": 0,
			"nbt": "{}",
			"children": [0, 1, 2, 3, 4, 5, 6, 7, 8]
		}
	]
}