{
	"credit": "Made by Manning Design",
	"texture_size": [32, 32],
	"textures": {
		"0": "chunky:item/furniture/cottagecore_villagesquare/bs_rock_bundle_7_texture",
		"particle": "chunky:item/furniture/cottagecore_villagesquare/bs_rock_bundle_7_texture"
	},
	"elements": [
		{
			"from": [1.5, 0, 8],
			"to": [10.5, 2, 14],
			"rotation": {"angle": -22.5, "axis": "y", "origin": [6.5, 1, 10]},
			"faces": {
				"north": {"uv": [4.5, 0, 9, 1], "texture": "#0"},
				"east": {"uv": [4.5, 2, 7.5, 3], "texture": "#0"},
				"south": {"uv": [4.5, 1, 9, 2], "texture": "#0"},
				"west": {"uv": [4.5, 3, 7.5, 4], "texture": "#0"},
				"up": {"uv": [4.5, 3, 0, 0], "texture": "#0"},
				"down": {"uv": [4.5, 3, 0, 6], "texture": "#0"}
			}
		},
		{
			"from": [10.0646, 0, 4.10687],
			"to": [14.0646, 1, 7.10687],
			"rotation": {"angle": 22.5, "axis": "y", "origin": [10.5646, 1, 4.10687]},
			"faces": {
				"north": {"uv": [6.5, 5, 8.5, 5.5], "texture": "#0"},
				"east": {"uv": [3, 7, 4.5, 7.5], "texture": "#0"},
				"south": {"uv": [6.5, 5.5, 8.5, 6], "texture": "#0"},
				"west": {"uv": [4.5, 7, 6, 7.5], "texture": "#0"},
				"up": {"uv": [6.5, 5.5, 4.5, 4], "texture": "#0"},
				"down": {"uv": [6.5, 5.5, 4.5, 7], "texture": "#0"}
			}
		},
		{
			"from": [11.70323, 0, 9.38582],
			"to": [14.70323, 1, 11.38582],
			"rotation": {"angle": 45, "axis": "y", "origin": [15.20323, 0.5, 11.38582]},
			"faces": {
				"north": {"uv": [7.5, 2.5, 9, 3], "texture": "#0"},
				"east": {"uv": [7.5, 3, 8.5, 3.5], "texture": "#0"},
				"south": {"uv": [3, 7.5, 4.5, 8], "texture": "#0"},
				"west": {"uv": [7.5, 3.5, 8.5, 4], "texture": "#0"},
				"up": {"uv": [4.5, 7, 3, 6], "texture": "#0"},
				"down": {"uv": [8, 4, 6.5, 5], "texture": "#0"}
			}
		},
		{
			"from": [2.26119, 0, 2.05417],
			"to": [5.26119, 1, 6.05417],
			"rotation": {"angle": 45, "axis": "y", "origin": [3.76119, 0.5, 2.05417]},
			"faces": {
				"north": {"uv": [6, 7, 7.5, 7.5], "texture": "#0"},
				"east": {"uv": [6.5, 6, 8.5, 6.5], "texture": "#0"},
				"south": {"uv": [7.5, 2, 9, 2.5], "texture": "#0"},
				"west": {"uv": [6.5, 6.5, 8.5, 7], "texture": "#0"},
				"up": {"uv": [1.5, 8, 0, 6], "texture": "#0"},
				"down": {"uv": [3, 6, 1.5, 8], "texture": "#0"}
			}
		}
	],
	"display": {
		"thirdperson_righthand": {
			"translation": [0, 4.75, -1.5],
			"scale": [0.57, 0.57, 0.57]
		},
		"thirdperson_lefthand": {
			"translation": [-1, 4.25, -0.5],
			"scale": [0.57, 0.57, 0.57]
		},
		"firstperson_righthand": {
			"rotation": [0, 144, 0],
			"translation": [0, 6, 0],
			"scale": [0.54, 0.54, 0.54]
		},
		"firstperson_lefthand": {
			"rotation": [0, 113, 0],
			"translation": [0, 5.75, 0],
			"scale": [0.54, 0.54, 0.54]
		},
		"ground": {
			"translation": [0, 4.25, 0],
			"scale": [0.43, 0.43, 0.43]
		},
		"gui": {
			"rotation": [26, 174, 0],
			"translation": [-0.5, 4.5, 0],
			"scale": [0.78, 0.78, 0.78]
		},
		"head": {
			"translation": [0, 3.75, 0]
		},
		"fixed": {
			"rotation": [-90, 0, 0],
			"translation": [0, 0, -16],
			"scale": [2.01, 2.01, 2.01]
		}
	}
}