{
	"credit": "Made by Manning Design",
	"texture_size": [32, 32],
	"textures": {
		"0": "chunky:item/furniture/cottagecore_villagesquare/bs_rock_bundle_4_texture",
		"particle": "chunky:item/furniture/cottagecore_villagesquare/bs_rock_bundle_4_texture"
	},
	"elements": [
		{
			"from": [3, 0, 4],
			"to": [11, 5, 12],
			"rotation": {"angle": 22.5, "axis": "y", "origin": [9, 1, 9]},
			"faces": {
				"north": {"uv": [0, 8, 4, 10.5], "texture": "#0"},
				"east": {"uv": [8, 0, 12, 2.5], "texture": "#0"},
				"south": {"uv": [8, 2.5, 12, 5], "texture": "#0"},
				"west": {"uv": [0, 10.5, 4, 13], "texture": "#0"},
				"up": {"uv": [4, 4, 0, 0], "texture": "#0"},
				"down": {"uv": [4, 4, 0, 8], "texture": "#0"}
			}
		},
		{
			"from": [4.39315, 0, 1.9218],
			"to": [12.39315, 3, 8.9218],
			"rotation": {"angle": -22.5, "axis": "y", "origin": [8.39315, 2.5, 4.9218]},
			"faces": {
				"north": {"uv": [11, 9, 15, 10.5], "texture": "#0"},
				"east": {"uv": [12, 0, 15.5, 1.5], "texture": "#0"},
				"south": {"uv": [11.5, 10.5, 15.5, 12], "texture": "#0"},
				"west": {"uv": [12, 1.5, 15.5, 3], "texture": "#0"},
				"up": {"uv": [8, 3.5, 4, 0], "texture": "#0"},
				"down": {"uv": [8, 3.5, 4, 7], "texture": "#0"}
			}
		},
		{
			"from": [6.94271, -1.825, 6.22731],
			"to": [13.94271, 2.175, 14.22731],
			"rotation": {"angle": -22.5, "axis": "x", "origin": [9.44271, 1.5, 10.22731]},
			"faces": {
				"north": {"uv": [11, 7, 14.5, 9], "texture": "#0"},
				"east": {"uv": [8, 5, 12, 7], "texture": "#0"},
				"south": {"uv": [8, 11, 11.5, 13], "texture": "#0"},
				"west": {"uv": [4, 11, 8, 13], "texture": "#0"},
				"up": {"uv": [7.5, 11, 4, 7], "texture": "#0"},
				"down": {"uv": [11, 7, 7.5, 11], "texture": "#0"}
			}
		}
	],
	"display": {
		"thirdperson_righthand": {
			"translation": [-0.5, 3.5, -1.5],
			"scale": [0.57, 0.57, 0.57]
		},
		"thirdperson_lefthand": {
			"translation": [0.5, 3.75, -0.5],
			"scale": [0.57, 0.57, 0.57]
		},
		"firstperson_righthand": {
			"rotation": [0, 156, 0],
			"translation": [0, 5.25, 0],
			"scale": [0.54, 0.54, 0.54]
		},
		"firstperson_lefthand": {
			"rotation": [0, 72, 0],
			"translation": [0, 4.75, 0],
			"scale": [0.54, 0.54, 0.54]
		},
		"ground": {
			"translation": [0, 5.25, 0],
			"scale": [0.43, 0.43, 0.43]
		},
		"gui": {
			"rotation": [26, -151, 0],
			"translation": [0.5, 4, 0],
			"scale": [0.73, 0.73, 0.73]
		},
		"head": {
			"translation": [0, 3.25, 0]
		},
		"fixed": {
			"rotation": [-90, 0, 0],
			"translation": [0, 0, -16],
			"scale": [2.01, 2.01, 2.01]
		}
	}
}