{
	"credit": "Made by Manning Design",
	"textures": {
		"0": "chunky:item/furniture/cottagecore_villagesquare/bs_rock_bundle_2_texture",
		"particle": "chunky:item/furniture/cottagecore_villagesquare/bs_rock_bundle_2_texture"
	},
	"elements": [
		{
			"from": [8.5, 0, 10.75],
			"to": [12.5, 2, 13.75],
			"rotation": {"angle": 22.5, "axis": "y", "origin": [9.5, 0.5, 11.25]},
			"faces": {
				"north": {"uv": [11, 4, 7, 6], "texture": "#0"},
				"east": {"uv": [9, 8, 6, 10], "texture": "#0"},
				"south": {"uv": [11, 6, 7, 8], "texture": "#0"},
				"west": {"uv": [6, 8, 3, 10], "texture": "#0"},
				"up": {"uv": [0, 3, 4, 0], "texture": "#0"},
				"down": {"uv": [0, 3, 4, 6], "texture": "#0"}
			}
		},
		{
			"from": [3.62778, 0, 7.32404],
			"to": [6.62778, 1, 11.32404],
			"rotation": {"angle": -22.5, "axis": "y", "origin": [8.12778, 0.5, 5.32404]},
			"faces": {
				"north": {"uv": [13, 1, 10, 2], "texture": "#0"},
				"east": {"uv": [13, 9, 9, 10], "texture": "#0"},
				"south": {"uv": [13, 2, 10, 3], "texture": "#0"},
				"west": {"uv": [13, 8, 9, 9], "texture": "#0"},
				"up": {"uv": [4, 4, 7, 0], "texture": "#0"},
				"down": {"uv": [4, 4, 7, 8], "texture": "#0"}
			}
		},
		{
			"from": [8.62359, 0, 2.31777],
			"to": [11.62359, 1, 6.31777],
			"rotation": {"angle": 22.5, "axis": "y", "origin": [11.12359, 0.5, 3.31777]},
			"faces": {
				"north": {"uv": [13, 3, 10, 4], "texture": "#0"},
				"east": {"uv": [14, 0, 10, 1], "texture": "#0"},
				"south": {"uv": [7, 10, 4, 11], "texture": "#0"},
				"west": {"uv": [4, 10, 0, 11], "texture": "#0"},
				"up": {"uv": [0, 10, 3, 6], "texture": "#0"},
				"down": {"uv": [7, 0, 10, 4], "texture": "#0"}
			}
		}
	],
	"display": {
		"thirdperson_righthand": {
			"translation": [-0.25, 4.25, -0.25],
			"scale": [0.57, 0.57, 0.57]
		},
		"thirdperson_lefthand": {
			"translation": [0, 4.5, 0.5],
			"scale": [0.57, 0.57, 0.57]
		},
		"firstperson_righthand": {
			"rotation": [0, 180, 0],
			"translation": [0.5, 5.75, 0],
			"scale": [0.54, 0.54, 0.54]
		},
		"firstperson_lefthand": {
			"rotation": [0, 138, 0],
			"translation": [1.5, 6.25, 0],
			"scale": [0.54, 0.54, 0.54]
		},
		"ground": {
			"translation": [0, 6, 0],
			"scale": [0.43, 0.43, 0.43]
		},
		"gui": {
			"rotation": [26, 180, 0],
			"translation": [0, 5.75, 0]
		},
		"fixed": {
			"rotation": [-90, 0, 0],
			"translation": [0, 0, -16],
			"scale": [2.01, 2.01, 2.01]
		}
	}
}