{
	"credit": "Made by Manning Design",
	"texture_size": [64, 64],
	"textures": {
		"0": "chunky:item/furniture/cottagecore_villagesquare/bs_vintage_cash_register_green_texture",
		"particle": "chunky:item/furniture/cottagecore_villagesquare/bs_vintage_cash_register_green_texture"
	},
	"elements": [
		{
			"from": [2, 0, 2],
			"to": [14, 3, 14],
			"faces": {
				"north": {"uv": [7.25, 3.5, 10.25, 4.25], "texture": "#0"},
				"east": {"uv": [7.25, 4.25, 10.25, 5], "texture": "#0"},
				"south": {"uv": [7.25, 5, 10.25, 5.75], "texture": "#0"},
				"west": {"uv": [7.25, 5.75, 10.25, 6.5], "texture": "#0"},
				"up": {"uv": [3, 3, 0, 0], "texture": "#0"},
				"down": {"uv": [3, 3, 0, 6], "texture": "#0"}
			}
		},
		{
			"from": [2, 3, 5],
			"to": [14, 9, 9],
			"faces": {
				"north": {"uv": [3, 5.5, 6, 7], "texture": "#0"},
				"east": {"uv": [0, 7.5, 1, 9], "texture": "#0"},
				"south": {"uv": [0, 6, 3, 7.5], "texture": "#0"},
				"west": {"uv": [1, 7.5, 2, 9], "texture": "#0"},
				"up": {"uv": [6, 8, 3, 7], "texture": "#0"},
				"down": {"uv": [10.25, 2.5, 7.25, 3.5], "texture": "#0"}
			}
		},
		{
			"from": [2, 3, 4],
			"to": [14, 6, 5],
			"faces": {
				"north": {"uv": [7.25, 6.5, 10.25, 7.25], "texture": "#0"},
				"east": {"uv": [5, 8.75, 5.25, 9.5], "texture": "#0"},
				"south": {"uv": [7.25, 7.25, 10.25, 8], "texture": "#0"},
				"west": {"uv": [5.25, 8.75, 5.5, 9.5], "texture": "#0"},
				"up": {"uv": [8, 8.75, 5, 8.5], "texture": "#0"},
				"down": {"uv": [11, 8.5, 8, 8.75], "texture": "#0"}
			}
		},
		{
			"from": [2, 3, 9],
			"to": [14, 14, 14],
			"faces": {
				"north": {"uv": [3, 0, 6, 2.75], "texture": "#0"},
				"east": {"uv": [6, 2.5, 7.25, 5.25], "texture": "#0"},
				"south": {"uv": [3, 2.75, 6, 5.5], "texture": "#0"},
				"west": {"uv": [6, 5.25, 7.25, 8], "texture": "#0"},
				"up": {"uv": [9, 1.25, 6, 0], "texture": "#0"},
				"down": {"uv": [9, 1.25, 6, 2.5], "texture": "#0"}
			}
		},
		{
			"from": [2, 8, 3],
			"to": [14, 8, 5],
			"faces": {
				"north": {"uv": [0, 0, 3, 0], "texture": "#0"},
				"east": {"uv": [0, 0, 0.5, 0], "texture": "#0"},
				"south": {"uv": [0, 0, 3, 0], "texture": "#0"},
				"west": {"uv": [0, 0, 0.5, 0], "texture": "#0"},
				"up": {"uv": [5, 8.5, 2, 8], "texture": "#0"},
				"down": {"uv": [5, 8, 2, 8.5], "texture": "#0"}
			}
		},
		{
			"from": [2, 5, 2],
			"to": [14, 5, 4],
			"faces": {
				"north": {"uv": [0, 0, 3, 0], "texture": "#0"},
				"east": {"uv": [0, 0, 0.5, 0], "texture": "#0"},
				"south": {"uv": [0, 0, 3, 0], "texture": "#0"},
				"west": {"uv": [0, 0, 0.5, 0], "texture": "#0"},
				"up": {"uv": [11, 8.5, 8, 8], "texture": "#0"},
				"down": {"uv": [11, 8, 8, 8.5], "texture": "#0"}
			}
		},
		{
			"from": [13.5, 3, 3],
			"to": [13.5, 5, 4],
			"faces": {
				"north": {"uv": [0, 0, 0, 0.5], "texture": "#0"},
				"east": {"uv": [2, 7.5, 2.25, 8], "texture": "#0"},
				"south": {"uv": [0, 0, 0, 0.5], "texture": "#0"},
				"west": {"uv": [2.25, 7.5, 2.5, 8], "texture": "#0"},
				"up": {"uv": [0, 0.25, 0, 0], "texture": "#0"},
				"down": {"uv": [0, 0, 0, 0.25], "texture": "#0"}
			}
		},
		{
			"from": [2.5, 6, 4],
			"to": [2.5, 8, 5],
			"faces": {
				"north": {"uv": [0, 0, 0, 0.5], "texture": "#0"},
				"east": {"uv": [9, 0.5, 9.25, 1], "texture": "#0"},
				"south": {"uv": [0, 0, 0, 0.5], "texture": "#0"},
				"west": {"uv": [0.75, 9, 1, 9.5], "texture": "#0"},
				"up": {"uv": [0, 0.25, 0, 0], "texture": "#0"},
				"down": {"uv": [0, 0, 0, 0.25], "texture": "#0"}
			}
		},
		{
			"from": [4.5, 6, 4],
			"to": [4.5, 8, 5],
			"faces": {
				"north": {"uv": [0, 0, 0, 0.5], "texture": "#0"},
				"east": {"uv": [0.25, 9, 0.5, 9.5], "texture": "#0"},
				"south": {"uv": [0, 0, 0, 0.5], "texture": "#0"},
				"west": {"uv": [0.5, 9, 0.75, 9.5], "texture": "#0"},
				"up": {"uv": [0, 0.25, 0, 0], "texture": "#0"},
				"down": {"uv": [0, 0, 0, 0.25], "texture": "#0"}
			}
		},
		{
			"from": [6.5, 6, 4],
			"to": [6.5, 8, 5],
			"faces": {
				"north": {"uv": [0, 0, 0, 0.5], "texture": "#0"},
				"east": {"uv": [0, 9, 0.25, 9.5], "texture": "#0"},
				"south": {"uv": [0, 0, 0, 0.5], "texture": "#0"},
				"west": {"uv": [9, 0, 9.25, 0.5], "texture": "#0"},
				"up": {"uv": [0, 0.25, 0, 0], "texture": "#0"},
				"down": {"uv": [0, 0, 0, 0.25], "texture": "#0"}
			}
		},
		{
			"from": [8.5, 6, 4],
			"to": [8.5, 8, 5],
			"faces": {
				"north": {"uv": [0, 0, 0, 0.5], "texture": "#0"},
				"east": {"uv": [8.5, 8.75, 8.75, 9.25], "texture": "#0"},
				"south": {"uv": [0, 0, 0, 0.5], "texture": "#0"},
				"west": {"uv": [8.75, 8.75, 9, 9.25], "texture": "#0"},
				"up": {"uv": [0, 0.25, 0, 0], "texture": "#0"},
				"down": {"uv": [0, 0, 0, 0.25], "texture": "#0"}
			}
		},
		{
			"from": [10.5, 6, 4],
			"to": [10.5, 8, 5],
			"faces": {
				"north": {"uv": [0, 0, 0, 0.5], "texture": "#0"},
				"east": {"uv": [8, 8.75, 8.25, 9.25], "texture": "#0"},
				"south": {"uv": [0, 0, 0, 0.5], "texture": "#0"},
				"west": {"uv": [8.25, 8.75, 8.5, 9.25], "texture": "#0"},
				"up": {"uv": [0, 0.25, 0, 0], "texture": "#0"},
				"down": {"uv": [0, 0, 0, 0.25], "texture": "#0"}
			}
		},
		{
			"from": [12.5, 6, 4],
			"to": [12.5, 8, 5],
			"faces": {
				"north": {"uv": [0, 0, 0, 0.5], "texture": "#0"},
				"east": {"uv": [7.5, 8.75, 7.75, 9.25], "texture": "#0"},
				"south": {"uv": [0, 0, 0, 0.5], "texture": "#0"},
				"west": {"uv": [7.75, 8.75, 8, 9.25], "texture": "#0"},
				"up": {"uv": [0, 0.25, 0, 0], "texture": "#0"},
				"down": {"uv": [0, 0, 0, 0.25], "texture": "#0"}
			}
		},
		{
			"from": [11.5, 3, 3],
			"to": [11.5, 5, 4],
			"faces": {
				"north": {"uv": [0, 0, 0, 0.5], "texture": "#0"},
				"east": {"uv": [2.5, 7.5, 2.75, 8], "texture": "#0"},
				"south": {"uv": [0, 0, 0, 0.5], "texture": "#0"},
				"west": {"uv": [2.75, 7.5, 3, 8], "texture": "#0"},
				"up": {"uv": [0, 0.25, 0, 0], "texture": "#0"},
				"down": {"uv": [0, 0, 0, 0.25], "texture": "#0"}
			}
		},
		{
			"from": [9.5, 3, 3],
			"to": [9.5, 5, 4],
			"faces": {
				"north": {"uv": [0, 0, 0, 0.5], "texture": "#0"},
				"east": {"uv": [5.5, 8.75, 5.75, 9.25], "texture": "#0"},
				"south": {"uv": [0, 0, 0, 0.5], "texture": "#0"},
				"west": {"uv": [5.75, 8.75, 6, 9.25], "texture": "#0"},
				"up": {"uv": [0, 0.25, 0, 0], "texture": "#0"},
				"down": {"uv": [0, 0, 0, 0.25], "texture": "#0"}
			}
		},
		{
			"from": [7.5, 3, 3],
			"to": [7.5, 5, 4],
			"faces": {
				"north": {"uv": [0, 0, 0, 0.5], "texture": "#0"},
				"east": {"uv": [6, 8.75, 6.25, 9.25], "texture": "#0"},
				"south": {"uv": [0, 0, 0, 0.5], "texture": "#0"},
				"west": {"uv": [6.25, 8.75, 6.5, 9.25], "texture": "#0"},
				"up": {"uv": [0, 0.25, 0, 0], "texture": "#0"},
				"down": {"uv": [0, 0, 0, 0.25], "texture": "#0"}
			}
		},
		{
			"from": [3.5, 3, 3],
			"to": [3.5, 5, 4],
			"faces": {
				"north": {"uv": [0, 0, 0, 0.5], "texture": "#0"},
				"east": {"uv": [6.5, 8.75, 6.75, 9.25], "texture": "#0"},
				"south": {"uv": [0, 0, 0, 0.5], "texture": "#0"},
				"west": {"uv": [6.75, 8.75, 7, 9.25], "texture": "#0"},
				"up": {"uv": [0, 0.25, 0, 0], "texture": "#0"},
				"down": {"uv": [0, 0, 0, 0.25], "texture": "#0"}
			}
		},
		{
			"from": [5.5, 3, 3],
			"to": [5.5, 5, 4],
			"faces": {
				"north": {"uv": [0, 0, 0, 0.5], "texture": "#0"},
				"east": {"uv": [7, 8.75, 7.25, 9.25], "texture": "#0"},
				"south": {"uv": [0, 0, 0, 0.5], "texture": "#0"},
				"west": {"uv": [7.25, 8.75, 7.5, 9.25], "texture": "#0"},
				"up": {"uv": [0, 0.25, 0, 0], "texture": "#0"},
				"down": {"uv": [0, 0, 0, 0.25], "texture": "#0"}
			}
		}
	],
	"display": {
		"thirdperson_righthand": {
			"translation": [0.25, 2.25, -1.5],
			"scale": [0.57, 0.57, 0.57]
		},
		"thirdperson_lefthand": {
			"translation": [0.75, 2.25, -1.5],
			"scale": [0.57, 0.57, 0.57]
		},
		"firstperson_righthand": {
			"rotation": [0, 132, 0],
			"translation": [0, 4, 0],
			"scale": [0.54, 0.54, 0.54]
		},
		"firstperson_lefthand": {
			"rotation": [0, 124, 0],
			"translation": [0, 4.25, 0],
			"scale": [0.54, 0.54, 0.54]
		},
		"ground": {
			"translation": [0, 2.25, 0],
			"scale": [0.43, 0.43, 0.43]
		},
		"gui": {
			"rotation": [26, 135, 0],
			"translation": [-0.25, 0.75, 0],
			"scale": [0.52, 0.52, 0.52]
		},
		"fixed": {
			"rotation": [-90, 0, 0],
			"translation": [0, 0, -16],
			"scale": [2.01, 2.01, 2.01]
		}
	}
}