{"texture_size":[32,32],"textures":{"0":"cosmetics:item/hat/chef_hat","particle":"cosmetics:item/hat/chef_hat"},"elements":[{"from":[3.5,0,3.5],"to":[12.5,5,12.5],"faces":{"north":{"uv":[0,2.5,4.5,5],"texture":"#0","tintindex":0},"east":{"uv":[4.5,5,0,7.5],"texture":"#0","tintindex":0},"south":{"uv":[0,2.5,4.5,5],"texture":"#0","tintindex":0},"west":{"uv":[0,5,4.5,7.5],"texture":"#0","tintindex":0},"up":{"uv":[6.5,6.5,10,10],"texture":"#0","tintindex":0},"down":{"uv":[11,0.5,15.5,5],"texture":"#0","tintindex":0}}},{"from":[2.5,6,0.5],"to":[13.5,11,11.5],"rotation":{"angle":22.5,"axis":"x","origin":[0,0,0]},"faces":{"north":{"uv":[0,0,5.5,2.5],"texture":"#0","tintindex":0},"east":{"uv":[0,0,5.5,2.5],"texture":"#0","tintindex":0},"south":{"uv":[0,0,5.5,2.5],"texture":"#0","tintindex":0},"west":{"uv":[0,0,5.5,2.5],"texture":"#0","tintindex":0},"up":{"uv":[5.5,0,11,5.5],"texture":"#0","tintindex":0},"down":{"uv":[5.5,5.5,11,11],"texture":"#0","tintindex":0}}}],"gui_light":"front","display":{"thirdperson_righthand":{"rotation":[60,45,0],"translation":[0,2,2],"scale":[0.5,0.5,0.5]},"thirdperson_lefthand":{"rotation":[60,45,0],"translation":[0,2,2],"scale":[0.5,0.5,0.5]},"ground":{"translation":[0,3,0],"scale":[0.3,0.3,0.3]},"gui":{"rotation":[30,160,0],"translation":[0,3.5,0]},"head":{"rotation":[10,0,0],"translation":[0,16,2],"scale":[1.8,1.8,1.8]}}
}