{"texture_size":[64,64],"textures":{"0":"cosmetics:item/hat/snow_fox_sleeping","particle":"cosmetics:item/hat/snow_fox_sleeping"},"elements":[{"from":[6.5,0,1],"to":[15.5,7,8],"rotation":{"angle":22.5,"axis":"y","origin":[12.0625,4.5625,1.75]},"faces":{"north":{"uv":[4.25,1.5,6.5,3.25],"texture":"#0"},"east":{"uv":[6.5,1.5,8.25,3.25],"texture":"#0"},"south":{"uv":[4.25,3.25,6.5,5],"texture":"#0"},"west":{"uv":[8.25,1.5,6.5,3.25],"texture":"#0"},"up":{"uv":[2.25,6.75,0,5],"texture":"#0"},"down":{"uv":[4.5,5,2.25,6.75],"texture":"#0"}}},{"from":[8.5,0,-3],"to":[13.5,2.75,1],"rotation":{"angle":22.5,"axis":"y","origin":[12.0625,4.5625,1.75]},"faces":{"north":{"uv":[7.25,8,8.5,8.75],"texture":"#0"},"east":{"uv":[3.5,6.75,4.5,7.5],"texture":"#0"},"south":{"uv":[0,8.25,1.25,9],"texture":"#0"},"west":{"uv":[4.5,6.75,3.5,7.5],"texture":"#0"},"up":{"uv":[6,8.5,4.75,7.5],"texture":"#0"},"down":{"uv":[7.25,8,6,9],"texture":"#0"}}},{"from":[6.75,7,1.5],"to":[9.25,9.25,3],"rotation":{"angle":22.5,"axis":"y","origin":[12.0625,4.5625,1.75]},"faces":{"north":{"uv":[8.25,2.5,9,3],"texture":"#0"},"east":{"uv":[8.25,7,8.75,7.5],"texture":"#0"},"south":{"uv":[8.25,3,9,3.5],"texture":"#0"},"west":{"uv":[8.25,7.5,8.75,8],"texture":"#0"},"up":{"uv":[9,4,8.25,3.5],"texture":"#0"},"down":{"uv":[9,4,8.25,4.5],"texture":"#0"}}},{"from":[13.67119,7,-0.01746],"to":[16.17119,9.25,1.48254],"rotation":{"angle":22.5,"axis":"y","origin":[16.42119,8.125,3.13254]},"faces":{"north":{"uv":[9,2.5,8.25,3],"texture":"#0"},"east":{"uv":[8.75,7.5,8.25,8],"texture":"#0"},"south":{"uv":[9,3,8.25,3.5],"texture":"#0"},"west":{"uv":[8.75,7,8.25,7.5],"texture":"#0"},"up":{"uv":[8.25,4,9,3.5],"texture":"#0"},"down":{"uv":[8.25,4,9,4.5],"texture":"#0"}}},{"from":[-1.5,0.1,7],"to":[15.5,5.85,13.75],"faces":{"north":{"uv":[0,3.5,4.25,5],"texture":"#0"},"east":{"uv":[0,6.75,1.75,8.25],"texture":"#0"},"south":{"uv":[4.25,0,8.5,1.5],"texture":"#0"},"west":{"uv":[1.75,6.75,3.5,8.25],"texture":"#0"},"up":{"uv":[4.25,1.75,0,0],"texture":"#0"},"down":{"uv":[4.25,1.75,0,3.5],"texture":"#0"}}},{"from":[-4,0.5,3],"to":[6,4.75,7.5],"rotation":{"angle":45,"axis":"y","origin":[1,2.5,4.5]},"faces":{"north":{"uv":[7,5,9.5,6],"texture":"#0"},"east":{"uv":[7,7,8.25,8],"texture":"#0"},"south":{"uv":[9.5,5,7,6],"texture":"#0"},"west":{"uv":[3.5,7.5,4.75,8.5],"texture":"#0"},"up":{"uv":[7,6.25,4.5,5],"texture":"#0"},"down":{"uv":[7,6.25,4.5,7.5],"texture":"#0"}}}],"gui_light":"front","display":{"thirdperson_righthand":{"rotation":[63,44,0],"translation":[-1.25,1.75,2],"scale":[0.59,0.59,0.59]},"thirdperson_lefthand":{"rotation":[63,44,0],"translation":[-1.25,1.75,2],"scale":[0.59,0.59,0.59]},"firstperson_righthand":{"rotation":[0,95,0],"translation":[3,6.25,-7]},"firstperson_lefthand":{"rotation":[0,126,0],"translation":[3,6.25,-7]},"ground":{"translation":[0,5.75,0],"scale":[0.75,0.75,0.75]},"gui":{"rotation":[22,180,0],"translation":[-0.75,2.75,0],"scale":[0.75,0.75,0.75]},"head":{"translation":[0,14.25,0]}}
}