{"texture_size":[32,32],"textures":{"0":"cosmetics:item/hat/witch_hat","particle":"cosmetics:item/hat/witch_hat"},"elements":[{"from":[-1,0,0],"to":[17,0,16],"faces":{"north":{"uv":[0,0,9,1],"texture":"#missing"},"east":{"uv":[0,0,8,1],"texture":"#missing"},"south":{"uv":[0,0,9,1],"texture":"#missing"},"west":{"uv":[0,0,8,1],"texture":"#missing"},"up":{"uv":[0,0,9,8],"texture":"#0"},"down":{"uv":[7,8,16,16],"texture":"#0"}}},{"from":[3,0,3],"to":[13,3,13],"faces":{"north":{"uv":[0,8,5,9.5],"texture":"#0"},"east":{"uv":[0,8,5,9.5],"texture":"#0"},"south":{"uv":[0,8,5,9.5],"texture":"#0"},"west":{"uv":[0,8,5,9.5],"texture":"#0"},"up":{"uv":[2,1.5,7,6.5],"texture":"#0"}}},{"from":[2.8,0,2.8],"to":[13.2,2,13.2],"faces":{"north":{"uv":[10,0,15,1],"texture":"#0","tintindex":0},"east":{"uv":[10,0,15,1],"texture":"#0","tintindex":0},"south":{"uv":[10,0,15,1],"texture":"#0","tintindex":0},"west":{"uv":[10,0,15,1],"texture":"#0","tintindex":0}}},{"from":[3.7,-1.7,2.7],"to":[12.1,0.3,13.3],"rotation":{"angle":22.5,"axis":"z","origin":[0,0,0]},"faces":{"north":{"uv":[10.5,3,14.7,4],"texture":"#0","tintindex":0},"east":{"uv":[10,0,15,1],"texture":"#0","tintindex":0},"south":{"uv":[14.7,3,10.5,4],"texture":"#0","tintindex":0}}},{"from":[12.1,-1.7,2.7],"to":[3.7,0.3,13.3],"rotation":{"angle":22.5,"axis":"z","origin":[0,0,0]},"faces":{"north":{"uv":[10.5,0,14.7,1],"texture":"#0","tintindex":0},"south":{"uv":[10.5,0,14.7,1],"texture":"#0","tintindex":0},"west":{"uv":[10,0,15,1],"texture":"#0","tintindex":0}}},{"from":[13.2,0,2.8],"to":[2.8,2,13.2],"faces":{"north":{"uv":[10,0,15,1],"texture":"#0","tintindex":0},"east":{"uv":[10,0,15,1],"texture":"#0","tintindex":0},"south":{"uv":[10,0,15,1],"texture":"#0","tintindex":0},"west":{"uv":[10,0,15,1],"texture":"#0","tintindex":0}}},{"from":[5,4,3],"to":[11,10,10],"rotation":{"angle":22.5,"axis":"x","origin":[0,0,0]},"faces":{"north":{"uv":[0,9.5,3,12.5],"texture":"#0"},"east":{"uv":[0,9.5,3,12.5],"texture":"#0"},"south":{"uv":[0,12.5,3,15.5],"texture":"#0"},"west":{"uv":[0,9.5,3,12.5],"texture":"#0"},"up":{"uv":[3,2.5,6,6],"texture":"#0"}}},{"from":[6,10,0],"to":[10,16,4],"rotation":{"angle":45,"axis":"x","origin":[0,0,0]},"faces":{"north":{"uv":[3,9.5,5,12.5],"texture":"#0"},"east":{"uv":[3,9.5,5,12.5],"texture":"#0"},"south":{"uv":[5,9.5,7,12.5],"texture":"#0"},"west":{"uv":[3,9.5,5,12.5],"texture":"#0"},"up":{"uv":[3.5,2.5,5.5,4.5],"texture":"#0"}}},{"from":[1,6,15],"to":[2,8,17],"rotation":{"angle":22.5,"axis":"y","origin":[0,0,0]},"faces":{"north":{"uv":[13,1.5,13.5,2.5],"texture":"#0"},"east":{"uv":[12.5,1.5,13.5,2.5],"texture":"#0"},"south":{"uv":[12.5,1.5,13,2.5],"texture":"#0"},"west":{"uv":[13.5,1.5,12.5,2.5],"texture":"#0"},"up":{"uv":[13.5,1.5,12.5,2],"rotation":90,"texture":"#0"},"down":{"uv":[12.5,2,13.5,2.5],"rotation":90,"texture":"#0"}}}],"gui_light":"front","display":{"thirdperson_righthand":{"rotation":[60,45,0],"translation":[0,2,2],"scale":[0.5,0.5,0.5]},"thirdperson_lefthand":{"rotation":[60,45,0],"translation":[0,2,2],"scale":[0.5,0.5,0.5]},"firstperson_righthand":{"rotation":[0,30,0],"translation":[0,2,0]},"firstperson_lefthand":{"rotation":[0,30,0],"translation":[0,2,0]},"ground":{"translation":[0,3,0],"scale":[0.3,0.3,0.3]},"gui":{"rotation":[30,160,0],"translation":[0,2.25,0],"scale":[0.7,0.7,0.7]},"head":{"rotation":[10,0,0],"translation":[0,17,3.25],"scale":[1.8,1.8,1.8]}}
}