{
    "providers": [ 
        {"type": "bitmap","file": "chunky:item/ranks/pro.png","ascent": 7,"height": 7,"chars": ["ᢰ"]},
        {"type": "bitmap","file": "chunky:item/ranks/plus.png","ascent": 7,"height": 7,"chars": ["ᢱ"]},
        {"type": "bitmap","file": "chunky:item/ranks/staff.png","ascent": 7,"height": 7,"chars": ["ᢲ"]},
        {"type": "bitmap","file": "chunky:item/ranks/team.png","ascent": 7,"height": 7,"chars": ["ᢳ"]},
        {"type": "bitmap","file": "chunky:item/ranks/admin.png","ascent": 7,"height": 7,"chars": ["ᢴ"]},
        {"type": "bitmap","file": "chunky:item/ranks/owner.png","ascent": 7,"height": 7,"chars": ["䫻"]},
        {"type": "bitmap","file": "chunky:item/ranks/patron.png","ascent": 7,"height": 7,"chars": ["䂦"]},
        {"type": "bitmap","file": "chunky:item/ranks/player.png","ascent": 7,"height": 7,"chars": ["ᢵ"]},
        {"type": "bitmap","file": "chunky:item/ranks/creator.png","ascent": 7,"height": 7,"chars": ["￧"]},
        {"type": "bitmap","file": "chunky:item/ranks/helper.png","ascent": 7,"height": 7,"chars": ["挷"]},
        {"type": "bitmap","file": "chunky:item/ranks/mvp.png","ascent": 7,"height": 7,"chars": ["ᢶ"]},
        {"type": "bitmap","file": "chunky:item/ranks/mega.png","ascent": 7,"height": 7,"chars": ["ಠ"]},
        {"type": "bitmap","file": "chunky:item/gui/gamemenu.png","ascent": 13,"height": 127,"chars": ["ᣀ"]},
        {"type": "bitmap","file": "chunky:item/gui/login.png","ascent": 60,"height": 100,"chars": ["᳾"]},
        {"type": "bitmap","file": "chunky:item/util/spacer.png","ascent": -50000,"height": -10,"chars": ["ᣱ"]},
        {"type": "bitmap","file": "chunky:item/util/spacer.png","ascent": -50000,"height": 256,"chars": ["ᳰ"]},
        {"type": "bitmap","file": "chunky:item/util/spacer.png","ascent": -50000,"height": 1000,"chars": ["娀"]},
        {"type": "bitmap","file": "chunky:item/util/spacer.png","ascent": -50000,"height": 250,"chars": ["嫭"]},
        {"type": "bitmap","file": "chunky:item/util/blackout.png","ascent": 1000,"height": 12000,"chars": ["䫽"]},
        {"type": "bitmap","file": "chunky:item/hud/faded.png","ascent": 1000,"height": 12000,"chars": ["㿈"]},
        {"type": "bitmap","file": "chunky:item/logo/logoleft.png","ascent": 7,"height": 50,"chars": ["威"]},
        {"type": "bitmap","file": "chunky:item/logo/logoright.png","ascent": 7,"height": 50,"chars": ["娂"]},
        {"type": "bitmap","file": "chunky:item/logo/logoleft.png","ascent": 7,"height": 50,"chars": ["䫕"]},
        {"type": "bitmap","file": "chunky:item/logo/logoright.png","ascent": 7,"height": 50,"chars": ["䫖"]},
        {"type": "bitmap","file": "chunky:item/logo/logo2left.png","ascent": 7,"height": 50,"chars": ["娐"]},
        {"type": "bitmap","file": "chunky:item/logo/logo2right.png","ascent": 7,"height": 50,"chars": ["娑"]},
        {"type": "bitmap","file": "chunky:item/logo/logoleft.png","ascent": 29,"height": 35,"chars": ["巚"]},
        {"type": "bitmap","file": "chunky:item/logo/logoright.png","ascent": 29,"height": 35,"chars": ["嶶"]},
        {"type": "bitmap","file": "chunky:item/icons/easter_egg.png","ascent": 11,"height": 14,"chars": ["徇"]},
        {"type": "bitmap","file": "chunky:item/logo/logo_winter_1.png","ascent": 7,"height": 50,"chars": ["惍"]},
        {"type": "bitmap","file": "chunky:item/logo/logo_winter_2.png","ascent": 7,"height": 50,"chars": ["怀"]},
        {"type": "bitmap","file": "chunky:item/logo/lunar.png","ascent": 7,"height": 75,"chars": ["⷗"]},
        {"type": "bitmap","file": "chunky:item/icons/green.png","ascent": 7,"height": 7,"chars": ["㰀"]},
        {"type": "bitmap","file": "chunky:item/icons/yellow.png","ascent": 7,"height": 7,"chars": ["㡰"]},
        {"type": "bitmap","file": "chunky:item/icons/gold.png","ascent": 7,"height": 7,"chars": ["㡱"]},
        {"type": "bitmap","file": "chunky:item/icons/red.png","ascent": 7,"height": 7,"chars": ["㡲"]},
        {"type": "bitmap","file": "chunky:item/icons/discord.png","ascent": 7,"height": 7,"chars": ["庘"]},
        {"type": "bitmap","file": "chunky:item/roles/adventurer.png","ascent": 8,"height": 8,"chars": ["嫰"]},
        {"type": "bitmap","file": "chunky:item/util/spacer.png","ascent": -50000,"height": -250,"chars": ["娏"]}, 
        {"type": "bitmap","file": "chunky:item/npc/max_npc.png","ascent": 15,"height": 15,"chars": ["婻"]},
        {"type": "bitmap","file": "chunky:item/gui/punish/punish_hub.png","ascent": 13,"height": 91,"chars": ["仦"]},
        {"type": "bitmap","file": "chunky:item/gui/punish/punish_ban.png","ascent": 13,"height": 91,"chars": ["丐"]},
        {"type": "bitmap","file": "chunky:item/gui/punish/punish_kick.png","ascent": 13,"height": 91,"chars": ["丑"]},
        {"type": "bitmap","file": "chunky:item/gui/punish/punish_mute.png","ascent": 13,"height": 91,"chars": ["丒"]},
        {"type": "bitmap","file": "chunky:item/util/spacer.png","ascent": -50000,"height": -3,"chars": ["嗻"]}, 
        {"type": "bitmap","file": "chunky:item/hud/emerald_hud_numbers.png","ascent": -16,"height": 8,"chars": ["ꢚꢛꢜꢝꢞꢟꢠꢡꢢꢣ"]},
        {"type": "bitmap","file": "chunky:item/util/spacer.png","ascent": -500000,"height": 50,"chars": ["﫿"]},
        {"type": "bitmap","file": "chunky:item/util/spacer.png","ascent": -500000,"height": -250,"chars": ["例"]},
        {"type": "bitmap","file": "chunky:item/util/spacer.png","ascent": -500000,"height": 8,"chars": ["揄"]},
        {"type": "bitmap","file": "chunky:item/hud/emerald_hud_comma.png","ascent": -17,"height": 8,"chars": ["ꢥ"]}, 
        {"type": "bitmap","file": "chunky:item/hud/emerald.png","ascent": -14,"height": 11,"chars": ["﫥"]},
        {"type": "bitmap","file": "chunky:item/hud/emerald_hud_space.png","ascent": -500000,"height": 8,"chars": ["龜"]},
        {"type": "bitmap","file": "chunky:item/util/spacer.png","ascent": -50000,"height": -3,"chars": ["𥉉"]},
        {"type": "bitmap","file": "chunky:item/util/spacer.png","ascent": -50000,"height": 3,"chars": ["﫢"]},
        {"type": "bitmap","file": "chunky:item/icons/currency.png","ascent": 7,"height": 7,"chars": ["刺"]},
        {"type": "bitmap","file": "chunky:item/util/spacer.png","ascent": -500000,"height": 52,"chars": [""]},
        {"type": "bitmap","file": "chunky:item/hud/emerald.png","ascent": 7,"height": 7,"chars": [""]},
        {"type": "bitmap","file": "chunky:item/roles/pride.png","ascent": 4,"height": 8,"chars": [""]},
        {"type": "bitmap","file": "chunky:item/hud/emerald_hud_numbers.png","ascent": 4,"height": 8,"chars": [""]},
        {"type": "bitmap","file": "chunky:item/hud/emerald_hud_comma.png","ascent": 3,"height": 8,"chars": [""]},
        {"type": "bitmap","file": "chunky:item/hud/emerald.png","ascent": 5,"height": 11,"chars": [""]},
        {"type": "bitmap","file": "chunky:item/icons/clans.png","ascent": 7,"height": 7,"chars": ["嵌嵍嵎嵏"]},
        {"type": "bitmap","file": "chunky:item/logo/banner.png","ascent": 30,"height": 120,"chars": ["抨"]},
        {"type": "bitmap","file": "chunky:item/gui/rankup-button-1.png","ascent": -38,"height": 21,"chars": ["戵"]},
        {"type": "bitmap","file": "chunky:item/gui/rankup-button-2.png","ascent": -38,"height": 21,"chars": ["扄"]},
        {"type": "bitmap","file": "chunky:item/gui/squad-rankup-fox.png","ascent": 31,"height": 127,"chars": ["戓"]},
        {"type": "bitmap","file": "chunky:item/gui/squad-rankup-fox-2.png","ascent": 31,"height": 127,"chars": ["捍"]},
        {"type": "bitmap","file": "chunky:item/util/spacer.png","ascent": -250000,"height": -25,"chars": ["抑"]},
        {"type": "bitmap","file": "chunky:item/util/spacer.png","ascent": -250000,"height": -10,"chars": ["拓"]},
        {"type": "bitmap","file": "chunky:item/icons/emojis.png","ascent": 8,"height": 10,"chars": ["嘀嘁嘂嘃嘄"]},
        {"type": "bitmap","file": "chunky:item/icons/big_heart.png","ascent": 3,"height": 36,"chars": ["囕"]},
        {"type": "bitmap","file": "chunky:item/icons/celebrate.png","ascent": 2,"height": 24,"chars": ["捝"]},
        {"type": "bitmap","file": "chunky:item/icons/love.png","ascent": 2,"height": 24,"chars": ["挅"]}, 
        {"type": "bitmap","file": "chunky:item/icons/money.png","ascent": 2,"height": 24,"chars": ["捴"]},
        {"type": "bitmap","file": "chunky:item/icons/exclusive.png","ascent": 7,"height": 7,"chars": ["捔"]},
        {"type": "bitmap","file": "chunky:item/icons/ducky.png","ascent": -8,"height": 25,"chars": ["拕"]},
        {"type": "bitmap","file": "chunky:item/hud/spawn.png","ascent": 7,"height": 12,"chars": ["徵"]},
        {"type": "bitmap","file": "chunky:item/hud/rw.png","ascent": 7,"height": 12,"chars": ["彣"]},
        {"type": "bitmap","file": "chunky:item/hud/world.png","ascent": 9,"height": 11,"chars": ["徸"]},
        {"type": "bitmap","file": "chunky:item/util/spacer.png","ascent": -50000,"height": 1000,"chars": ["彧"]},
        {"type": "bitmap","file": "chunky:item/util/spacer.png","ascent": -50000,"height": -1000,"chars": ["式"]},
        {"type": "bitmap","file": "chunky:item/icons/claim_visitor.png","ascent": 7,"height": 7,"chars": ["灖"]},
        {"type": "bitmap","file": "chunky:item/icons/claim_trusted.png","ascent": 7,"height": 7,"chars": ["灕"]},
        {"type": "bitmap","file": "chunky:item/icons/trophy_gold.png","ascent": 7,"height": 8,"chars": ["瀀"]},
        {"type": "bitmap","file": "chunky:item/icons/trophy_silver.png","ascent": 7,"height": 8,"chars": ["瀐"]},
        {"type": "bitmap","file": "chunky:item/icons/trophy_bronze.png","ascent": 7,"height": 8,"chars": ["瀠"]},
        {"type": "bitmap","file": "chunky:item/icons/map.png","ascent": 9,"height": 11,"chars": ["瀜"]},
        {"type": "bitmap","file": "chunky:item/vote_ranks/rank_newbie.png","ascent": 6,"height": 6,"chars": ["攀"]},
        {"type": "bitmap","file": "chunky:item/vote_ranks/rank_survivor.png","ascent": 6,"height": 6,"chars": ["攐"]},
        {"type": "bitmap","file": "chunky:item/vote_ranks/rank_explorer.png","ascent": 6,"height": 6,"chars": ["攠"]},
        {"type": "bitmap","file": "chunky:item/vote_ranks/rank_nomad.png","ascent": 6,"height": 6,"chars": ["攰"]},
        {"type": "bitmap","file": "chunky:item/vote_ranks/rank_adventurer.png","ascent": 6,"height": 6,"chars": ["敀"]},
        {"type": "bitmap","file": "chunky:item/vote_ranks/rank_voyager.png","ascent": 6,"height": 6,"chars": ["敐"]},
        {"type": "bitmap","file": "chunky:item/vote_ranks/rank_hero.png","ascent": 6,"height": 6,"chars": ["敠"]},
        {"type": "bitmap","file": "chunky:item/vote_ranks/rank_legend.png","ascent": 6,"height": 6,"chars": ["数"]},
        {"type": "bitmap","file": "chunky:item/vote_ranks/rank_mythical.png","ascent": 6,"height": 6,"chars": ["斀"]},
        {"type": "bitmap","file": "chunky:item/vote_ranks/rank_ethereal.png","ascent": 6,"height": 6,"chars": ["斐"]},
        {"type": "bitmap","file": "chunky:item/vote_ranks/rank_superstar.png","ascent": 6,"height": 6,"chars": ["斠"]},
        {"type": "bitmap","file": "chunky:item/icons/relic.png","ascent": 7,"height": 7,"chars": ["暇"]},
        {"type": "bitmap","file": "chunky:item/util/shift.png","ascent": -32768,"height": 48, "chars": [""]}, 
        {"type": "bitmap","file": "chunky:item/util/shift.png","ascent": -32768,"height": -1013, "chars": [""]}, 
        {"type": "bitmap","file": "chunky:item/util/shift.png","ascent": -32768,"height": -1536,"chars": [""]}, 
        {"type": "bitmap","file": "chunky:item/hud/background.png","ascent": 256,"height": 2500,"chars": [""]}, 
        {"type": "bitmap","file": "chunky:item/hud/welcome.png","ascent": 55,"height": 256,"chars": [""]}, 
        {"type": "bitmap","file": "chunky:item/icons/chat_staff.png","ascent": 7,"height": 7,"chars": ["￙"]},
        {"type": "bitmap","file": "chunky:item/skills/skill_crit_chance.png","ascent": 9,"height": 10,"chars": ["㠀"]},
        {"type": "bitmap","file": "chunky:item/skills/skill_crit_damage.png","ascent": 9,"height": 10,"chars": ["㠁"]},
        {"type": "bitmap","file": "chunky:item/skills/skill_defence.png","ascent": 9,"height": 10,"chars": ["㠂"]},
        {"type": "bitmap","file": "chunky:item/skills/skill_ferocity.png","ascent": 9,"height": 10,"chars": ["㠃"]},
        {"type": "bitmap","file": "chunky:item/skills/skill_speed.png","ascent": 9,"height": 10,"chars": ["㠄"]},
        {"type": "bitmap","file": "chunky:item/skills/skill_strength.png","ascent": 9,"height": 10,"chars": ["㠅"]},
        {"type": "bitmap","file": "chunky:item/skills/skill_wisdom.png","ascent": 9,"height": 10,"chars": ["㠆"]},
        {"type": "bitmap","file": "chunky:item/rarity/common.png","ascent": 7,"height": 7,"chars": ["懃"]},
        {"type": "bitmap","file": "chunky:item/rarity/rare.png","ascent": 7,"height": 7,"chars": ["憊"]},
        {"type": "bitmap","file": "chunky:item/rarity/legendary.png","ascent": 7,"height": 7,"chars": ["慬"]},
        {"type": "bitmap","file": "chunky:item/rarity/exclusive.png","ascent": 7,"height": 7,"chars": ["愳"]},
        {"type": "bitmap","file": "emojis:angryx16.png","ascent": 9,"height": 10,"chars": [""]},
        {"type": "bitmap","file": "emojis:arrow_downx16.png","ascent": 9,"height": 10,"chars": [""]},
        {"type": "bitmap","file": "emojis:arrow_leftx16.png","ascent": 9,"height": 10,"chars": [""]},
        {"type": "bitmap","file": "emojis:arrow_rightx16.png","ascent": 9,"height": 10,"chars": [""]},
        {"type": "bitmap","file": "emojis:arrow_upx16.png","ascent": 9,"height": 10,"chars": [""]},
        {"type": "bitmap","file": "emojis:balloonsx16.png","ascent": 9,"height": 10,"chars": [""]},
        {"type": "bitmap","file": "emojis:blankx16.png","ascent": 9,"height": 10,"chars": [""]},
        {"type": "bitmap","file": "emojis:blue_heartx16.png","ascent": 9,"height": 10,"chars": [""]},
        {"type": "bitmap","file": "emojis:blushedx16.png","ascent": 9,"height": 10,"chars": [""]},
        {"type": "bitmap","file": "emojis:chatx16.png","ascent": 9,"height": 10,"chars": [""]},
        {"type": "bitmap","file": "emojis:clownx16.png","ascent": 9,"height": 10,"chars": [""]},
        {"type": "bitmap","file": "emojis:crossx16.png","ascent": 9,"height": 10,"chars": [""]},
        {"type": "bitmap","file": "emojis:cryingx16.png","ascent": 9,"height": 10,"chars": [""]},
        {"type": "bitmap","file": "emojis:deadx16.png","ascent": 9,"height": 10,"chars": [""]},
        {"type": "bitmap","file": "emojis:discordx16.png","ascent": 9,"height": 10,"chars": [""]},
        {"type": "bitmap","file": "emojis:envelopex16.png","ascent": 9,"height": 10,"chars": [""]},
        {"type": "bitmap","file": "emojis:expresslessx16.png","ascent": 9,"height": 10,"chars": [""]},
        {"type": "bitmap","file": "emojis:eyesx16.png","ascent": 9,"height": 10,"chars": [""]},
        {"type": "bitmap","file": "emojis:firex16.png","ascent": 9,"height": 10,"chars": [""]},
        {"type": "bitmap","file": "emojis:green_checkx16.png","ascent": 9,"height": 10,"chars": [""]},
        {"type": "bitmap","file": "emojis:green_heartx16.png","ascent": 9,"height": 10,"chars": [""]},
        {"type": "bitmap","file": "emojis:happyx16.png","ascent": 9,"height": 10,"chars": [""]},
        {"type": "bitmap","file": "emojis:heart_eyesx16.png","ascent": 9,"height": 10,"chars": [""]},
        {"type": "bitmap","file": "emojis:heartx16.png","ascent": 9,"height": 10,"chars": [""]},
        {"type": "bitmap","file": "emojis:joyx16.png","ascent": 9,"height": 10,"chars": [""]},
        {"type": "bitmap","file": "emojis:purple_heartx16.png","ascent": 9,"height": 10,"chars": [""]},
        {"type": "bitmap","file": "emojis:sadx16.png","ascent": 9,"height": 10,"chars": [""]},
        {"type": "bitmap","file": "emojis:shockedx16.png","ascent": 9,"height": 10,"chars": [""]},
        {"type": "bitmap","file": "emojis:smilex16.png","ascent": 9,"height": 10,"chars": [""]},
        {"type": "bitmap","file": "emojis:straight_facex16.png","ascent": 9,"height": 10,"chars": [""]},
        {"type": "bitmap","file": "emojis:sunglassesx16.png","ascent": 9,"height": 10,"chars": [""]},
        {"type": "bitmap","file": "emojis:sweat_smilex16.png","ascent": 9,"height": 10,"chars": [""]},
        {"type": "bitmap","file": "emojis:thinkingx16.png","ascent": 9,"height": 10,"chars": [""]},
        {"type": "bitmap","file": "emojis:tongue_winkx16.png","ascent": 9,"height": 10,"chars": [""]},
        {"type": "bitmap","file": "emojis:tounge_outx16.png","ascent": 9,"height": 10,"chars": [""]},
        {"type": "bitmap","file": "emojis:winkx16.png","ascent": 9,"height": 10,"chars": [""]},
        {"type": "bitmap","file": "emojis:yellow_heartx16.png","ascent": 9,"height": 10,"chars": [""]},

        {"type": "bitmap","file": "emojis:pumpkin.png","ascent": 9,"height": 10,"chars": ["片"]},
        {"type": "bitmap","file": "emojis:beach_ball_emoji.png","ascent": 9,"height": 10,"chars": [""]},
        {"type": "bitmap","file": "emojis:coconut_emoji.png","ascent": 9,"height": 10,"chars": [""]},
        {"type": "bitmap","file": "emojis:dolphins_emoji.png","ascent": 9,"height": 10,"chars": [""]},
        {"type": "bitmap","file": "emojis:heat_emoji.png","ascent": 9,"height": 10,"chars": [""]},
        {"type": "bitmap","file": "emojis:ice_cream_emoji.png","ascent": 9,"height": 10,"chars": [""]},
        {"type": "bitmap","file": "emojis:lost_island_emoji.png","ascent": 9,"height": 10,"chars": [""]},
        {"type": "bitmap","file": "emojis:parasol_emoji.png","ascent": 9,"height": 10,"chars": [""]},
        {"type": "bitmap","file": "emojis:popsicle_emoji.png","ascent": 9,"height": 10,"chars": [""]},
        {"type": "bitmap","file": "emojis:rudder_emoji.png","ascent": 9,"height": 10,"chars": [""]},
        {"type": "bitmap","file": "emojis:sunburned_emoji.png","ascent": 9,"height": 10,"chars": [""]},
        {"type": "bitmap","file": "emojis:swimsuit_emoji.png","ascent": 9,"height": 10,"chars": [""]},
        {"type": "bitmap","file": "emojis:wave_emoji.png","ascent": 9,"height": 10,"chars": [""]},

        {"type": "bitmap","file": "chunky:item/hud/coin.png","ascent": -14,"height": 11,"chars": [""]},
        {"type": "bitmap","file": "chunky:item/hud/gem.png","ascent": -14,"height": 11,"chars": [""]},
        {"type": "bitmap","file": "chunky:item/hud/pointer.png","ascent": 11,"height": 15,"chars": [""]},
        {"type": "bitmap","file": "chunky:item/hud/bar1.png","ascent": 8,"height": 8,"chars": [""]},
        {"type": "bitmap","file": "chunky:item/hud/bar2.png","ascent": 8,"height": 8,"chars": [""]},
        {"type": "bitmap","file": "chunky:item/hud/bar3.png","ascent": 8,"height": 8,"chars": [""]},
        {"type": "bitmap","file": "chunky:item/hud/bar4.png","ascent": 8,"height": 8,"chars": [""]},
        {"type": "bitmap","file": "chunky:item/hud/bar5.png","ascent": 8,"height": 8,"chars": [""]},
        {"type": "bitmap","file": "chunky:item/hud/bar6.png","ascent": 8,"height": 8,"chars": [""]},
        {"type": "bitmap","file": "chunky:item/hud/bar7.png","ascent": 8,"height": 8,"chars": [""]},
        {"type": "bitmap","file": "chunky:item/hud/bar8.png","ascent": 8,"height": 8,"chars": [""]},
        {"type": "bitmap","file": "chunky:item/hud/bar9.png","ascent": 8,"height": 8,"chars": [""]},
        {"type": "bitmap","file": "chunky:item/icons/clock.png","ascent": 9,"height": 11,"chars": [""]},
        {"type": "bitmap","file": "chunky:item/hud/basket.png","ascent": 9,"height": 9,"chars": [""]},
        {"type": "bitmap","file": "chunky:item/hud/butterfly.png","ascent": 9,"height": 9,"chars": [""]},
        {"type": "bitmap","file": "chunky:item/hud/chat_bubble.png","ascent": 9,"height": 9,"chars": [""]},
        {"type": "bitmap","file": "chunky:item/hud/dollar_sign.png","ascent": 9,"height": 9,"chars": [""]},
        {"type": "bitmap","file": "chunky:item/hud/envelope.png","ascent": 9,"height": 9,"chars": [""]},
        {"type": "bitmap","file": "chunky:item/hud/top_hat.png","ascent": 9,"height": 9,"chars": [""]},
        {"type": "bitmap","file": "chunky:item/hud/vault.png","ascent": 9,"height": 9,"chars": [""]},
        {"type": "bitmap","file": "chunky:item/hud/gem.png","ascent": 9,"height": 10,"chars": [""]},
        {"type": "bitmap","file": "chunky:item/hud/coin.png","ascent": 9,"height": 10,"chars": [""]},
        {"type": "bitmap","file": "chunky:item/hud/anvil.png","ascent": 9,"height": 9,"chars": [""]},
        {"type": "bitmap","file": "chunky:item/hud/discord.png","ascent": 9,"height": 9,"chars": [""]},
        {"type": "bitmap","file": "chunky:item/hud/star.png","ascent": 9,"height": 9,"chars": [""]},
        {"type": "bitmap","file": "char/black.png","ascent": -5000,"height": -10,"chars": [""]},
		{"type": "bitmap","file": "nazar:font/gui/server/gui_server_selector.png","ascent": 130,"height": 256,"chars": [""]}
		]
} 



