{
	"credit": "magic_store_official",
	"texture_size": [64, 64],
	"textures": {
		"0": "chunky:item/furniture/medieval_pack_v5/medieval_pack_v5_chiar_1",
		"particle": "chunky:item/furniture/medieval_pack_v5/medieval_pack_v5_chiar_1"
	},
	"elements": [
		{
			"from": [2, 8, 2],
			"to": [14, 10, 14],
			"rotation": {"angle": 0, "axis": "y", "origin": [8, 13, 8.25]},
			"faces": {
				"north": {"uv": [5.75, 3.75, 8.75, 4.25], "texture": "#0"},
				"east": {"uv": [5.75, 3.75, 8.75, 4.25], "texture": "#0"},
				"south": {"uv": [5.75, 3.75, 8.75, 4.25], "texture": "#0"},
				"west": {"uv": [5.75, 3.75, 8.75, 4.25], "texture": "#0"},
				"up": {"uv": [3, 3, 0, 0], "texture": "#0"},
				"down": {"uv": [3, 3, 0, 6], "texture": "#0"}
			}
		},
		{
			"from": [-9, 8, 2],
			"to": [3, 10, 14],
			"rotation": {"angle": 0, "axis": "y", "origin": [8, 13, 8.25]},
			"faces": {
				"north": {"uv": [5.75, 3.75, 8.75, 4.25], "texture": "#0"},
				"east": {"uv": [5.75, 3.75, 8.75, 4.25], "texture": "#0"},
				"south": {"uv": [5.75, 3.75, 8.75, 4.25], "texture": "#0"},
				"west": {"uv": [5.75, 3.75, 8.75, 4.25], "texture": "#0"},
				"up": {"uv": [3, 3, 0, 0], "texture": "#0"},
				"down": {"uv": [3, 3, 0, 6], "texture": "#0"}
			}
		},
		{
			"from": [11.5, 0, 2.5],
			"to": [13.5, 8, 4.5],
			"rotation": {"angle": 0, "axis": "y", "origin": [8, 13, 8.25]},
			"faces": {
				"north": {"uv": [2, 6, 1.5, 8], "texture": "#0"},
				"east": {"uv": [1.5, 6, 2, 8], "texture": "#0"},
				"south": {"uv": [2, 6, 1.5, 8], "texture": "#0"},
				"west": {"uv": [1.5, 6, 2, 8], "texture": "#0"},
				"up": {"uv": [8.25, 7.25, 7.75, 6.75], "texture": "#0"},
				"down": {"uv": [7.75, 7.75, 7.25, 8.25], "texture": "#0"}
			}
		},
		{
			"from": [-8.5, 0, 2.5],
			"to": [-6.5, 8, 4.5],
			"rotation": {"angle": 0, "axis": "y", "origin": [8, 13, 8.25]},
			"faces": {
				"north": {"uv": [1.5, 6, 2, 8], "texture": "#0"},
				"east": {"uv": [2, 6, 1.5, 8], "texture": "#0"},
				"south": {"uv": [1.5, 6, 2, 8], "texture": "#0"},
				"west": {"uv": [2, 6, 1.5, 8], "texture": "#0"},
				"up": {"uv": [7.75, 7.25, 8.25, 6.75], "texture": "#0"},
				"down": {"uv": [7.25, 7.75, 7.75, 8.25], "texture": "#0"}
			}
		},
		{
			"from": [-8.5, 0, 11.5],
			"to": [-6.5, 8, 13.5],
			"rotation": {"angle": 0, "axis": "y", "origin": [8, 13, 7.75]},
			"faces": {
				"north": {"uv": [2, 6, 1.5, 8], "texture": "#0"},
				"east": {"uv": [1.5, 6, 2, 8], "texture": "#0"},
				"south": {"uv": [2, 6, 1.5, 8], "texture": "#0"},
				"west": {"uv": [1.5, 6, 2, 8], "texture": "#0"},
				"up": {"uv": [7.75, 6.75, 8.25, 7.25], "texture": "#0"},
				"down": {"uv": [7.25, 8.25, 7.75, 7.75], "texture": "#0"}
			}
		},
		{
			"from": [11.5, 0, 11.5],
			"to": [13.5, 8, 13.5],
			"rotation": {"angle": 0, "axis": "y", "origin": [8, 13, 7.75]},
			"faces": {
				"north": {"uv": [1.5, 6, 2, 8], "texture": "#0"},
				"east": {"uv": [2, 6, 1.5, 8], "texture": "#0"},
				"south": {"uv": [1.5, 6, 2, 8], "texture": "#0"},
				"west": {"uv": [2, 6, 1.5, 8], "texture": "#0"},
				"up": {"uv": [8.25, 6.75, 7.75, 7.25], "texture": "#0"},
				"down": {"uv": [7.75, 8.25, 7.25, 7.75], "texture": "#0"}
			}
		},
		{
			"from": [11.5, 10, 11.5],
			"to": [13.5, 25, 13.5],
			"rotation": {"angle": 0, "axis": "y", "origin": [8, 13, 8.25]},
			"faces": {
				"north": {"uv": [3, 5.5, 3.5, 9.25], "texture": "#0"},
				"east": {"uv": [3.5, 5.5, 4, 9.25], "texture": "#0"},
				"south": {"uv": [3.5, 5.5, 3, 9.25], "texture": "#0"},
				"west": {"uv": [5.75, 0, 6.25, 3.75], "texture": "#0"},
				"up": {"uv": [2.5, 8.5, 2, 8], "texture": "#0"},
				"down": {"uv": [8.5, 2, 8, 2.5], "texture": "#0"}
			}
		},
		{
			"from": [-8.5, 10, 11.5],
			"to": [-6.5, 25, 13.5],
			"rotation": {"angle": 0, "axis": "y", "origin": [8, 13, 8.25]},
			"faces": {
				"north": {"uv": [3.5, 5.5, 3, 9.25], "texture": "#0"},
				"east": {"uv": [6.25, 0, 5.75, 3.75], "texture": "#0"},
				"south": {"uv": [3, 5.5, 3.5, 9.25], "texture": "#0"},
				"west": {"uv": [4, 5.5, 3.5, 9.25], "texture": "#0"},
				"up": {"uv": [2, 8.5, 2.5, 8], "texture": "#0"},
				"down": {"uv": [8, 2, 8.5, 2.5], "texture": "#0"}
			}
		},
		{
			"from": [4.5, 10, 12.5],
			"to": [11.5, 21, 12.5],
			"rotation": {"angle": 0, "axis": "y", "origin": [8, 13, 8.25]},
			"faces": {
				"north": {"uv": [3, 0, 4.75, 2.75], "texture": "#0"},
				"east": {"uv": [0, 0, 0, 2.75], "texture": "#0"},
				"south": {"uv": [3, 0, 4.75, 2.75], "texture": "#0"},
				"west": {"uv": [0, 0, 0, 2.75], "texture": "#0"},
				"up": {"uv": [1.75, 0, 0, 0], "texture": "#0"},
				"down": {"uv": [1.75, 0, 0, 0], "texture": "#0"}
			}
		},
		{
			"from": [-6.5, 10, 12.5],
			"to": [0.5, 21, 12.5],
			"rotation": {"angle": 0, "axis": "y", "origin": [8, 13, 8.25]},
			"faces": {
				"north": {"uv": [3, 0, 4.75, 2.75], "texture": "#0"},
				"east": {"uv": [0, 0, 0, 2.75], "texture": "#0"},
				"south": {"uv": [3, 0, 4.75, 2.75], "texture": "#0"},
				"west": {"uv": [0, 0, 0, 2.75], "texture": "#0"},
				"up": {"uv": [1.75, 0, 0, 0], "texture": "#0"},
				"down": {"uv": [1.75, 0, 0, 0], "texture": "#0"}
			}
		},
		{
			"from": [-1, 10, 12.5],
			"to": [6, 21, 12.5],
			"rotation": {"angle": 0, "axis": "y", "origin": [8, 13, 8.25]},
			"faces": {
				"north": {"uv": [3, 0, 4.75, 2.75], "texture": "#0"},
				"east": {"uv": [0, 0, 0, 2.75], "texture": "#0"},
				"south": {"uv": [3, 0, 4.75, 2.75], "texture": "#0"},
				"west": {"uv": [0, 0, 0, 2.75], "texture": "#0"},
				"up": {"uv": [1.75, 0, 0, 0], "texture": "#0"},
				"down": {"uv": [1.75, 0, 0, 0], "texture": "#0"}
			}
		},
		{
			"from": [4.5, 21, 11.5],
			"to": [11.5, 23, 13.5],
			"rotation": {"angle": 0, "axis": "y", "origin": [8, 13, 8.25]},
			"faces": {
				"north": {"uv": [6.25, 2, 8, 2.5], "texture": "#0"},
				"east": {"uv": [8, 2.5, 8.5, 3], "texture": "#0"},
				"south": {"uv": [6.25, 2, 8, 2.5], "texture": "#0"},
				"west": {"uv": [8, 2.5, 8.5, 3], "texture": "#0"},
				"up": {"uv": [8, 3.5, 6.25, 3], "texture": "#0"},
				"down": {"uv": [7.25, 7.75, 5.5, 8.25], "texture": "#0"}
			}
		},
		{
			"from": [-6.5, 21, 11.5],
			"to": [0.5, 23, 13.5],
			"rotation": {"angle": 0, "axis": "y", "origin": [8, 13, 8.25]},
			"faces": {
				"north": {"uv": [6.25, 2, 8, 2.5], "texture": "#0"},
				"east": {"uv": [8, 2.5, 8.5, 3], "texture": "#0"},
				"south": {"uv": [6.25, 2, 8, 2.5], "texture": "#0"},
				"west": {"uv": [8, 2.5, 8.5, 3], "texture": "#0"},
				"up": {"uv": [8, 3.5, 6.25, 3], "texture": "#0"},
				"down": {"uv": [7.25, 7.75, 5.5, 8.25], "texture": "#0"}
			}
		},
		{
			"from": [0.5, 21, 11.5],
			"to": [4.5, 23, 13.5],
			"rotation": {"angle": 0, "axis": "y", "origin": [8, 13, 8.25]},
			"faces": {
				"north": {"uv": [6.5, 2, 7.5, 2.5], "texture": "#0"},
				"east": {"uv": [8, 2.5, 8.5, 3], "texture": "#0"},
				"south": {"uv": [6.25, 2, 7.25, 2.5], "texture": "#0"},
				"west": {"uv": [8, 2.5, 8.5, 3], "texture": "#0"},
				"up": {"uv": [7.5, 3.5, 6.5, 3], "texture": "#0"},
				"down": {"uv": [6.75, 7.75, 5.75, 8.25], "texture": "#0"}
			}
		}
	],
	"display": {
		"thirdperson_righthand": {
			"rotation": [49, 36, 0],
			"translation": [-0.5, 3, 0.5],
			"scale": [0.35, 0.35, 0.35]
		},
		"thirdperson_lefthand": {
			"rotation": [49, 36, 0],
			"translation": [-0.5, 3, 0.5],
			"scale": [0.35, 0.35, 0.35]
		},
		"firstperson_righthand": {
			"rotation": [-180, 65, -180],
			"translation": [9.75, -2.25, -13.5],
			"scale": [0.85, 0.85, 0.85]
		},
		"firstperson_lefthand": {
			"rotation": [-180, 65, -180],
			"translation": [9.75, -2.25, -7],
			"scale": [0.85, 0.85, 0.85]
		},
		"ground": {
			"translation": [0, 5.5, 0],
			"scale": [0.4, 0.4, 0.4]
		},
		"gui": {
			"rotation": [30, 145.5, 0],
			"translation": [-2.5, -1, 0],
			"scale": [0.5, 0.5, 0.5]
		},
		"head": {
			"rotation": [0, -180, 0],
			"translation": [0, -30.5, 0],
			"scale": [1.6, 1.6, 1.6]
		},
		"fixed": {
			"rotation": [-90, 0, 0],
			"translation": [0, 0, -16],
			"scale": [2, 2, 2]
		}
	},
	"groups": [
		{
			"name": "group",
			"origin": [8, 13, 8.25],
			"color": 0,
			"children": [0, 1, 2, 3, 4, 5, 6, 7, 8, 9, 10, 11, 12, 13]
		}
	]
}