{
	"credit": "magic_store_official",
	"texture_size": [64, 64],
	"textures": {
		"0": "chunky:item/furniture/medieval_pack_v5/medieval_pack_v5_small_table_3",
		"particle": "chunky:item/furniture/medieval_pack_v5/medieval_pack_v5_small_table_3"
	},
	"elements": [
		{
			"from": [0.5, 0, 0.5],
			"to": [31.5, 14, 15.5],
			"faces": {
				"north": {"uv": [8, 3.75, 15.75, 7.25], "texture": "#0"},
				"east": {"uv": [12, 7.25, 15.75, 10.75], "texture": "#0"},
				"south": {"uv": [8, 3.75, 15.75, 7.25], "texture": "#0"},
				"west": {"uv": [12, 7.25, 15.75, 10.75], "texture": "#0"},
				"down": {"uv": [15.75, 0, 8, 3.75], "texture": "#0"}
			}
		},
		{
			"from": [0, 14, 0],
			"to": [32, 16, 16],
			"faces": {
				"north": {"uv": [8, 15.5, 16, 16], "texture": "#0"},
				"east": {"uv": [0.25, 4.25, 4.25, 4.75], "texture": "#0"},
				"south": {"uv": [8, 15.5, 16, 16], "texture": "#0"},
				"west": {"uv": [0.25, 4.25, 4.25, 4.75], "texture": "#0"},
				"up": {"uv": [8, 4, 0, 0], "texture": "#0"},
				"down": {"uv": [8, 4, 0, 8], "texture": "#0"}
			}
		},
		{
			"from": [2.5, 2, -0.5],
			"to": [15.5, 7, 0.5],
			"faces": {
				"north": {"uv": [8.5, 5.5, 11.75, 6.75], "texture": "#0"},
				"east": {"uv": [8.5, 5.5, 8.75, 6.75], "texture": "#0"},
				"south": {"uv": [8.5, 5.5, 11.75, 6.75], "texture": "#0"},
				"west": {"uv": [8.5, 5.5, 8.75, 6.75], "texture": "#0"},
				"up": {"uv": [8.5, 5.5, 11.75, 5.75], "texture": "#0"},
				"down": {"uv": [8.5, 6.5, 11.75, 6.75], "texture": "#0"}
			}
		},
		{
			"from": [16.5, 2, -0.5],
			"to": [29.5, 7, 0.5],
			"faces": {
				"north": {"uv": [8.5, 5.5, 11.75, 6.75], "texture": "#0"},
				"east": {"uv": [8.5, 5.5, 8.75, 6.75], "texture": "#0"},
				"south": {"uv": [8.5, 5.5, 11.75, 6.75], "texture": "#0"},
				"west": {"uv": [8.5, 5.5, 8.75, 6.75], "texture": "#0"},
				"up": {"uv": [8.5, 5.5, 11.75, 5.75], "texture": "#0"},
				"down": {"uv": [8.5, 6.5, 11.75, 6.75], "texture": "#0"}
			}
		},
		{
			"from": [16.5, 8, -0.5],
			"to": [29.5, 12, 0.5],
			"faces": {
				"north": {"uv": [8.5, 4.25, 11.75, 5.25], "texture": "#0"},
				"east": {"uv": [8.5, 4.25, 8.75, 5.25], "texture": "#0"},
				"south": {"uv": [8.5, 4.25, 11.75, 5.25], "texture": "#0"},
				"west": {"uv": [8.5, 4.25, 8.75, 5.25], "texture": "#0"},
				"up": {"uv": [8.5, 4.25, 11.75, 4.5], "texture": "#0"},
				"down": {"uv": [8.5, 5, 11.75, 5.25], "texture": "#0"}
			}
		},
		{
			"from": [2.5, 8, -0.5],
			"to": [15.5, 12, 0.5],
			"faces": {
				"north": {"uv": [8.5, 4.25, 11.75, 5.25], "texture": "#0"},
				"east": {"uv": [8.5, 4.25, 8.75, 5.25], "texture": "#0"},
				"south": {"uv": [8.5, 4.25, 11.75, 5.25], "texture": "#0"},
				"west": {"uv": [8.5, 4.25, 8.75, 5.25], "texture": "#0"},
				"up": {"uv": [8.5, 4.25, 11.75, 4.5], "texture": "#0"},
				"down": {"uv": [8.5, 5, 11.75, 5.25], "texture": "#0"}
			}
		}
	],
	"display": {
		"thirdperson_righthand": {
			"rotation": [49, 36, 0],
			"translation": [-2, 1.5, 0.75],
			"scale": [0.35, 0.35, 0.35]
		},
		"thirdperson_lefthand": {
			"rotation": [49, 36, 0],
			"translation": [-2, 1.5, 0.75],
			"scale": [0.35, 0.35, 0.35]
		},
		"firstperson_righthand": {
			"rotation": [-180, 65, -180],
			"translation": [9.75, -2.25, -9.25],
			"scale": [0.85, 0.85, 0.85]
		},
		"firstperson_lefthand": {
			"rotation": [-180, 65, -180],
			"translation": [9.75, -2.25, -9.25],
			"scale": [0.85, 0.85, 0.85]
		},
		"ground": {
			"translation": [0, 5.5, 0],
			"scale": [0.4, 0.4, 0.4]
		},
		"gui": {
			"rotation": [30, 145.5, 0],
			"translation": [2.75, -1.5, 0],
			"scale": [0.4, 0.4, 0.4]
		},
		"head": {
			"rotation": [0, -180, 0],
			"translation": [0, -30.5, 0],
			"scale": [1.6, 1.6, 1.6]
		},
		"fixed": {
			"rotation": [-90, 0, 0],
			"translation": [0, 0, -16],
			"scale": [2, 2, 2]
		}
	}
}