{
	"credit": "magic_store_official",
	"texture_size": [128, 128],
	"textures": {
		"0": "chunky:item/furniture/medieval_pack_v5/medieval_pack_v5_wardrobe",
		"particle": "chunky:item/furniture/medieval_pack_v5/medieval_pack_v5_wardrobe"
	},
	"elements": [
		{
			"from": [0, -16, 0],
			"to": [32, -12, 16],
			"faces": {
				"north": {"uv": [11.25, 8.5, 15.25, 9], "texture": "#0"},
				"east": {"uv": [11.25, 9.5, 13.25, 10], "texture": "#0"},
				"south": {"uv": [11.25, 8.5, 15.25, 9], "texture": "#0"},
				"west": {"uv": [11.25, 9.5, 13.25, 10], "texture": "#0"},
				"up": {"uv": [7.75, 7.375, 3.75, 5.375], "texture": "#0"},
				"down": {"uv": [7.75, 7.375, 3.75, 9.375], "texture": "#0"}
			}
		},
		{
			"from": [1, -11, -0.5],
			"to": [31, -5, 0.5],
			"faces": {
				"north": {"uv": [0, 10.75, 3.75, 11.5], "texture": "#0"},
				"east": {"uv": [3.5, 11.625, 3.625, 12.375], "texture": "#0"},
				"south": {"uv": [0, 10.75, 3.75, 11.5], "texture": "#0"},
				"west": {"uv": [3.5, 11.625, 3.625, 12.375], "texture": "#0"},
				"up": {"uv": [3.75, 11.625, 0, 11.5], "texture": "#0"},
				"down": {"uv": [15, 11.5, 11.25, 11.625], "texture": "#0"}
			}
		},
		{
			"from": [16.5, -4, -0.5],
			"to": [30.5, 29, 0.5],
			"faces": {
				"north": {"uv": [7.75, 7.75, 9.5, 11.875], "texture": "#0"},
				"east": {"uv": [7.25, 9.375, 7.375, 13.5], "texture": "#0"},
				"south": {"uv": [7.75, 7.75, 9.5, 11.875], "texture": "#0"},
				"west": {"uv": [7.25, 9.375, 7.375, 13.5], "texture": "#0"},
				"up": {"uv": [1.75, 11.75, 0, 11.625], "texture": "#0"},
				"down": {"uv": [3.5, 11.625, 1.75, 11.75], "texture": "#0"}
			}
		},
		{
			"from": [1.5, -4, -0.5],
			"to": [15.5, 29, 0.5],
			"faces": {
				"north": {"uv": [9.5, 7.75, 7.75, 11.875], "texture": "#0"},
				"east": {"uv": [7.25, 9.375, 7.375, 13.5], "texture": "#0"},
				"south": {"uv": [7.75, 7.75, 9.5, 11.875], "texture": "#0"},
				"west": {"uv": [7.25, 9.375, 7.375, 13.5], "texture": "#0"},
				"up": {"uv": [1.75, 11.75, 0, 11.625], "texture": "#0"},
				"down": {"uv": [3.5, 11.625, 1.75, 11.75], "texture": "#0"}
			}
		},
		{
			"from": [0.5, -12, 0.5],
			"to": [31.5, 31, 15.5],
			"faces": {
				"north": {"uv": [0, 0, 3.875, 5.375], "texture": "#0"},
				"east": {"uv": [0, 5.375, 1.875, 10.75], "texture": "#0"},
				"south": {"uv": [0, 0, 3.875, 5.375], "texture": "#0"},
				"west": {"uv": [1.875, 5.375, 0, 10.75], "texture": "#0"},
				"down": {"uv": [11.625, 5.875, 7.75, 7.75], "texture": "#0"}
			}
		},
		{
			"from": [0, 29, 0],
			"to": [32, 31, 16],
			"faces": {
				"north": {"uv": [11.25, 10.5, 15.25, 10.75], "texture": "#0"},
				"east": {"uv": [11.25, 11, 13.25, 11.25], "texture": "#0"},
				"south": {"uv": [11.25, 10.5, 15.25, 10.75], "texture": "#0"},
				"west": {"uv": [11.25, 11, 13.25, 11.25], "texture": "#0"},
				"up": {"uv": [11.75, 2, 7.75, 0], "texture": "#0"},
				"down": {"uv": [11.75, 2, 7.75, 4], "texture": "#0"}
			}
		},
		{
			"from": [10.5, 9, -0.5],
			"to": [14.5, 11, -0.5],
			"rotation": {"angle": 22.5, "axis": "x", "origin": [12.5, 11, -0.5]},
			"faces": {
				"north": {"uv": [6.75, 9.375, 7.25, 9.625], "rotation": 180, "texture": "#0"},
				"east": {"uv": [0, 0, 0.25, 0], "rotation": 90, "texture": "#missing"},
				"south": {"uv": [6.75, 9.625, 7.25, 9.375], "texture": "#0"},
				"west": {"uv": [0, 0, 0.25, 0], "rotation": 270, "texture": "#missing"},
				"up": {"uv": [0, 0, 0.5, 0], "texture": "#missing"},
				"down": {"uv": [0, 0, 0.5, 0], "rotation": 180, "texture": "#missing"}
			}
		},
		{
			"from": [8, -9, -0.5],
			"to": [12, -7, -0.5],
			"rotation": {"angle": 22.5, "axis": "x", "origin": [10, -7, -0.5]},
			"faces": {
				"north": {"uv": [6.75, 9.375, 7.25, 9.625], "rotation": 180, "texture": "#0"},
				"east": {"uv": [0, 0, 0.25, 0], "rotation": 90, "texture": "#missing"},
				"south": {"uv": [6.75, 9.625, 7.25, 9.375], "texture": "#0"},
				"west": {"uv": [0, 0, 0.25, 0], "rotation": 270, "texture": "#missing"},
				"up": {"uv": [0, 0, 0.5, 0], "texture": "#missing"},
				"down": {"uv": [0, 0, 0.5, 0], "rotation": 180, "texture": "#missing"}
			}
		},
		{
			"from": [20, -9, -0.5],
			"to": [24, -7, -0.5],
			"rotation": {"angle": 22.5, "axis": "x", "origin": [10, -7, -0.5]},
			"faces": {
				"north": {"uv": [6.75, 9.375, 7.25, 9.625], "rotation": 180, "texture": "#0"},
				"east": {"uv": [0, 0, 0.25, 0], "rotation": 90, "texture": "#missing"},
				"south": {"uv": [6.75, 9.625, 7.25, 9.375], "texture": "#0"},
				"west": {"uv": [0, 0, 0.25, 0], "rotation": 270, "texture": "#missing"},
				"up": {"uv": [0, 0, 0.5, 0], "texture": "#missing"},
				"down": {"uv": [0, 0, 0.5, 0], "rotation": 180, "texture": "#missing"}
			}
		},
		{
			"from": [17.5, 9, -0.5],
			"to": [21.5, 11, -0.5],
			"rotation": {"angle": 22.5, "axis": "x", "origin": [12.5, 11, -0.5]},
			"faces": {
				"north": {"uv": [6.75, 9.375, 7.25, 9.625], "rotation": 180, "texture": "#0"},
				"east": {"uv": [0, 0, 0.25, 0], "rotation": 90, "texture": "#missing"},
				"south": {"uv": [6.75, 9.625, 7.25, 9.375], "texture": "#0"},
				"west": {"uv": [0, 0, 0.25, 0], "rotation": 270, "texture": "#missing"},
				"up": {"uv": [0, 0, 0.5, 0], "texture": "#missing"},
				"down": {"uv": [0, 0, 0.5, 0], "rotation": 180, "texture": "#missing"}
			}
		}
	],
	"display": {
		"thirdperson_righthand": {
			"rotation": [49, 36, 0],
			"translation": [-2.5, 3, 0.5],
			"scale": [0.2, 0.2, 0.2]
		},
		"thirdperson_lefthand": {
			"rotation": [49, 36, 0],
			"translation": [-2.5, 3, 0.5],
			"scale": [0.2, 0.2, 0.2]
		},
		"firstperson_righthand": {
			"rotation": [-180, 65, -180],
			"translation": [9.75, 0, -9.25],
			"scale": [0.6, 0.6, 0.6]
		},
		"firstperson_lefthand": {
			"rotation": [-180, 65, -180],
			"translation": [9.75, 0, -21.25],
			"scale": [0.6, 0.6, 0.6]
		},
		"ground": {
			"translation": [0, 5.5, 0],
			"scale": [0.3, 0.3, 0.3]
		},
		"gui": {
			"rotation": [30, 145.5, 0],
			"translation": [1.75, -0.25, 0],
			"scale": [0.3, 0.3, 0.3]
		},
		"head": {
			"rotation": [0, -180, 0],
			"translation": [0, -5, 0],
			"scale": [1.6, 1.6, 1.6]
		},
		"fixed": {
			"rotation": [-90, 0, 0],
			"translation": [0, -3, -48],
			"scale": [2, 2, 2]
		}
	},
	"groups": [
		{
			"name": "group",
			"origin": [0, 0, 0],
			"color": 0,
			"children": [0, 1, 2, 3, 4, 5]
		},
		6,
		7,
		8,
		9
	]
}