{
	"texture_size": [32, 32],
	"textures": {
		"1": "chunky:item/mvp_kit/stardust_bow_golden"
	},
	"elements": [
		{
			"from": [4.998, 11.848, 6.998],
			"to": [11.002, 13.852, 9.002],
			"rotation": {"angle": 0, "axis": "y", "origin": [8, 13.85, 8.5]},
			"faces": {
				"north": {"uv": [5, 4, 8, 5], "texture": "#1"},
				"east": {"uv": [13, 5, 14, 6], "texture": "#1"},
				"south": {"uv": [5, 5, 8, 6], "texture": "#1"},
				"west": {"uv": [1, 13.5, 2, 14.5], "texture": "#1"},
				"up": {"uv": [8, 7, 5, 6], "texture": "#1"},
				"down": {"uv": [8, 7, 5, 8], "texture": "#1"}
			}
		},
		{
			"from": [5.999, 12.299, 6.499],
			"to": [8.001, 14.301, 9.501],
			"rotation": {"angle": 45, "axis": "z", "origin": [8, 14.3, 8]},
			"faces": {
				"north": {"uv": [2, 13.5, 3, 14.5], "texture": "#1"},
				"east": {"uv": [9, 8, 10.5, 9], "texture": "#1"},
				"south": {"uv": [6, 13.5, 7, 14.5], "texture": "#1"},
				"west": {"uv": [9.5, 3, 11, 4], "texture": "#1"},
				"up": {"uv": [8, 12.5, 7, 11], "texture": "#1"},
				"down": {"uv": [12, 8, 11, 9.5], "texture": "#1"}
			}
		},
		{
			"from": [4.998, 5.648, 6.998],
			"to": [11.002, 7.652, 9.002],
			"rotation": {"angle": 0, "axis": "y", "origin": [8, 5.65, 8.5]},
			"faces": {
				"north": {"uv": [1, 8, 4, 9], "texture": "#1"},
				"east": {"uv": [13.5, 6, 14.5, 7], "texture": "#1"},
				"south": {"uv": [4, 8, 7, 9], "texture": "#1"},
				"west": {"uv": [13.5, 7, 14.5, 8], "texture": "#1"},
				"up": {"uv": [11, 5, 8, 4], "texture": "#1"},
				"down": {"uv": [11, 5, 8, 6], "texture": "#1"}
			}
		},
		{
			"from": [5.999, 5.199, 6.499],
			"to": [8.001, 7.201, 9.501],
			"rotation": {"angle": -45, "axis": "z", "origin": [8, 5.2, 8]},
			"faces": {
				"north": {"uv": [13.5, 8, 14.5, 9], "texture": "#1"},
				"east": {"uv": [11, 9.5, 12.5, 10.5], "texture": "#1"},
				"south": {"uv": [13.5, 11, 14.5, 12], "texture": "#1"},
				"west": {"uv": [11, 10.5, 12.5, 11.5], "texture": "#1"},
				"up": {"uv": [1, 13, 0, 11.5], "texture": "#1"},
				"down": {"uv": [12, 11.5, 11, 13], "texture": "#1"}
			}
		},
		{
			"from": [10.4, -3.9, 8],
			"to": [12.4, -0.9, 8],
			"rotation": {"angle": -22.5, "axis": "z", "origin": [10.4, -0.9, 8]},
			"faces": {
				"north": {"uv": [1, 12, 2, 13.5], "texture": "#1"},
				"east": {"uv": [0, 0, 0, 1.5], "texture": "#1"},
				"south": {"uv": [2, 12, 3, 13.5], "texture": "#1"},
				"west": {"uv": [0, 0, 0, 1.5], "texture": "#1"},
				"up": {"uv": [1, 0, 0, 0], "texture": "#1"},
				"down": {"uv": [1, 0, 0, 0], "texture": "#1"}
			}
		},
		{
			"from": [8.65, -0.75, 8],
			"to": [10.65, 2.25, 8],
			"rotation": {"angle": -45, "axis": "z", "origin": [8.65, 2.25, 8]},
			"faces": {
				"north": {"uv": [12, 3, 13, 4.5], "texture": "#1"},
				"east": {"uv": [0, 0, 0, 1.5], "texture": "#1"},
				"south": {"uv": [12, 4.5, 13, 6], "texture": "#1"},
				"west": {"uv": [0, 0, 0, 1.5], "texture": "#1"},
				"up": {"uv": [1, 0, 0, 0], "texture": "#1"},
				"down": {"uv": [1, 0, 0, 0], "texture": "#1"}
			}
		},
		{
			"from": [5.65, 17.25, 8],
			"to": [8.65, 19.25, 8],
			"rotation": {"angle": -45, "axis": "z", "origin": [8.65, 17.25, 8]},
			"faces": {
				"north": {"uv": [12, 6, 13.5, 7], "texture": "#1"},
				"east": {"uv": [0, 0, 0, 1], "texture": "#1"},
				"south": {"uv": [12, 7, 13.5, 8], "texture": "#1"},
				"west": {"uv": [0, 0, 0, 1], "texture": "#1"},
				"up": {"uv": [1.5, 0, 0, 0], "texture": "#1"},
				"down": {"uv": [1.5, 0, 0, 0], "texture": "#1"}
			}
		},
		{
			"from": [14.05, -2.85, 8],
			"to": [17.05, -0.85, 8],
			"rotation": {"angle": 22.5, "axis": "z", "origin": [14.05, -2.85, 8]},
			"faces": {
				"north": {"uv": [12, 8, 13.5, 9], "texture": "#1"},
				"east": {"uv": [0, 0, 0, 1], "texture": "#1"},
				"south": {"uv": [12, 11.5, 13.5, 12.5], "texture": "#1"},
				"west": {"uv": [0, 0, 0, 1], "texture": "#1"},
				"up": {"uv": [1.5, 0, 0, 0], "texture": "#1"},
				"down": {"uv": [1.5, 0, 0, 0], "texture": "#1"}
			}
		},
		{
			"from": [10.7, 0, 8],
			"to": [13.7, 2, 8],
			"rotation": {"angle": 0, "axis": "y", "origin": [10.7, 0, 8]},
			"faces": {
				"north": {"uv": [6, 12.5, 7.5, 13.5], "texture": "#1"},
				"east": {"uv": [0, 0, 0, 1], "texture": "#1"},
				"south": {"uv": [12.5, 9, 14, 10], "texture": "#1"},
				"west": {"uv": [0, 0, 0, 1], "texture": "#1"},
				"up": {"uv": [1.5, 0, 0, 0], "texture": "#1"},
				"down": {"uv": [1.5, 0, 0, 0], "texture": "#1"}
			}
		},
		{
			"from": [10.7, 17.5, 8],
			"to": [13.7, 19.5, 8],
			"rotation": {"angle": 0, "axis": "y", "origin": [10.7, 19.5, 8]},
			"faces": {
				"north": {"uv": [12.5, 10, 14, 11], "texture": "#1"},
				"east": {"uv": [0, 0, 0, 1], "texture": "#1"},
				"south": {"uv": [12, 12.5, 13.5, 13.5], "texture": "#1"},
				"west": {"uv": [0, 0, 0, 1], "texture": "#1"},
				"up": {"uv": [1.5, 0, 0, 0], "texture": "#1"},
				"down": {"uv": [1.5, 0, 0, 0], "texture": "#1"}
			}
		},
		{
			"from": [14.05, 20.35, 8],
			"to": [17.05, 22.35, 8],
			"rotation": {"angle": -22.5, "axis": "z", "origin": [14.05, 22.35, 8]},
			"faces": {
				"north": {"uv": [13, 0, 14.5, 1], "texture": "#1"},
				"east": {"uv": [0, 0, 0, 1], "texture": "#1"},
				"south": {"uv": [13, 1, 14.5, 2], "texture": "#1"},
				"west": {"uv": [0, 0, 0, 1], "texture": "#1"},
				"up": {"uv": [1.5, 0, 0, 0], "texture": "#1"},
				"down": {"uv": [1.5, 0, 0, 0], "texture": "#1"}
			}
		},
		{
			"from": [10.4, 20.4, 8],
			"to": [12.4, 23.4, 8],
			"rotation": {"angle": 22.5, "axis": "z", "origin": [10.4, 20.4, 8]},
			"faces": {
				"north": {"uv": [0, 13, 1, 14.5], "texture": "#1"},
				"east": {"uv": [0, 0, 0, 1.5], "texture": "#1"},
				"south": {"uv": [13, 2, 14, 3.5], "texture": "#1"},
				"west": {"uv": [0, 0, 0, 1.5], "texture": "#1"},
				"up": {"uv": [1, 0, 0, 0], "texture": "#1"},
				"down": {"uv": [1, 0, 0, 0], "texture": "#1"}
			}
		},
		{
			"from": [7, 5.75, 7],
			"to": [9, 13.75, 9],
			"rotation": {"angle": 0, "axis": "y", "origin": [14.01, 7.24, 7.99]},
			"faces": {
				"north": {"uv": [1, 4, 2, 8], "texture": "#1"},
				"east": {"uv": [2, 4, 3, 8], "texture": "#1"},
				"south": {"uv": [3, 4, 4, 8], "texture": "#1"},
				"west": {"uv": [4, 4, 5, 8], "texture": "#1"},
				"up": {"uv": [12.5, 14.5, 11.5, 13.5], "texture": "#1"},
				"down": {"uv": [14.5, 12, 13.5, 13], "texture": "#1"}
			}
		},
		{
			"from": [6.999, 13.749, 6.999],
			"to": [9.001, 19.751, 9.001],
			"rotation": {"angle": -22.5, "axis": "z", "origin": [7, 13.75, 8]},
			"faces": {
				"north": {"uv": [8, 6, 9, 9], "texture": "#1"},
				"east": {"uv": [7, 8, 8, 11], "texture": "#1"},
				"south": {"uv": [1, 9, 2, 12], "texture": "#1"},
				"west": {"uv": [2, 9, 3, 12], "texture": "#1"},
				"up": {"uv": [13.5, 14.5, 12.5, 13.5], "texture": "#1"},
				"down": {"uv": [14.5, 13, 13.5, 14], "texture": "#1"}
			}
		},
		{
			"from": [9.29556, 0.20542, 7],
			"to": [15.29556, 2.20542, 9],
			"rotation": {"angle": -45, "axis": "z", "origin": [9.29556, 0.20542, 8.001]},
			"faces": {
				"north": {"uv": [3, 9, 6, 10], "texture": "#1"},
				"east": {"uv": [14, 2, 15, 3], "texture": "#1"},
				"south": {"uv": [9, 6, 12, 7], "texture": "#1"},
				"west": {"uv": [14, 3, 15, 4], "texture": "#1"},
				"up": {"uv": [12, 8, 9, 7], "texture": "#1"},
				"down": {"uv": [11, 9, 8, 10], "texture": "#1"}
			}
		},
		{
			"from": [6.999, -0.251, 6.999],
			"to": [9.001, 5.751, 9.001],
			"rotation": {"angle": 22.5, "axis": "z", "origin": [7, 5.75, 8]},
			"faces": {
				"north": {"uv": [6, 9, 7, 12], "texture": "#1"},
				"east": {"uv": [3, 10, 4, 13], "texture": "#1"},
				"south": {"uv": [4, 10, 5, 13], "texture": "#1"},
				"west": {"uv": [5, 10, 6, 13], "texture": "#1"},
				"up": {"uv": [15, 5, 14, 4], "texture": "#1"},
				"down": {"uv": [15, 5, 14, 6], "texture": "#1"}
			}
		},
		{
			"from": [9.29556, 19.29458, 7],
			"to": [11.29556, 25.29458, 9],
			"rotation": {"angle": -45, "axis": "z", "origin": [9.29556, 19.29458, 8.001]},
			"faces": {
				"north": {"uv": [8, 10, 9, 13], "texture": "#1"},
				"east": {"uv": [9, 10, 10, 13], "texture": "#1"},
				"south": {"uv": [10, 10, 11, 13], "texture": "#1"},
				"west": {"uv": [11, 3, 12, 6], "texture": "#1"},
				"up": {"uv": [15, 10, 14, 9], "texture": "#1"},
				"down": {"uv": [15, 10, 14, 11], "texture": "#1"}
			}
		},
		{
			"from": [12.80355, 22.45155, 6.999],
			"to": [14.80555, 25.45355, 9.001],
			"rotation": {"angle": -22.5, "axis": "z", "origin": [12.80455, 22.45255, 8]},
			"faces": {
				"north": {"uv": [3, 13, 4, 14.5], "texture": "#1"},
				"east": {"uv": [13, 3.5, 14, 5], "texture": "#1"},
				"south": {"uv": [4, 13, 5, 14.5], "texture": "#1"},
				"west": {"uv": [5, 13, 6, 14.5], "texture": "#1"},
				"up": {"uv": [14.5, 15, 13.5, 14], "texture": "#1"},
				"down": {"uv": [1, 14.5, 0, 15.5], "texture": "#1"}
			}
		},
		{
			"from": [14.99778, -3.91996, 6.999],
			"to": [15.99978, -1.91796, 9.001],
			"rotation": {"angle": 22.5, "axis": "z", "origin": [15.49878, -2.91896, 8]},
			"faces": {
				"north": {"uv": [10.5, 8, 11, 9], "texture": "#1"},
				"east": {"uv": [14.5, 0, 15.5, 1], "texture": "#1"},
				"south": {"uv": [7, 13.5, 7.5, 14.5], "texture": "#1"},
				"west": {"uv": [1, 14.5, 2, 15.5], "texture": "#1"},
				"up": {"uv": [5.5, 15.5, 5, 14.5], "texture": "#1"},
				"down": {"uv": [6, 14.5, 5.5, 15.5], "texture": "#1"}
			}
		},
		{
			"from": [12.80355, -5.95355, 6.999],
			"to": [14.80555, -2.95155, 9.001],
			"rotation": {"angle": 22.5, "axis": "z", "origin": [12.80455, -2.95255, 8]},
			"faces": {
				"north": {"uv": [7.5, 13, 8.5, 14.5], "texture": "#1"},
				"east": {"uv": [8.5, 13, 9.5, 14.5], "texture": "#1"},
				"south": {"uv": [9.5, 13, 10.5, 14.5], "texture": "#1"},
				"west": {"uv": [10.5, 13, 11.5, 14.5], "texture": "#1"},
				"up": {"uv": [15.5, 2, 14.5, 1], "texture": "#1"},
				"down": {"uv": [3, 14.5, 2, 15.5], "texture": "#1"}
			}
		},
		{
			"from": [14.99778, 21.41796, 6.999],
			"to": [15.99978, 23.41996, 9.001],
			"rotation": {"angle": -22.5, "axis": "z", "origin": [15.49878, 22.41896, 8]},
			"faces": {
				"north": {"uv": [6, 14.5, 6.5, 15.5], "texture": "#1"},
				"east": {"uv": [3, 14.5, 4, 15.5], "texture": "#1"},
				"south": {"uv": [14.5, 6, 15, 7], "texture": "#1"},
				"west": {"uv": [4, 14.5, 5, 15.5], "texture": "#1"},
				"up": {"uv": [7, 15.5, 6.5, 14.5], "texture": "#1"},
				"down": {"uv": [7.5, 14.5, 7, 15.5], "texture": "#1"}
			}
		},
		{
			"name": "string-low",
			"from": [13.45241, -2.62301, 8.002],
			"to": [14.45241, 11.37699, 8.002],
			"rotation": {"angle": 0, "axis": "z", "origin": [13.95241, -2.12301, 8.002]},
			"faces": {
				"north": {"uv": [0, 4.5, 0.5, 11.5], "texture": "#1"},
				"east": {"uv": [0, 0, 0, 8.5], "texture": "#1"},
				"south": {"uv": [0.5, 3, 1, 10], "texture": "#1"},
				"west": {"uv": [0, 0, 0, 8.5], "texture": "#1"},
				"up": {"uv": [0.5, 0, 0, 0], "texture": "#1"},
				"down": {"uv": [0.5, 0, 0, 0], "texture": "#1"}
			}
		},
		{
			"name": "string-high",
			"from": [13.45241, 8.12301, 8.001],
			"to": [14.45241, 22.12301, 8.001],
			"rotation": {"angle": 0, "axis": "z", "origin": [13.95241, 21.62301, 8.001]},
			"faces": {
				"north": {"uv": [1, 3, 8, 3.5], "rotation": 270, "texture": "#1"},
				"east": {"uv": [8.5, 0, 0, 0], "rotation": 90, "texture": "#1"},
				"south": {"uv": [2.5, 3.5, 9.5, 4], "rotation": 90, "texture": "#1"},
				"west": {"uv": [8.5, 0, 0, 0], "rotation": 90, "texture": "#1"},
				"up": {"uv": [0, 0, 0, 0.5], "rotation": 90, "texture": "#1"},
				"down": {"uv": [0, 0, 0, 0.5], "rotation": 90, "texture": "#1"}
			}
		}
	],
	"gui_light": "front",
	"display": {
		"thirdperson_righthand": {
			"rotation": [-30, -95, -30],
			"translation": [-1, -0.75, 1.25],
			"scale": [0.6, 0.6, 0.6]
		},
		"thirdperson_lefthand": {
			"rotation": [30, 85, -30],
			"translation": [-1, -0.75, 1.25],
			"scale": [0.6, 0.6, 0.6]
		},
		"firstperson_righthand": {
			"rotation": [15, -90, 0],
			"translation": [0, 2.5, 0.25],
			"scale": [0.6, 0.6, 0.6]
		},
		"firstperson_lefthand": {
			"rotation": [15, 90, 0],
			"translation": [0, 2.5, 0.25],
			"scale": [0.6, 0.6, 0.6]
		},
		"ground": {
			"rotation": [0, 0, -45],
			"translation": [0, 9, 0],
			"scale": [0.5, 0.5, 0.5]
		},
		"gui": {
			"rotation": [0, 0, -45],
			"translation": [-2.75, 1.5, -0.75],
			"scale": [0.6, 0.6, 0.6]
		},
		"head": {
			"rotation": [0, 0, -90],
			"translation": [-1, 9, 0.75],
			"scale": [0.6, 0.6, 0.6]
		},
		"fixed": {
			"rotation": [0, -180, -45],
			"translation": [3.5, 2, -0.75],
			"scale": [0.7, 0.7, 0.7]
		}
	},
	"groups": [
		{
			"name": "bow",
			"origin": [8, 8, 8],
			"color": 0,
			"children": [
				{
					"name": "bow",
					"origin": [8, 8, 8],
					"color": 0,
					"children": [
						{
							"name": "pommel",
							"origin": [8, 8, 8],
							"color": 0,
							"children": []
						},
						{
							"name": "grip",
							"origin": [8, 8, 8],
							"color": 0,
							"children": [
								{
									"name": "handle",
									"origin": [8, 8, 8],
									"color": 0,
									"children": []
								}
							]
						},
						{
							"name": "guard",
							"origin": [8, 8, 8],
							"color": 0,
							"children": [
								{
									"name": "cross-guard",
									"origin": [8, 8, 8],
									"color": 0,
									"children": [
										{
											"name": "gem1",
											"origin": [8, 8, 8],
											"color": 0,
											"children": [0, 1]
										},
										{
											"name": "gem2",
											"origin": [8, 8, 8],
											"color": 0,
											"children": [2, 3]
										},
										{
											"name": "blade",
											"origin": [8, 8, 8],
											"color": 0,
											"children": [4, 5, 6, 7, 8, 9, 10, 11, 12, 13, 14, 15, 16, 17, 18, 19, 20]
										}
									]
								}
							]
						}
					]
				},
				{
					"name": "string",
					"origin": [8, 8, 8],
					"color": 0,
					"children": [21, 22]
				}
			]
		}
	]
}