{
	"credit": "Made with Blockbench",
	"texture_size": [32, 32],
	"textures": {
		"1": "chunky:item/mvp_kit/stardust_sword_golden"
	},
	"elements": [
		{
			"from": [7.5, -10.702, 6.999],
			"to": [9.502, -7.7, 9.001],
			"rotation": {"angle": 45, "axis": "z", "origin": [8.001, -9.201, 8]},
			"faces": {
				"north": {"uv": [3, 7, 4, 8.5], "texture": "#1"},
				"east": {"uv": [3, 8.5, 4, 10], "texture": "#1"},
				"south": {"uv": [8.5, 5.5, 9.5, 7], "texture": "#1"},
				"west": {"uv": [7, 8.5, 8, 10], "texture": "#1"},
				"up": {"uv": [11, 5.5, 10, 4.5], "texture": "#1"},
				"down": {"uv": [7, 10, 6, 11], "texture": "#1"}
			}
		},
		{
			"from": [6.5, -9.702, 6.999],
			"to": [7.502, -7.7, 9.001],
			"rotation": {"angle": 45, "axis": "z", "origin": [8.001, -9.201, 8]},
			"faces": {
				"north": {"uv": [5.5, 9, 6, 10], "texture": "#1"},
				"east": {"uv": [7, 10, 8, 11], "texture": "#1"},
				"south": {"uv": [8, 11, 8.5, 12], "texture": "#1"},
				"west": {"uv": [10, 7, 11, 8], "texture": "#1"},
				"up": {"uv": [11.5, 9, 11, 8], "texture": "#1"},
				"down": {"uv": [9, 11, 8.5, 12], "texture": "#1"}
			}
		},
		{
			"from": [7, -8.2, 7],
			"to": [9, 0.8, 9],
			"rotation": {"angle": 0, "axis": "y", "origin": [0, 21.8, 0]},
			"faces": {
				"north": {"uv": [4, 0, 5, 4.5], "texture": "#1"},
				"east": {"uv": [4, 4.5, 5, 9], "texture": "#1"},
				"south": {"uv": [5, 0, 6, 4.5], "texture": "#1"},
				"west": {"uv": [5, 4.5, 6, 9], "texture": "#1"},
				"up": {"uv": [1, 11.5, 0, 10.5], "texture": "#1"},
				"down": {"uv": [11.5, 0, 10.5, 1], "texture": "#1"}
			}
		},
		{
			"from": [6.501, -6.199, 6.501],
			"to": [9.499, -4.201, 9.499],
			"rotation": {"angle": 0, "axis": "y", "origin": [0, 20.8, 0]},
			"faces": {
				"north": {"uv": [8.5, 7, 10, 8], "texture": "#1"},
				"east": {"uv": [8, 8.5, 9.5, 9.5], "texture": "#1"},
				"south": {"uv": [9, 0, 10.5, 1], "texture": "#1"},
				"west": {"uv": [9, 1, 10.5, 2], "texture": "#1"},
				"up": {"uv": [8.5, 5.5, 7, 4], "texture": "#1"},
				"down": {"uv": [8.5, 5.5, 7, 7], "texture": "#1"}
			}
		},
		{
			"from": [6.501, 0.801, 6.501],
			"to": [9.499, 2.799, 9.499],
			"rotation": {"angle": 0, "axis": "y", "origin": [0, 20.8, 0]},
			"faces": {
				"north": {"uv": [9, 2, 10.5, 3], "texture": "#1"},
				"east": {"uv": [4, 9, 5.5, 10], "texture": "#1"},
				"south": {"uv": [0, 9.5, 1.5, 10.5], "texture": "#1"},
				"west": {"uv": [1.5, 9.5, 3, 10.5], "texture": "#1"},
				"up": {"uv": [8.5, 8.5, 7, 7], "texture": "#1"},
				"down": {"uv": [1.5, 8, 0, 9.5], "texture": "#1"}
			}
		},
		{
			"from": [4.999, 2.799, 6.999],
			"to": [11.001, 5.801, 9.001],
			"rotation": {"angle": 0, "axis": "y", "origin": [8, 4.85, 8.5]},
			"faces": {
				"north": {"uv": [6, 0, 9, 1.5], "texture": "#1"},
				"east": {"uv": [9.5, 5.5, 10.5, 7], "texture": "#1"},
				"south": {"uv": [6, 1.5, 9, 3], "texture": "#1"},
				"west": {"uv": [8, 9.5, 9, 11], "texture": "#1"},
				"up": {"uv": [3, 8, 0, 7], "texture": "#1"},
				"down": {"uv": [10, 3, 7, 4], "texture": "#1"}
			}
		},
		{
			"from": [5.999, 3.799, 6.499],
			"to": [8.001, 5.801, 9.501],
			"rotation": {"angle": 45, "axis": "z", "origin": [8, 5.8, 8]},
			"faces": {
				"north": {"uv": [1, 10.5, 2, 11.5], "texture": "#1"},
				"east": {"uv": [9.5, 8, 11, 9], "texture": "#1"},
				"south": {"uv": [10.5, 1, 11.5, 2], "texture": "#1"},
				"west": {"uv": [9, 9.5, 10.5, 10.5], "texture": "#1"},
				"up": {"uv": [4, 11.5, 3, 10], "texture": "#1"},
				"down": {"uv": [11, 3, 10, 4.5], "texture": "#1"}
			}
		},
		{
			"from": [6, 5.8, 7.5],
			"to": [10, 19.8, 8.5],
			"rotation": {"angle": 0, "axis": "y", "origin": [8, 4.85, 9]},
			"faces": {
				"north": {"uv": [0, 0, 2, 7], "texture": "#1"},
				"east": {"uv": [6, 3, 6.5, 10], "texture": "#1"},
				"south": {"uv": [2, 0, 4, 7], "texture": "#1"},
				"west": {"uv": [6.5, 3, 7, 10], "texture": "#1"},
				"up": {"uv": [11.5, 9.5, 9.5, 9], "texture": "#1"},
				"down": {"uv": [6, 10, 4, 10.5], "texture": "#1"}
			}
		},
		{
			"from": [6.499, 18.299, 7.499],
			"to": [9.501, 21.301, 8.501],
			"rotation": {"angle": 45, "axis": "z", "origin": [8, 19.8, 8.5]},
			"faces": {
				"north": {"uv": [1.5, 8, 3, 9.5], "texture": "#1"},
				"east": {"uv": [7, 11, 7.5, 12.5], "texture": "#1"},
				"south": {"uv": [8.5, 4, 10, 5.5], "texture": "#1"},
				"west": {"uv": [7.5, 11, 8, 12.5], "texture": "#1"},
				"up": {"uv": [12.5, 5.5, 11, 5], "texture": "#1"},
				"down": {"uv": [12.5, 7.5, 11, 8], "texture": "#1"}
			}
		},
		{
			"from": [5.999, 8.099, 6.999],
			"to": [8.001, 10.101, 9.001],
			"rotation": {"angle": 45, "axis": "z", "origin": [8, 10.1, 8.5]},
			"faces": {
				"north": {"uv": [2, 10.5, 3, 11.5], "texture": "#1"},
				"east": {"uv": [10.5, 2, 11.5, 3], "texture": "#1"},
				"south": {"uv": [4, 10.5, 5, 11.5], "texture": "#1"},
				"west": {"uv": [5, 10.5, 6, 11.5], "texture": "#1"},
				"up": {"uv": [11.5, 6.5, 10.5, 5.5], "texture": "#1"},
				"down": {"uv": [10, 10.5, 9, 11.5], "texture": "#1"}
			}
		},
		{
			"from": [5.999, 12.099, 6.999],
			"to": [8.001, 14.101, 9.001],
			"rotation": {"angle": 45, "axis": "z", "origin": [8, 14.1, 8.5]},
			"faces": {
				"north": {"uv": [10.5, 9.5, 11.5, 10.5], "texture": "#1"},
				"east": {"uv": [10, 10.5, 11, 11.5], "texture": "#1"},
				"south": {"uv": [11, 3, 12, 4], "texture": "#1"},
				"west": {"uv": [11, 4, 12, 5], "texture": "#1"},
				"up": {"uv": [7, 12, 6, 11], "texture": "#1"},
				"down": {"uv": [12, 6.5, 11, 7.5], "texture": "#1"}
			}
		}
	],
	"gui_light": "front",
	"display": {
		"thirdperson_righthand": {
			"rotation": [5, -90, 0],
			"translation": [0, 5.25, 1.5],
			"scale": [0.66, 0.66, 0.66]
		},
		"thirdperson_lefthand": {
			"rotation": [-10, 90, 0],
			"translation": [0, 5, 0],
			"scale": [0.6, 0.6, 0.6]
		},
		"firstperson_righthand": {
			"rotation": [20, -90, 0],
			"translation": [2, 3, 0.25],
			"scale": [0.6, 0.6, 0.6]
		},
		"firstperson_lefthand": {
			"rotation": [20, 90, 0],
			"translation": [2, 3, 0.25],
			"scale": [0.6, 0.6, 0.6]
		},
		"ground": {
			"rotation": [0, 0, 45],
			"translation": [0, 7, 0],
			"scale": [0.5, 0.5, 0.5]
		},
		"gui": {
			"rotation": [-180, 0, -135],
			"translation": [1.25, 1.25, 0],
			"scale": [0.65, 0.65, 0.65]
		},
		"head": {
			"translation": [0.25, 8.5, 0.75],
			"scale": [0.6, 0.6, 0.6]
		},
		"fixed": {
			"rotation": [0, 0, 45],
			"translation": [-1.25, 1, -0.75],
			"scale": [0.7, 0.7, 0.7]
		}
	},
	"groups": [
		{
			"name": "sword",
			"origin": [8, 8, 8],
			"color": 0,
			"children": [
				{
					"name": "pommel",
					"origin": [8, 8, 8],
					"color": 0,
					"children": [0, 1]
				},
				{
					"name": "grip",
					"origin": [8, 8, 8],
					"color": 0,
					"children": [
						2,
						{
							"name": "handle",
							"origin": [8, 8, 8],
							"color": 0,
							"children": [3, 4]
						}
					]
				},
				{
					"name": "guard",
					"origin": [8, 8, 8],
					"color": 0,
					"children": [
						{
							"name": "cross-guard",
							"origin": [8, 8, 8],
							"color": 0,
							"children": [
								{
									"name": "gem",
									"origin": [8, 8, 8],
									"color": 0,
									"children": [5, 6]
								},
								{
									"name": "blade",
									"origin": [8, 8, 8],
									"color": 0,
									"children": [7, 8, 9, 10]
								}
							]
						}
					]
				}
			]
		}
	]
}