{
	"credit": "magic_store_official",
	"texture_size": [128, 128],
	"textures": {
		"0": "chunky:item/furniture/lunar_event/lunar_ground_1",
		"particle": "chunky:item/furniture/lunar_event/lunar_ground_1"
	},
	"elements": [
		{
			"from": [-6, 0, -6],
			"to": [-4, 13, -4],
			"rotation": {"angle": 0, "axis": "y", "origin": [8, 0, 8]},
			"faces": {
				"north": {"uv": [10.375, 0, 10.625, 1.625], "texture": "#0"},
				"east": {"uv": [10.625, 0, 10.375, 1.625], "texture": "#0"},
				"south": {"uv": [10.375, 0, 10.625, 1.625], "texture": "#0"},
				"west": {"uv": [10.625, 0, 10.375, 1.625], "texture": "#0"},
				"up": {"uv": [10.375, 0.25, 10.625, 0], "texture": "#0"},
				"down": {"uv": [10.375, 0.25, 10.625, 0], "texture": "#0"}
			}
		},
		{
			"from": [20, 0, -6],
			"to": [22, 13, -4],
			"rotation": {"angle": 0, "axis": "y", "origin": [8, 0, 8]},
			"faces": {
				"north": {"uv": [10.625, 0, 10.375, 1.625], "texture": "#0"},
				"east": {"uv": [10.375, 0, 10.625, 1.625], "texture": "#0"},
				"south": {"uv": [10.625, 0, 10.375, 1.625], "texture": "#0"},
				"west": {"uv": [10.375, 0, 10.625, 1.625], "texture": "#0"},
				"up": {"uv": [10.375, 0.25, 10.625, 0], "rotation": 90, "texture": "#0"},
				"down": {"uv": [10.375, 0.25, 10.625, 0], "rotation": 270, "texture": "#0"}
			}
		},
		{
			"from": [20, 0, 20],
			"to": [22, 13, 22],
			"rotation": {"angle": 0, "axis": "y", "origin": [8, 0, 8]},
			"faces": {
				"north": {"uv": [10.375, 0, 10.625, 1.625], "texture": "#0"},
				"east": {"uv": [10.625, 0, 10.375, 1.625], "texture": "#0"},
				"south": {"uv": [10.375, 0, 10.625, 1.625], "texture": "#0"},
				"west": {"uv": [10.625, 0, 10.375, 1.625], "texture": "#0"},
				"up": {"uv": [10.375, 0.25, 10.625, 0], "rotation": 180, "texture": "#0"},
				"down": {"uv": [10.375, 0.25, 10.625, 0], "rotation": 180, "texture": "#0"}
			}
		},
		{
			"from": [-6, 0, 20],
			"to": [-4, 13, 22],
			"rotation": {"angle": 0, "axis": "y", "origin": [8, 0, 8]},
			"faces": {
				"north": {"uv": [10.625, 0, 10.375, 1.625], "texture": "#0"},
				"east": {"uv": [10.375, 0, 10.625, 1.625], "texture": "#0"},
				"south": {"uv": [10.625, 0, 10.375, 1.625], "texture": "#0"},
				"west": {"uv": [10.375, 0, 10.625, 1.625], "texture": "#0"},
				"up": {"uv": [10.375, 0.25, 10.625, 0], "rotation": 270, "texture": "#0"},
				"down": {"uv": [10.375, 0.25, 10.625, 0], "rotation": 90, "texture": "#0"}
			}
		},
		{
			"from": [-8, 13, -8],
			"to": [24, 16, 24],
			"faces": {
				"north": {"uv": [10.75, 4.25, 11.125, 8.25], "rotation": 90, "texture": "#0"},
				"east": {"uv": [11.125, 4.25, 11.5, 8.25], "rotation": 90, "texture": "#0"},
				"south": {"uv": [10.75, 4.25, 11.125, 8.25], "rotation": 90, "texture": "#0"},
				"west": {"uv": [11.125, 4.25, 11.5, 8.25], "rotation": 90, "texture": "#0"},
				"up": {"uv": [10.5, 12, 14.5, 16], "rotation": 90, "texture": "#0"},
				"down": {"uv": [10.5, 12, 14.5, 16], "rotation": 90, "texture": "#0"}
			}
		}
	],
	"display": {
		"thirdperson_righthand": {
			"translation": [0, 2, 0],
			"scale": [0.3, 0.3, 0.3]
		},
		"thirdperson_lefthand": {
			"translation": [0, 2, 0],
			"scale": [0.3, 0.3, 0.3]
		},
		"firstperson_righthand": {
			"rotation": [0, 38.5, 0],
			"translation": [1.25, 0, 0],
			"scale": [0.5, 0.5, 0.5]
		},
		"firstperson_lefthand": {
			"rotation": [0, 38.5, 0],
			"translation": [1.25, 0, 0],
			"scale": [0.5, 0.5, 0.5]
		},
		"ground": {
			"translation": [0, -1.25, 0],
			"scale": [0.3, 0.3, 0.3]
		},
		"gui": {
			"rotation": [30, 35, 0],
			"translation": [0, -0.25, 0],
			"scale": [0.4, 0.4, 0.4]
		},
		"head": {
			"translation": [0, -30.5, 0],
			"scale": [1.6, 1.6, 1.6]
		},
		"fixed": {
			"rotation": [-90, 0, 0],
			"translation": [0, 0, -16],
			"scale": [2, 2, 2]
		}
	}
}