{
	"credit": "magic_store_official",
	"texture_size": [64, 64],
	"textures": {
		"0": "chunky:item/furniture/lunar_event/lunar_lantern_ceiling_1",
		"1": "chunky:item/furniture/lunar_event/lunar_animate",
		"particle": "chunky:item/furniture/lunar_event/lunar_lantern_ceiling_1"
	},
	"elements": [
		{
			"from": [0, 14, 0],
			"to": [16, 24, 16],
			"faces": {
				"north": {"uv": [5.5, 4, 9.5, 6.5], "texture": "#0"},
				"east": {"uv": [5.5, 4, 9.5, 6.5], "texture": "#0"},
				"south": {"uv": [5.5, 4, 9.5, 6.5], "texture": "#0"},
				"west": {"uv": [5.5, 4, 9.5, 6.5], "texture": "#0"},
				"up": {"uv": [4, 12, 0, 16], "texture": "#0"},
				"down": {"uv": [4, 12, 0, 16], "texture": "#0"}
			}
		},
		{
			"from": [0, -8, 0],
			"to": [16, 2, 16],
			"faces": {
				"north": {"uv": [5.5, 4, 9.5, 6.5], "texture": "#0"},
				"east": {"uv": [5.5, 4, 9.5, 6.5], "texture": "#0"},
				"south": {"uv": [5.5, 4, 9.5, 6.5], "texture": "#0"},
				"west": {"uv": [5.5, 4, 9.5, 6.5], "texture": "#0"},
				"up": {"uv": [4, 12, 0, 16], "texture": "#0"},
				"down": {"uv": [4, 12, 0, 16], "texture": "#0"}
			}
		},
		{
			"from": [0, 3, 0],
			"to": [16, 13, 16],
			"faces": {
				"north": {"uv": [5.5, 4, 9.5, 6.5], "texture": "#0"},
				"east": {"uv": [5.5, 4, 9.5, 6.5], "texture": "#0"},
				"south": {"uv": [5.5, 4, 9.5, 6.5], "texture": "#0"},
				"west": {"uv": [5.5, 4, 9.5, 6.5], "texture": "#0"},
				"up": {"uv": [4, 12, 0, 16], "texture": "#0"},
				"down": {"uv": [4, 12, 0, 16], "texture": "#0"}
			}
		},
		{
			"from": [5, -15, 5],
			"to": [11, -8, 11],
			"faces": {
				"north": {"uv": [3, 0, 0, 3.5], "texture": "#1"},
				"east": {"uv": [0, 0, 3, 3.5], "texture": "#1"},
				"south": {"uv": [3, 0, 0, 3.5], "texture": "#1"},
				"west": {"uv": [0, 0, 3, 3.5], "texture": "#1"}
			}
		},
		{
			"from": [5, -8, 5],
			"to": [11, -15, 11],
			"faces": {
				"north": {"uv": [3, 3.5, 0, 0], "texture": "#1"},
				"east": {"uv": [0, 3.5, 3, 0], "texture": "#1"},
				"south": {"uv": [3, 3.5, 0, 0], "texture": "#1"},
				"west": {"uv": [0, 3.5, 3, 0], "texture": "#1"},
				"up": {"uv": [7, 3.25, 5.5, 1.75], "texture": "#0"},
				"down": {"uv": [7, 1.75, 5.5, 3.25], "texture": "#0"}
			}
		},
		{
			"from": [2, 2, 2],
			"to": [14, 3, 14],
			"faces": {
				"north": {"uv": [5.5, 3.75, 8.5, 4], "texture": "#0"},
				"east": {"uv": [5.5, 3.75, 8.5, 4], "texture": "#0"},
				"south": {"uv": [5.5, 3.75, 8.5, 4], "texture": "#0"},
				"west": {"uv": [5.5, 3.75, 8.5, 4], "texture": "#0"}
			}
		},
		{
			"from": [2, 13, 2],
			"to": [14, 14, 14],
			"faces": {
				"north": {"uv": [5.5, 3.75, 8.5, 4], "texture": "#0"},
				"east": {"uv": [5.5, 3.75, 8.5, 4], "texture": "#0"},
				"south": {"uv": [5.5, 3.75, 8.5, 4], "texture": "#0"},
				"west": {"uv": [5.5, 3.75, 8.5, 4], "texture": "#0"}
			}
		},
		{
			"from": [4, 24, 4],
			"to": [12, 26, 12],
			"faces": {
				"north": {"uv": [0, 2, 2, 2.5], "texture": "#0"},
				"east": {"uv": [0, 2, 2, 2.5], "texture": "#0"},
				"south": {"uv": [0, 2, 2, 2.5], "texture": "#0"},
				"west": {"uv": [0, 2, 2, 2.5], "texture": "#0"},
				"up": {"uv": [2, 2, 0, 0], "texture": "#0"},
				"down": {"uv": [2, 0, 0, 2], "texture": "#0"}
			}
		},
		{
			"from": [7, 26, 7],
			"to": [9, 27, 9],
			"faces": {
				"north": {"uv": [0, 2.75, 0.5, 3], "texture": "#0"},
				"east": {"uv": [0.5, 2.75, 0, 3], "texture": "#0"},
				"south": {"uv": [0, 2.75, 0.5, 3], "texture": "#0"},
				"west": {"uv": [0.5, 2.75, 0, 3], "texture": "#0"},
				"up": {"uv": [1, 2.5, 0.5, 3], "texture": "#0"},
				"down": {"uv": [1, 2.5, 0.5, 3], "texture": "#0"}
			}
		},
		{
			"from": [8, 25, 6.5],
			"to": [8, 32, 9.5],
			"rotation": {"angle": -45, "axis": "y", "origin": [8, 17.5, 8]},
			"faces": {
				"east": {"uv": [1.25, 4.5, 2, 6.25], "texture": "#0"},
				"west": {"uv": [1.25, 4.5, 2, 6.25], "texture": "#0"}
			}
		},
		{
			"from": [8, 25, 6.5],
			"to": [8, 32, 9.5],
			"rotation": {"angle": 45, "axis": "y", "origin": [8, 17.5, 8]},
			"faces": {
				"east": {"uv": [1.25, 4.5, 2, 6.25], "texture": "#0"},
				"west": {"uv": [1.25, 4.5, 2, 6.25], "texture": "#0"}
			}
		}
	],
	"display": {
		"thirdperson_righthand": {
			"translation": [0, 2, 0],
			"scale": [0.3, 0.3, 0.3]
		},
		"thirdperson_lefthand": {
			"translation": [0, 2, 0],
			"scale": [0.3, 0.3, 0.3]
		},
		"firstperson_righthand": {
			"rotation": [0, 38.5, 0],
			"translation": [1.5, 2.25, 0],
			"scale": [0.5, 0.5, 0.5]
		},
		"firstperson_lefthand": {
			"rotation": [0, 38.5, 0],
			"translation": [1.5, 2.25, 0],
			"scale": [0.5, 0.5, 0.5]
		},
		"ground": {
			"translation": [0, -1.25, 0],
			"scale": [0.3, 0.3, 0.3]
		},
		"gui": {
			"rotation": [30, 35, 0],
			"translation": [0.25, 0.5, 0],
			"scale": [0.35, 0.35, 0.35]
		},
		"head": {
			"translation": [0, -30.5, 0],
			"scale": [1.6, 1.6, 1.6]
		},
		"fixed": {
			"rotation": [90, 0, 0],
			"translation": [0, 0, -49],
			"scale": [2, 2, 2]
		}
	},
	"groups": [
		0,
		1,
		2,
		3,
		4,
		5,
		6,
		{
			"name": "group",
			"origin": [8, 17.5, 8],
			"color": 0,
			"nbt": "{}",
			"armAnimationEnabled": false,
			"children": [7, 8, 9, 10]
		}
	]
}