{
	"credit": "magic_store_official",
	"texture_size": [64, 64],
	"textures": {
		"0": "chunky:item/furniture/lunar_event/lunar_pack",
		"particle": "chunky:item/furniture/lunar_event/lunar_pack"
	},
	"elements": [
		{
			"from": [0.25, -15, 8],
			"to": [15.75, 25, 8],
			"faces": {
				"north": {"uv": [5.125, 0, 9, 10], "texture": "#0"},
				"south": {"uv": [9, 0, 5.125, 10], "texture": "#0"}
			}
		},
		{
			"from": [-0.75, 25, 7],
			"to": [16.75, 27, 9],
			"faces": {
				"north": {"uv": [9, 0, 9.5, 4.375], "rotation": 90, "texture": "#0"},
				"east": {"uv": [10, 0, 10.5, 0.5], "rotation": 90, "texture": "#0"},
				"south": {"uv": [9, 4.375, 9.5, 0], "rotation": 90, "texture": "#0"},
				"west": {"uv": [10, 0, 10.5, 0.5], "rotation": 90, "texture": "#0"},
				"up": {"uv": [9.5, 0, 10, 4.375], "rotation": 90, "texture": "#0"},
				"down": {"uv": [9, 4.375, 9.5, 8.75], "rotation": 90, "texture": "#0"}
			}
		}
	],
	"display": {
		"thirdperson_righthand": {
			"scale": [0.4, 0.4, 0.4]
		},
		"thirdperson_lefthand": {
			"translation": [0, 3.25, 0],
			"scale": [0.4, 0.4, 0.4]
		},
		"firstperson_righthand": {
			"translation": [1.5, 0, 0],
			"scale": [0.5, 0.5, 0.5]
		},
		"firstperson_lefthand": {
			"translation": [1.5, 0, 0],
			"scale": [0.5, 0.5, 0.5]
		},
		"ground": {
			"scale": [0.4, 0.4, 0.4]
		},
		"gui": {
			"rotation": [30, -35, 0],
			"translation": [0, 0.75, 0],
			"scale": [0.45, 0.45, 0.45]
		},
		"head": {
			"translation": [0, -44, 0],
			"scale": [4, 4, 4]
		},
		"fixed": {
			"translation": [0, -46, -3],
			"scale": [3.2, 3.2, 3.2]
		}
	}
}