{
	"credit": "magic_store_official",
	"texture_size": [128, 128],
	"textures": {
		"0": "chunky:item/furniture/lunar_event/lunar_ground_1",
		"particle": "chunky:item/furniture/lunar_event/lunar_ground_1"
	},
	"elements": [
		{
			"from": [2, 0, 2],
			"to": [14, 15, 14],
			"faces": {
				"north": {"uv": [14.5, 1.75, 16, 3.625], "texture": "#0"},
				"east": {"uv": [14.5, 1.75, 16, 3.625], "texture": "#0"},
				"south": {"uv": [14.5, 1.75, 16, 3.625], "texture": "#0"},
				"west": {"uv": [14.5, 1.75, 16, 3.625], "texture": "#0"},
				"up": {"uv": [14.5, 3.625, 16, 5.125], "texture": "#0"},
				"down": {"uv": [14.5, 2.125, 16, 3.625], "texture": "#0"}
			}
		},
		{
			"from": [7.5, 21, 10],
			"to": [10.5, 23, 10],
			"rotation": {"angle": 22.5, "axis": "x", "origin": [9, 18, 10]},
			"faces": {
				"north": {"uv": [11.125, 1.5, 11.5, 1.75], "texture": "#0"},
				"east": {"uv": [0, 0, 0, 0.25], "texture": "#missing"},
				"south": {"uv": [11.125, 1.5, 11.5, 1.75], "texture": "#0"},
				"west": {"uv": [0, 0, 0, 0.25], "texture": "#missing"},
				"up": {"uv": [0, 0, 0, 0.375], "rotation": 270, "texture": "#missing"},
				"down": {"uv": [0, 0, 0, 0.375], "rotation": 90, "texture": "#missing"}
			}
		},
		{
			"from": [8, 17, 9],
			"to": [10, 21, 11],
			"rotation": {"angle": 22.5, "axis": "x", "origin": [9, 18, 10]},
			"faces": {
				"north": {"uv": [11.5, 1.5, 11.75, 2], "texture": "#0"},
				"east": {"uv": [11.75, 1.5, 11.5, 2], "texture": "#0"},
				"south": {"uv": [11.5, 1.5, 11.75, 2], "texture": "#0"},
				"west": {"uv": [11.75, 1.5, 11.5, 2], "texture": "#0"},
				"up": {"uv": [11.5, 2, 11.75, 2.25], "texture": "#0"},
				"down": {"uv": [11.5, 2.25, 11.75, 2.5], "texture": "#0"}
			}
		},
		{
			"from": [9, 21, 8.5],
			"to": [9, 23, 11.5],
			"rotation": {"angle": 22.5, "axis": "x", "origin": [9, 18, 10]},
			"faces": {
				"north": {"uv": [0, 0, 0, 0.25], "texture": "#missing"},
				"east": {"uv": [11.125, 1.5, 11.5, 1.75], "texture": "#0"},
				"south": {"uv": [0, 0, 0, 0.25], "texture": "#missing"},
				"west": {"uv": [11.125, 1.5, 11.5, 1.75], "texture": "#0"},
				"up": {"uv": [0, 0, 0, 0.375], "texture": "#missing"},
				"down": {"uv": [0, 0, 0, 0.375], "texture": "#missing"}
			}
		},
		{
			"from": [9, 11, 9.5],
			"to": [9, 17, 10.5],
			"rotation": {"angle": 22.5, "axis": "x", "origin": [9, 18, 10]},
			"faces": {
				"north": {"uv": [0, 0, 0, 0.25], "texture": "#missing"},
				"east": {"uv": [11.375, 1.75, 11.5, 2.5], "texture": "#0"},
				"south": {"uv": [0, 0, 0, 0.25], "texture": "#missing"},
				"west": {"uv": [11.375, 1.75, 11.5, 2.5], "texture": "#0"},
				"up": {"uv": [0, 0, 0, 0.375], "texture": "#missing"},
				"down": {"uv": [0, 0, 0, 0.375], "texture": "#missing"}
			}
		},
		{
			"from": [8.5, 11, 10],
			"to": [9.5, 17, 10],
			"rotation": {"angle": 22.5, "axis": "x", "origin": [9, 18, 10]},
			"faces": {
				"north": {"uv": [11.375, 1.75, 11.5, 2.5], "texture": "#0"},
				"east": {"uv": [0, 0, 0, 0.25], "texture": "#missing"},
				"south": {"uv": [11.375, 1.75, 11.5, 2.5], "texture": "#0"},
				"west": {"uv": [0, 0, 0, 0.25], "texture": "#missing"},
				"up": {"uv": [0, 0, 0, 0.375], "rotation": 270, "texture": "#missing"},
				"down": {"uv": [0, 0, 0, 0.375], "rotation": 90, "texture": "#missing"}
			}
		},
		{
			"from": [7.5, 20, 5],
			"to": [10.5, 22, 5],
			"rotation": {"angle": -22.5, "axis": "x", "origin": [10, 19, 5]},
			"faces": {
				"north": {"uv": [11.125, 1.5, 11.5, 1.75], "texture": "#0"},
				"east": {"uv": [0, 0, 0, 0.25], "texture": "#missing"},
				"south": {"uv": [11.125, 1.5, 11.5, 1.75], "texture": "#0"},
				"west": {"uv": [0, 0, 0, 0.25], "texture": "#missing"},
				"up": {"uv": [0, 0, 0, 0.375], "rotation": 270, "texture": "#missing"},
				"down": {"uv": [0, 0, 0, 0.375], "rotation": 90, "texture": "#missing"}
			}
		},
		{
			"from": [8, 16, 4],
			"to": [10, 20, 6],
			"rotation": {"angle": -22.5, "axis": "x", "origin": [10, 19, 5]},
			"faces": {
				"north": {"uv": [11.5, 1.5, 11.75, 2], "texture": "#0"},
				"east": {"uv": [11.75, 1.5, 11.5, 2], "texture": "#0"},
				"south": {"uv": [11.5, 1.5, 11.75, 2], "texture": "#0"},
				"west": {"uv": [11.75, 1.5, 11.5, 2], "texture": "#0"},
				"up": {"uv": [11.5, 2, 11.75, 2.25], "texture": "#0"},
				"down": {"uv": [11.5, 2.25, 11.75, 2.5], "texture": "#0"}
			}
		},
		{
			"from": [9, 20, 3.5],
			"to": [9, 22, 6.5],
			"rotation": {"angle": -22.5, "axis": "x", "origin": [10, 19, 5]},
			"faces": {
				"north": {"uv": [0, 0, 0, 0.25], "texture": "#missing"},
				"east": {"uv": [11.125, 1.5, 11.5, 1.75], "texture": "#0"},
				"south": {"uv": [0, 0, 0, 0.25], "texture": "#missing"},
				"west": {"uv": [11.125, 1.5, 11.5, 1.75], "texture": "#0"},
				"up": {"uv": [0, 0, 0, 0.375], "texture": "#missing"},
				"down": {"uv": [0, 0, 0, 0.375], "texture": "#missing"}
			}
		},
		{
			"from": [9, 10, 4.5],
			"to": [9, 16, 5.5],
			"rotation": {"angle": -22.5, "axis": "x", "origin": [10, 19, 5]},
			"faces": {
				"north": {"uv": [0, 0, 0, 0.25], "texture": "#missing"},
				"east": {"uv": [11.375, 1.75, 11.5, 2.5], "texture": "#0"},
				"south": {"uv": [0, 0, 0, 0.25], "texture": "#missing"},
				"west": {"uv": [11.375, 1.75, 11.5, 2.5], "texture": "#0"},
				"up": {"uv": [0, 0, 0, 0.375], "texture": "#missing"},
				"down": {"uv": [0, 0, 0, 0.375], "texture": "#missing"}
			}
		},
		{
			"from": [8.5, 10, 5],
			"to": [9.5, 16, 5],
			"rotation": {"angle": -22.5, "axis": "x", "origin": [10, 19, 5]},
			"faces": {
				"north": {"uv": [11.375, 1.75, 11.5, 2.5], "texture": "#0"},
				"east": {"uv": [0, 0, 0, 0.25], "texture": "#missing"},
				"south": {"uv": [11.375, 1.75, 11.5, 2.5], "texture": "#0"},
				"west": {"uv": [0, 0, 0, 0.25], "texture": "#missing"},
				"up": {"uv": [0, 0, 0, 0.375], "rotation": 270, "texture": "#missing"},
				"down": {"uv": [0, 0, 0, 0.375], "rotation": 90, "texture": "#missing"}
			}
		},
		{
			"from": [4.5, 20, 5],
			"to": [7.5, 22, 5],
			"rotation": {"angle": -22.5, "axis": "x", "origin": [6, 19, 5]},
			"faces": {
				"north": {"uv": [11.125, 1.5, 11.5, 1.75], "texture": "#0"},
				"east": {"uv": [0, 0, 0, 0.25], "texture": "#missing"},
				"south": {"uv": [11.125, 1.5, 11.5, 1.75], "texture": "#0"},
				"west": {"uv": [0, 0, 0, 0.25], "texture": "#missing"},
				"up": {"uv": [0, 0, 0, 0.375], "rotation": 270, "texture": "#missing"},
				"down": {"uv": [0, 0, 0, 0.375], "rotation": 90, "texture": "#missing"}
			}
		},
		{
			"from": [5, 16, 4],
			"to": [7, 20, 6],
			"rotation": {"angle": -22.5, "axis": "x", "origin": [6, 19, 5]},
			"faces": {
				"north": {"uv": [11.5, 1.5, 11.75, 2], "texture": "#0"},
				"east": {"uv": [11.75, 1.5, 11.5, 2], "texture": "#0"},
				"south": {"uv": [11.5, 1.5, 11.75, 2], "texture": "#0"},
				"west": {"uv": [11.75, 1.5, 11.5, 2], "texture": "#0"},
				"up": {"uv": [11.5, 2, 11.75, 2.25], "texture": "#0"},
				"down": {"uv": [11.5, 2.25, 11.75, 2.5], "texture": "#0"}
			}
		},
		{
			"from": [6, 20, 3.5],
			"to": [6, 22, 6.5],
			"rotation": {"angle": -22.5, "axis": "x", "origin": [6, 19, 5]},
			"faces": {
				"north": {"uv": [0, 0, 0, 0.25], "texture": "#missing"},
				"east": {"uv": [11.125, 1.5, 11.5, 1.75], "texture": "#0"},
				"south": {"uv": [0, 0, 0, 0.25], "texture": "#missing"},
				"west": {"uv": [11.125, 1.5, 11.5, 1.75], "texture": "#0"},
				"up": {"uv": [0, 0, 0, 0.375], "texture": "#missing"},
				"down": {"uv": [0, 0, 0, 0.375], "texture": "#missing"}
			}
		},
		{
			"from": [6, 10, 4.5],
			"to": [6, 16, 5.5],
			"rotation": {"angle": -22.5, "axis": "x", "origin": [6, 19, 5]},
			"faces": {
				"north": {"uv": [0, 0, 0, 0.25], "texture": "#missing"},
				"east": {"uv": [11.375, 1.75, 11.5, 2.5], "texture": "#0"},
				"south": {"uv": [0, 0, 0, 0.25], "texture": "#missing"},
				"west": {"uv": [11.375, 1.75, 11.5, 2.5], "texture": "#0"},
				"up": {"uv": [0, 0, 0, 0.375], "texture": "#missing"},
				"down": {"uv": [0, 0, 0, 0.375], "texture": "#missing"}
			}
		},
		{
			"from": [5.5, 10, 5],
			"to": [6.5, 16, 5],
			"rotation": {"angle": -22.5, "axis": "x", "origin": [6, 19, 5]},
			"faces": {
				"north": {"uv": [11.375, 1.75, 11.5, 2.5], "texture": "#0"},
				"east": {"uv": [0, 0, 0, 0.25], "texture": "#missing"},
				"south": {"uv": [11.375, 1.75, 11.5, 2.5], "texture": "#0"},
				"west": {"uv": [0, 0, 0, 0.25], "texture": "#missing"},
				"up": {"uv": [0, 0, 0, 0.375], "rotation": 270, "texture": "#missing"},
				"down": {"uv": [0, 0, 0, 0.375], "rotation": 90, "texture": "#missing"}
			}
		},
		{
			"from": [4.5, 20, 12],
			"to": [7.5, 22, 12],
			"rotation": {"angle": 22.5, "axis": "x", "origin": [6, 19, 11]},
			"faces": {
				"north": {"uv": [11.125, 1.5, 11.5, 1.75], "texture": "#0"},
				"east": {"uv": [0, 0, 0, 0.25], "texture": "#missing"},
				"south": {"uv": [11.125, 1.5, 11.5, 1.75], "texture": "#0"},
				"west": {"uv": [0, 0, 0, 0.25], "texture": "#missing"},
				"up": {"uv": [0, 0, 0, 0.375], "rotation": 270, "texture": "#missing"},
				"down": {"uv": [0, 0, 0, 0.375], "rotation": 90, "texture": "#missing"}
			}
		},
		{
			"from": [5, 16, 11],
			"to": [7, 20, 13],
			"rotation": {"angle": 22.5, "axis": "x", "origin": [6, 19, 11]},
			"faces": {
				"north": {"uv": [11.5, 1.5, 11.75, 2], "texture": "#0"},
				"east": {"uv": [11.75, 1.5, 11.5, 2], "texture": "#0"},
				"south": {"uv": [11.5, 1.5, 11.75, 2], "texture": "#0"},
				"west": {"uv": [11.75, 1.5, 11.5, 2], "texture": "#0"},
				"up": {"uv": [11.5, 2, 11.75, 2.25], "texture": "#0"},
				"down": {"uv": [11.5, 2.25, 11.75, 2.5], "texture": "#0"}
			}
		},
		{
			"from": [6, 20, 10.5],
			"to": [6, 22, 13.5],
			"rotation": {"angle": 22.5, "axis": "x", "origin": [6, 19, 11]},
			"faces": {
				"north": {"uv": [0, 0, 0, 0.25], "texture": "#missing"},
				"east": {"uv": [11.125, 1.5, 11.5, 1.75], "texture": "#0"},
				"south": {"uv": [0, 0, 0, 0.25], "texture": "#missing"},
				"west": {"uv": [11.125, 1.5, 11.5, 1.75], "texture": "#0"},
				"up": {"uv": [0, 0, 0, 0.375], "texture": "#missing"},
				"down": {"uv": [0, 0, 0, 0.375], "texture": "#missing"}
			}
		},
		{
			"from": [6, 10, 11.5],
			"to": [6, 16, 12.5],
			"rotation": {"angle": 22.5, "axis": "x", "origin": [6, 19, 11]},
			"faces": {
				"north": {"uv": [0, 0, 0, 0.25], "texture": "#missing"},
				"east": {"uv": [11.375, 1.75, 11.5, 2.5], "texture": "#0"},
				"south": {"uv": [0, 0, 0, 0.25], "texture": "#missing"},
				"west": {"uv": [11.375, 1.75, 11.5, 2.5], "texture": "#0"},
				"up": {"uv": [0, 0, 0, 0.375], "texture": "#missing"},
				"down": {"uv": [0, 0, 0, 0.375], "texture": "#missing"}
			}
		},
		{
			"from": [5.5, 10, 12],
			"to": [6.5, 16, 12],
			"rotation": {"angle": 22.5, "axis": "x", "origin": [6, 19, 11]},
			"faces": {
				"north": {"uv": [11.375, 1.75, 11.5, 2.5], "texture": "#0"},
				"east": {"uv": [0, 0, 0, 0.25], "texture": "#missing"},
				"south": {"uv": [11.375, 1.75, 11.5, 2.5], "texture": "#0"},
				"west": {"uv": [0, 0, 0, 0.25], "texture": "#missing"},
				"up": {"uv": [0, 0, 0, 0.375], "rotation": 270, "texture": "#missing"},
				"down": {"uv": [0, 0, 0, 0.375], "rotation": 90, "texture": "#missing"}
			}
		},
		{
			"from": [3.5, 21, 8],
			"to": [6.5, 23, 8],
			"rotation": {"angle": 22.5, "axis": "z", "origin": [5, 18, 8]},
			"faces": {
				"north": {"uv": [11.125, 1.5, 11.5, 1.75], "texture": "#0"},
				"east": {"uv": [0, 0, 0, 0.25], "texture": "#missing"},
				"south": {"uv": [11.125, 1.5, 11.5, 1.75], "texture": "#0"},
				"west": {"uv": [0, 0, 0, 0.25], "texture": "#missing"},
				"up": {"uv": [0, 0, 0, 0.375], "rotation": 270, "texture": "#missing"},
				"down": {"uv": [0, 0, 0, 0.375], "rotation": 90, "texture": "#missing"}
			}
		},
		{
			"from": [4, 17, 7],
			"to": [6, 21, 9],
			"rotation": {"angle": 22.5, "axis": "z", "origin": [5, 18, 8]},
			"faces": {
				"north": {"uv": [11.5, 1.5, 11.75, 2], "texture": "#0"},
				"east": {"uv": [11.75, 1.5, 11.5, 2], "texture": "#0"},
				"south": {"uv": [11.5, 1.5, 11.75, 2], "texture": "#0"},
				"west": {"uv": [11.75, 1.5, 11.5, 2], "texture": "#0"},
				"up": {"uv": [11.5, 2, 11.75, 2.25], "texture": "#0"},
				"down": {"uv": [11.5, 2.25, 11.75, 2.5], "texture": "#0"}
			}
		},
		{
			"from": [5, 21, 6.5],
			"to": [5, 23, 9.5],
			"rotation": {"angle": 22.5, "axis": "z", "origin": [5, 18, 8]},
			"faces": {
				"north": {"uv": [0, 0, 0, 0.25], "texture": "#missing"},
				"east": {"uv": [11.125, 1.5, 11.5, 1.75], "texture": "#0"},
				"south": {"uv": [0, 0, 0, 0.25], "texture": "#missing"},
				"west": {"uv": [11.125, 1.5, 11.5, 1.75], "texture": "#0"},
				"up": {"uv": [0, 0, 0, 0.375], "texture": "#missing"},
				"down": {"uv": [0, 0, 0, 0.375], "texture": "#missing"}
			}
		},
		{
			"from": [5, 11, 7.5],
			"to": [5, 17, 8.5],
			"rotation": {"angle": 22.5, "axis": "z", "origin": [5, 18, 8]},
			"faces": {
				"north": {"uv": [0, 0, 0, 0.25], "texture": "#missing"},
				"east": {"uv": [11.375, 1.75, 11.5, 2.5], "texture": "#0"},
				"south": {"uv": [0, 0, 0, 0.25], "texture": "#missing"},
				"west": {"uv": [11.375, 1.75, 11.5, 2.5], "texture": "#0"},
				"up": {"uv": [0, 0, 0, 0.375], "texture": "#missing"},
				"down": {"uv": [0, 0, 0, 0.375], "texture": "#missing"}
			}
		},
		{
			"from": [4.5, 11, 8],
			"to": [5.5, 17, 8],
			"rotation": {"angle": 22.5, "axis": "z", "origin": [5, 18, 8]},
			"faces": {
				"north": {"uv": [11.375, 1.75, 11.5, 2.5], "texture": "#0"},
				"east": {"uv": [0, 0, 0, 0.25], "texture": "#missing"},
				"south": {"uv": [11.375, 1.75, 11.5, 2.5], "texture": "#0"},
				"west": {"uv": [0, 0, 0, 0.25], "texture": "#missing"},
				"up": {"uv": [0, 0, 0, 0.375], "rotation": 270, "texture": "#missing"},
				"down": {"uv": [0, 0, 0, 0.375], "rotation": 90, "texture": "#missing"}
			}
		},
		{
			"from": [9.5, 21, 8],
			"to": [12.5, 23, 8],
			"rotation": {"angle": 0, "axis": "y", "origin": [11, 19, 8]},
			"faces": {
				"north": {"uv": [11.125, 1.5, 11.5, 1.75], "texture": "#0"},
				"east": {"uv": [0, 0, 0, 0.25], "texture": "#missing"},
				"south": {"uv": [11.125, 1.5, 11.5, 1.75], "texture": "#0"},
				"west": {"uv": [0, 0, 0, 0.25], "texture": "#missing"},
				"up": {"uv": [0, 0, 0, 0.375], "rotation": 270, "texture": "#missing"},
				"down": {"uv": [0, 0, 0, 0.375], "rotation": 90, "texture": "#missing"}
			}
		},
		{
			"from": [10, 17, 7],
			"to": [12, 21, 9],
			"rotation": {"angle": 0, "axis": "z", "origin": [11, 19, 8]},
			"faces": {
				"north": {"uv": [11.5, 1.5, 11.75, 2], "texture": "#0"},
				"east": {"uv": [11.75, 1.5, 11.5, 2], "texture": "#0"},
				"south": {"uv": [11.5, 1.5, 11.75, 2], "texture": "#0"},
				"west": {"uv": [11.75, 1.5, 11.5, 2], "texture": "#0"},
				"up": {"uv": [11.5, 2, 11.75, 2.25], "texture": "#0"},
				"down": {"uv": [11.5, 2.25, 11.75, 2.5], "texture": "#0"}
			}
		},
		{
			"from": [11, 21, 6.5],
			"to": [11, 23, 9.5],
			"rotation": {"angle": 0, "axis": "z", "origin": [11, 19, 8]},
			"faces": {
				"north": {"uv": [0, 0, 0, 0.25], "texture": "#missing"},
				"east": {"uv": [11.125, 1.5, 11.5, 1.75], "texture": "#0"},
				"south": {"uv": [0, 0, 0, 0.25], "texture": "#missing"},
				"west": {"uv": [11.125, 1.5, 11.5, 1.75], "texture": "#0"},
				"up": {"uv": [0, 0, 0, 0.375], "texture": "#missing"},
				"down": {"uv": [0, 0, 0, 0.375], "texture": "#missing"}
			}
		},
		{
			"from": [11, 11, 7.5],
			"to": [11, 17, 8.5],
			"rotation": {"angle": 0, "axis": "z", "origin": [11, 19, 8]},
			"faces": {
				"north": {"uv": [0, 0, 0, 0.25], "texture": "#missing"},
				"east": {"uv": [11.375, 1.75, 11.5, 2.5], "texture": "#0"},
				"south": {"uv": [0, 0, 0, 0.25], "texture": "#missing"},
				"west": {"uv": [11.375, 1.75, 11.5, 2.5], "texture": "#0"},
				"up": {"uv": [0, 0, 0, 0.375], "texture": "#missing"},
				"down": {"uv": [0, 0, 0, 0.375], "texture": "#missing"}
			}
		},
		{
			"from": [10.5, 11, 8],
			"to": [11.5, 17, 8],
			"rotation": {"angle": 0, "axis": "y", "origin": [11, 19, 8]},
			"faces": {
				"north": {"uv": [11.375, 1.75, 11.5, 2.5], "texture": "#0"},
				"east": {"uv": [0, 0, 0, 0.25], "texture": "#missing"},
				"south": {"uv": [11.375, 1.75, 11.5, 2.5], "texture": "#0"},
				"west": {"uv": [0, 0, 0, 0.25], "texture": "#missing"},
				"up": {"uv": [0, 0, 0, 0.375], "rotation": 270, "texture": "#missing"},
				"down": {"uv": [0, 0, 0, 0.375], "rotation": 90, "texture": "#missing"}
			}
		},
		{
			"from": [10.5, 21, 5],
			"to": [13.5, 23, 5],
			"rotation": {"angle": -22.5, "axis": "z", "origin": [11, 18, 5]},
			"faces": {
				"north": {"uv": [11.125, 1.5, 11.5, 1.75], "texture": "#0"},
				"east": {"uv": [0, 0, 0, 0.25], "texture": "#missing"},
				"south": {"uv": [11.125, 1.5, 11.5, 1.75], "texture": "#0"},
				"west": {"uv": [0, 0, 0, 0.25], "texture": "#missing"},
				"up": {"uv": [0, 0, 0, 0.375], "rotation": 270, "texture": "#missing"},
				"down": {"uv": [0, 0, 0, 0.375], "rotation": 90, "texture": "#missing"}
			}
		},
		{
			"from": [11, 17, 4],
			"to": [13, 21, 6],
			"rotation": {"angle": -22.5, "axis": "z", "origin": [11, 18, 5]},
			"faces": {
				"north": {"uv": [11.5, 1.5, 11.75, 2], "texture": "#0"},
				"east": {"uv": [11.75, 1.5, 11.5, 2], "texture": "#0"},
				"south": {"uv": [11.5, 1.5, 11.75, 2], "texture": "#0"},
				"west": {"uv": [11.75, 1.5, 11.5, 2], "texture": "#0"},
				"up": {"uv": [11.5, 2, 11.75, 2.25], "texture": "#0"},
				"down": {"uv": [11.5, 2.25, 11.75, 2.5], "texture": "#0"}
			}
		},
		{
			"from": [12, 21, 3.5],
			"to": [12, 23, 6.5],
			"rotation": {"angle": -22.5, "axis": "z", "origin": [11, 18, 5]},
			"faces": {
				"north": {"uv": [0, 0, 0, 0.25], "texture": "#missing"},
				"east": {"uv": [11.125, 1.5, 11.5, 1.75], "texture": "#0"},
				"south": {"uv": [0, 0, 0, 0.25], "texture": "#missing"},
				"west": {"uv": [11.125, 1.5, 11.5, 1.75], "texture": "#0"},
				"up": {"uv": [0, 0, 0, 0.375], "texture": "#missing"},
				"down": {"uv": [0, 0, 0, 0.375], "texture": "#missing"}
			}
		},
		{
			"from": [12, 11, 4.5],
			"to": [12, 17, 5.5],
			"rotation": {"angle": -22.5, "axis": "z", "origin": [11, 18, 5]},
			"faces": {
				"north": {"uv": [0, 0, 0, 0.25], "texture": "#missing"},
				"east": {"uv": [11.375, 1.75, 11.5, 2.5], "texture": "#0"},
				"south": {"uv": [0, 0, 0, 0.25], "texture": "#missing"},
				"west": {"uv": [11.375, 1.75, 11.5, 2.5], "texture": "#0"},
				"up": {"uv": [0, 0, 0, 0.375], "texture": "#missing"},
				"down": {"uv": [0, 0, 0, 0.375], "texture": "#missing"}
			}
		},
		{
			"from": [11.5, 11, 5],
			"to": [12.5, 17, 5],
			"rotation": {"angle": -22.5, "axis": "z", "origin": [11, 18, 5]},
			"faces": {
				"north": {"uv": [11.375, 1.75, 11.5, 2.5], "texture": "#0"},
				"east": {"uv": [0, 0, 0, 0.25], "texture": "#missing"},
				"south": {"uv": [11.375, 1.75, 11.5, 2.5], "texture": "#0"},
				"west": {"uv": [0, 0, 0, 0.25], "texture": "#missing"},
				"up": {"uv": [0, 0, 0, 0.375], "rotation": 270, "texture": "#missing"},
				"down": {"uv": [0, 0, 0, 0.375], "rotation": 90, "texture": "#missing"}
			}
		}
	],
	"display": {
		"thirdperson_righthand": {
			"rotation": [10, 0, 0],
			"translation": [0, 0, -0.5],
			"scale": [0.5, 0.5, 0.5]
		},
		"thirdperson_lefthand": {
			"rotation": [10, 0, 0],
			"translation": [0, 0, -0.5],
			"scale": [0.5, 0.5, 0.5]
		},
		"firstperson_righthand": {
			"rotation": [0, 0, 6],
			"translation": [2.75, 0, 0],
			"scale": [0.65, 0.65, 0.65]
		},
		"firstperson_lefthand": {
			"rotation": [0, 0, 6],
			"translation": [2.75, 0, 0],
			"scale": [0.65, 0.65, 0.65]
		},
		"ground": {
			"scale": [0.5, 0.5, 0.5]
		},
		"gui": {
			"rotation": [30, 40, 0],
			"translation": [0, -1.25, 0],
			"scale": [0.55, 0.55, 0.55]
		},
		"head": {
			"translation": [0, -30.5, 0],
			"scale": [1.6, 1.6, 1.6]
		},
		"fixed": {
			"rotation": [-90, 0, 0],
			"translation": [0, 0, -16],
			"scale": [2, 2, 2]
		}
	},
	"groups": [
		0,
		{
			"name": "group",
			"origin": [7, 22, 11],
			"color": 0,
			"nbt": "{}",
			"armAnimationEnabled": false,
			"children": [1, 2, 3, 4, 5]
		},
		{
			"name": "group",
			"origin": [7, 22, 11],
			"color": 0,
			"nbt": "{}",
			"armAnimationEnabled": false,
			"children": [6, 7, 8, 9, 10]
		},
		{
			"name": "group",
			"origin": [7, 22, 11],
			"color": 0,
			"nbt": "{}",
			"armAnimationEnabled": false,
			"children": [11, 12, 13, 14, 15]
		},
		{
			"name": "group",
			"origin": [7, 22, 11],
			"color": 0,
			"nbt": "{}",
			"armAnimationEnabled": false,
			"children": [16, 17, 18, 19, 20]
		},
		{
			"name": "group",
			"origin": [7, 22, 11],
			"color": 0,
			"nbt": "{}",
			"armAnimationEnabled": false,
			"children": [21, 22, 23, 24, 25]
		},
		{
			"name": "group",
			"origin": [7, 22, 11],
			"color": 0,
			"nbt": "{}",
			"armAnimationEnabled": false,
			"children": [26, 27, 28, 29, 30]
		},
		{
			"name": "group",
			"origin": [7, 22, 11],
			"color": 0,
			"nbt": "{}",
			"armAnimationEnabled": false,
			"children": [31, 32, 33, 34, 35]
		}
	]
}