{
	"credit": "Made with Blockbench",
	"texture_size": [256, 256],
	"textures": {
		"0": "chunky:item/furniture/depths/depths_primary",
		"particle": "chunky:item/furniture/depths/depths_primary"
	},
	"elements": [
		{
			"from": [0, 0, 0],
			"to": [16, 2, 16],
			"faces": {
				"north": {"uv": [0, 14.625, 1, 14.75], "texture": "#0"},
				"east": {"uv": [0, 15, 1, 15.125], "texture": "#0"},
				"south": {"uv": [0, 14.875, 1, 15], "texture": "#0"},
				"west": {"uv": [1, 15, 0, 15.125], "texture": "#0"},
				"up": {"uv": [0, 12.625, 1, 13.625], "texture": "#0"},
				"down": {"uv": [0, 13.625, 1, 14.625], "texture": "#0"}
			}
		},
		{
			"from": [0, 2, 0],
			"to": [16, 10, 8],
			"faces": {
				"north": {"uv": [4.5, 15.5, 5.5, 16], "texture": "#0"},
				"east": {"uv": [4, 15, 4.5, 15.5], "texture": "#0"},
				"west": {"uv": [4, 15.5, 4.5, 16], "texture": "#0"}
			}
		},
		{
			"name": "fin",
			"from": [8, 16, -0.5],
			"to": [8, 27.5, 16.5],
			"faces": {
				"east": {"uv": [1, 13.5625, 2, 14.25], "texture": "#0"},
				"west": {"uv": [2, 13.5625, 1, 14.25], "texture": "#0"}
			}
		},
		{
			"name": "fin",
			"from": [8, 0.25, 16],
			"to": [8, 17.75, 31.5],
			"faces": {
				"east": {"uv": [1.9375, 12.5625, 1, 13.5625], "texture": "#0"},
				"west": {"uv": [1, 12.5625, 1.9375, 13.5625], "texture": "#0"}
			}
		},
		{
			"from": [0, 10, 0],
			"to": [16, 16, 8],
			"faces": {
				"north": {"uv": [3, 14.75, 4, 15.125], "texture": "#0"},
				"east": {"uv": [3, 15.125, 3.5, 15.5], "texture": "#0"},
				"west": {"uv": [3.5, 15.125, 3, 15.5], "texture": "#0"},
				"up": {"uv": [3, 15.5, 4, 16], "texture": "#0"},
				"down": {"uv": [3, 14.25, 4, 14.75], "texture": "#0"}
			}
		},
		{
			"name": "eye",
			"from": [16.025, 11.75, 2.75],
			"to": [16.025, 14.25, 7.25],
			"faces": {
				"east": {"uv": [2, 15.375, 2.25, 15.5], "texture": "#0"},
				"west": {"uv": [2, 15.375, 2.25, 15.5], "texture": "#0"}
			}
		},
		{
			"name": "eye",
			"from": [-0.025, 11.75, 2.75],
			"to": [-0.025, 14.25, 7.25],
			"rotation": {"angle": 0, "axis": "y", "origin": [16, 0, 0]},
			"faces": {
				"east": {"uv": [2.25, 15.375, 2, 15.5], "texture": "#0"},
				"west": {"uv": [2.25, 15.375, 2, 15.5], "texture": "#0"}
			}
		},
		{
			"from": [0, 2, 8],
			"to": [16, 16, 16],
			"faces": {
				"north": {"uv": [1, 14.25, 2, 15.125], "texture": "#0"},
				"east": {"uv": [0, 15.125, 0.5, 16], "texture": "#0"},
				"south": {"uv": [0.5, 15.125, 1.5, 16], "texture": "#0"},
				"west": {"uv": [0.5, 15.125, 0, 16], "texture": "#0"},
				"up": {"uv": [2, 15.5, 3, 16], "texture": "#0"},
				"down": {"uv": [0, 0, 16, 8], "texture": "#missing"}
			}
		}
	],
	"display": {
		"thirdperson_righthand": {
			"rotation": [75, 45, 0],
			"translation": [0, 2.5, 0],
			"scale": [0.375, 0.375, 0.375]
		},
		"thirdperson_lefthand": {
			"rotation": [75, 45, 0],
			"translation": [0, 2.5, 0],
			"scale": [0.375, 0.375, 0.375]
		},
		"firstperson_righthand": {
			"rotation": [0, 45, 0],
			"scale": [0.4, 0.4, 0.4]
		},
		"firstperson_lefthand": {
			"rotation": [0, 225, 0],
			"scale": [0.4, 0.4, 0.4]
		},
		"ground": {
			"translation": [0, 3, 0],
			"scale": [0.25, 0.25, 0.25]
		},
		"gui": {
			"rotation": [30, 225, 0],
			"scale": [0.625, 0.625, 0.625]
		},
		"head": {
			"scale": [0.98, 0.98, 0.98]
		}
	}
}