{
	"credit": "Made with Blockbench",
	"texture_size": [64, 64],
	"textures": {
		"0": "chunky:item/gear/easter_set/easter_shield",
		"particle": "chunky:item/gear/easter_set/easter_shield"
	},
	"elements": [
		{
			"from": [2, -8, 7],
			"to": [14, -5, 9],
			"faces": {
				"north": {"uv": [0, 7.5, 3, 8.25], "texture": "#0"},
				"east": {"uv": [3.5, 7.5, 4, 8.25], "texture": "#0"},
				"south": {"uv": [3, 7.5, 0, 8.25], "texture": "#0"},
				"west": {"uv": [3, 7.5, 3.5, 8.25], "texture": "#0"},
				"down": {"uv": [0, 8.25, 3, 8.75], "texture": "#0"}
			}
		},
		{
			"from": [-2, -1, 7],
			"to": [18, 7, 9],
			"faces": {
				"north": {"uv": [0, 0, 5, 2], "texture": "#0"},
				"east": {"uv": [5, 0, 5.5, 2], "texture": "#0"},
				"south": {"uv": [5, 0, 0, 2], "texture": "#0"},
				"west": {"uv": [5, 0, 5.5, 2], "texture": "#0"},
				"up": {"uv": [0, 2, 4.5, 2.5], "texture": "#0"},
				"down": {"uv": [0, 2.5, 4.5, 3], "texture": "#0"}
			}
		},
		{
			"from": [4, -3, 5],
			"to": [12, 0, 7],
			"faces": {
				"north": {"uv": [5.5, 4, 7.5, 4.75], "texture": "#0"},
				"east": {"uv": [8, 4, 8.5, 4.75], "texture": "#0"},
				"west": {"uv": [7.5, 4, 8, 4.75], "texture": "#0"},
				"down": {"uv": [5.5, 4.75, 7.5, 5.25], "texture": "#0"}
			}
		},
		{
			"from": [4, 7, 5],
			"to": [12, 10, 7],
			"faces": {
				"north": {"uv": [5.5, 2.75, 7.5, 3.5], "texture": "#0"},
				"east": {"uv": [8, 2.75, 8.5, 3.5], "texture": "#0"},
				"west": {"uv": [7.5, 2.75, 8, 3.5], "texture": "#0"},
				"up": {"uv": [5.5, 3.5, 7.5, 4], "texture": "#0"}
			}
		},
		{
			"from": [2, 0, 5],
			"to": [14, 7, 7],
			"rotation": {"angle": 0, "axis": "y", "origin": [8, 2.5, 6]},
			"faces": {
				"north": {"uv": [5.5, 0, 8.5, 1.75], "texture": "#0"},
				"east": {"uv": [8.5, 0, 9, 1.75], "texture": "#0"},
				"west": {"uv": [9, 0, 9.5, 1.75], "texture": "#0"},
				"up": {"uv": [5.5, 2.25, 8.5, 2.75], "texture": "#0"},
				"down": {"uv": [5.5, 1.75, 8.5, 2.25], "texture": "#0"}
			}
		},
		{
			"from": [3, 12, 7],
			"to": [13, 15, 9],
			"faces": {
				"north": {"uv": [0, 4.75, 2.5, 5.5], "texture": "#0"},
				"east": {"uv": [2.5, 4.75, 3, 5.5], "texture": "#0"},
				"south": {"uv": [2.5, 4.75, 0, 5.5], "texture": "#0"},
				"west": {"uv": [3, 4.75, 3.5, 5.5], "texture": "#0"},
				"up": {"uv": [0, 5.5, 2.5, 6], "texture": "#0"}
			}
		},
		{
			"from": [0, -5, 7],
			"to": [16, -1, 9],
			"faces": {
				"north": {"uv": [0, 6, 4, 7], "texture": "#0"},
				"east": {"uv": [4.5, 6, 5, 7], "texture": "#0"},
				"south": {"uv": [4, 6, 0, 7], "texture": "#0"},
				"west": {"uv": [4, 6, 4.5, 7], "texture": "#0"},
				"down": {"uv": [0, 7, 4, 7.5], "texture": "#0"}
			}
		},
		{
			"from": [0, 7, 7],
			"to": [16, 12, 9],
			"faces": {
				"north": {"uv": [0, 3, 4, 4.25], "texture": "#0"},
				"east": {"uv": [4.5, 3, 5, 4.25], "texture": "#0"},
				"south": {"uv": [4, 3, 0, 4.25], "texture": "#0"},
				"west": {"uv": [4, 3, 4.5, 4.25], "texture": "#0"},
				"up": {"uv": [0, 4.25, 4, 4.75], "texture": "#0"}
			}
		},
		{
			"from": [7, 0, 9],
			"to": [9, 1, 14],
			"rotation": {"angle": 0, "axis": "y", "origin": [6.67678, 3, 8.75]},
			"faces": {
				"east": {"uv": [12.75, 15.5, 14, 15.75], "texture": "#0"},
				"west": {"uv": [12.75, 15.75, 14, 16], "texture": "#0"},
				"up": {"uv": [15, 16, 14.5, 14.75], "texture": "#0"},
				"down": {"uv": [14.5, 14.75, 14, 16], "texture": "#0"}
			}
		},
		{
			"from": [7, 6, 9],
			"to": [9, 7, 14],
			"rotation": {"angle": 0, "axis": "y", "origin": [6.67678, 4, 8.75]},
			"faces": {
				"east": {"uv": [11.5, 15.5, 12.75, 15.75], "texture": "#0"},
				"west": {"uv": [11.5, 15.75, 12.75, 16], "texture": "#0"},
				"up": {"uv": [13.5, 14.25, 14, 15.5], "texture": "#0"},
				"down": {"uv": [13.5, 15.5, 14, 14.25], "texture": "#0"}
			}
		},
		{
			"from": [7, 0, 14],
			"to": [9, 7, 15],
			"rotation": {"angle": 0, "axis": "y", "origin": [6.67678, 4, 11.75]},
			"faces": {
				"north": {"uv": [16, 14.25, 15.5, 16], "texture": "#0"},
				"east": {"uv": [15.25, 14.25, 15.5, 16], "texture": "#0"},
				"south": {"uv": [15.5, 14.25, 16, 16], "texture": "#0"},
				"west": {"uv": [15, 14.25, 15.25, 16], "texture": "#0"},
				"up": {"uv": [16, 14.25, 15.5, 14], "texture": "#0"},
				"down": {"uv": [16, 13.75, 15.5, 14], "texture": "#0"}
			}
		},
		{
			"from": [3, -1, 4.5],
			"to": [13, 9, 4.5],
			"faces": {
				"north": {"uv": [0, 13.5, 2.5, 16], "texture": "#0"},
				"south": {"uv": [0, 13.5, 2.5, 16], "texture": "#0"}
			}
		},
		{
			"from": [-3, -8, 6.99],
			"to": [19, 15, 6.99],
			"faces": {
				"north": {"uv": [2.5, 10.25, 8, 16], "texture": "#0"},
				"south": {"uv": [2.5, 10.25, 8, 16], "texture": "#0"}
			}
		},
		{
			"from": [-3, -8, 9.01],
			"to": [19, 15, 9.01],
			"rotation": {"angle": 0, "axis": "y", "origin": [8, 3.5, 6.975]},
			"faces": {
				"north": {"uv": [2.5, 10.25, 8, 16], "texture": "#0"},
				"south": {"uv": [8, 10.25, 2.5, 16], "texture": "#0"}
			}
		},
		{
			"from": [-4, -4, 6.5],
			"to": [6, 6, 6.5],
			"faces": {
				"north": {"uv": [0, 13.5, 2.5, 16], "texture": "#0"},
				"south": {"uv": [0, 13.5, 2.5, 16], "texture": "#0"}
			}
		},
		{
			"from": [10, -4, 6.5],
			"to": [20, 6, 6.5],
			"faces": {
				"north": {"uv": [0, 13.5, 2.5, 16], "texture": "#0"},
				"south": {"uv": [0, 13.5, 2.5, 16], "texture": "#0"}
			}
		}
	],
	"gui_light": "front",
	"display": {
		"thirdperson_righthand": {
			"rotation": [70, -90, 70],
			"translation": [3, 1.75, 3.5],
			"scale": [0.8, 0.8, 0.8]
		},
		"thirdperson_lefthand": {
			"rotation": [70, -90, 70],
			"translation": [3, 1.5, 3.5],
			"scale": [0.8, 0.8, 0.8]
		},
		"firstperson_righthand": {
			"translation": [1.75, 2.5, 1.5],
			"scale": [0.5, 0.5, 0.5]
		},
		"firstperson_lefthand": {
			"translation": [1.75, 2.5, 1.5],
			"scale": [0.5, 0.5, 0.5]
		},
		"ground": {
			"rotation": [45, 0, 0],
			"scale": [0.5, 0.5, 0.5]
		},
		"gui": {
			"rotation": [15, -150, 0],
			"translation": [0, 3.5, 0],
			"scale": [0.75, 0.75, 0.75]
		},
		"head": {
			"rotation": [70, 0, 0],
			"translation": [0, 10.25, 0],
			"scale": [1.2, 1.2, 1.2]
		},
		"fixed": {
			"translation": [0, 0, -2.5],
			"scale": [1.1, 1.1, 1.1]
		}
	},
	"groups": [
		{
			"name": "shield",
			"origin": [0, 0, 0],
			"color": 0,
			"nbt": "{}",
			"armAnimationEnabled": false,
			"children": [0, 1, 2, 3, 4, 5, 6, 7]
		},
		{
			"name": "handle",
			"origin": [6.67678, 4, 11.75],
			"color": 0,
			"nbt": "{}",
			"armAnimationEnabled": false,
			"children": [8, 9, 10]
		},
		{
			"name": "top",
			"origin": [0, 0, 0],
			"color": 0,
			"nbt": "{}",
			"armAnimationEnabled": false,
			"children": [11, 12, 13, 14, 15]
		}
	]
}