{"textures":{"1":"modelengine:entity/pet_elf_emo"},"elements":[{"from":[6.5714283,7.0,7.142857],"to":[9.428572,9.857143,8.857143],"rotation":{"angle":0.0,"axis":"y","origin":[8.0,5.8571424,7.714286]},"faces":{"east":{"uv":[9.516,11.516,10.984,13.984],"rotation":0,"texture":"#1","tintindex":0},"south":{"uv":[10.016,6.016,12.484,8.484],"rotation":0,"texture":"#1","tintindex":0},"north":{"uv":[8.016,3.516,10.484,5.984],"rotation":0,"texture":"#1","tintindex":0},"west":{"uv":[11.016,11.516,12.484,13.984],"rotation":0,"texture":"#1","tintindex":0},"up":{"uv":[2.484,13.484,0.016,12.016],"rotation":0,"texture":"#1","tintindex":0},"down":{"uv":[4.984,12.016,2.516,13.484],"rotation":0,"texture":"#1","tintindex":0}}}],"display":{"head":{"translation":[0.0,-6.4,0.0],"scale":[4.0,4.0,4.0]}}}