{"textures":{"1":"modelengine:entity/pet_elf_emo"},"elements":[{"from":[7.428571,5.714286,7.428571],"to":[8.0,8.0,8.571428],"rotation":{"angle":0.0,"axis":"y","origin":[9.428572,4.0,7.428571]},"faces":{"east":{"uv":[13.984,3.016,13.016,4.984],"rotation":0,"texture":"#1","tintindex":0},"south":{"uv":[12.984,13.516,12.516,15.484],"rotation":0,"texture":"#1","tintindex":0},"north":{"uv":[13.984,11.516,13.516,13.484],"rotation":0,"texture":"#1","tintindex":0},"west":{"uv":[13.484,11.516,12.516,13.484],"rotation":0,"texture":"#1","tintindex":0},"up":{"uv":[9.516,11.484,9.984,10.516],"rotation":0,"texture":"#1","tintindex":0},"down":{"uv":[13.516,7.016,13.984,7.984],"rotation":0,"texture":"#1","tintindex":0}}}],"display":{"head":{"translation":[0.0,-6.4,0.0],"scale":[4.0,4.0,4.0]}}}