{"textures":{"1":"modelengine:entity/pet_elf_emo"},"elements":[{"from":[7.428571,6.285714,8.0],"to":[8.571428,8.0,9.142858],"rotation":{"angle":0.0,"axis":"y","origin":[8.571428,6.285714,8.285714]},"faces":{"east":{"uv":[2.984,13.516,2.016,14.984],"rotation":0,"texture":"#1","tintindex":0},"south":{"uv":[1.984,13.516,1.016,14.984],"rotation":0,"texture":"#1","tintindex":0},"north":{"uv":[13.484,7.016,12.516,8.484],"rotation":0,"texture":"#1","tintindex":0},"west":{"uv":[0.984,13.516,0.016,14.984],"rotation":0,"texture":"#1","tintindex":0},"up":{"uv":[8.016,6.984,8.984,6.016],"rotation":0,"texture":"#1","tintindex":0},"down":{"uv":[9.016,6.016,9.984,6.984],"rotation":0,"texture":"#1","tintindex":0}}}],"display":{"head":{"translation":[0.0,-6.4,0.0],"scale":[4.0,4.0,4.0]}}}