{"textures":{"0":"modelengine:entity/bs_crab_pet_texture"},"elements":[{"from":[7.3203773,7.7145715,5.881653],"to":[9.6060915,8.286,7.595939],"rotation":{"angle":-45.0,"axis":"y","origin":[9.034663,8.286,6.4530816]},"faces":{"east":{"uv":[6.0,3.0,7.5,3.5],"rotation":0,"texture":"#0","tintindex":0},"south":{"uv":[6.0,2.5,8.0,3.0],"rotation":0,"texture":"#0","tintindex":0},"north":{"uv":[6.0,2.0,8.0,2.5],"rotation":0,"texture":"#0","tintindex":0},"west":{"uv":[6.0,3.5,7.5,4.0],"rotation":0,"texture":"#0","tintindex":0},"up":{"uv":[5.0,5.5,3.0,4.0],"rotation":0,"texture":"#0","tintindex":0},"down":{"uv":[5.0,4.0,3.0,5.5],"rotation":0,"texture":"#0","tintindex":0}}},{"from":[8.184699,7.9997144,6.7907906],"to":[8.756127,7.9997144,7.9336476],"rotation":{"angle":-45.0,"axis":"y","origin":[8.327557,7.9997144,7.362219]},"faces":{"east":{"uv":[0.0,0.0,1.0,0.0],"rotation":0,"texture":"#0","tintindex":0},"south":{"uv":[0.0,0.0,0.5,0.0],"rotation":0,"texture":"#0","tintindex":0},"north":{"uv":[0.0,0.0,0.5,0.0],"rotation":0,"texture":"#0","tintindex":0},"west":{"uv":[0.0,0.0,1.0,0.0],"rotation":0,"texture":"#0","tintindex":0},"up":{"uv":[6.0,7.5,5.5,6.5],"rotation":0,"texture":"#0","tintindex":0},"down":{"uv":[6.5,6.5,6.0,7.5],"rotation":0,"texture":"#0","tintindex":0}}}],"display":{"head":{"translation":[0.0,-6.4,0.0],"scale":[4.0,4.0,4.0]}}}