{"textures":{"0":"modelengine:entity/bs_crab_pet_texture"},"elements":[{"from":[6.285714,6.9141636,6.4814386],"to":[9.714286,8.057021,9.91001],"rotation":{"angle":0.0,"axis":"y","origin":[8.0,6.3427353,7.91001]},"faces":{"east":{"uv":[3.0,1.0,6.0,2.0],"rotation":0,"texture":"#0","tintindex":0},"south":{"uv":[3.0,2.0,6.0,3.0],"rotation":0,"texture":"#0","tintindex":0},"north":{"uv":[3.0,0.0,6.0,1.0],"rotation":0,"texture":"#0","tintindex":0},"west":{"uv":[3.0,3.0,6.0,4.0],"rotation":0,"texture":"#0","tintindex":0},"up":{"uv":[3.0,3.0,0.0,0.0],"rotation":0,"texture":"#0","tintindex":0},"down":{"uv":[3.0,3.0,0.0,6.0],"rotation":0,"texture":"#0","tintindex":0}}},{"from":[8.428572,7.914164,6.595724],"to":[9.0,9.057021,6.595724],"rotation":{"angle":22.5,"axis":"x","origin":[8.571428,8.342735,6.595724]},"faces":{"east":{"uv":[0.0,0.0,0.0,1.0],"rotation":0,"texture":"#0","tintindex":0},"south":{"uv":[2.0,6.5,2.5,7.5],"rotation":0,"texture":"#0","tintindex":0},"north":{"uv":[1.5,6.5,2.0,7.5],"rotation":0,"texture":"#0","tintindex":0},"west":{"uv":[0.0,0.0,0.0,1.0],"rotation":0,"texture":"#0","tintindex":0},"up":{"uv":[0.5,0.0,0.0,0.0],"rotation":0,"texture":"#0","tintindex":0},"down":{"uv":[0.5,0.0,0.0,0.0],"rotation":0,"texture":"#0","tintindex":0}}},{"from":[7.0,7.914164,6.595724],"to":[7.5714283,9.057021,6.595724],"rotation":{"angle":22.5,"axis":"x","origin":[8.571428,8.342735,6.595724]},"faces":{"east":{"uv":[0.0,0.0,0.0,1.0],"rotation":0,"texture":"#0","tintindex":0},"south":{"uv":[5.0,6.5,5.5,7.5],"rotation":0,"texture":"#0","tintindex":0},"north":{"uv":[2.5,6.5,3.0,7.5],"rotation":0,"texture":"#0","tintindex":0},"west":{"uv":[0.0,0.0,0.0,1.0],"rotation":0,"texture":"#0","tintindex":0},"up":{"uv":[0.5,0.0,0.0,0.0],"rotation":0,"texture":"#0","tintindex":0},"down":{"uv":[0.5,0.0,0.0,0.0],"rotation":0,"texture":"#0","tintindex":0}}},{"from":[9.714286,8.057021,6.4814386],"to":[10.285714,8.057021,9.91001],"rotation":{"angle":-45.0,"axis":"z","origin":[9.714286,8.057021,7.91001]},"faces":{"east":{"uv":[0.0,0.0,3.0,0.0],"rotation":0,"texture":"#0","tintindex":0},"south":{"uv":[0.0,0.0,0.5,0.0],"rotation":0,"texture":"#0","tintindex":0},"north":{"uv":[0.0,0.0,0.5,0.0],"rotation":0,"texture":"#0","tintindex":0},"west":{"uv":[0.0,0.0,3.0,0.0],"rotation":0,"texture":"#0","tintindex":0},"up":{"uv":[3.5,8.5,4.0,5.5],"rotation":0,"texture":"#0","tintindex":0},"down":{"uv":[4.0,5.5,3.5,8.5],"rotation":0,"texture":"#0","tintindex":0}}},{"from":[5.714286,8.057021,6.4814386],"to":[6.285714,8.057021,9.91001],"rotation":{"angle":45.0,"axis":"z","origin":[6.285714,8.057021,7.91001]},"faces":{"east":{"uv":[0.0,0.0,3.0,0.0],"rotation":0,"texture":"#0","tintindex":0},"south":{"uv":[0.0,0.0,0.5,0.0],"rotation":0,"texture":"#0","tintindex":0},"north":{"uv":[0.0,0.0,0.5,0.0],"rotation":0,"texture":"#0","tintindex":0},"west":{"uv":[0.0,0.0,3.0,0.0],"rotation":0,"texture":"#0","tintindex":0},"up":{"uv":[4.5,8.5,4.0,5.5],"rotation":0,"texture":"#0","tintindex":0},"down":{"uv":[4.0,5.5,4.5,8.5],"rotation":0,"texture":"#0","tintindex":0}}},{"from":[6.285714,8.057021,9.91001],"to":[9.714286,8.057021,10.481439],"rotation":{"angle":45.0,"axis":"x","origin":[8.0,8.057021,9.91001]},"faces":{"east":{"uv":[0.0,0.0,0.5,0.0],"rotation":0,"texture":"#0","tintindex":0},"south":{"uv":[0.0,0.0,3.0,0.0],"rotation":0,"texture":"#0","tintindex":0},"north":{"uv":[0.0,0.0,3.0,0.0],"rotation":0,"texture":"#0","tintindex":0},"west":{"uv":[0.0,0.0,0.5,0.0],"rotation":0,"texture":"#0","tintindex":0},"up":{"uv":[0.0,6.5,3.0,6.0],"rotation":0,"texture":"#0","tintindex":0},"down":{"uv":[3.0,6.0,0.0,6.5],"rotation":0,"texture":"#0","tintindex":0}}}],"display":{"head":{"translation":[0.0,-6.4,0.0],"scale":[4.0,4.0,4.0]}}}