{"textures":{"0":"modelengine:entity/bs_crab_pet_texture"},"elements":[{"from":[4.9761724,6.915538,7.714286],"to":[4.9761724,8.058395,8.285714],"rotation":{"angle":-22.5,"axis":"z","origin":[4.9761724,8.058395,8.0]},"faces":{"east":{"uv":[8.0,1.0,8.5,2.0],"rotation":0,"texture":"#0","tintindex":0},"south":{"uv":[0.0,0.0,0.0,1.0],"rotation":0,"texture":"#0","tintindex":0},"north":{"uv":[0.0,0.0,0.0,1.0],"rotation":0,"texture":"#0","tintindex":0},"west":{"uv":[8.0,2.0,8.5,3.0],"rotation":0,"texture":"#0","tintindex":0},"up":{"uv":[0.0,0.5,0.0,0.0],"rotation":0,"texture":"#0","tintindex":0},"down":{"uv":[0.0,0.0,0.0,0.5],"rotation":0,"texture":"#0","tintindex":0}}},{"from":[4.7673674,8.563067,7.714286],"to":[5.481653,8.563067,8.285714],"rotation":{"angle":45.0,"axis":"z","origin":[5.481653,8.563067,8.0]},"faces":{"east":{"uv":[0.0,0.0,0.5,0.0],"rotation":0,"texture":"#0","tintindex":0},"south":{"uv":[0.0,0.0,0.5,0.0],"rotation":0,"texture":"#0","tintindex":0},"north":{"uv":[0.0,0.0,0.5,0.0],"rotation":0,"texture":"#0","tintindex":0},"west":{"uv":[0.0,0.0,0.5,0.0],"rotation":0,"texture":"#0","tintindex":0},"up":{"uv":[8.5,8.0,8.0,7.5],"rotation":0,"texture":"#0","tintindex":0},"down":{"uv":[8.5,8.0,8.0,8.5],"rotation":0,"texture":"#0","tintindex":0}}},{"from":[9.542857,7.587578,7.714286],"to":[10.114286,7.587578,8.285714],"rotation":{"angle":-45.0,"axis":"z","origin":[10.114286,8.159006,9.142858]},"faces":{"east":{"uv":[0.0,0.0,0.5,0.0],"rotation":0,"texture":"#0","tintindex":0},"south":{"uv":[0.0,0.0,0.5,0.0],"rotation":0,"texture":"#0","tintindex":0},"north":{"uv":[0.0,0.0,0.5,0.0],"rotation":0,"texture":"#0","tintindex":0},"west":{"uv":[0.0,0.0,0.5,0.0],"rotation":0,"texture":"#0","tintindex":0},"up":{"uv":[9.0,3.0,8.5,2.5],"rotation":0,"texture":"#0","tintindex":0},"down":{"uv":[3.5,8.5,3.0,9.0],"rotation":0,"texture":"#0","tintindex":0}}},{"from":[5.885714,7.587578,7.714286],"to":[6.457143,7.587578,8.285714],"rotation":{"angle":45.0,"axis":"z","origin":[5.885714,8.159006,9.142858]},"faces":{"east":{"uv":[0.0,0.0,0.5,0.0],"rotation":0,"texture":"#0","tintindex":0},"south":{"uv":[0.0,0.0,0.5,0.0],"rotation":0,"texture":"#0","tintindex":0},"north":{"uv":[0.0,0.0,0.5,0.0],"rotation":0,"texture":"#0","tintindex":0},"west":{"uv":[0.0,0.0,0.5,0.0],"rotation":0,"texture":"#0","tintindex":0},"up":{"uv":[9.0,1.5,8.5,1.0],"rotation":0,"texture":"#0","tintindex":0},"down":{"uv":[2.0,8.5,1.5,9.0],"rotation":0,"texture":"#0","tintindex":0}}},{"from":[5.885714,7.587578,7.714286],"to":[5.885714,8.730435,8.285714],"rotation":{"angle":45.0,"axis":"z","origin":[5.885714,8.159006,8.0]},"faces":{"east":{"uv":[8.0,3.0,8.5,4.0],"rotation":0,"texture":"#0","tintindex":0},"south":{"uv":[0.0,0.0,0.0,1.0],"rotation":0,"texture":"#0","tintindex":0},"north":{"uv":[0.0,0.0,0.0,1.0],"rotation":0,"texture":"#0","tintindex":0},"west":{"uv":[8.0,4.0,8.5,5.0],"rotation":0,"texture":"#0","tintindex":0},"up":{"uv":[0.0,0.5,0.0,0.0],"rotation":0,"texture":"#0","tintindex":0},"down":{"uv":[0.0,0.0,0.0,0.5],"rotation":0,"texture":"#0","tintindex":0}}},{"from":[10.114286,7.587578,7.714286],"to":[10.114286,8.730435,8.285714],"rotation":{"angle":-45.0,"axis":"z","origin":[10.114286,8.159006,8.0]},"faces":{"east":{"uv":[0.5,8.0,1.0,9.0],"rotation":0,"texture":"#0","tintindex":0},"south":{"uv":[0.0,0.0,0.0,1.0],"rotation":0,"texture":"#0","tintindex":0},"north":{"uv":[0.0,0.0,0.0,1.0],"rotation":0,"texture":"#0","tintindex":0},"west":{"uv":[1.0,8.0,1.5,9.0],"rotation":0,"texture":"#0","tintindex":0},"up":{"uv":[0.0,0.5,0.0,0.0],"rotation":0,"texture":"#0","tintindex":0},"down":{"uv":[0.0,0.0,0.0,0.5],"rotation":0,"texture":"#0","tintindex":0}}},{"from":[10.518347,8.563067,7.714286],"to":[11.232633,8.563067,8.285714],"rotation":{"angle":-45.0,"axis":"z","origin":[10.518347,8.563067,8.0]},"faces":{"east":{"uv":[0.0,0.0,0.5,0.0],"rotation":0,"texture":"#0","tintindex":0},"south":{"uv":[0.0,0.0,0.5,0.0],"rotation":0,"texture":"#0","tintindex":0},"north":{"uv":[0.0,0.0,0.5,0.0],"rotation":0,"texture":"#0","tintindex":0},"west":{"uv":[0.0,0.0,0.5,0.0],"rotation":0,"texture":"#0","tintindex":0},"up":{"uv":[8.5,7.5,8.0,7.0],"rotation":0,"texture":"#0","tintindex":0},"down":{"uv":[8.0,8.0,7.5,8.5],"rotation":0,"texture":"#0","tintindex":0}}},{"from":[11.023828,6.915538,7.714286],"to":[11.023828,8.058395,8.285714],"rotation":{"angle":22.5,"axis":"z","origin":[11.023828,8.058395,8.0]},"faces":{"east":{"uv":[7.5,4.0,8.0,5.0],"rotation":0,"texture":"#0","tintindex":0},"south":{"uv":[0.0,0.0,0.0,1.0],"rotation":0,"texture":"#0","tintindex":0},"north":{"uv":[0.0,0.0,0.0,1.0],"rotation":0,"texture":"#0","tintindex":0},"west":{"uv":[5.0,7.5,5.5,8.5],"rotation":0,"texture":"#0","tintindex":0},"up":{"uv":[0.0,0.5,0.0,0.0],"rotation":0,"texture":"#0","tintindex":0},"down":{"uv":[0.0,0.0,0.0,0.5],"rotation":0,"texture":"#0","tintindex":0}}}],"display":{"head":{"translation":[0.0,-6.4,0.0],"scale":[4.0,4.0,4.0]}}}