{"textures":{"0":"modelengine:entity/bs_crab_pet_texture"},"elements":[{"from":[6.465337,7.7145715,6.453091],"to":[8.179623,8.286,7.595948],"rotation":{"angle":45.0,"axis":"y","origin":[7.0367656,8.286,6.453091]},"faces":{"east":{"uv":[6.5,6.0,7.5,6.5],"rotation":0,"texture":"#0","tintindex":0},"south":{"uv":[0.0,6.5,1.5,7.0],"rotation":0,"texture":"#0","tintindex":0},"north":{"uv":[5.0,6.0,6.5,6.5],"rotation":0,"texture":"#0","tintindex":0},"west":{"uv":[6.5,6.5,7.5,7.0],"rotation":0,"texture":"#0","tintindex":0},"up":{"uv":[7.5,1.0,6.0,0.0],"rotation":0,"texture":"#0","tintindex":0},"down":{"uv":[7.5,0.0,6.0,1.0],"rotation":0,"texture":"#0","tintindex":0}}},{"from":[7.315301,7.9997144,6.7908],"to":[7.8867297,7.9997144,7.933657],"rotation":{"angle":45.0,"axis":"y","origin":[7.7438726,7.9997144,7.3622284]},"faces":{"east":{"uv":[0.0,0.0,1.0,0.0],"rotation":0,"texture":"#0","tintindex":0},"south":{"uv":[0.0,0.0,0.5,0.0],"rotation":0,"texture":"#0","tintindex":0},"north":{"uv":[0.0,0.0,0.5,0.0],"rotation":0,"texture":"#0","tintindex":0},"west":{"uv":[0.0,0.0,1.0,0.0],"rotation":0,"texture":"#0","tintindex":0},"up":{"uv":[0.5,8.0,0.0,7.0],"rotation":0,"texture":"#0","tintindex":0},"down":{"uv":[1.0,7.0,0.5,8.0],"rotation":0,"texture":"#0","tintindex":0}}}],"display":{"head":{"translation":[0.0,-6.4,0.0],"scale":[4.0,4.0,4.0]}}}