{
    "parent": "item/generated",
    "textures": {
      "layer0": "item/bow"
    },
    "overrides": [
        {
          "predicate": {
            "pulling": 1
          },
          "model": "item/bow_pulling_0"
        },
        {
          "predicate": {
            "pulling": 1,
            "pull": 0.65
          },
          "model": "item/bow_pulling_1"
        },
        {
          "predicate": {
            "pulling": 1,
            "pull": 0.9
          },
          "model": "item/bow_pulling_2"
        },
        {"predicate": {"custom_model_data":1}, "model": "andromeda:andromeda/nebula_bow"},
		{"predicate": {"pulling":1,"custom_model_data":1}, "model": "andromeda:andromeda/nebula_bow_0"},
		{"predicate": {"pulling":1,"pull": 0.45,"custom_model_data":1}, "model": "andromeda:andromeda/nebula_bow_1"},
		{"predicate": {"pulling":1,"pull": 0.9,"custom_model_data":1}, "model": "andromeda:andromeda/nebula_bow_2"},
    {"predicate": {"custom_model_data":2}, "model": "elitecreatures:zombie_apocalyptic_animated_weapon_set/bow"},
		{"predicate": {"pulling":1,"custom_model_data":2}, "model": "elitecreatures:zombie_apocalyptic_animated_weapon_set/bow_0"},
		{"predicate": {"pulling":1,"pull": 0.45,"custom_model_data":2}, "model": "elitecreatures:zombie_apocalyptic_animated_weapon_set/bow_1"},
		{"predicate": {"pulling":1,"pull": 0.9,"custom_model_data":2}, "model": "elitecreatures:zombie_apocalyptic_animated_weapon_set/bow_2"}
    ]
}