{
	"parent": "item/generated",
	"textures": {
		"layer0": "item/carrot_on_a_stick"
	},
	
	"overrides": [
		{"predicate": {"custom_model_data":1}, "model": "item/custom/misc/spawn_interactive"},
		{"predicate": {"custom_model_data":2}, "model": "item/custom/cosmetics/hats/valentines_hat"},
		{"predicate": {"custom_model_data":3}, "model": "item/custom/cosmetics/hats/victory_hat"},
		{"predicate": {"custom_model_data":4}, "model": "item/custom/cosmetics/hats/leprechaun_hat"},
		{"predicate": {"custom_model_data":5}, "model": "item/custom/cosmetics/hats/bunny_ears"},
		{"predicate": {"custom_model_data":6}, "model": "item/custom/misc/traffic_cone"},
		{"predicate": {"custom_model_data":7}, "model": "item/custom/misc/star"},
		{"predicate": {"custom_model_data":8}, "model": "item/custom/cosmetics/token"}
	]
}