{
  "parent": "minecraft:item/generated",
  "textures": {
    "layer0": "minecraft:item/cookie"
	},
	"overrides": [
		{ "predicate": { "custom_model_data": 1}, "model": "candy:item/voxelspawns_candy1" },
		{ "predicate": { "custom_model_data": 2}, "model": "candy:item/voxelspawns_candy1_blue" },
		{ "predicate": { "custom_model_data": 3}, "model": "candy:item/voxelspawns_candy1_green" },
		{ "predicate": { "custom_model_data": 4}, "model": "candy:item/voxelspawns_candy1_red" },
		{ "predicate": { "custom_model_data": 5}, "model": "candy:item/voxelspawns_bonedrink" },
		{ "predicate": { "custom_model_data": 6}, "model": "candy:item/voxelspawns_candy2" },
		{ "predicate": { "custom_model_data": 7}, "model": "candy:item/voxelspawns_candy3" },
		{ "predicate": { "custom_model_data": 8}, "model": "candy:item/voxelspawns_candy3_green" },
		{ "predicate": { "custom_model_data": 9}, "model": "candy:item/voxelspawns_candy3_purple" },
		{ "predicate": { "custom_model_data": 10}, "model": "candy:item/voxelspawns_candy3_red" },
		{ "predicate": { "custom_model_data": 11}, "model": "candy:item/voxelspawns_candy4" },
		{ "predicate": { "custom_model_data": 12}, "model": "candy:item/voxelspawns_candy4_orange" },
		{ "predicate": { "custom_model_data": 13}, "model": "candy:item/voxelspawns_candy4_purple" },
		{ "predicate": { "custom_model_data": 14}, "model": "candy:item/voxelspawns_candy4_red" },
		{ "predicate": { "custom_model_data": 15}, "model": "candy:item/voxelspawns_candy5" },
		{ "predicate": { "custom_model_data": 16}, "model": "candy:item/voxelspawns_candy6" },
		{ "predicate": { "custom_model_data": 17}, "model": "candy:item/voxelspawns_candy6_pink" },
		{ "predicate": { "custom_model_data": 18}, "model": "candy:item/voxelspawns_candy7" },
		{ "predicate": { "custom_model_data": 19}, "model": "candy:item/voxelspawns_cookie" },
		{ "predicate": { "custom_model_data": 20}, "model": "candy:item/voxelspawns_cookie2" },
		{ "predicate": { "custom_model_data": 21}, "model": "candy:item/voxelspawns_pumpkin" }
	]
}