{
    "parent": "minecraft:item/handheld",
    "textures": {
        "layer0": "item/netherite_pickaxe"
    },
    "overrides": [
        { "predicate": {"custom_model_data": 1}, "model": "andromeda:andromeda/nebula_pickaxe" },
        { "predicate": {"custom_model_data": 2}, "model": "elitecreatures:elite_pickaxe_bundle/pickaxe_1" },
        { "predicate": {"custom_model_data": 3}, "model": "elitecreatures:elite_pickaxe_bundle/pickaxe_2" },
        { "predicate": {"custom_model_data": 4}, "model": "elitecreatures:elite_pickaxe_bundle/pickaxe_3" },
        { "predicate": {"custom_model_data": 5}, "model": "elitecreatures:elite_pickaxe_bundle/pickaxe_4" },
        { "predicate": {"custom_model_data": 6}, "model": "elitecreatures:elite_pickaxe_bundle/pickaxe_5" },
        { "predicate": {"custom_model_data": 7}, "model": "elitecreatures:elite_pickaxe_bundle/pickaxe_6" },
        { "predicate": {"custom_model_data": 8}, "model": "elitecreatures:elite_pickaxe_bundle/pickaxe_7" },
        { "predicate": {"custom_model_data": 9}, "model": "elitecreatures:elite_pickaxe_bundle/pickaxe_8" },
        { "predicate": {"custom_model_data": 10}, "model": "elitecreatures:elite_pickaxe_bundle/pickaxe_9" },
        { "predicate": {"custom_model_data": 11}, "model": "elitecreatures:elite_pickaxe_bundle/pickaxe_10" },
        { "predicate": {"custom_model_data": 12}, "model": "elitecreatures:elite_pickaxe_bundle/pickaxe_11" },
        { "predicate": {"custom_model_data": 13}, "model": "elitecreatures:elite_pickaxe_bundle/pickaxe_12" },
        { "predicate": {"custom_model_data": 14}, "model": "elitecreatures:elite_pickaxe_bundle/pickaxe_13" },
        { "predicate": {"custom_model_data": 15}, "model": "elitecreatures:elite_pickaxe_bundle/pickaxe_14" },
        { "predicate": {"custom_model_data": 16}, "model": "elitecreatures:elite_pickaxe_bundle/pickaxe_15" },
        {"predicate": {"custom_model_data":17}, "model": "elitecreatures:zombie_apocalyptic_animated_weapon_set/pickaxe"}
    ]
}