{
    "parent": "minecraft:item/handheld",
    "textures": {
        "layer0": "minecraft:item/netherite_sword"
    },
    "overrides": [
        {"predicate": {"custom_model_data":1}, "model": "elitecreatures:zombie_apocalyptic_animated_weapon_set/big_sword"},
        {"predicate": {"custom_model_data":2}, "model": "elitecreatures:zombie_apocalyptic_animated_weapon_set/dagger"},
        {"predicate": {"custom_model_data":3}, "model": "elitecreatures:zombie_apocalyptic_animated_weapon_set/sword"}
    ]
}