{
	"parent": "minecraft:item/handheld",
	"textures": {
	  "layer0": "item/netherite_axe"
	},
	"overrides": [
		{ "predicate": { "custom_model_data": 1}, "model": "andromeda:andromeda/nebula_axe" },
		{"predicate": {"custom_model_data":2}, "model": "elitecreatures:zombie_apocalyptic_animated_weapon_set/axe"},
        {"predicate": {"custom_model_data":3}, "model": "elitecreatures:zombie_apocalyptic_animated_weapon_set/big_axe"},
        {"predicate": {"custom_model_data":4}, "model": "elitecreatures:zombie_apocalyptic_animated_weapon_set/halberd"},
        {"predicate": {"custom_model_data":5}, "model": "elitecreatures:zombie_apocalyptic_animated_weapon_set/hammer"}
	]
}