{
	"parent": "item/generated",
	"textures": {
		"layer0": "item/paper"
	},
	
	"overrides": [
		{"predicate": {"custom_model_data":1}, "model": "item/custom/keys/common_key"},
		{"predicate": {"custom_model_data":2}, "model": "item/custom/keys/rare_key"},
		{"predicate": {"custom_model_data":3}, "model": "item/custom/keys/valentines_key"},
		{"predicate": {"custom_model_data":4}, "model": "item/custom/keys/legendary_key"},
		{"predicate": {"custom_model_data":5}, "model": "item/custom/keys/leprechaun_key"},
		{"predicate": {"custom_model_data":6}, "model": "item/custom/keys/easter_key"},
		{"predicate": {"custom_model_data":7}, "model": "item/custom/keys/cyber_key"},
		{"predicate": {"custom_model_data":8}, "model": "elitecreatures:zombie_apocalyptic_animated_weapon_set/chest"},
		{"predicate": {"custom_model_data":9}, "model": "elitecreatures:zombie_apocalyptic_animated_weapon_set/key"},
		{"predicate": {"custom_model_data":10}, "model": "elitecreatures:zombie_apocalyptic_animated_weapon_set/pistol"},
		{"predicate": {"custom_model_data":11}, "model": "elitecreatures:zombie_apocalyptic_animated_weapon_set/shotgun"},
		{"predicate": {"custom_model_data":12}, "model": "elitecreatures:zombie_apocalyptic_animated_weapon_set/smg"},
		{"predicate": {"custom_model_data":13}, "model": "elitecreatures:zombie_apocalyptic_animated_weapon_set/wing"},
		{"predicate": {"custom_model_data":10000}, "model": "item/custom/icons/close"},
		{"predicate": {"custom_model_data":10001}, "model": "item/custom/icons/next"},
		{"predicate": {"custom_model_data":10002}, "model": "item/custom/icons/previous"}
	]
}