{
    "parent": "builtin/entity",
    "gui_light": "front",
    "textures": {
        "particle": "block/dark_oak_planks"
    },
    "overrides": [
        {
            "predicate": {
                "blocking": 1
            },
            "model": "item/shield_blocking"
        },
        {
            "predicate": {
                "custom_model_data": 1
            },
            "model": "andromeda:andromeda/nebula_shield"
        },
        {
            "predicate": {
                "custom_model_data": 1,
                "blocking": 1
            },
            "model": "andromeda:andromeda/nebula_shield_blocking"
        },
        {
            "model": "elitecreatures:zombie_apocalyptic_animated_weapon_set/shield",
            "predicate": {
                "custom_model_data": 2
            }
        },
        {
            "model": "elitecreatures:zombie_apocalyptic_animated_weapon_set/shield_blocking",
            "predicate": {
                "blocking": 1,
                "custom_model_data": 2
            }
        }
    ]
}