{
	"credit": "Made with Blockbench",
	"texture_size": [32, 32],
	"textures": {
		"0": "chunky:item/furniture/easter/bunny/leg",
		"particle": "chunky:item/furniture/easter/bunny/leg"
	},
	"elements": [
		{
			"from": [15, 0, -5],
			"to": [23, 8, 11],
			"rotation": {"angle": -22.5, "axis": "y", "origin": [19, 4, 3]},
			"faces": {
				"north": {"uv": [8, 8, 4, 12], "texture": "#0"},
				"east": {"uv": [8, 4, 0, 8], "texture": "#0"},
				"south": {"uv": [12, 8, 8, 12], "texture": "#0"},
				"west": {"uv": [8, 0, 0, 4], "texture": "#0"},
				"up": {"uv": [0, 16, 4, 8], "texture": "#0"},
				"down": {"uv": [8, 0, 12, 8], "texture": "#0"}
			}
		},
		{
			"from": [-7, 0, -5],
			"to": [1, 8, 11],
			"rotation": {"angle": 22.5, "axis": "y", "origin": [-3, 4, 3]},
			"faces": {
				"north": {"uv": [4, 8, 8, 12], "texture": "#0"},
				"east": {"uv": [0, 0, 8, 4], "texture": "#0"},
				"south": {"uv": [8, 8, 12, 12], "texture": "#0"},
				"west": {"uv": [0, 4, 8, 8], "texture": "#0"},
				"up": {"uv": [4, 16, 0, 8], "texture": "#0"},
				"down": {"uv": [12, 0, 8, 8], "texture": "#0"}
			}
		}
	],
	"display": {
		"thirdperson_righthand": {
			"translation": [0, 24, -16],
			"scale": [3, 3, 3]
		},
		"head": {
			"translation": [0, -19.15, -27],
			"scale": [3, 3, 3]
		}
	}
}