{"textures":{"0":"yungwilder:winter_pack/snowmobile_purple","1":"yungwilder:winter_pack/snowmobile_treds"},"elements":[{"from":[3.3677807,4.551218,-0.96858025],"to":[5.0820665,5.1226463,5.888563],"rotation":{"angle":0.0,"axis":"y","origin":[3.3677807,4.551218,5.888563]},"faces":{"east":{"uv":[3.75,12.75,6.75,13.0],"rotation":0,"texture":"#0","tintindex":0},"south":{"uv":[14.0,2.75,14.75,3.0],"rotation":0,"texture":"#0","tintindex":0},"north":{"uv":[14.0,2.5,14.75,2.75],"rotation":0,"texture":"#0","tintindex":0},"west":{"uv":[12.75,9.0,15.75,9.25],"rotation":0,"texture":"#0","tintindex":0},"up":{"uv":[9.5,6.75,8.75,3.75],"rotation":0,"texture":"#0","tintindex":0},"down":{"uv":[5.5,8.75,4.75,11.75],"rotation":0,"texture":"#0","tintindex":0}}},{"from":[3.9392095,4.836932,-1.9685802],"to":[4.510638,5.4083605,1.4599919],"rotation":{"angle":22.5,"axis":"x","origin":[4.224924,5.9797897,0.45999146]},"faces":{"east":{"uv":[13.0,2.25,14.5,2.5],"rotation":0,"texture":"#0","tintindex":0},"south":{"uv":[2.5,9.25,2.75,9.5],"rotation":0,"texture":"#0","tintindex":0},"north":{"uv":[2.25,9.25,2.5,9.5],"rotation":0,"texture":"#0","tintindex":0},"west":{"uv":[13.0,7.25,14.5,7.5],"rotation":0,"texture":"#0","tintindex":0},"up":{"uv":[13.25,14.25,13.0,12.75],"rotation":0,"texture":"#0","tintindex":0},"down":{"uv":[13.5,3.5,13.25,5.0],"rotation":0,"texture":"#0","tintindex":0}}},{"from":[3.3677807,5.275658,-2.7175283],"to":[5.0820665,5.8470864,-0.4318142],"rotation":{"angle":45.0,"axis":"x","origin":[7.93921,5.5613723,-1.5746717]},"faces":{"east":{"uv":[13.75,7.0,14.75,7.25],"rotation":0,"texture":"#0","tintindex":0},"south":{"uv":[4.0,14.0,4.75,14.25],"rotation":0,"texture":"#0","tintindex":0},"north":{"uv":[14.0,3.25,14.75,3.5],"rotation":0,"texture":"#0","tintindex":0},"west":{"uv":[13.75,9.75,14.75,10.0],"rotation":0,"texture":"#0","tintindex":0},"up":{"uv":[2.25,13.75,1.5,12.75],"rotation":0,"texture":"#0","tintindex":0},"down":{"uv":[9.25,12.75,8.5,13.75],"rotation":0,"texture":"#0","tintindex":0}}},{"from":[10.796352,4.551218,-0.96858025],"to":[12.510639,5.1226463,5.888563],"rotation":{"angle":0.0,"axis":"y","origin":[10.796352,4.551218,5.888563]},"faces":{"east":{"uv":[3.75,12.75,6.75,13.0],"rotation":0,"texture":"#0","tintindex":0},"south":{"uv":[14.0,2.75,14.75,3.0],"rotation":0,"texture":"#0","tintindex":0},"north":{"uv":[14.0,2.5,14.75,2.75],"rotation":0,"texture":"#0","tintindex":0},"west":{"uv":[12.75,9.0,15.75,9.25],"rotation":0,"texture":"#0","tintindex":0},"up":{"uv":[9.5,6.75,8.75,3.75],"rotation":0,"texture":"#0","tintindex":0},"down":{"uv":[5.5,8.75,4.75,11.75],"rotation":0,"texture":"#0","tintindex":0}}},{"from":[11.367782,4.836932,-1.9685802],"to":[11.93921,5.4083605,1.4599919],"rotation":{"angle":22.5,"axis":"x","origin":[11.653496,5.9797897,0.45999146]},"faces":{"east":{"uv":[13.0,2.25,14.5,2.5],"rotation":0,"texture":"#0","tintindex":0},"south":{"uv":[2.5,9.25,2.75,9.5],"rotation":0,"texture":"#0","tintindex":0},"north":{"uv":[2.25,9.25,2.5,9.5],"rotation":0,"texture":"#0","tintindex":0},"west":{"uv":[13.0,7.25,14.5,7.5],"rotation":0,"texture":"#0","tintindex":0},"up":{"uv":[13.25,14.25,13.0,12.75],"rotation":0,"texture":"#0","tintindex":0},"down":{"uv":[13.5,3.5,13.25,5.0],"rotation":0,"texture":"#0","tintindex":0}}},{"from":[10.796352,5.275658,-2.7175283],"to":[12.510639,5.8470864,-0.4318142],"rotation":{"angle":45.0,"axis":"x","origin":[15.367781,5.5613723,-1.5746717]},"faces":{"east":{"uv":[13.75,7.0,14.75,7.25],"rotation":0,"texture":"#0","tintindex":0},"south":{"uv":[4.0,14.0,4.75,14.25],"rotation":0,"texture":"#0","tintindex":0},"north":{"uv":[14.0,3.25,14.75,3.5],"rotation":0,"texture":"#0","tintindex":0},"west":{"uv":[13.75,9.75,14.75,10.0],"rotation":0,"texture":"#0","tintindex":0},"up":{"uv":[2.25,13.75,1.5,12.75],"rotation":0,"texture":"#0","tintindex":0},"down":{"uv":[9.25,12.75,8.5,13.75],"rotation":0,"texture":"#0","tintindex":0}}},{"from":[11.367782,5.1226463,2.459992],"to":[11.93921,8.551218,4.1742773],"rotation":{"angle":0.0,"axis":"y","origin":[3.6534953,4.551218,5.888563]},"faces":{"east":{"uv":[7.0,12.0,7.75,13.5],"rotation":0,"texture":"#0","tintindex":0},"south":{"uv":[7.25,13.5,7.5,15.0],"rotation":0,"texture":"#0","tintindex":0},"north":{"uv":[7.0,13.5,7.25,15.0],"rotation":0,"texture":"#0","tintindex":0},"west":{"uv":[7.75,12.0,8.5,13.5],"rotation":0,"texture":"#0","tintindex":0},"up":{"uv":[11.5,12.75,11.25,12.0],"rotation":0,"texture":"#0","tintindex":0},"down":{"uv":[14.25,5.5,14.0,6.25],"rotation":0,"texture":"#0","tintindex":0}}},{"from":[10.357627,7.7287383,3.0314202],"to":[10.929055,11.15731,3.6028485],"rotation":{"angle":45.0,"axis":"z","origin":[10.929055,9.15731,2.745706]},"faces":{"east":{"uv":[10.5,13.5,10.75,15.0],"rotation":0,"texture":"#0","tintindex":0},"south":{"uv":[10.75,13.5,11.0,15.0],"rotation":0,"texture":"#0","tintindex":0},"north":{"uv":[10.25,13.5,10.5,15.0],"rotation":0,"texture":"#0","tintindex":0},"west":{"uv":[11.0,13.5,11.25,15.0],"rotation":0,"texture":"#0","tintindex":0},"up":{"uv":[13.0,10.0,12.75,9.75],"rotation":0,"texture":"#0","tintindex":0},"down":{"uv":[14.5,13.0,14.25,13.25],"rotation":0,"texture":"#0","tintindex":0}}},{"from":[4.9493637,7.7287383,3.0314202],"to":[5.5207925,11.15731,3.6028485],"rotation":{"angle":-45.0,"axis":"z","origin":[4.9493637,9.15731,2.745706]},"faces":{"east":{"uv":[8.25,13.5,8.5,15.0],"rotation":0,"texture":"#0","tintindex":0},"south":{"uv":[9.75,13.5,10.0,15.0],"rotation":0,"texture":"#0","tintindex":0},"north":{"uv":[8.0,13.5,8.25,15.0],"rotation":0,"texture":"#0","tintindex":0},"west":{"uv":[10.0,13.5,10.25,15.0],"rotation":0,"texture":"#0","tintindex":0},"up":{"uv":[9.0,11.75,8.75,11.5],"rotation":0,"texture":"#0","tintindex":0},"down":{"uv":[12.25,6.5,12.0,6.75],"rotation":0,"texture":"#0","tintindex":0}}},{"from":[3.9392095,5.1226463,2.459992],"to":[4.510638,8.551218,4.1742773],"rotation":{"angle":0.0,"axis":"y","origin":[3.0820665,4.551218,5.888563]},"faces":{"east":{"uv":[9.75,12.0,10.5,13.5],"rotation":0,"texture":"#0","tintindex":0},"south":{"uv":[7.75,13.5,8.0,15.0],"rotation":0,"texture":"#0","tintindex":0},"north":{"uv":[7.5,13.5,7.75,15.0],"rotation":0,"texture":"#0","tintindex":0},"west":{"uv":[10.5,12.0,11.25,13.5],"rotation":0,"texture":"#0","tintindex":0},"up":{"uv":[6.5,14.75,6.25,14.0],"rotation":0,"texture":"#0","tintindex":0},"down":{"uv":[14.25,7.75,14.0,8.5],"rotation":0,"texture":"#0","tintindex":0}}},{"from":[5.010638,7.861441,1.602849],"to":[5.5820665,10.718584,6.1742773],"rotation":{"angle":-22.5,"axis":"y","origin":[5.367781,9.5757265,3.3171349]},"faces":{"east":{"uv":[8.25,0.0,10.25,1.25],"rotation":0,"texture":"#0","tintindex":0},"south":{"uv":[13.5,13.25,13.75,14.5],"rotation":0,"texture":"#0","tintindex":0},"north":{"uv":[12.75,13.5,13.0,14.75],"rotation":0,"texture":"#0","tintindex":0},"west":{"uv":[10.25,0.0,8.25,1.25],"rotation":0,"texture":"#0","tintindex":0},"down":{"uv":[7.0,12.75,6.75,14.75],"rotation":0,"texture":"#0","tintindex":0}}},{"from":[10.296352,7.861441,1.602849],"to":[10.867782,10.718584,6.1742773],"rotation":{"angle":22.5,"axis":"y","origin":[10.510638,9.5757265,3.3171349]},"faces":{"east":{"uv":[8.25,0.0,10.25,1.25],"rotation":0,"texture":"#0","tintindex":0},"south":{"uv":[13.75,13.25,13.5,14.5],"rotation":0,"texture":"#0","tintindex":0},"north":{"uv":[13.0,13.5,12.75,14.75],"rotation":0,"texture":"#0","tintindex":0},"west":{"uv":[10.25,0.0,8.25,1.25],"rotation":0,"texture":"#0","tintindex":0},"down":{"uv":[6.75,12.75,7.0,14.75],"rotation":0,"texture":"#0","tintindex":0}}},{"from":[8.949364,12.68987,5.776163],"to":[10.66365,13.261298,6.347592],"rotation":{"angle":-45.0,"axis":"y","origin":[10.66365,12.975584,6.0618773]},"faces":{"east":{"uv":[3.0,14.5,3.25,14.75],"rotation":0,"texture":"#0","tintindex":0},"south":{"uv":[14.0,13.75,14.75,14.0],"rotation":0,"texture":"#0","tintindex":0},"north":{"uv":[14.0,13.5,14.75,13.75],"rotation":0,"texture":"#0","tintindex":0},"west":{"uv":[3.25,14.5,3.5,14.75],"rotation":0,"texture":"#0","tintindex":0},"up":{"uv":[14.75,14.25,14.0,14.0],"rotation":0,"texture":"#0","tintindex":0},"down":{"uv":[3.0,14.25,2.25,14.5],"rotation":0,"texture":"#0","tintindex":0}}},{"from":[10.092221,12.404156,5.490449],"to":[10.66365,13.547012,6.633306],"rotation":{"angle":-45.0,"axis":"y","origin":[10.66365,12.975584,6.0618773]},"faces":{"east":{"uv":[3.75,2.5,4.25,3.0],"rotation":0,"texture":"#0","tintindex":0},"south":{"uv":[2.0,12.25,2.25,12.75],"rotation":0,"texture":"#0","tintindex":0},"north":{"uv":[11.25,10.75,11.5,11.25],"rotation":0,"texture":"#0","tintindex":0},"west":{"uv":[3.75,3.0,4.25,3.5],"rotation":0,"texture":"#0","tintindex":0},"up":{"uv":[6.25,14.75,6.0,14.25],"rotation":0,"texture":"#0","tintindex":0},"down":{"uv":[13.25,14.25,13.0,14.75],"rotation":0,"texture":"#0","tintindex":0}}},{"from":[10.505707,12.68987,6.042243],"to":[12.219993,13.261298,6.613672],"rotation":{"angle":-22.5,"axis":"y","origin":[11.36285,12.975584,6.3279576]},"faces":{"east":{"uv":[4.0,14.5,4.25,14.75],"rotation":0,"texture":"#0","tintindex":0},"south":{"uv":[14.25,5.75,15.0,6.0],"rotation":0,"texture":"#0","tintindex":0},"north":{"uv":[14.25,5.5,15.0,5.75],"rotation":0,"texture":"#0","tintindex":0},"west":{"uv":[4.25,14.5,4.5,14.75],"rotation":0,"texture":"#0","tintindex":0},"up":{"uv":[15.0,6.25,14.25,6.0],"rotation":0,"texture":"#0","tintindex":0},"down":{"uv":[15.0,7.75,14.25,8.0],"rotation":0,"texture":"#0","tintindex":0}}},{"from":[3.6584268,12.68987,6.042243],"to":[5.372712,13.261298,6.613672],"rotation":{"angle":22.5,"axis":"y","origin":[4.5155697,12.975584,6.3279576]},"faces":{"east":{"uv":[3.5,14.5,3.75,14.75],"rotation":0,"texture":"#0","tintindex":0},"south":{"uv":[3.75,14.25,4.5,14.5],"rotation":0,"texture":"#0","tintindex":0},"north":{"uv":[3.0,14.25,3.75,14.5],"rotation":0,"texture":"#0","tintindex":0},"west":{"uv":[3.75,14.5,4.0,14.75],"rotation":0,"texture":"#0","tintindex":0},"up":{"uv":[5.25,14.5,4.5,14.25],"rotation":0,"texture":"#0","tintindex":0},"down":{"uv":[6.0,14.25,5.25,14.5],"rotation":0,"texture":"#0","tintindex":0}}},{"from":[6.224924,12.68987,4.647666],"to":[9.653496,13.261298,5.2190943],"rotation":{"angle":0.0,"axis":"y","origin":[7.93921,12.975584,4.93338]},"faces":{"east":{"uv":[2.25,14.5,2.5,14.75],"rotation":0,"texture":"#0","tintindex":0},"south":{"uv":[13.25,0.25,14.75,0.5],"rotation":0,"texture":"#0","tintindex":0},"north":{"uv":[13.25,0.0,14.75,0.25],"rotation":0,"texture":"#0","tintindex":0},"west":{"uv":[14.5,2.25,14.75,2.5],"rotation":0,"texture":"#0","tintindex":0},"up":{"uv":[14.75,0.75,13.25,0.5],"rotation":0,"texture":"#0","tintindex":0},"down":{"uv":[14.75,0.75,13.25,1.0],"rotation":0,"texture":"#0","tintindex":0}}},{"from":[5.2147694,12.68987,5.776163],"to":[6.929055,13.261298,6.347592],"rotation":{"angle":45.0,"axis":"y","origin":[5.2147694,12.975584,6.0618773]},"faces":{"east":{"uv":[2.5,14.5,2.75,14.75],"rotation":0,"texture":"#0","tintindex":0},"south":{"uv":[14.0,8.5,14.75,8.75],"rotation":0,"texture":"#0","tintindex":0},"north":{"uv":[14.0,6.25,14.75,6.5],"rotation":0,"texture":"#0","tintindex":0},"west":{"uv":[2.75,14.5,3.0,14.75],"rotation":0,"texture":"#0","tintindex":0},"up":{"uv":[12.75,14.25,12.0,14.0],"rotation":0,"texture":"#0","tintindex":0},"down":{"uv":[14.75,13.25,14.0,13.5],"rotation":0,"texture":"#0","tintindex":0}}},{"from":[3.9392095,5.1226463,11.602849],"to":[5.6534953,6.836932,17.317135],"rotation":{"angle":0.0,"axis":"y","origin":[3.3677807,4.551218,5.888563]},"faces":{"east":{"uv":[9.5,4.5,12.0,5.25],"rotation":0,"texture":"#0","tintindex":0},"south":{"uv":[6.0,13.0,6.75,13.75],"rotation":0,"texture":"#0","tintindex":0},"north":{"uv":[5.25,13.0,6.0,13.75],"rotation":0,"texture":"#0","tintindex":0},"west":{"uv":[9.5,4.5,12.0,5.25],"rotation":0,"texture":"#0","tintindex":0},"up":{"uv":[10.5,11.25,9.75,8.75],"rotation":0,"texture":"#0","tintindex":0},"down":{"uv":[11.0,0.0,10.25,2.5],"rotation":0,"texture":"#0","tintindex":0}}},{"from":[10.224924,5.1226463,11.602849],"to":[11.93921,6.836932,17.317135],"rotation":{"angle":0.0,"axis":"y","origin":[3.3677807,4.551218,5.888563]},"faces":{"east":{"uv":[9.5,5.25,12.0,6.0],"rotation":0,"texture":"#0","tintindex":0},"south":{"uv":[13.0,9.75,13.75,10.5],"rotation":0,"texture":"#0","tintindex":0},"north":{"uv":[13.0,6.5,13.75,7.25],"rotation":0,"texture":"#0","tintindex":0},"west":{"uv":[9.5,5.25,12.0,6.0],"rotation":0,"texture":"#0","tintindex":0},"up":{"uv":[3.0,13.0,2.25,10.5],"rotation":0,"texture":"#0","tintindex":0},"down":{"uv":[3.75,10.5,3.0,13.0],"rotation":0,"texture":"#0","tintindex":0}}},{"from":[5.2147694,12.404156,5.490449],"to":[5.786198,13.547012,6.633306],"rotation":{"angle":45.0,"axis":"y","origin":[5.2147694,12.975584,6.0618773]},"faces":{"east":{"uv":[10.0,7.75,10.5,8.25],"rotation":0,"texture":"#0","tintindex":0},"south":{"uv":[13.75,14.25,14.0,14.75],"rotation":0,"texture":"#0","tintindex":0},"north":{"uv":[13.25,14.25,13.5,14.75],"rotation":0,"texture":"#0","tintindex":0},"west":{"uv":[10.0,8.25,10.5,8.75],"rotation":0,"texture":"#0","tintindex":0},"up":{"uv":[14.25,14.75,14.0,14.25],"rotation":0,"texture":"#0","tintindex":0},"down":{"uv":[14.5,14.25,14.25,14.75],"rotation":0,"texture":"#0","tintindex":0}}},{"from":[9.30373,5.230755,6.447203],"to":[9.875158,8.087898,7.018632],"rotation":{"angle":22.5,"axis":"z","origin":[9.589444,6.6593266,6.7329173]},"faces":{"east":{"uv":[6.5,13.75,6.75,15.0],"rotation":0,"texture":"#0","tintindex":0},"south":{"uv":[8.5,13.75,8.75,15.0],"rotation":0,"texture":"#0","tintindex":0},"north":{"uv":[2.0,13.75,2.25,15.0],"rotation":0,"texture":"#0","tintindex":0},"west":{"uv":[8.75,13.75,9.0,15.0],"rotation":0,"texture":"#0","tintindex":0},"up":{"uv":[4.75,14.75,4.5,14.5],"rotation":0,"texture":"#0","tintindex":0},"down":{"uv":[5.0,14.5,4.75,14.75],"rotation":0,"texture":"#0","tintindex":0}}},{"from":[9.8721695,5.2301607,6.447203],"to":[11.586455,5.8015895,7.018632],"rotation":{"angle":0.0,"axis":"y","origin":[11.015027,5.515875,6.7329173]},"faces":{"east":{"uv":[5.0,14.5,5.25,14.75],"rotation":0,"texture":"#0","tintindex":0},"south":{"uv":[14.25,11.0,15.0,11.25],"rotation":0,"texture":"#0","tintindex":0},"north":{"uv":[14.25,10.75,15.0,11.0],"rotation":0,"texture":"#0","tintindex":0},"west":{"uv":[5.25,14.5,5.5,14.75],"rotation":0,"texture":"#0","tintindex":0},"up":{"uv":[15.0,11.5,14.25,11.25],"rotation":0,"texture":"#0","tintindex":0},"down":{"uv":[15.0,11.5,14.25,11.75],"rotation":0,"texture":"#0","tintindex":0}}},{"from":[4.291964,5.8010178,6.447203],"to":[6.0062494,5.8010178,8.732918],"rotation":{"angle":0.0,"axis":"y","origin":[8.291964,6.2295895,6.804346]},"faces":{"east":{"uv":[0.0,0.0,1.0,0.0],"rotation":0,"texture":"#0","tintindex":0},"south":{"uv":[0.0,0.0,0.75,0.0],"rotation":0,"texture":"#0","tintindex":0},"north":{"uv":[0.0,0.0,0.75,0.0],"rotation":0,"texture":"#0","tintindex":0},"west":{"uv":[0.0,0.0,1.0,0.0],"rotation":0,"texture":"#0","tintindex":0},"up":{"uv":[4.5,14.0,3.75,13.0],"rotation":0,"texture":"#0","tintindex":0},"down":{"uv":[4.5,13.0,5.25,14.0],"rotation":0,"texture":"#0","tintindex":0}}},{"from":[4.291964,6.0191665,5.3476257],"to":[6.0062494,6.0191665,6.4904833],"rotation":{"angle":22.5,"axis":"x","origin":[8.291964,6.0191665,5.9190545]},"faces":{"east":{"uv":[0.0,0.0,0.5,0.0],"rotation":0,"texture":"#0","tintindex":0},"south":{"uv":[0.0,0.0,0.75,0.0],"rotation":0,"texture":"#0","tintindex":0},"north":{"uv":[0.0,0.0,0.75,0.0],"rotation":0,"texture":"#0","tintindex":0},"west":{"uv":[0.0,0.0,0.5,0.0],"rotation":0,"texture":"#0","tintindex":0},"up":{"uv":[14.25,11.25,13.5,10.75],"rotation":0,"texture":"#0","tintindex":0},"down":{"uv":[13.5,11.25,14.25,11.75],"rotation":0,"texture":"#0","tintindex":0}}},{"from":[9.8721695,6.0202637,5.347843],"to":[11.586455,6.0202637,6.4907002],"rotation":{"angle":22.5,"axis":"x","origin":[13.8721695,6.0202637,5.9192715]},"faces":{"east":{"uv":[0.0,0.0,0.5,0.0],"rotation":0,"texture":"#0","tintindex":0},"south":{"uv":[0.0,0.0,0.75,0.0],"rotation":0,"texture":"#0","tintindex":0},"north":{"uv":[0.0,0.0,0.75,0.0],"rotation":0,"texture":"#0","tintindex":0},"west":{"uv":[0.0,0.0,0.5,0.0],"rotation":0,"texture":"#0","tintindex":0},"up":{"uv":[13.5,11.25,14.25,10.75],"rotation":0,"texture":"#0","tintindex":0},"down":{"uv":[14.25,11.25,13.5,11.75],"rotation":0,"texture":"#0","tintindex":0}}},{"from":[9.8721695,5.8021154,6.44742],"to":[11.586455,5.8021154,8.733134],"rotation":{"angle":0.0,"axis":"y","origin":[13.8721695,6.2306867,6.804563]},"faces":{"east":{"uv":[0.0,0.0,1.0,0.0],"rotation":0,"texture":"#0","tintindex":0},"south":{"uv":[0.0,0.0,0.75,0.0],"rotation":0,"texture":"#0","tintindex":0},"north":{"uv":[0.0,0.0,0.75,0.0],"rotation":0,"texture":"#0","tintindex":0},"west":{"uv":[0.0,0.0,1.0,0.0],"rotation":0,"texture":"#0","tintindex":0},"up":{"uv":[3.75,14.0,4.5,13.0],"rotation":0,"texture":"#0","tintindex":0},"down":{"uv":[5.25,13.0,4.5,14.0],"rotation":0,"texture":"#0","tintindex":0}}},{"from":[4.291964,5.2301607,6.447203],"to":[6.0062494,5.8015895,7.018632],"rotation":{"angle":0.0,"axis":"y","origin":[4.863393,5.515875,6.7329173]},"faces":{"east":{"uv":[5.75,14.5,6.0,14.75],"rotation":0,"texture":"#0","tintindex":0},"south":{"uv":[12.0,14.25,12.75,14.5],"rotation":0,"texture":"#0","tintindex":0},"north":{"uv":[14.25,11.75,15.0,12.0],"rotation":0,"texture":"#0","tintindex":0},"west":{"uv":[14.5,7.25,14.75,7.5],"rotation":0,"texture":"#0","tintindex":0},"up":{"uv":[15.0,12.25,14.25,12.0],"rotation":0,"texture":"#0","tintindex":0},"down":{"uv":[15.0,12.75,14.25,13.0],"rotation":0,"texture":"#0","tintindex":0}}},{"from":[6.003261,5.230755,6.447203],"to":[6.57469,8.087898,7.018632],"rotation":{"angle":-22.5,"axis":"z","origin":[6.2889752,6.6593266,6.7329173]},"faces":{"east":{"uv":[11.25,13.75,11.5,15.0],"rotation":0,"texture":"#0","tintindex":0},"south":{"uv":[11.5,13.75,11.75,15.0],"rotation":0,"texture":"#0","tintindex":0},"north":{"uv":[9.0,13.75,9.25,15.0],"rotation":0,"texture":"#0","tintindex":0},"west":{"uv":[11.75,13.75,12.0,15.0],"rotation":0,"texture":"#0","tintindex":0},"up":{"uv":[14.75,5.5,14.5,5.25],"rotation":0,"texture":"#0","tintindex":0},"down":{"uv":[5.75,14.5,5.5,14.75],"rotation":0,"texture":"#0","tintindex":0}}},{"from":[5.6534953,5.324321,12.072101],"to":[10.224924,6.467178,13.214958],"rotation":{"angle":0.0,"axis":"y","origin":[7.93921,7.6100354,11.214958]},"faces":{"east":{"uv":[8.5,11.0,9.0,11.5],"rotation":0,"texture":"#0","tintindex":0},"south":{"uv":[12.0,7.75,14.0,8.25],"rotation":0,"texture":"#0","tintindex":0},"north":{"uv":[12.0,6.0,14.0,6.5],"rotation":0,"texture":"#0","tintindex":0},"west":{"uv":[13.75,11.75,14.25,12.25],"rotation":0,"texture":"#0","tintindex":0},"up":{"uv":[14.0,8.75,12.0,8.25],"rotation":0,"texture":"#0","tintindex":0},"down":{"uv":[2.0,12.25,0.0,12.75],"rotation":0,"texture":"#0","tintindex":0}}},{"from":[9.082067,7.0386066,13.7863865],"to":[9.653496,7.6100354,18.357815],"rotation":{"angle":0.0,"axis":"y","origin":[7.93921,5.895749,19.500671]},"faces":{"east":{"uv":[12.0,6.0,14.0,6.5],"rotation":0,"texture":"#0","tintindex":0},"south":{"uv":[8.5,11.0,9.0,11.5],"rotation":0,"texture":"#0","tintindex":0},"north":{"uv":[13.75,11.75,14.25,12.25],"rotation":0,"texture":"#0","tintindex":0},"west":{"uv":[12.0,7.75,14.0,8.25],"rotation":0,"texture":"#0","tintindex":0},"up":{"uv":[14.0,8.75,12.0,8.25],"rotation":90,"texture":"#0","tintindex":0},"down":{"uv":[2.0,12.25,0.0,12.75],"rotation":270,"texture":"#0","tintindex":0}}},{"from":[9.082067,6.841681,18.20498],"to":[9.653496,7.41311,19.347837],"rotation":{"angle":22.5,"axis":"x","origin":[9.367781,7.127395,18.77641]},"faces":{"east":{"uv":[0.5,12.25,0.0,12.5],"rotation":0,"texture":"#0","tintindex":0},"south":{"uv":[10.0,11.25,10.0,11.5],"rotation":270,"texture":"#0","tintindex":0},"north":{"uv":[0.5,12.25,0.0,12.5],"rotation":270,"texture":"#0","tintindex":0},"west":{"uv":[0.5,12.25,0.0,12.5],"rotation":180,"texture":"#0","tintindex":0},"up":{"uv":[0.5,12.25,0.0,12.5],"rotation":270,"texture":"#0","tintindex":0},"down":{"uv":[0.5,12.25,0.0,12.5],"rotation":90,"texture":"#0","tintindex":0}}},{"from":[5.9392095,8.7528925,9.214957],"to":[9.93921,9.89575,13.7863865],"rotation":{"angle":0.0,"axis":"y","origin":[7.93921,9.324321,11.214958]},"faces":{"east":{"uv":[11.0,2.0,13.0,2.5],"rotation":0,"texture":"#0","tintindex":0},"south":{"uv":[12.25,3.0,14.0,3.5],"rotation":0,"texture":"#0","tintindex":0},"north":{"uv":[12.25,2.5,14.0,3.0],"rotation":0,"texture":"#0","tintindex":0},"west":{"uv":[12.0,5.5,14.0,6.0],"rotation":0,"texture":"#0","tintindex":0},"up":{"uv":[3.0,8.25,1.25,6.25],"rotation":0,"texture":"#0","tintindex":0},"down":{"uv":[4.75,6.25,3.0,8.25],"rotation":0,"texture":"#0","tintindex":0}}},{"from":[5.9392095,8.824716,11.830483],"to":[9.93921,9.396144,13.544769],"rotation":{"angle":-22.5,"axis":"x","origin":[7.93921,9.967572,10.973341]},"faces":{"east":{"uv":[14.25,8.0,15.0,8.25],"rotation":0,"texture":"#0","tintindex":0},"south":{"uv":[13.0,2.0,14.75,2.25],"rotation":0,"texture":"#0","tintindex":0},"north":{"uv":[12.75,12.5,14.5,12.75],"rotation":0,"texture":"#0","tintindex":0},"west":{"uv":[14.25,8.25,15.0,8.5],"rotation":0,"texture":"#0","tintindex":0},"up":{"uv":[11.5,12.0,9.75,11.25],"rotation":0,"texture":"#0","tintindex":0},"down":{"uv":[13.0,10.0,11.25,10.75],"rotation":0,"texture":"#0","tintindex":0}}},{"from":[3.9392095,4.551218,11.031421],"to":[5.6534953,7.408361,17.888563],"rotation":{"angle":0.0,"axis":"y","origin":[3.3677807,4.551218,5.888563]},"faces":{"east":{"uv":[0.0,0.0,12.0,5.0],"rotation":0,"texture":"#1","tintindex":0},"south":{"uv":[1.0,5.0,6.0,8.0],"rotation":90,"texture":"#1","tintindex":0},"north":{"uv":[0.0,5.0,5.0,8.0],"rotation":90,"texture":"#1","tintindex":0},"west":{"uv":[0.0,0.0,12.0,5.0],"rotation":0,"texture":"#1","tintindex":0},"up":{"uv":[12.0,8.0,0.0,5.0],"rotation":90,"texture":"#1","tintindex":0},"down":{"uv":[0.0,5.0,12.0,8.0],"rotation":90,"texture":"#1","tintindex":0}}},{"from":[10.224924,4.551218,11.031421],"to":[11.93921,7.408361,17.888563],"rotation":{"angle":0.0,"axis":"y","origin":[3.3677807,4.551218,5.888563]},"faces":{"east":{"uv":[0.0,0.0,12.0,5.0],"rotation":0,"texture":"#1","tintindex":0},"south":{"uv":[1.0,5.0,6.0,8.0],"rotation":90,"texture":"#1","tintindex":0},"north":{"uv":[0.0,5.0,5.0,8.0],"rotation":90,"texture":"#1","tintindex":0},"west":{"uv":[0.0,0.0,12.0,5.0],"rotation":0,"texture":"#1","tintindex":0},"up":{"uv":[12.0,8.0,0.0,5.0],"rotation":90,"texture":"#1","tintindex":0},"down":{"uv":[0.0,5.0,12.0,8.0],"rotation":90,"texture":"#1","tintindex":0}}},{"from":[10.296352,7.861441,1.602849],"to":[10.867782,10.718584,6.1742773],"rotation":{"angle":22.5,"axis":"y","origin":[10.510638,9.5757265,3.3171349]},"faces":{"east":{"uv":[10.25,1.25,8.25,2.5],"rotation":0,"texture":"#0","tintindex":0},"south":{"uv":[15.5,13.25,15.25,14.5],"rotation":0,"texture":"#0","tintindex":0},"north":{"uv":[15.75,13.5,15.5,14.75],"rotation":0,"texture":"#0","tintindex":0},"west":{"uv":[8.25,1.25,10.25,2.5],"rotation":0,"texture":"#0","tintindex":0},"up":{"uv":[4.5,11.5,4.75,9.5],"rotation":0,"texture":"#0","tintindex":0},"down":{"uv":[15.0,12.75,15.25,14.75],"rotation":0,"texture":"#0","tintindex":0}}},{"from":[5.010638,7.861441,1.602849],"to":[5.5820665,10.718584,6.1742773],"rotation":{"angle":-22.5,"axis":"y","origin":[5.367781,9.5757265,3.3171349]},"faces":{"east":{"uv":[10.25,1.25,8.25,2.5],"rotation":0,"texture":"#0","tintindex":0},"south":{"uv":[15.25,13.25,15.5,14.5],"rotation":0,"texture":"#0","tintindex":0},"north":{"uv":[15.5,13.5,15.75,14.75],"rotation":0,"texture":"#0","tintindex":0},"west":{"uv":[8.25,1.25,10.25,2.5],"rotation":0,"texture":"#0","tintindex":0},"up":{"uv":[4.75,11.5,4.5,9.5],"rotation":0,"texture":"#0","tintindex":0},"down":{"uv":[15.25,12.75,15.0,14.75],"rotation":0,"texture":"#0","tintindex":0}}},{"from":[6.7963524,9.122646,1.8885632],"to":[9.082067,14.265505,3.6028485],"rotation":{"angle":45.0,"axis":"x","origin":[7.082067,10.551218,3.3171349]},"faces":{"east":{"uv":[3.75,10.5,4.5,12.75],"rotation":0,"texture":"#0","tintindex":0},"south":{"uv":[8.0,8.75,9.0,11.0],"rotation":0,"texture":"#0","tintindex":0},"north":{"uv":[7.0,8.75,8.0,11.0],"rotation":0,"texture":"#0","tintindex":0},"west":{"uv":[10.5,9.0,11.25,11.25],"rotation":0,"texture":"#0","tintindex":0},"up":{"uv":[13.75,12.5,12.75,11.75],"rotation":0,"texture":"#0","tintindex":0},"down":{"uv":[13.0,12.75,12.0,13.5],"rotation":0,"texture":"#0","tintindex":0}}},{"from":[6.224924,6.836932,2.459992],"to":[9.653496,12.551218,5.3171344],"rotation":{"angle":45.0,"axis":"x","origin":[7.082067,10.551218,3.3171349]},"faces":{"east":{"uv":[4.75,6.25,6.0,8.75],"rotation":0,"texture":"#0","tintindex":0},"south":{"uv":[4.25,2.5,5.75,5.0],"rotation":0,"texture":"#0","tintindex":0},"north":{"uv":[3.75,0.0,5.25,2.5],"rotation":0,"texture":"#0","tintindex":0},"west":{"uv":[6.0,6.25,7.25,8.75],"rotation":0,"texture":"#0","tintindex":0},"up":{"uv":[7.25,5.0,5.75,3.75],"rotation":0,"texture":"#0","tintindex":0},"down":{"uv":[12.0,7.75,10.5,9.0],"rotation":0,"texture":"#0","tintindex":0}}},{"from":[6.2392097,9.004298,3.8885632],"to":[9.63921,11.290012,10.174278],"rotation":{"angle":22.5,"axis":"x","origin":[7.93921,10.147156,3.3171349]},"faces":{"east":{"uv":[7.25,7.75,10.0,8.75],"rotation":0,"texture":"#0","tintindex":0},"south":{"uv":[10.75,6.75,12.25,7.75],"rotation":0,"texture":"#0","tintindex":0},"north":{"uv":[10.75,2.5,12.25,3.5],"rotation":0,"texture":"#0","tintindex":0},"west":{"uv":[0.0,8.25,2.75,9.25],"rotation":0,"texture":"#0","tintindex":0},"up":{"uv":[2.75,6.25,1.25,3.5],"rotation":0,"texture":"#0","tintindex":0},"down":{"uv":[4.25,3.5,2.75,6.25],"rotation":0,"texture":"#0","tintindex":0}}},{"from":[9.653496,7.7528925,10.357815],"to":[12.510639,8.324321,18.357815],"rotation":{"angle":0.0,"axis":"y","origin":[7.93921,7.6100354,11.214958]},"faces":{"east":{"uv":[16.0,1.25,12.5,1.5],"rotation":0,"texture":"#0","tintindex":0},"south":{"uv":[15.0,3.5,13.75,3.75],"rotation":0,"texture":"#0","tintindex":0},"north":{"uv":[14.5,5.25,13.25,5.5],"rotation":0,"texture":"#0","tintindex":0},"west":{"uv":[15.5,8.75,12.0,9.0],"rotation":0,"texture":"#0","tintindex":0},"up":{"uv":[0.0,3.5,1.25,0.0],"rotation":0,"texture":"#0","tintindex":0},"down":{"uv":[1.25,0.0,2.5,3.5],"rotation":0,"texture":"#0","tintindex":0}}},{"from":[9.653496,6.059761,9.6800375],"to":[12.510639,8.345475,10.251467],"rotation":{"angle":22.5,"axis":"x","origin":[11.0820675,6.6311893,9.965752]},"faces":{"east":{"uv":[14.0,13.25,13.75,14.25],"rotation":0,"texture":"#0","tintindex":0},"south":{"uv":[12.75,10.75,11.5,11.75],"rotation":0,"texture":"#0","tintindex":0},"north":{"uv":[1.25,7.0,0.0,8.0],"rotation":0,"texture":"#0","tintindex":0},"west":{"uv":[4.5,9.5,4.25,10.5],"rotation":0,"texture":"#0","tintindex":0},"up":{"uv":[0.0,8.25,1.25,8.0],"rotation":0,"texture":"#0","tintindex":0},"down":{"uv":[10.75,3.5,12.0,3.75],"rotation":0,"texture":"#0","tintindex":0}}},{"from":[6.224924,7.7528925,15.500672],"to":[9.653496,8.324321,17.786386],"rotation":{"angle":0.0,"axis":"y","origin":[7.93921,7.6100354,11.214958]},"faces":{"east":{"uv":[13.75,12.25,14.75,12.5],"rotation":0,"texture":"#0","tintindex":0},"south":{"uv":[13.25,5.0,14.75,5.25],"rotation":0,"texture":"#0","tintindex":0},"north":{"uv":[13.25,1.0,14.75,1.25],"rotation":0,"texture":"#0","tintindex":0},"west":{"uv":[2.25,14.0,3.25,14.25],"rotation":0,"texture":"#0","tintindex":0},"up":{"uv":[8.5,12.0,7.0,11.0],"rotation":0,"texture":"#0","tintindex":0},"down":{"uv":[12.75,9.0,11.25,10.0],"rotation":0,"texture":"#0","tintindex":0}}},{"from":[9.653496,7.0284524,17.821049],"to":[12.510639,7.599881,20.106764],"rotation":{"angle":45.0,"axis":"x","origin":[7.93921,7.3141665,18.963907]},"faces":{"east":{"uv":[0.25,15.0,0.5,14.0],"rotation":270,"texture":"#0","tintindex":0},"south":{"uv":[13.75,4.0,15.0,4.25],"rotation":0,"texture":"#0","tintindex":0},"north":{"uv":[13.75,4.0,15.0,3.75],"rotation":180,"texture":"#0","tintindex":0},"west":{"uv":[0.0,15.0,0.25,14.0],"rotation":90,"texture":"#0","tintindex":0},"up":{"uv":[7.0,11.75,5.75,12.75],"rotation":0,"texture":"#0","tintindex":0},"down":{"uv":[5.75,11.75,4.5,12.75],"rotation":180,"texture":"#0","tintindex":0}}},{"from":[3.3677807,7.0284524,17.821049],"to":[6.224924,7.599881,20.106764],"rotation":{"angle":45.0,"axis":"x","origin":[7.93921,7.3141665,18.963907]},"faces":{"east":{"uv":[0.0,14.0,0.25,15.0],"rotation":90,"texture":"#0","tintindex":0},"south":{"uv":[15.0,4.0,13.75,4.25],"rotation":0,"texture":"#0","tintindex":0},"north":{"uv":[15.0,4.0,13.75,3.75],"rotation":180,"texture":"#0","tintindex":0},"west":{"uv":[0.25,14.0,0.5,15.0],"rotation":270,"texture":"#0","tintindex":0},"up":{"uv":[5.75,11.75,7.0,12.75],"rotation":0,"texture":"#0","tintindex":0},"down":{"uv":[4.5,11.75,5.75,12.75],"rotation":180,"texture":"#0","tintindex":0}}},{"from":[3.3677807,7.7528925,10.357815],"to":[6.224924,8.324321,18.357815],"rotation":{"angle":0.0,"axis":"y","origin":[7.93921,7.6100354,11.214958]},"faces":{"east":{"uv":[12.0,8.75,15.5,9.0],"rotation":0,"texture":"#0","tintindex":0},"south":{"uv":[13.75,3.5,15.0,3.75],"rotation":0,"texture":"#0","tintindex":0},"north":{"uv":[13.25,5.25,14.5,5.5],"rotation":0,"texture":"#0","tintindex":0},"west":{"uv":[12.5,1.25,16.0,1.5],"rotation":0,"texture":"#0","tintindex":0},"up":{"uv":[1.25,3.5,0.0,0.0],"rotation":0,"texture":"#0","tintindex":0},"down":{"uv":[2.5,0.0,1.25,3.5],"rotation":0,"texture":"#0","tintindex":0}}},{"from":[3.3677807,6.059761,9.6800375],"to":[6.224924,8.345475,10.251467],"rotation":{"angle":22.5,"axis":"x","origin":[4.7963524,6.6311893,9.965752]},"faces":{"east":{"uv":[4.25,9.5,4.5,10.5],"rotation":0,"texture":"#0","tintindex":0},"south":{"uv":[11.5,10.75,12.75,11.75],"rotation":0,"texture":"#0","tintindex":0},"north":{"uv":[0.0,7.0,1.25,8.0],"rotation":0,"texture":"#0","tintindex":0},"west":{"uv":[13.75,13.25,14.0,14.25],"rotation":0,"texture":"#0","tintindex":0},"up":{"uv":[1.25,8.25,0.0,8.0],"rotation":0,"texture":"#0","tintindex":0},"down":{"uv":[12.0,3.5,10.75,3.75],"rotation":0,"texture":"#0","tintindex":0}}},{"from":[6.224924,6.467178,9.214957],"to":[9.653496,8.7528925,13.7863865],"rotation":{"angle":0.0,"axis":"y","origin":[7.93921,7.6100354,11.214958]},"faces":{"east":{"uv":[8.75,6.75,10.75,7.75],"rotation":0,"texture":"#0","tintindex":0},"south":{"uv":[11.0,1.0,12.5,2.0],"rotation":0,"texture":"#0","tintindex":0},"north":{"uv":[11.0,0.0,12.5,1.0],"rotation":0,"texture":"#0","tintindex":0},"west":{"uv":[2.25,9.5,4.25,10.5],"rotation":0,"texture":"#0","tintindex":0},"up":{"uv":[8.75,5.75,7.25,3.75],"rotation":0,"texture":"#0","tintindex":0},"down":{"uv":[8.75,5.75,7.25,7.75],"rotation":0,"texture":"#0","tintindex":0}}}],"display":{"head":{"translation":[0.0,-6.4,0.0],"scale":[4.0,4.0,4.0]}}}