{
	"credit": "Made with Blockbench",
	"textures": {
		"1": "chunky:item/gear/cosmo_pack/sword"
	},
	"elements": [
		{
			"from": [7.7, -3.13423, 10.72945],
			"to": [8.3, -1.63423, 12.22945],
			"rotation": {"angle": 45, "axis": "x", "origin": [8, 1.09522, 8]},
			"faces": {
				"north": {"uv": [7.875, 2.25, 7.75, 2.625], "texture": "#1"},
				"east": {"uv": [7.125, 4, 6.75, 4.375], "texture": "#1"},
				"south": {"uv": [7.875, 3.75, 7.75, 4.125], "texture": "#1"},
				"west": {"uv": [6.75, 4.375, 7.125, 4], "rotation": 90, "texture": "#1"},
				"up": {"uv": [7.5, 6.625, 7.875, 6.5], "rotation": 90, "texture": "#1"},
				"down": {"uv": [4.25, 7.75, 4.625, 7.875], "rotation": 270, "texture": "#1"}
			}
		},
		{
			"from": [7.75, -1.2626, 6.7264],
			"to": [8.25, -0.5126, 8.3764],
			"rotation": {"angle": 0, "axis": "z", "origin": [8, 1.09522, 8]},
			"faces": {
				"north": {"uv": [8.1875, 0.625, 8, 0.5], "rotation": 270, "texture": "#1"},
				"east": {"uv": [7.5, 2.1875, 7.6875, 1.75], "rotation": 90, "texture": "#1"},
				"south": {"uv": [8.1875, 0.25, 8, 0.375], "rotation": 270, "texture": "#1"},
				"west": {"uv": [7.6875, 2.1875, 7.5, 1.75], "rotation": 270, "texture": "#1"},
				"up": {"uv": [5.25, 7.9375, 5.375, 7.5], "texture": "#1"},
				"down": {"uv": [7.5, 5.6875, 7.625, 5.25], "rotation": 180, "texture": "#1"}
			}
		},
		{
			"from": [7.75, -2.2626, 6.4264],
			"to": [8.25, -1.5126, 8.2764],
			"rotation": {"angle": 0, "axis": "z", "origin": [8, 1.09522, 8]},
			"faces": {
				"north": {"uv": [8.1875, 0.625, 8, 0.5], "rotation": 270, "texture": "#1"},
				"east": {"uv": [7.5, 2.1875, 7.6875, 1.75], "rotation": 90, "texture": "#1"},
				"south": {"uv": [8.1875, 0.25, 8, 0.375], "rotation": 270, "texture": "#1"},
				"west": {"uv": [7.6875, 2.1875, 7.5, 1.75], "rotation": 270, "texture": "#1"},
				"up": {"uv": [5.25, 7.9375, 5.375, 7.5], "texture": "#1"},
				"down": {"uv": [7.5, 5.6875, 7.625, 5.25], "rotation": 180, "texture": "#1"}
			}
		},
		{
			"from": [7.7, 2.34397, 7.31351],
			"to": [8.3, 3.99397, 8.31351],
			"rotation": {"angle": 22.5, "axis": "x", "origin": [8, 0.34522, 8]},
			"faces": {
				"north": {"uv": [7.5, 6.1875, 7.625, 5.75], "texture": "#1"},
				"east": {"uv": [5.75, 1.9375, 6, 1.5], "texture": "#1"},
				"south": {"uv": [5.5, 7.9375, 5.625, 7.5], "texture": "#1"},
				"west": {"uv": [6, 1.9375, 5.75, 1.5], "texture": "#1"},
				"up": {"uv": [8.25, 0.125, 8, 0], "rotation": 90, "texture": "#1"},
				"down": {"uv": [8, 7.75, 7.75, 7.875], "rotation": 270, "texture": "#1"}
			}
		},
		{
			"from": [7.75, 1.36036, 11.04809],
			"to": [8.25, 3.21036, 11.79809],
			"rotation": {"angle": -45, "axis": "x", "origin": [8, 0.34522, 8]},
			"faces": {
				"north": {"uv": [7.5, 5.6875, 7.625, 5.25], "texture": "#1"},
				"east": {"uv": [7.5, 2.1875, 7.6875, 1.75], "texture": "#1"},
				"south": {"uv": [5.25, 7.9375, 5.375, 7.5], "texture": "#1"},
				"west": {"uv": [7.6875, 2.1875, 7.5, 1.75], "texture": "#1"},
				"up": {"uv": [8.1875, 0.625, 8, 0.5], "rotation": 90, "texture": "#1"},
				"down": {"uv": [8.1875, 0.25, 8, 0.375], "rotation": 270, "texture": "#1"}
			}
		},
		{
			"from": [7.7, 2.34397, 7.68649],
			"to": [8.3, 3.99397, 8.68649],
			"rotation": {"angle": -22.5, "axis": "x", "origin": [8, 0.34522, 8]},
			"faces": {
				"north": {"uv": [5.625, 7.9375, 5.5, 7.5], "texture": "#1"},
				"east": {"uv": [6, 1.9375, 5.75, 1.5], "texture": "#1"},
				"south": {"uv": [7.625, 6.1875, 7.5, 5.75], "texture": "#1"},
				"west": {"uv": [5.75, 1.9375, 6, 1.5], "texture": "#1"},
				"up": {"uv": [8, 0.125, 8.25, 0], "rotation": 90, "texture": "#1"},
				"down": {"uv": [7.75, 7.75, 8, 7.875], "rotation": 270, "texture": "#1"}
			}
		},
		{
			"from": [7.75, 1.36036, 4.20191],
			"to": [8.25, 3.21036, 4.95191],
			"rotation": {"angle": 45, "axis": "x", "origin": [8, 0.34522, 8]},
			"faces": {
				"north": {"uv": [5.375, 7.9375, 5.25, 7.5], "texture": "#1"},
				"east": {"uv": [7.6875, 2.1875, 7.5, 1.75], "texture": "#1"},
				"south": {"uv": [7.625, 5.6875, 7.5, 5.25], "texture": "#1"},
				"west": {"uv": [7.5, 2.1875, 7.6875, 1.75], "texture": "#1"},
				"up": {"uv": [8, 0.625, 8.1875, 0.5], "rotation": 90, "texture": "#1"},
				"down": {"uv": [8, 0.25, 8.1875, 0.375], "rotation": 270, "texture": "#1"}
			}
		},
		{
			"from": [7.45, -3.277, 7.45],
			"to": [8.55, 2.723, 8.55],
			"rotation": {"angle": 0, "axis": "y", "origin": [8, 1.09522, 8]},
			"faces": {
				"north": {"uv": [5.75, 5.25, 5.5, 6.75], "texture": "#1"},
				"east": {"uv": [5.75, 5.25, 5.5, 6.75], "texture": "#1"},
				"south": {"uv": [5.75, 5.25, 5.5, 6.75], "texture": "#1"},
				"west": {"uv": [5.75, 5.25, 5.5, 6.75], "texture": "#1"},
				"up": {"uv": [5.25, 6.75, 5.5, 6.5], "rotation": 90, "texture": "#1"},
				"down": {"uv": [7.5, 4.75, 7.75, 5], "rotation": 270, "texture": "#1"}
			}
		},
		{
			"from": [7.2, 1.973, 7.2],
			"to": [8.8, 2.973, 8.8],
			"rotation": {"angle": 0, "axis": "y", "origin": [8, 0.34522, 8]},
			"faces": {
				"north": {"uv": [7.625, 6.75, 7.25, 7], "texture": "#1"},
				"east": {"uv": [7.625, 6.75, 7.25, 7], "texture": "#1"},
				"south": {"uv": [7.625, 6.75, 7.25, 7], "texture": "#1"},
				"west": {"uv": [7.625, 6.75, 7.25, 7], "texture": "#1"},
				"up": {"uv": [6.5, 7.125, 6.875, 6.75], "rotation": 90, "texture": "#1"},
				"down": {"uv": [7, 1.5, 7.375, 1.875], "rotation": 270, "texture": "#1"}
			}
		},
		{
			"from": [7.25, 2.57466, 10.22944],
			"to": [8.75, 5.07466, 12.72944],
			"rotation": {"angle": -45, "axis": "x", "origin": [8, 0.34522, 8]},
			"faces": {
				"north": {"uv": [4.75, 6, 4.25, 6.625], "texture": "#1"},
				"east": {"uv": [4.875, 5.25, 4.25, 5.875], "texture": "#1"},
				"south": {"uv": [6.5, 4.5, 6, 5.125], "texture": "#1"},
				"west": {"uv": [4.25, 5.875, 4.875, 5.25], "rotation": 270, "texture": "#1"},
				"up": {"uv": [6, 4, 6.625, 3.5], "rotation": 90, "texture": "#1"},
				"down": {"uv": [4.75, 6, 5.375, 6.5], "rotation": 270, "texture": "#1"}
			}
		},
		{
			"from": [7.375, 4.2659, 7],
			"to": [8.625, 6.2659, 9],
			"rotation": {"angle": 0, "axis": "y", "origin": [8, 0.34522, 8]},
			"faces": {
				"north": {"uv": [6.6875, 4, 6.25, 4.5], "texture": "#1"},
				"east": {"uv": [6.75, 0.5, 6.25, 1], "texture": "#1"},
				"south": {"uv": [6.4375, 6.25, 6, 6.75], "texture": "#1"},
				"west": {"uv": [6.75, 0.5, 6.25, 1], "texture": "#1"},
				"up": {"uv": [6.5, 1.9375, 7, 1.5], "rotation": 90, "texture": "#1"},
				"down": {"uv": [6.5, 2, 7, 2.4375], "rotation": 270, "texture": "#1"}
			}
		},
		{
			"from": [7.2, 1.223, 7.2],
			"to": [8.8, 1.723, 8.8],
			"rotation": {"angle": 0, "axis": "y", "origin": [8, 0.34522, 8]},
			"faces": {
				"north": {"uv": [8.125, 5.25, 7.75, 5.375], "texture": "#1"},
				"east": {"uv": [8.125, 5.25, 7.75, 5.375], "texture": "#1"},
				"south": {"uv": [8.125, 5.25, 7.75, 5.375], "texture": "#1"},
				"west": {"uv": [8.125, 5.25, 7.75, 5.375], "texture": "#1"},
				"up": {"uv": [7, 3.375, 7.375, 3], "rotation": 90, "texture": "#1"},
				"down": {"uv": [7, 4.5, 7.375, 4.875], "rotation": 270, "texture": "#1"}
			}
		},
		{
			"from": [7.2, -3.377, 7.2],
			"to": [8.8, -2.377, 8.8],
			"rotation": {"angle": 0, "axis": "y", "origin": [8, 1.09522, 8]},
			"faces": {
				"north": {"uv": [7.625, 6.75, 7.25, 7], "rotation": 180, "texture": "#1"},
				"east": {"uv": [7.625, 6.75, 7.25, 7], "rotation": 180, "texture": "#1"},
				"south": {"uv": [7.625, 6.75, 7.25, 7], "rotation": 180, "texture": "#1"},
				"west": {"uv": [7.625, 6.75, 7.25, 7], "rotation": 180, "texture": "#1"},
				"up": {"uv": [7, 1.5, 7.375, 1.875], "rotation": 270, "texture": "#1"},
				"down": {"uv": [6.5, 7.125, 6.875, 6.75], "rotation": 90, "texture": "#1"}
			}
		}
	],
	"gui_light": "front",
	"display": {
		"thirdperson_righthand": {
			"rotation": [-165, 0, 0],
			"translation": [0, -1.5, 0],
			"scale": [0.51, 0.51, 0.51]
		},
		"thirdperson_lefthand": {
			"rotation": [-165, 0, 0],
			"translation": [0, -1.5, 0],
			"scale": [0.51, 0.51, 0.51]
		},
		"firstperson_righthand": {
			"rotation": [151, 0, 0],
			"translation": [5, -1.75, 0],
			"scale": [0.55, 0.55, 0.55]
		},
		"firstperson_lefthand": {
			"rotation": [151, 0, 0],
			"translation": [5, -1.75, 0],
			"scale": [0.55, 0.55, 0.55]
		},
		"ground": {
			"rotation": [80, 0, 0],
			"translation": [0, 0, 5.75],
			"scale": [0.59, 0.59, 0.59]
		},
		"gui": {
			"rotation": [90, 45, -90],
			"translation": [4, 3.5, 0],
			"scale": [0.84, 0.84, 0.84]
		},
		"head": {
			"scale": [0.01, 0.01, 0.01]
		},
		"fixed": {
			"rotation": [0, -90, 0],
			"translation": [0, 7.5, 0],
			"scale": [1.09, 1.09, 1.09]
		}
	},
	"groups": [
		{
			"name": "axe",
			"origin": [8, 8, 8],
			"color": 0,
			"nbt": "{}",
			"children": [
				{
					"name": "group",
					"origin": [8, 2.09348, 5],
					"color": 0,
					"nbt": "{}",
					"children": [0, 1, 2, 3, 4, 5, 6]
				},
				7,
				{
					"name": "group",
					"origin": [8.5, 12.723, 11.8],
					"color": 0,
					"nbt": "{}",
					"children": []
				},
				8,
				9,
				10,
				11,
				12
			]
		}
	]
}