{
	"credit": "Made with Blockbench",
	"textures": {
		"1": "chunky:item/gear/cosmo_pack/sword",
		"3": "chunky:item/gear/cosmo_pack/ring",
		"4": "chunky:item/gear/cosmo_pack/gravity_1",
		"5": "chunky:item/gear/cosmo_pack/gravity_2",
		"6": "chunky:item/gear/cosmo_pack/lighting_small"
	},
	"elements": [
		{
			"from": [6, 5.92454, 7.4],
			"to": [10, 9.92454, 8.6],
			"rotation": {"angle": 45, "axis": "z", "origin": [8, 7.92454, 8]},
			"faces": {
				"north": {"uv": [4.75, 0, 5.75, 1], "rotation": 270, "texture": "#1"},
				"east": {"uv": [7, 2.8125, 6, 2.5], "rotation": 90, "texture": "#1"},
				"south": {"uv": [4.75, 0, 5.75, 1], "texture": "#1"},
				"west": {"uv": [7, 3, 6, 3.3125], "rotation": 90, "texture": "#1"},
				"up": {"uv": [6, 1.5, 6.3125, 2.5], "rotation": 90, "texture": "#1"},
				"down": {"uv": [5.5, 2.75, 5.8125, 3.75], "rotation": 90, "texture": "#1"}
			}
		},
		{
			"from": [5, 5.92454, 7.65],
			"to": [11, 7.92454, 8.35],
			"rotation": {"angle": 0, "axis": "y", "origin": [8, 6.92454, 8]},
			"faces": {
				"north": {"uv": [3.75, 4.75, 5.25, 5.25], "texture": "#1"},
				"east": {"uv": [7.25, 1, 7.4375, 1.5], "texture": "#1"},
				"south": {"uv": [3.75, 4.75, 5.25, 5.25], "texture": "#1"},
				"west": {"uv": [7.25, 3.5, 7.4375, 4], "texture": "#1"},
				"up": {"uv": [7.5, 5.4375, 6, 5.25], "texture": "#1"},
				"down": {"uv": [7.5, 5.5, 6, 5.6875], "texture": "#1"}
			}
		},
		{
			"from": [11, 6.32454, 7.65],
			"to": [13, 8.32454, 8.35],
			"rotation": {"angle": 0, "axis": "y", "origin": [11, 7.32454, 8]},
			"faces": {
				"north": {"uv": [6, 5.75, 6.5, 6.25], "texture": "#1"},
				"east": {"uv": [7.25, 4, 7.4375, 4.5], "texture": "#1"},
				"south": {"uv": [6.5, 5.75, 6, 6.25], "texture": "#1"},
				"west": {"uv": [4.25, 7.25, 4.4375, 7.75], "texture": "#1"},
				"up": {"uv": [5.25, 4.6875, 4.75, 4.5], "texture": "#1"},
				"down": {"uv": [6, 3.75, 5.5, 3.9375], "texture": "#1"}
			}
		},
		{
			"from": [6.71967, -13.25579, 7.7],
			"to": [8.21967, -11.75579, 8.3],
			"rotation": {"angle": 45, "axis": "z", "origin": [8, -11.97546, 8]},
			"faces": {
				"north": {"uv": [6.75, 4, 7.125, 4.375], "texture": "#1"},
				"east": {"uv": [7.75, 2.25, 7.875, 2.625], "texture": "#1"},
				"south": {"uv": [6.75, 4, 7.125, 4.375], "rotation": 90, "texture": "#1"},
				"west": {"uv": [7.75, 3.75, 7.875, 4.125], "texture": "#1"},
				"up": {"uv": [7.875, 6.625, 7.5, 6.5], "texture": "#1"},
				"down": {"uv": [4.625, 7.75, 4.25, 7.875], "texture": "#1"}
			}
		},
		{
			"from": [6.71967, 1.49421, 7.45],
			"to": [8.21967, 2.99421, 8.55],
			"rotation": {"angle": 45, "axis": "z", "origin": [8, 2.77454, 8]},
			"faces": {
				"north": {"uv": [6.75, 4, 7.125, 4.375], "texture": "#1"},
				"east": {"uv": [7.75, 2.25, 7.875, 2.625], "texture": "#1"},
				"south": {"uv": [6.75, 4, 7.125, 4.375], "rotation": 90, "texture": "#1"},
				"west": {"uv": [7.75, 3.75, 7.875, 4.125], "texture": "#1"},
				"up": {"uv": [7.875, 6.625, 7.5, 6.5], "texture": "#1"},
				"down": {"uv": [4.625, 7.75, 4.25, 7.875], "texture": "#1"}
			}
		},
		{
			"from": [7.25, -0.22546, 7.5],
			"to": [8.75, 1.27454, 8.5],
			"rotation": {"angle": 45, "axis": "z", "origin": [8, 0.52454, 7.95]},
			"faces": {
				"north": {"uv": [6.75, 4, 7.125, 4.375], "rotation": 180, "texture": "#1"},
				"east": {"uv": [7.75, 3.75, 7.875, 4.125], "rotation": 180, "texture": "#1"},
				"south": {"uv": [6.75, 4, 7.125, 4.375], "rotation": 270, "texture": "#1"},
				"west": {"uv": [7.75, 2.25, 7.875, 2.625], "rotation": 180, "texture": "#1"},
				"up": {"uv": [4.625, 7.75, 4.25, 7.875], "rotation": 180, "texture": "#1"},
				"down": {"uv": [7.875, 6.625, 7.5, 6.5], "rotation": 180, "texture": "#1"}
			}
		},
		{
			"from": [6.71967, -8.25579, 7.7],
			"to": [8.21967, -6.75579, 8.3],
			"rotation": {"angle": 45, "axis": "z", "origin": [8, -6.97546, 8]},
			"faces": {
				"north": {"uv": [6.75, 4, 7.125, 4.375], "texture": "#1"},
				"east": {"uv": [7.75, 2.25, 7.875, 2.625], "texture": "#1"},
				"south": {"uv": [6.75, 4, 7.125, 4.375], "rotation": 90, "texture": "#1"},
				"west": {"uv": [7.75, 3.75, 7.875, 4.125], "texture": "#1"},
				"up": {"uv": [7.875, 6.625, 7.5, 6.5], "texture": "#1"},
				"down": {"uv": [4.625, 7.75, 4.25, 7.875], "texture": "#1"}
			}
		},
		{
			"from": [12, 7.22454, 7.7],
			"to": [13.5, 9.32454, 8.3],
			"rotation": {"angle": -22.5, "axis": "z", "origin": [12.5, 8.32454, 7.95]},
			"faces": {
				"north": {"uv": [6.5, 5.75, 6.875, 6.25], "texture": "#1"},
				"east": {"uv": [7.5, 3.75, 7.625, 4.25], "texture": "#1"},
				"south": {"uv": [6.875, 5.75, 6.5, 6.25], "texture": "#1"},
				"west": {"uv": [7.5, 4.25, 7.625, 4.75], "texture": "#1"},
				"up": {"uv": [8.125, 4.375, 7.75, 4.25], "texture": "#1"},
				"down": {"uv": [8.125, 4.5, 7.75, 4.625], "texture": "#1"}
			}
		},
		{
			"from": [7.635, -10.05612, 7.75],
			"to": [9.135, -7.95612, 8.25],
			"rotation": {"angle": -22.5, "axis": "z", "origin": [8.385, -9.00612, 7.95]},
			"faces": {
				"north": {"uv": [6.5, 5.75, 6.875, 6.25], "texture": "#1"},
				"east": {"uv": [7.5, 3.75, 7.625, 4.25], "texture": "#1"},
				"south": {"uv": [6.875, 5.75, 6.5, 6.25], "texture": "#1"},
				"west": {"uv": [7.5, 4.25, 7.625, 4.75], "texture": "#1"},
				"up": {"uv": [8.125, 4.375, 7.75, 4.25], "texture": "#1"},
				"down": {"uv": [8.125, 4.5, 7.75, 4.625], "texture": "#1"}
			}
		},
		{
			"from": [6.865, -10.05612, 7.75],
			"to": [8.365, -7.95612, 8.25],
			"rotation": {"angle": 22.5, "axis": "z", "origin": [7.615, -9.00612, 7.95]},
			"faces": {
				"north": {"uv": [6.875, 5.75, 6.5, 6.25], "texture": "#1"},
				"east": {"uv": [7.625, 4.25, 7.5, 4.75], "texture": "#1"},
				"south": {"uv": [6.5, 5.75, 6.875, 6.25], "texture": "#1"},
				"west": {"uv": [7.625, 3.75, 7.5, 4.25], "texture": "#1"},
				"up": {"uv": [7.75, 4.375, 8.125, 4.25], "texture": "#1"},
				"down": {"uv": [7.75, 4.5, 8.125, 4.625], "texture": "#1"}
			}
		},
		{
			"from": [9.08652, -12.14785, 7.75],
			"to": [9.83652, -10.29785, 8.25],
			"rotation": {"angle": -45, "axis": "z", "origin": [9.35797, -10.68179, 8]},
			"faces": {
				"north": {"uv": [7.5, 1.75, 7.6875, 2.1875], "texture": "#1"},
				"east": {"uv": [5.25, 7.5, 5.375, 7.9375], "texture": "#1"},
				"south": {"uv": [7.6875, 1.75, 7.5, 2.1875], "texture": "#1"},
				"west": {"uv": [7.5, 5.25, 7.625, 5.6875], "texture": "#1"},
				"up": {"uv": [8.1875, 0.375, 8, 0.25], "texture": "#1"},
				"down": {"uv": [8.1875, 0.5, 8, 0.625], "texture": "#1"}
			}
		},
		{
			"from": [8.69373, -10.72828, 7.7],
			"to": [9.69373, -9.07828, 8.3],
			"rotation": {"angle": 22.5, "axis": "z", "origin": [9.35797, -10.68179, 8]},
			"faces": {
				"north": {"uv": [5.75, 1.5, 6, 1.9375], "texture": "#1"},
				"east": {"uv": [5.5, 7.5, 5.625, 7.9375], "texture": "#1"},
				"south": {"uv": [6, 1.5, 5.75, 1.9375], "texture": "#1"},
				"west": {"uv": [7.5, 5.75, 7.625, 6.1875], "texture": "#1"},
				"up": {"uv": [8, 7.875, 7.75, 7.75], "texture": "#1"},
				"down": {"uv": [8.25, 0, 8, 0.125], "texture": "#1"}
			}
		},
		{
			"from": [6.16348, -12.14785, 7.75],
			"to": [6.91348, -10.29785, 8.25],
			"rotation": {"angle": 45, "axis": "z", "origin": [6.64203, -10.68179, 8]},
			"faces": {
				"north": {"uv": [7.6875, 1.75, 7.5, 2.1875], "texture": "#1"},
				"east": {"uv": [7.625, 5.25, 7.5, 5.6875], "texture": "#1"},
				"south": {"uv": [7.5, 1.75, 7.6875, 2.1875], "texture": "#1"},
				"west": {"uv": [5.375, 7.5, 5.25, 7.9375], "texture": "#1"},
				"up": {"uv": [8, 0.375, 8.1875, 0.25], "texture": "#1"},
				"down": {"uv": [8, 0.5, 8.1875, 0.625], "texture": "#1"}
			}
		},
		{
			"from": [6.30627, -10.72828, 7.7],
			"to": [7.30627, -9.07828, 8.3],
			"rotation": {"angle": -22.5, "axis": "z", "origin": [6.64203, -10.68179, 8]},
			"faces": {
				"north": {"uv": [6, 1.5, 5.75, 1.9375], "texture": "#1"},
				"east": {"uv": [7.625, 5.75, 7.5, 6.1875], "texture": "#1"},
				"south": {"uv": [5.75, 1.5, 6, 1.9375], "texture": "#1"},
				"west": {"uv": [5.625, 7.5, 5.5, 7.9375], "texture": "#1"},
				"up": {"uv": [7.75, 7.875, 8, 7.75], "texture": "#1"},
				"down": {"uv": [8, 0, 8.25, 0.125], "texture": "#1"}
			}
		},
		{
			"from": [6.30627, 2.37828, 7.7],
			"to": [7.30627, 4.02828, 8.3],
			"rotation": {"angle": 22.5, "axis": "z", "origin": [6.64203, 3.98179, 8]},
			"faces": {
				"north": {"uv": [6, 1.9375, 5.75, 1.5], "texture": "#1"},
				"east": {"uv": [7.625, 6.1875, 7.5, 5.75], "texture": "#1"},
				"south": {"uv": [5.75, 1.9375, 6, 1.5], "texture": "#1"},
				"west": {"uv": [5.625, 7.9375, 5.5, 7.5], "texture": "#1"},
				"up": {"uv": [8, 0.125, 8.25, 0], "texture": "#1"},
				"down": {"uv": [7.75, 7.75, 8, 7.875], "texture": "#1"}
			}
		},
		{
			"from": [6.16348, 3.59785, 7.75],
			"to": [6.91348, 5.44785, 8.25],
			"rotation": {"angle": -45, "axis": "z", "origin": [6.64203, 3.98179, 8]},
			"faces": {
				"north": {"uv": [7.6875, 2.1875, 7.5, 1.75], "texture": "#1"},
				"east": {"uv": [7.625, 5.6875, 7.5, 5.25], "texture": "#1"},
				"south": {"uv": [7.5, 2.1875, 7.6875, 1.75], "texture": "#1"},
				"west": {"uv": [5.375, 7.9375, 5.25, 7.5], "texture": "#1"},
				"up": {"uv": [8, 0.625, 8.1875, 0.5], "texture": "#1"},
				"down": {"uv": [8, 0.25, 8.1875, 0.375], "texture": "#1"}
			}
		},
		{
			"from": [8.69373, 2.37828, 7.7],
			"to": [9.69373, 4.02828, 8.3],
			"rotation": {"angle": -22.5, "axis": "z", "origin": [9.35797, 3.98179, 8]},
			"faces": {
				"north": {"uv": [5.75, 1.9375, 6, 1.5], "texture": "#1"},
				"east": {"uv": [5.5, 7.9375, 5.625, 7.5], "texture": "#1"},
				"south": {"uv": [6, 1.9375, 5.75, 1.5], "texture": "#1"},
				"west": {"uv": [7.5, 6.1875, 7.625, 5.75], "texture": "#1"},
				"up": {"uv": [8.25, 0.125, 8, 0], "texture": "#1"},
				"down": {"uv": [8, 7.75, 7.75, 7.875], "texture": "#1"}
			}
		},
		{
			"from": [9.08652, 3.59785, 7.75],
			"to": [9.83652, 5.44785, 8.25],
			"rotation": {"angle": 45, "axis": "z", "origin": [9.35797, 3.98179, 8]},
			"faces": {
				"north": {"uv": [7.5, 2.1875, 7.6875, 1.75], "texture": "#1"},
				"east": {"uv": [5.25, 7.9375, 5.375, 7.5], "texture": "#1"},
				"south": {"uv": [7.6875, 2.1875, 7.5, 1.75], "texture": "#1"},
				"west": {"uv": [7.5, 5.6875, 7.625, 5.25], "texture": "#1"},
				"up": {"uv": [8.1875, 0.625, 8, 0.5], "texture": "#1"},
				"down": {"uv": [8.1875, 0.25, 8, 0.375], "texture": "#1"}
			}
		},
		{
			"from": [10, 5.92454, 7.6],
			"to": [12, 8.92454, 8.4],
			"rotation": {"angle": 22.5, "axis": "z", "origin": [11, 6.92454, 8.05]},
			"faces": {
				"north": {"uv": [5, 5.25, 5.5, 6], "texture": "#1"},
				"east": {"uv": [6, 6.75, 6.1875, 7.5], "texture": "#1"},
				"south": {"uv": [7.125, 0, 6.75, 0.5], "texture": "#1"},
				"west": {"uv": [6.25, 6.75, 6.4375, 7.5], "texture": "#1"},
				"up": {"uv": [7.75, 5.1875, 7.25, 5], "texture": "#1"},
				"down": {"uv": [7, 7.25, 6.5, 7.4375], "texture": "#1"}
			}
		},
		{
			"from": [2.5, 7.22454, 7.7],
			"to": [4, 9.32454, 8.3],
			"rotation": {"angle": 22.5, "axis": "z", "origin": [3.5, 8.32454, 7.95]},
			"faces": {
				"north": {"uv": [6.875, 5.75, 6.5, 6.25], "texture": "#1"},
				"east": {"uv": [7.625, 4.25, 7.5, 4.75], "texture": "#1"},
				"south": {"uv": [6.5, 5.75, 6.875, 6.25], "texture": "#1"},
				"west": {"uv": [7.625, 3.75, 7.5, 4.25], "texture": "#1"},
				"up": {"uv": [7.75, 4.375, 8.125, 4.25], "texture": "#1"},
				"down": {"uv": [7.75, 4.5, 8.125, 4.625], "texture": "#1"}
			}
		},
		{
			"from": [4, 5.92454, 7.6],
			"to": [6, 8.92454, 8.4],
			"rotation": {"angle": -22.5, "axis": "z", "origin": [5, 6.92454, 8.05]},
			"faces": {
				"north": {"uv": [5.5, 5.25, 5, 6], "texture": "#1"},
				"east": {"uv": [6.4375, 6.75, 6.25, 7.5], "texture": "#1"},
				"south": {"uv": [6.75, 0, 7.125, 0.5], "texture": "#1"},
				"west": {"uv": [6.1875, 6.75, 6, 7.5], "texture": "#1"},
				"up": {"uv": [7.25, 5.1875, 7.75, 5], "texture": "#1"},
				"down": {"uv": [6.5, 7.25, 7, 7.4375], "texture": "#1"}
			}
		},
		{
			"from": [3, 6.32454, 7.65],
			"to": [5, 8.32454, 8.35],
			"rotation": {"angle": 0, "axis": "y", "origin": [5, 7.32454, 8]},
			"faces": {
				"north": {"uv": [6.5, 5.75, 6, 6.25], "texture": "#1"},
				"east": {"uv": [4.4375, 7.25, 4.25, 7.75], "texture": "#1"},
				"south": {"uv": [6, 5.75, 6.5, 6.25], "texture": "#1"},
				"west": {"uv": [7.4375, 4, 7.25, 4.5], "texture": "#1"},
				"up": {"uv": [4.75, 4.6875, 5.25, 4.5], "texture": "#1"},
				"down": {"uv": [5.5, 3.75, 6, 3.9375], "texture": "#1"}
			}
		},
		{
			"from": [7.45, -7.027, 7.45],
			"to": [8.55, -1.027, 8.55],
			"rotation": {"angle": 0, "axis": "y", "origin": [8.05, 12, 8.05]},
			"faces": {
				"north": {"uv": [5.5, 5.25, 5.75, 6.75], "texture": "#1"},
				"east": {"uv": [5.5, 5.25, 5.75, 6.75], "texture": "#1"},
				"south": {"uv": [5.5, 5.25, 5.75, 6.75], "texture": "#1"},
				"west": {"uv": [5.5, 5.25, 5.75, 6.75], "texture": "#1"},
				"up": {"uv": [5.5, 6.75, 5.25, 6.5], "texture": "#1"},
				"down": {"uv": [7.75, 4.75, 7.5, 5], "texture": "#1"}
			}
		},
		{
			"from": [11.6115, 5.2865, 8],
			"to": [20.3885, 9.5365, 8],
			"rotation": {"angle": 0, "axis": "z", "origin": [16, 7.4115, 8]},
			"faces": {
				"north": {"uv": [8.4375, 4.75, 9.6875, 7.1875], "rotation": 270, "texture": "#1"},
				"east": {"uv": [3.75, 0, 0, 0], "rotation": 90, "texture": "#1"},
				"south": {"uv": [9.6875, 4.75, 8.4375, 7.1875], "rotation": 90, "texture": "#1"},
				"west": {"uv": [3.75, 0, 0, 0], "rotation": 90, "texture": "#1"},
				"up": {"uv": [0, 0, 0, 10.6875], "rotation": 90, "texture": "#1"},
				"down": {"uv": [0, 0, 0, 10.6875], "rotation": 90, "texture": "#1"}
			}
		},
		{
			"from": [3.5, 3.723, 7.7],
			"to": [12.5, 12.723, 8.3],
			"rotation": {"angle": 0, "axis": "y", "origin": [8.5, 21.223, 8.05]},
			"faces": {
				"north": {"uv": [0, 0, 16, 16], "rotation": 270, "texture": "#3"},
				"south": {"uv": [16, 0, 0, 16], "rotation": 90, "texture": "#3"}
			}
		},
		{
			"from": [4, 1.523, 7.2],
			"to": [12, 9.523, 8.8],
			"rotation": {"angle": 0, "axis": "z", "origin": [8, 5.523, 8]},
			"faces": {
				"north": {"uv": [0, 16, 16, 0], "rotation": 90, "texture": "#4"},
				"south": {"uv": [0, 0, 16, 16], "rotation": 270, "texture": "#4"}
			}
		},
		{
			"from": [4.5, -14.777, 7.875],
			"to": [11.5, -7.777, 8.125],
			"rotation": {"angle": 0, "axis": "y", "origin": [8.5, 13.723, 11.8]},
			"faces": {
				"north": {"uv": [0, 0, 16, 16], "rotation": 270, "texture": "#5"},
				"south": {"uv": [16, 0, 0, 16], "rotation": 90, "texture": "#5"}
			}
		},
		{
			"from": [7, 2.473, 7.875],
			"to": [17, 12.473, 8.125],
			"rotation": {"angle": 0, "axis": "y", "origin": [12, 7.473, 8]},
			"faces": {
				"north": {"uv": [0, 0, 16, 16], "rotation": 180, "texture": "#6"},
				"south": {"uv": [16, 0, 0, 16], "rotation": 180, "texture": "#6"}
			}
		},
		{
			"from": [-4, 4.473, 7.875],
			"to": [6, 14.473, 8.125],
			"rotation": {"angle": -45, "axis": "z", "origin": [1, 9.473, 8]},
			"faces": {
				"north": {"uv": [16, 0, 0, 16], "rotation": 180, "texture": "#6"},
				"south": {"uv": [0, 0, 16, 16], "rotation": 180, "texture": "#6"}
			}
		},
		{
			"from": [7.2, 2.273, 7.2],
			"to": [8.8, 3.273, 8.8],
			"rotation": {"angle": 0, "axis": "y", "origin": [8, 2.273, 8]},
			"faces": {
				"north": {"uv": [7.25, 6.75, 7.625, 7], "texture": "#1"},
				"east": {"uv": [7.25, 6.75, 7.625, 7], "texture": "#1"},
				"south": {"uv": [7.25, 6.75, 7.625, 7], "texture": "#1"},
				"west": {"uv": [7.25, 6.75, 7.625, 7], "texture": "#1"},
				"up": {"uv": [6.875, 7.125, 6.5, 6.75], "texture": "#1"},
				"down": {"uv": [7.375, 1.5, 7, 1.875], "texture": "#1"}
			}
		},
		{
			"from": [10.9814, 6.0686, 7],
			"to": [13.4814, 8.5686, 9],
			"rotation": {"angle": -45, "axis": "z", "origin": [8, 11.55, 8]},
			"faces": {
				"north": {"uv": [4.25, 5.25, 4.875, 5.875], "texture": "#1"},
				"east": {"uv": [4.25, 6, 4.75, 6.625], "texture": "#1"},
				"south": {"uv": [4.25, 5.25, 4.875, 5.875], "rotation": 270, "texture": "#1"},
				"west": {"uv": [6, 4.5, 6.5, 5.125], "texture": "#1"},
				"up": {"uv": [6.625, 4, 6, 3.5], "texture": "#1"},
				"down": {"uv": [5.375, 6, 4.75, 6.5], "texture": "#1"}
			}
		},
		{
			"from": [7, 4.5659, 7.125],
			"to": [9, 6.5659, 8.875],
			"rotation": {"angle": 0, "axis": "y", "origin": [8, 5.5659, 8]},
			"faces": {
				"north": {"uv": [6.25, 0.5, 6.75, 1], "texture": "#1"},
				"east": {"uv": [6.25, 4, 6.6875, 4.5], "texture": "#1"},
				"south": {"uv": [6.25, 0.5, 6.75, 1], "texture": "#1"},
				"west": {"uv": [6, 6.25, 6.4375, 6.75], "texture": "#1"},
				"up": {"uv": [7, 1.9375, 6.5, 1.5], "texture": "#1"},
				"down": {"uv": [7, 2, 6.5, 2.4375], "texture": "#1"}
			}
		},
		{
			"from": [21.13089, -4.63089, 7.375],
			"to": [22.88089, -2.88089, 8.625],
			"rotation": {"angle": -45, "axis": "z", "origin": [8, 10.25, 7.875]},
			"faces": {
				"north": {"uv": [6.5, 4.5, 6.9375, 4.9375], "texture": "#1"},
				"east": {"uv": [4.75, 7, 5.0625, 7.4375], "texture": "#1"},
				"south": {"uv": [4.75, 6.5, 5.1875, 6.9375], "texture": "#1"},
				"west": {"uv": [5.25, 7, 5.5625, 7.4375], "texture": "#1"},
				"up": {"uv": [7.4375, 6.0625, 7, 5.75], "texture": "#1"},
				"down": {"uv": [7.4375, 6.25, 7, 6.5625], "texture": "#1"}
			}
		},
		{
			"from": [7.25, -10.2841, 7.5],
			"to": [8.75, -8.7841, 8.5],
			"rotation": {"angle": 0, "axis": "y", "origin": [8, -9.5341, 7.875]},
			"faces": {
				"north": {"uv": [7, 2, 7.375, 2.375], "texture": "#1"},
				"east": {"uv": [4.5, 7.25, 4.75, 7.625], "texture": "#1"},
				"south": {"uv": [7, 2, 7.375, 2.375], "texture": "#1"},
				"west": {"uv": [7.5, 1, 7.75, 1.375], "texture": "#1"},
				"up": {"uv": [7.875, 0.5, 7.5, 0.25], "texture": "#1"},
				"down": {"uv": [7.875, 1.5, 7.5, 1.75], "texture": "#1"}
			}
		},
		{
			"from": [21.13089, 6.16911, 7.25],
			"to": [22.88089, 7.91911, 8.75],
			"rotation": {"angle": -45, "axis": "z", "origin": [8, 21.05, 8]},
			"faces": {
				"north": {"uv": [6.5, 4.5, 6.9375, 4.9375], "texture": "#1"},
				"east": {"uv": [4.75, 7, 5.0625, 7.4375], "texture": "#1"},
				"south": {"uv": [4.75, 6.5, 5.1875, 6.9375], "texture": "#1"},
				"west": {"uv": [5.25, 7, 5.5625, 7.4375], "texture": "#1"},
				"up": {"uv": [7.4375, 6.0625, 7, 5.75], "texture": "#1"},
				"down": {"uv": [7.4375, 6.25, 7, 6.5625], "texture": "#1"}
			}
		},
		{
			"from": [7.25, 0.5159, 7.375],
			"to": [8.75, 2.0159, 8.625],
			"rotation": {"angle": 0, "axis": "y", "origin": [8, 1.2659, 8]},
			"faces": {
				"north": {"uv": [7, 2, 7.375, 2.375], "texture": "#1"},
				"east": {"uv": [4.5, 7.25, 4.75, 7.625], "texture": "#1"},
				"south": {"uv": [7, 2, 7.375, 2.375], "texture": "#1"},
				"west": {"uv": [7.5, 1, 7.75, 1.375], "texture": "#1"},
				"up": {"uv": [7.875, 0.5, 7.5, 0.25], "texture": "#1"},
				"down": {"uv": [7.875, 1.5, 7.5, 1.75], "texture": "#1"}
			}
		},
		{
			"from": [7.2, -1.777, 7.2],
			"to": [8.8, -1.277, 8.8],
			"rotation": {"angle": 0, "axis": "y", "origin": [8, -1.027, 8]},
			"faces": {
				"north": {"uv": [7.75, 5.25, 8.125, 5.375], "texture": "#1"},
				"east": {"uv": [7.75, 5.25, 8.125, 5.375], "texture": "#1"},
				"south": {"uv": [7.75, 5.25, 8.125, 5.375], "texture": "#1"},
				"west": {"uv": [7.75, 5.25, 8.125, 5.375], "texture": "#1"},
				"up": {"uv": [7.375, 3.375, 7, 3], "texture": "#1"},
				"down": {"uv": [7.375, 4.5, 7, 4.875], "texture": "#1"}
			}
		},
		{
			"from": [7.2, -1.027, 7.2],
			"to": [8.8, -0.027, 8.8],
			"rotation": {"angle": 0, "axis": "y", "origin": [8, -1.027, 8]},
			"faces": {
				"north": {"uv": [7.25, 6.75, 7.625, 7], "texture": "#1"},
				"east": {"uv": [7.25, 6.75, 7.625, 7], "texture": "#1"},
				"south": {"uv": [7.25, 6.75, 7.625, 7], "texture": "#1"},
				"west": {"uv": [7.25, 6.75, 7.625, 7], "texture": "#1"},
				"up": {"uv": [6.875, 7.125, 6.5, 6.75], "texture": "#1"},
				"down": {"uv": [7.375, 1.5, 7, 1.875], "texture": "#1"}
			}
		},
		{
			"from": [7.2, -6.027, 7.2],
			"to": [8.8, -5.527, 8.8],
			"rotation": {"angle": 0, "axis": "y", "origin": [8, -6.277, 8]},
			"faces": {
				"north": {"uv": [7.75, 5.25, 8.125, 5.375], "rotation": 180, "texture": "#1"},
				"east": {"uv": [7.75, 5.25, 8.125, 5.375], "rotation": 180, "texture": "#1"},
				"south": {"uv": [7.75, 5.25, 8.125, 5.375], "rotation": 180, "texture": "#1"},
				"west": {"uv": [7.75, 5.25, 8.125, 5.375], "rotation": 180, "texture": "#1"},
				"up": {"uv": [7.375, 4.5, 7, 4.875], "rotation": 180, "texture": "#1"},
				"down": {"uv": [7.375, 3.375, 7, 3], "rotation": 180, "texture": "#1"}
			}
		},
		{
			"from": [7.2, -7.277, 7.2],
			"to": [8.8, -6.277, 8.8],
			"rotation": {"angle": 0, "axis": "y", "origin": [8, -6.277, 8]},
			"faces": {
				"north": {"uv": [7.25, 6.75, 7.625, 7], "rotation": 180, "texture": "#1"},
				"east": {"uv": [7.25, 6.75, 7.625, 7], "rotation": 180, "texture": "#1"},
				"south": {"uv": [7.25, 6.75, 7.625, 7], "rotation": 180, "texture": "#1"},
				"west": {"uv": [7.25, 6.75, 7.625, 7], "rotation": 180, "texture": "#1"},
				"up": {"uv": [7.375, 1.5, 7, 1.875], "rotation": 180, "texture": "#1"},
				"down": {"uv": [6.875, 7.125, 6.5, 6.75], "rotation": 180, "texture": "#1"}
			}
		}
	],
	"gui_light": "front",
	"display": {
		"thirdperson_righthand": {
			"rotation": [0, 90, 0],
			"translation": [0, 11, 1]
		},
		"thirdperson_lefthand": {
			"rotation": [0, -90, 0],
			"translation": [0, 11, 1]
		},
		"firstperson_righthand": {
			"rotation": [-12.5, 86, 0],
			"translation": [9.5, 12, -7]
		},
		"firstperson_lefthand": {
			"rotation": [-12.5, -86, 0],
			"translation": [9.5, 12, -7]
		},
		"ground": {
			"rotation": [80, 0, 0],
			"translation": [0, 0, 7.75],
			"scale": [0.67, 0.67, 0.67]
		},
		"gui": {
			"rotation": [-180, 0, 135],
			"translation": [-3.25, 3.25, 0],
			"scale": [0.7, 0.7, 0.7]
		},
		"head": {
			"scale": [0.01, 0.01, 0.01]
		},
		"fixed": {
			"translation": [0, 9.75, -1.25]
		}
	},
	"groups": [
		{
			"name": "sickle",
			"origin": [8, 8, 8],
			"color": 0,
			"nbt": "{}",
			"children": [
				{
					"name": "group",
					"origin": [8, 2.09348, 5],
					"color": 0,
					"nbt": "{}",
					"children": [0, 1, 2, 3, 4, 5, 6, 7, 8, 9, 10, 11, 12, 13, 14, 15, 16, 17, 18, 19, 20, 21]
				},
				22,
				23,
				{
					"name": "group",
					"origin": [8.5, 12.723, 11.8],
					"color": 0,
					"nbt": "{}",
					"children": [24, 25, 26, 27, 28]
				},
				29,
				30,
				31,
				32,
				33,
				34,
				35,
				36,
				37,
				38,
				39
			]
		}
	]
}