{"textures":{"1":"modelengine:entity/pet_snowman"},"elements":[{"from":[6.285714,8.095238,6.285714],"to":[9.714286,12.666667,9.714286],"rotation":{"angle":0.0,"axis":"y","origin":[8.0,4.0952377,8.0]},"faces":{"east":{"uv":[11.05,7.05,13.95,10.95],"rotation":0,"texture":"#1","tintindex":0},"south":{"uv":[8.05,11.05,10.95,14.95],"rotation":0,"texture":"#1","tintindex":0},"north":{"uv":[8.05,7.05,10.95,10.95],"rotation":0,"texture":"#1","tintindex":0},"west":{"uv":[11.05,11.05,13.95,14.95],"rotation":0,"texture":"#1","tintindex":0},"up":{"uv":[2.95,14.45,0.05,11.55],"rotation":0,"texture":"#1","tintindex":0},"down":{"uv":[5.95,11.55,3.05,14.45],"rotation":0,"texture":"#1","tintindex":0}}},{"from":[7.714286,9.238095,4.5714283],"to":[8.285714,9.809524,6.285714],"rotation":{"angle":0.0,"axis":"y","origin":[8.0,4.0952377,8.0]},"faces":{"east":{"uv":[6.05,11.55,7.45,11.95],"rotation":0,"texture":"#1","tintindex":0},"south":{"uv":[12.05,6.55,12.45,6.95],"rotation":0,"texture":"#1","tintindex":0},"north":{"uv":[12.05,6.05,12.45,6.45],"rotation":0,"texture":"#1","tintindex":0},"west":{"uv":[6.05,12.05,7.45,12.45],"rotation":0,"texture":"#1","tintindex":0},"up":{"uv":[7.95,12.95,7.55,11.55],"rotation":0,"texture":"#1","tintindex":0},"down":{"uv":[6.45,12.55,6.05,13.95],"rotation":0,"texture":"#1","tintindex":0}}},{"from":[5.714286,10.380953,5.714286],"to":[10.285714,10.952381,10.285714],"rotation":{"angle":0.0,"axis":"y","origin":[8.0,4.0952377,8.0]},"faces":{"east":{"uv":[12.05,4.55,15.95,4.95],"rotation":0,"texture":"#1","tintindex":0},"south":{"uv":[12.05,5.05,15.95,5.45],"rotation":0,"texture":"#1","tintindex":0},"north":{"uv":[12.05,4.05,15.95,4.45],"rotation":0,"texture":"#1","tintindex":0},"west":{"uv":[12.05,5.55,15.95,5.95],"rotation":0,"texture":"#1","tintindex":0},"up":{"uv":[7.95,3.95,4.05,0.05],"rotation":0,"texture":"#1","tintindex":0},"down":{"uv":[7.95,4.05,4.05,7.95],"rotation":0,"texture":"#1","tintindex":0}}}],"display":{"head":{"translation":[0.0,-6.4,0.0],"scale":[4.0,4.0,4.0]}}}