{"textures":{"1":"modelengine:entity/pet_snowman"},"elements":[{"from":[5.142857,7.428571,8.0],"to":[9.142858,9.714286,8.0],"rotation":{"angle":-22.5,"axis":"z","origin":[6.0,10.285714,8.0]},"faces":{"east":{"uv":[0.05,0.05,0.05,1.95],"rotation":0,"texture":"#1","tintindex":0},"south":{"uv":[15.45,0.05,12.05,1.95],"rotation":0,"texture":"#1","tintindex":0},"north":{"uv":[12.05,0.05,15.45,1.95],"rotation":0,"texture":"#1","tintindex":0},"west":{"uv":[0.05,0.05,0.05,1.95],"rotation":0,"texture":"#1","tintindex":0},"up":{"uv":[3.45,0.05,0.05,0.05],"rotation":0,"texture":"#1","tintindex":0},"down":{"uv":[3.45,0.05,0.05,0.05],"rotation":0,"texture":"#1","tintindex":0}}}],"display":{"head":{"translation":[0.0,-6.4,0.0],"scale":[4.0,4.0,4.0]}}}