{"texture_size":[32,32],"textures":{"0":"cosmetics:item/body/backpack","particle":"cosmetics:item/body/backpack"},"elements":[{"from":[4,-14,6],"to":[12,-4,11],"rotation":{"angle":0,"axis":"y","origin":[0,-14,-4]},"faces":{"north":{"uv":[0,7.5,4,12.5],"texture":"#0"},"east":{"uv":[4,7.5,6.5,12.5],"texture":"#0"},"south":{"uv":[0,7.5,4,12.5],"texture":"#0"},"west":{"uv":[6.5,7.5,4,12.5],"texture":"#0"},"up":{"uv":[0,4.5,4,7],"rotation":180,"texture":"#0"},"down":{"uv":[0,7.5,4,10],"texture":"#0"}}},{"from":[4,-14,4],"to":[12,-11,6],"rotation":{"angle":0,"axis":"y","origin":[0,-14,-4]},"faces":{"north":{"uv":[7.5,11,11.5,12.5],"texture":"#0"},"east":{"uv":[6.5,11,7.5,12.5],"texture":"#0"},"west":{"uv":[7.5,11,6.5,12.5],"texture":"#0"},"down":{"uv":[0,10,4,11],"texture":"#0"}}},{"from":[12,-14,4],"to":[4,-11,6],"rotation":{"angle":0,"axis":"y","origin":[0,-14,-4]},"faces":{"north":{"uv":[7.5,11,11.5,12.5],"texture":"#0"},"east":{"uv":[6.5,11,7.5,12.5],"texture":"#0"},"west":{"uv":[7.5,11,6.5,12.5],"texture":"#0"},"down":{"uv":[7.5,12.5,11.5,13.5],"texture":"#0"}}},{"from":[5,-16,5],"to":[9,-10,6],"rotation":{"angle":22.5,"axis":"z","origin":[0,-14,-4]},"faces":{"north":{"uv":[7,2.5,9,5.5],"texture":"#0"},"east":{"uv":[6.5,2.5,7,5.5],"texture":"#0"},"south":{"uv":[9,2.5,7,5.5],"texture":"#0"},"west":{"uv":[8.5,2.5,9,5.5],"texture":"#0"},"up":{"uv":[7,2,9,2.5],"texture":"#0"}}},{"from":[7,-10,4.1],"to":[9,-6,6.1],"rotation":{"angle":-22.5,"axis":"z","origin":[0,-14,-4]},"faces":{"north":{"uv":[8.5,7,9.5,9],"texture":"#0"},"east":{"uv":[8.5,7,9.5,9],"texture":"#0"},"south":{"uv":[8.5,7,9.5,9],"texture":"#0"},"west":{"uv":[8.5,7,9.5,9],"texture":"#0"},"up":{"uv":[8.5,6,9.5,7],"texture":"#0"}}},{"from":[2,-4.5,7],"to":[14,-0.5,11],"rotation":{"angle":-45,"axis":"x","origin":[8,-2.5,9]},"faces":{"north":{"uv":[0,2,6,4],"texture":"#0"},"east":{"uv":[6,0,8,2],"texture":"#0"},"south":{"uv":[0,4,6,6],"texture":"#0"},"west":{"uv":[8,0,6,2],"texture":"#0"},"up":{"uv":[0,0,6,2],"texture":"#0"},"down":{"uv":[0,2,6,4],"texture":"#0"}}},{"from":[4,-10,6],"to":[6,-4,6],"rotation":{"angle":22.5,"axis":"x","origin":[4,-4,6]},"faces":{"north":{"uv":[7,6,8,9],"texture":"#0","tintindex":0},"south":{"uv":[8,6,7,9],"texture":"#0","tintindex":0}}},{"from":[4,-10,5.9],"to":[6,-4,5.9],"rotation":{"angle":-22.5,"axis":"z","origin":[4,-4,6]},"faces":{"north":{"uv":[7,6,8,9],"texture":"#0","tintindex":0},"south":{"uv":[8,6,7,9],"texture":"#0","tintindex":0}}}],"gui_light":"front","display":{"thirdperson_righthand":{"rotation":[60,45,0],"translation":[0,2,0],"scale":[0.5,0.5,0.5]},"thirdperson_lefthand":{"rotation":[60,45,0],"translation":[0,2,0],"scale":[0.5,0.5,0.5]},"ground":{"translation":[0,3,0],"scale":[0.3,0.3,0.3]},"gui":{"rotation":[30,160,0],"translation":[0,1.25,0],"scale":[0.9,0.9,0.9]},"head":{"rotation":[0,180,0],"translation":[0,-80,8.5],"scale":[1.8,1.8,1.8]}}
}