{"textures":{"4":"cosmetics:item/body/bee_nest"},"elements":[{"from":[5,-12,4],"to":[11,-4,10],"rotation":{"angle":0,"axis":"y","origin":[8,12,7]},"faces":{"north":{"uv":[6,0,12,8],"texture":"#4"},"east":{"uv":[0,0,6,8],"texture":"#4"},"south":{"uv":[0,0,6,8],"texture":"#4"},"west":{"uv":[0,0,6,8],"texture":"#4"},"up":{"uv":[0,8,6,14],"texture":"#4"},"down":{"uv":[6,8,12,14],"texture":"#4"}}},{"from":[4.8,-10,3.8],"to":[11.2,-6,10.2],"rotation":{"angle":0,"axis":"y","origin":[8,12,7]},"faces":{"north":{"uv":[6,2,12,6],"texture":"#4"},"east":{"uv":[0,2,6,6],"texture":"#4"},"south":{"uv":[0,2,6,6],"texture":"#4"},"west":{"uv":[0,2,6,6],"texture":"#4"}}}],"gui_light":"front","display":{"thirdperson_righthand":{"rotation":[60,45,0],"translation":[0,2,2],"scale":[0.5,0.5,0.5]},"thirdperson_lefthand":{"rotation":[60,45,0],"translation":[0,2,2],"scale":[0.5,0.5,0.5]},"ground":{"translation":[0,3,0],"scale":[0.3,0.3,0.3]},"gui":{"rotation":[30,160,0],"translation":[0,5.5,0],"scale":[1.35,1.35,1.35]},"head":{"rotation":[5,180,0],"translation":[0,-80,7],"scale":[1.6,1.6,1.6]}}
}