{"textures":{"particle":"cosmetics:item/body/leather_backpack","layer0":"cosmetics:item/body/leather_backpack"},"elements":[{"from":[5,-6.75,6.5],"to":[11,-2.75,9.5],"rotation":{"angle":0,"axis":"y","origin":[1,-6.75,6.5]},"faces":{"north":{"uv":[0,0,3,2],"texture":"#layer0","tintindex":0},"east":{"uv":[6,5.5,7.5,7.5],"texture":"#layer0","tintindex":0},"south":{"uv":[0,2,3,4],"texture":"#layer0","tintindex":0},"west":{"uv":[2.5,6.5,4,8.5],"texture":"#layer0","tintindex":0},"up":{"uv":[6,3.5,3,2],"texture":"#layer0","tintindex":0},"down":{"uv":[6,3.5,3,5],"texture":"#layer0","tintindex":0}}},{"from":[5.5,-6.75,5.5],"to":[10.5,-2.75,6.5],"rotation":{"angle":0,"axis":"y","origin":[0.5,-6.75,6.5]},"faces":{"north":{"uv":[3,0,5.5,2],"texture":"#layer0","tintindex":0},"east":{"uv":[6.5,8.5,7,10.5],"texture":"#layer0","tintindex":0},"west":{"uv":[8.5,8.5,9,10.5],"texture":"#layer0","tintindex":0},"up":{"uv":[6.5,9,4,8.5],"texture":"#layer0","tintindex":0},"down":{"uv":[11,8,8.5,8.5],"texture":"#layer0","tintindex":0}}},{"from":[5.5,-2.75,6.5],"to":[10.5,0.25,9.5],"rotation":{"angle":0,"axis":"y","origin":[1.5,-6.75,6.5]},"faces":{"north":{"uv":[0,5.5,2.5,7],"texture":"#layer0","tintindex":0},"east":{"uv":[0,7,1.5,8.5],"texture":"#layer0","tintindex":0},"south":{"uv":[5.5,0,8,1.5],"texture":"#layer0","tintindex":0},"west":{"uv":[7.5,6.5,9,8],"texture":"#layer0","tintindex":0}}},{"from":[5.3,0.25,6.5],"to":[10.7,0.75,9.5],"rotation":{"angle":0,"axis":"y","origin":[7.8,1.75,8]},"faces":{"north":{"uv":[9.5,3.5,12.25,3.75],"texture":"#layer0","tintindex":0},"east":{"uv":[10,9.5,11.5,9.75],"texture":"#layer0","tintindex":0},"south":{"uv":[9.5,4,12.25,4.25],"texture":"#layer0","tintindex":0},"west":{"uv":[10,10,11.5,10.25],"texture":"#layer0","tintindex":0},"up":{"uv":[2.75,5.5,0,4],"texture":"#layer0","tintindex":0},"down":{"uv":[5.75,5,3,6.5],"texture":"#layer0","tintindex":0}}},{"from":[5.3,-1.25,6],"to":[10.7,0.75,6.5],"rotation":{"angle":0,"axis":"x","origin":[7.8,0.25,6.25]},"faces":{"north":{"uv":[4,7.5,6.75,8.5],"texture":"#layer0","tintindex":0},"east":{"uv":[10.5,2,10.75,3],"texture":"#layer0","tintindex":0},"south":{"uv":[7.5,5.5,10.25,6.5],"texture":"#layer0","tintindex":0},"west":{"uv":[10.5,5.5,10.75,6.5],"texture":"#layer0","tintindex":0},"up":{"uv":[12.25,4.75,9.5,4.5],"texture":"#layer0","tintindex":0},"down":{"uv":[12.25,5,9.5,5.25],"texture":"#layer0","tintindex":0}}},{"from":[6.284,-2.25,6],"to":[9.716,-1.25,6.5],"rotation":{"angle":0,"axis":"x","origin":[7.784,0.25,6.25]},"faces":{"north":{"uv":[9,7.5,10.75,8],"texture":"#layer0","tintindex":0},"east":{"uv":[5.5,11,5.75,11.5],"texture":"#layer0","tintindex":0},"south":{"uv":[9.5,3,11.25,3.5],"texture":"#layer0","tintindex":0},"west":{"uv":[11,5.5,11.25,6],"texture":"#layer0","tintindex":0},"up":{"uv":[11.75,8.75,10,8.5],"texture":"#layer0","tintindex":0},"down":{"uv":[11.75,9,10,9.25],"texture":"#layer0","tintindex":0}}},{"from":[4,-5.75,7],"to":[5,-3.75,9],"rotation":{"angle":0,"axis":"y","origin":[4,-3.75,7]},"faces":{"north":{"uv":[2.5,5.5,3,6.5],"texture":"#layer0","tintindex":0},"east":{"uv":[4,6.5,5,7.5],"texture":"#layer0","tintindex":0},"south":{"uv":[3,10,3.5,11],"texture":"#layer0","tintindex":0},"west":{"uv":[5,6.5,6,7.5],"texture":"#layer0","tintindex":0},"up":{"uv":[4,11,3.5,10],"texture":"#layer0","tintindex":0},"down":{"uv":[4.5,10,4,11],"texture":"#layer0","tintindex":0}}},{"from":[3.6,-3.75,6.8],"to":[5,-3.25,9.2],"rotation":{"angle":0,"axis":"y","origin":[4.5,-3.25,7.5]},"faces":{"north":{"uv":[11,2.5,11.75,2.75],"texture":"#layer0","tintindex":0},"east":{"uv":[10.5,0,11.75,0.25],"texture":"#layer0","tintindex":0},"south":{"uv":[3,11,3.75,11.25],"texture":"#layer0","tintindex":0},"west":{"uv":[10.5,0.5,11.75,0.75],"texture":"#layer0","tintindex":0},"up":{"uv":[10.25,1.25,9.5,0],"texture":"#layer0","tintindex":0},"down":{"uv":[10.25,1.5,9.5,2.75],"texture":"#layer0","tintindex":0}}},{"from":[3.6,-4.35,6.8],"to":[4.065,-3.75,9.2],"rotation":{"angle":0,"axis":"z","origin":[3.6,-3.25,7.5]},"faces":{"north":{"uv":[11,6,11.25,6.25],"texture":"#layer0","tintindex":0},"east":{"uv":[10.5,1,11.75,1.25],"texture":"#layer0","tintindex":0},"south":{"uv":[11,6.5,11.25,6.75],"texture":"#layer0","tintindex":0},"west":{"uv":[10.5,1.5,11.75,1.75],"texture":"#layer0","tintindex":0},"up":{"uv":[1.75,11.75,1.5,10.5],"texture":"#layer0","tintindex":0},"down":{"uv":[2.25,10.5,2,11.75],"texture":"#layer0","tintindex":0}}},{"from":[11,-3.75,6.8],"to":[12.4,-3.25,9.2],"rotation":{"angle":0,"axis":"y","origin":[11.5,-3.25,7.5]},"faces":{"north":{"uv":[11.75,2.5,11,2.75],"texture":"#layer0","tintindex":0},"east":{"uv":[11.75,0.5,10.5,0.75],"texture":"#layer0","tintindex":0},"south":{"uv":[3.75,11,3,11.25],"texture":"#layer0","tintindex":0},"west":{"uv":[11.75,0,10.5,0.25],"texture":"#layer0","tintindex":0},"up":{"uv":[9.5,1.25,10.25,0],"texture":"#layer0","tintindex":0},"down":{"uv":[9.5,1.5,10.25,2.75],"texture":"#layer0","tintindex":0}}},{"from":[11.935,-4.35,6.8],"to":[12.4,-3.75,9.2],"rotation":{"angle":0,"axis":"z","origin":[12.4,-3.25,7.5]},"faces":{"north":{"uv":[11.25,6,11,6.25],"texture":"#layer0","tintindex":0},"east":{"uv":[11.75,1.5,10.5,1.75],"texture":"#layer0","tintindex":0},"south":{"uv":[11.25,6.5,11,6.75],"texture":"#layer0","tintindex":0},"west":{"uv":[11.75,1,10.5,1.25],"texture":"#layer0","tintindex":0},"up":{"uv":[1.5,11.75,1.75,10.5],"texture":"#layer0","tintindex":0},"down":{"uv":[2,10.5,2.25,11.75],"texture":"#layer0","tintindex":0}}},{"from":[11,-5.75,7],"to":[12,-3.75,9],"rotation":{"angle":0,"axis":"y","origin":[12,-3.75,7]},"faces":{"north":{"uv":[3,5.5,2.5,6.5],"texture":"#layer0","tintindex":0},"east":{"uv":[6,6.5,5,7.5],"texture":"#layer0","tintindex":0},"south":{"uv":[3.5,10,3,11],"texture":"#layer0","tintindex":0},"west":{"uv":[5,6.5,4,7.5],"texture":"#layer0","tintindex":0},"up":{"uv":[3.5,11,4,10],"texture":"#layer0","tintindex":0},"down":{"uv":[4,10,4.5,11],"texture":"#layer0","tintindex":0}}},{"from":[8.91,0.57,6.82],"to":[10.09,2.93,9.18],"rotation":{"angle":0,"axis":"y","origin":[3.01,1.57,7.41]},"faces":{"north":{"uv":[7.5,9.5,8,10.75],"texture":"#layer0","tintindex":0},"east":{"uv":[8,0,9.25,1.25],"texture":"#layer0","tintindex":0},"south":{"uv":[8,9.5,8.5,10.75],"texture":"#layer0","tintindex":0},"west":{"uv":[7,8,8.25,9.25],"texture":"#layer0","tintindex":0},"up":{"uv":[9.5,10.75,9,9.5],"texture":"#layer0","tintindex":0},"down":{"uv":[10,9.5,9.5,10.75],"texture":"#layer0","tintindex":0}}},{"from":[5.91,0.57,6.82],"to":[7.09,2.93,9.18],"rotation":{"angle":0,"axis":"y","origin":[12.99,1.57,7.41]},"faces":{"north":{"uv":[0,10,0.5,11.25],"texture":"#layer0","tintindex":0},"east":{"uv":[0,8.5,1.25,9.75],"texture":"#layer0","tintindex":0},"south":{"uv":[0.5,10,1,11.25],"texture":"#layer0","tintindex":0},"west":{"uv":[2.5,8.5,3.75,9.75],"texture":"#layer0","tintindex":0},"up":{"uv":[1.5,11.25,1,10],"texture":"#layer0","tintindex":0},"down":{"uv":[3,10,2.5,11.25],"texture":"#layer0","tintindex":0}}},{"from":[9.3,-5.25,9.499],"to":[10.3,-5.25,11.499],"rotation":{"angle":0,"axis":"x","origin":[10.3,-5.25,10.499]},"faces":{"north":{"uv":[0,0,0.5,0],"texture":"#layer0","tintindex":0},"east":{"uv":[0,0,1,0],"texture":"#layer0","tintindex":0},"south":{"uv":[0,0,0.5,0],"texture":"#layer0","tintindex":0},"west":{"uv":[0,0,1,0],"texture":"#layer0","tintindex":0},"up":{"uv":[10.5,7.5,10,6.5],"texture":"#layer0","tintindex":0},"down":{"uv":[10.5,6.5,10,7.5],"texture":"#layer0","tintindex":0}}},{"from":[9.3,1.75,9.5],"to":[10.3,1.75,11.5],"rotation":{"angle":0,"axis":"x","origin":[18.3,-7.249,1.5]},"faces":{"north":{"uv":[0,0,0.5,0],"texture":"#layer0","tintindex":0},"east":{"uv":[0,0,1,0],"texture":"#layer0","tintindex":0},"south":{"uv":[0,0,0.5,0],"texture":"#layer0","tintindex":0},"west":{"uv":[0,0,1,0],"texture":"#layer0","tintindex":0},"up":{"uv":[5,11,4.5,10],"texture":"#layer0","tintindex":0},"down":{"uv":[5,10,4.5,11],"texture":"#layer0","tintindex":0}}},{"from":[9.3,-5.249,11.499],"to":[10.3,1.751,11.499],"rotation":{"angle":0,"axis":"y","origin":[10.3,0.751,11.499]},"faces":{"north":{"uv":[2.5,7,2,10.5],"texture":"#layer0","tintindex":0},"east":{"uv":[0,0,0,3.5],"texture":"#layer0","tintindex":0},"south":{"uv":[2,7,2.5,10.5],"texture":"#layer0","tintindex":0},"west":{"uv":[0,0,0,3.5],"texture":"#layer0","tintindex":0},"up":{"uv":[0.5,0,0,0],"texture":"#layer0","tintindex":0},"down":{"uv":[0.5,0,0,0],"texture":"#layer0","tintindex":0}}},{"from":[9.3,0.75,9.499],"to":[10.3,1.75,9.499],"rotation":{"angle":0,"axis":"y","origin":[10.3,0.75,9.499]},"faces":{"north":{"uv":[5.5,1.5,6,2],"texture":"#layer0","tintindex":0},"east":{"uv":[0,0,0,0.5],"texture":"#layer0","tintindex":0},"south":{"uv":[6,1.5,5.5,2],"texture":"#layer0","tintindex":0},"west":{"uv":[0,0,0,0.5],"texture":"#layer0","tintindex":0},"up":{"uv":[0.5,0,0,0],"texture":"#layer0","tintindex":0},"down":{"uv":[0.5,0,0,0],"texture":"#layer0","tintindex":0}}},{"from":[5.7,0.75,9.499],"to":[6.7,1.75,9.499],"rotation":{"angle":0,"axis":"y","origin":[5.7,0.75,9.499]},"faces":{"north":{"uv":[6,1.5,5.5,2],"texture":"#layer0","tintindex":0},"east":{"uv":[0,0,0,0.5],"texture":"#layer0","tintindex":0},"south":{"uv":[5.5,1.5,6,2],"texture":"#layer0","tintindex":0},"west":{"uv":[0,0,0,0.5],"texture":"#layer0","tintindex":0},"up":{"uv":[0,0,0.5,0],"texture":"#layer0","tintindex":0},"down":{"uv":[0,0,0.5,0],"texture":"#layer0","tintindex":0}}},{"from":[5.7,1.75,9.5],"to":[6.7,1.75,11.5],"rotation":{"angle":0,"axis":"x","origin":[-2.3,-7.249,1.5]},"faces":{"north":{"uv":[0.5,0,0,0],"texture":"#layer0","tintindex":0},"east":{"uv":[1,0,0,0],"texture":"#layer0","tintindex":0},"south":{"uv":[0.5,0,0,0],"texture":"#layer0","tintindex":0},"west":{"uv":[1,0,0,0],"texture":"#layer0","tintindex":0},"up":{"uv":[4.5,11,5,10],"texture":"#layer0","tintindex":0},"down":{"uv":[4.5,10,5,11],"texture":"#layer0","tintindex":0}}},{"from":[5.7,-5.249,11.499],"to":[6.7,1.751,11.499],"rotation":{"angle":0,"axis":"y","origin":[5.7,0.751,11.499]},"faces":{"north":{"uv":[2,7,2.5,10.5],"texture":"#layer0","tintindex":0},"east":{"uv":[0,0,0,3.5],"texture":"#layer0","tintindex":0},"south":{"uv":[2.5,7,2,10.5],"texture":"#layer0","tintindex":0},"west":{"uv":[0,0,0,3.5],"texture":"#layer0","tintindex":0},"up":{"uv":[0,0,0.5,0],"texture":"#layer0","tintindex":0},"down":{"uv":[0,0,0.5,0],"texture":"#layer0","tintindex":0}}},{"from":[5.7,-5.25,9.499],"to":[6.7,-5.25,11.499],"rotation":{"angle":0,"axis":"x","origin":[5.7,-5.25,10.499]},"faces":{"north":{"uv":[0.5,0,0,0],"texture":"#layer0","tintindex":0},"east":{"uv":[1,0,0,0],"texture":"#layer0","tintindex":0},"south":{"uv":[0.5,0,0,0],"texture":"#layer0","tintindex":0},"west":{"uv":[1,0,0,0],"texture":"#layer0","tintindex":0},"up":{"uv":[10,7.5,10.5,6.5],"texture":"#layer0","tintindex":0},"down":{"uv":[10,6.5,10.5,7.5],"texture":"#layer0","tintindex":0}}},{"from":[6.7,-8.325,5.475],"to":[7.2,-2.725,5.475],"rotation":{"angle":0,"axis":"x","origin":[6.95,-3.025,5.475]},"faces":{"north":{"uv":[6.25,9,6,11.75],"texture":"#layer0"},"east":{"uv":[0,0,0,2.75],"texture":"#layer0"},"south":{"uv":[7.25,9.5,7,12.25],"texture":"#layer0"},"west":{"uv":[0,0,0,2.75],"texture":"#layer0"},"up":{"uv":[0,0,0.25,0],"texture":"#layer0"},"down":{"uv":[0,0,0.25,0],"texture":"#layer0"}}},{"from":[8.8,-8.325,5.475],"to":[9.3,-2.725,5.475],"rotation":{"angle":0,"axis":"x","origin":[9.05,-3.025,5.475]},"faces":{"north":{"uv":[6,9,6.25,11.75],"texture":"#layer0"},"east":{"uv":[0,0,0,2.75],"texture":"#layer0"},"south":{"uv":[7,9.5,7.25,12.25],"texture":"#layer0"},"west":{"uv":[0,0,0,2.75],"texture":"#layer0"},"up":{"uv":[0.25,0,0,0],"texture":"#layer0"},"down":{"uv":[0.25,0,0,0],"texture":"#layer0"}}},{"from":[8.8,-2.725,6],"to":[9.3,-2.25,6],"rotation":{"angle":0,"axis":"y","origin":[8.3,-3.25,6]},"faces":{"north":{"uv":[11,7.5,11.25,7.75],"texture":"#layer0"},"east":{"uv":[0,0,0,0.25],"texture":"#layer0"},"south":{"uv":[8,11,8.25,11.25],"texture":"#layer0"},"west":{"uv":[0,0,0,0.25],"texture":"#layer0"},"up":{"uv":[0.25,0,0,0],"texture":"#layer0"},"down":{"uv":[0.25,0,0,0],"texture":"#layer0"}}},{"from":[6.7,-2.725,6],"to":[7.2,-2.25,6],"rotation":{"angle":0,"axis":"y","origin":[7.7,-3.25,6]},"faces":{"north":{"uv":[11.25,7.5,11,7.75],"texture":"#layer0"},"east":{"uv":[0,0,0,0.25],"texture":"#layer0"},"south":{"uv":[8.25,11,8,11.25],"texture":"#layer0"},"west":{"uv":[0,0,0,0.25],"texture":"#layer0"},"up":{"uv":[0,0,0.25,0],"texture":"#layer0"},"down":{"uv":[0,0,0.25,0],"texture":"#layer0"}}},{"from":[6.7,-2.726,5.475],"to":[7.2,-2.726,6],"rotation":{"angle":0,"axis":"x","origin":[7.2,-2.726,5.8]},"faces":{"north":{"uv":[0.25,0,0,0],"texture":"#layer0"},"east":{"uv":[0.25,0,0,0],"texture":"#layer0"},"south":{"uv":[0.25,0,0,0],"texture":"#layer0"},"west":{"uv":[0.25,0,0,0],"texture":"#layer0"},"up":{"uv":[11,8.25,11.25,8],"texture":"#layer0"},"down":{"uv":[8.5,11,8.75,11.25],"texture":"#layer0"}}},{"from":[8.8,-2.726,5.475],"to":[9.3,-2.726,6],"rotation":{"angle":0,"axis":"x","origin":[8.8,-2.726,5.8]},"faces":{"north":{"uv":[0,0,0.25,0],"texture":"#layer0"},"east":{"uv":[0,0,0.25,0],"texture":"#layer0"},"south":{"uv":[0,0,0.25,0],"texture":"#layer0"},"west":{"uv":[0,0,0.25,0],"texture":"#layer0"},"up":{"uv":[11.25,8.25,11,8],"texture":"#layer0"},"down":{"uv":[8.75,11,8.5,11.25],"texture":"#layer0"}}},{"from":[11.9,-4.85,7.7],"to":[12.5,-3.85,8.3],"rotation":{"angle":0,"axis":"y","origin":[11.9,-4.85,9.1]},"faces":{"north":{"uv":[8.75,10.5,8.5,11],"texture":"#layer0"},"east":{"uv":[5.25,11,5,11.5],"texture":"#layer0"},"south":{"uv":[4.75,11,4.5,11.5],"texture":"#layer0"},"west":{"uv":[4.25,11,4,11.5],"texture":"#layer0"},"up":{"uv":[11,7.25,11.25,7],"texture":"#layer0"},"down":{"uv":[7.5,11,7.75,11.25],"texture":"#layer0"}}},{"from":[3.5,-4.85,7.7],"to":[4.1,-3.85,8.3],"rotation":{"angle":0,"axis":"y","origin":[4.1,-4.85,9.1]},"faces":{"north":{"uv":[8.5,10.5,8.75,11],"texture":"#layer0"},"east":{"uv":[4,11,4.25,11.5],"texture":"#layer0"},"south":{"uv":[4.5,11,4.75,11.5],"texture":"#layer0"},"west":{"uv":[5,11,5.25,11.5],"texture":"#layer0"},"up":{"uv":[11.25,7.25,11,7],"texture":"#layer0"},"down":{"uv":[7.75,11,7.5,11.25],"texture":"#layer0"}}},{"from":[4.5,0.75,7],"to":[11.5,2.75,9],"rotation":{"angle":0,"axis":"y","origin":[4.5,1.75,7.5]},"faces":{"north":{"uv":[6,1.5,9.5,2.5],"texture":"#layer0"},"east":{"uv":[4,9,5,10],"texture":"#layer0"},"south":{"uv":[6,2.5,9.5,3.5],"texture":"#layer0"},"west":{"uv":[5,9,6,10],"texture":"#layer0"},"up":{"uv":[9.5,4.5,6,3.5],"texture":"#layer0"},"down":{"uv":[9.5,4.5,6,5.5],"texture":"#layer0"}}},{"from":[7,-5.45,5],"to":[9,-3.45,5.5],"rotation":{"angle":-45,"axis":"z","origin":[8,-4.45,5.25]},"faces":{"north":{"uv":[9,6.5,10,7.5],"texture":"#layer0"},"east":{"uv":[6.5,10.5,6.75,11.5],"texture":"#layer0"},"south":{"uv":[9,8.5,10,9.5],"texture":"#layer0"},"west":{"uv":[10.5,6.5,10.75,7.5],"texture":"#layer0"},"up":{"uv":[11,10.75,10,10.5],"texture":"#layer0"},"down":{"uv":[12,2,11,2.25],"texture":"#layer0"}}}],"gui_light":"front","display":{"thirdperson_righthand":{"rotation":[63,0,0],"translation":[0,0.75,1.5]},"thirdperson_lefthand":{"rotation":[68,-180,0],"translation":[-6,-5.25,12.75],"scale":[1.8,1.8,1.8]},"firstperson_righthand":{"rotation":[0,-180,0],"translation":[-1.75,8,1]},"firstperson_lefthand":{"rotation":[0,-180,0],"translation":[-1.75,8,1]},"ground":{"translation":[0,0.75,0],"scale":[0.5,0.5,0.5]},"gui":{"rotation":[0,135,0],"translation":[0,5,0],"scale":[1.5,1.5,1.5]},"head":{"rotation":[0,-180,0],"translation":[0,-80,7.25],"scale":[3,3,3]},"fixed":{"rotation":[-90,0,0],"translation":[0,0,-23.5],"scale":[3,3,3]}},"groups":[0,1,2,3,4,5,6,7,8,9,10,11,12,13,14,15,16,17,18,19,20,21,{"name":"group","origin":[8,2.3,5.25],"color":0,"boneType":"","children":[22,23,24,25,26,27,28,29,30,31]}]
}