{"textures":{"0":"cosmetics:item/body/red_parrot","particle":"cosmetics:item/body/red_parrot"},"elements":[{"from":[0,-4.9,2],"to":[3,-4.9,7],"rotation":{"angle":22.5,"axis":"x","origin":[0,-7,0]},"faces":{"north":{"uv":[0,0,3,0],"rotation":180,"texture":"#0"},"east":{"uv":[0,0,0,5],"rotation":90,"texture":"#0"},"south":{"uv":[0,0,3,0],"texture":"#0"},"west":{"uv":[0,0,0,5],"rotation":270,"texture":"#0"},"up":{"uv":[0,9,3,14],"texture":"#0"},"down":{"uv":[0,14,3,9],"texture":"#0"}}},{"from":[0,-7,0],"to":[3,-1,3],"rotation":{"angle":-22.5,"axis":"x","origin":[0,-7,0]},"faces":{"north":{"uv":[0,0,3,6],"texture":"#0"},"east":{"uv":[6,0,3,6],"texture":"#0"},"south":{"uv":[6,0,9,6],"texture":"#0"},"west":{"uv":[3,0,6,6],"texture":"#0"},"up":{"uv":[0,6,3,9],"texture":"#0"},"down":{"uv":[0,6,3,9],"rotation":180,"texture":"#0"}}},{"from":[-1,-8,2],"to":[0,-2,5],"rotation":{"angle":-45,"axis":"x","origin":[0,-7,0]},"faces":{"north":{"uv":[12,0,13,6],"texture":"#0"},"east":{"uv":[12,0,9,6],"texture":"#0"},"south":{"uv":[13,0,14,6],"texture":"#0"},"west":{"uv":[9,0,12,6],"texture":"#0"},"up":{"uv":[9,0,12,1],"rotation":90,"texture":"#0"},"down":{"uv":[9,5,12,6],"rotation":90,"texture":"#0"}}},{"from":[3,-8,2],"to":[4,-2,5],"rotation":{"angle":-45,"axis":"x","origin":[0,-7,0]},"faces":{"north":{"uv":[12,0,13,6],"texture":"#0"},"east":{"uv":[12,0,9,6],"texture":"#0"},"south":{"uv":[13,0,14,6],"texture":"#0"},"west":{"uv":[9,0,12,6],"texture":"#0"},"up":{"uv":[9,0,12,1],"rotation":90,"texture":"#0"},"down":{"uv":[9,5,12,6],"rotation":90,"texture":"#0"}}},{"from":[0,-1,-3],"to":[3,1,0],"rotation":{"angle":0,"axis":"y","origin":[0,-7,0]},"faces":{"north":{"uv":[4,9,7,11],"texture":"#0"},"east":{"uv":[9,7,6,9],"texture":"#0"},"south":{"uv":[9,8,12,10],"texture":"#0"},"west":{"uv":[6,7,9,9],"texture":"#0"},"up":{"uv":[0,0,3,3],"texture":"#0"},"down":{"uv":[6,9,9,12],"rotation":270,"texture":"#0"}}},{"from":[0,1,-5],"to":[3,2,0],"rotation":{"angle":0,"axis":"y","origin":[0,-7,0]},"faces":{"north":{"uv":[3,6,4,9],"rotation":90,"texture":"#0"},"east":{"uv":[9,6,4,7],"texture":"#0"},"south":{"uv":[9,6,12,7],"texture":"#0"},"west":{"uv":[4,6,9,7],"texture":"#0"},"up":{"uv":[9,6,12,11],"texture":"#0"},"down":{"uv":[9,11,12,6],"texture":"#0"}}},{"from":[1.5,0,-6],"to":[1.5,5,0],"rotation":{"angle":22.5,"axis":"x","origin":[0,-7,0]},"faces":{"north":{"uv":[0,0,0,5],"texture":"#0"},"east":{"uv":[16,11,10,16],"texture":"#0"},"south":{"uv":[0,0,0,5],"texture":"#0"},"west":{"uv":[10,11,16,16],"texture":"#0"},"up":{"uv":[0,0,0,6],"texture":"#0"},"down":{"uv":[0,0,0,6],"texture":"#0"}}},{"from":[1,-1,-5],"to":[2,1,-3],"rotation":{"angle":0,"axis":"y","origin":[0,-7,0]},"faces":{"north":{"uv":[4,7,5,9],"texture":"#0"},"east":{"uv":[6,7,4,9],"texture":"#0"},"south":{"uv":[0,0,1,2],"texture":"#0"},"west":{"uv":[4,7,6,9],"texture":"#0"},"up":{"uv":[0,0,1,2],"texture":"#0"},"down":{"uv":[4,8,6,9],"rotation":270,"texture":"#0"}}}],"gui_light":"front","display":{"thirdperson_righthand":{"rotation":[60,0,0],"translation":[8,-4.5,21]},"thirdperson_lefthand":{"rotation":[60,0,0],"translation":[-5,-4.5,21]},"firstperson_righthand":{"translation":[14,0,0]},"ground":{"translation":[2,3,2],"scale":[0.3,0.3,0.3]},"gui":{"rotation":[30,135,0],"translation":[0.5,8,0],"scale":[1.2,1.2,1.2]},"head":{"translation":[0,-78,14],"scale":[1.65,1.65,1.65]}}
}