{
    "sources": [
        {
            "type": "directory",
            "source": "enderkariz",
            "prefix": "enderkariz/"
        },
        {
            "source": "entity",
            "prefix": "entity/",
            "type": "directory"
        },
        {
            "resource": "yungwilder:winter_pack/snowmobile_green",
            "sprite": "yungwilder:winter_pack/snowmobile_green",
            "type": "single"
        },
        {
            "resource": "yungwilder:winter_pack/snowmobile_treds",
            "sprite": "yungwilder:winter_pack/snowmobile_treds",
            "type": "single"
        },
        {
            "resource": "yungwilder:winter_pack/snowmobile_iceblue",
            "sprite": "yungwilder:winter_pack/snowmobile_iceblue",
            "type": "single"
        },
        {
            "resource": "yungwilder:winter_pack/snowmobile_purple",
            "sprite": "yungwilder:winter_pack/snowmobile_purple",
            "type": "single"
        },
        {
            "resource": "yungwilder:winter_pack/snowmobile_red",
            "sprite": "yungwilder:winter_pack/snowmobile_red",
            "type": "single"
        }
    ]
}