{"textures":{"0":"modelengine:entity/frog","1":"modelengine:entity/frog_parts"},"elements":[{"from":[7.142857,7.428571,6.333333],"to":[8.857143,8.571428,8.047619],"rotation":{"angle":0.0,"axis":"y","origin":[10.0,6.285714,6.904762]},"faces":{"east":{"uv":[6.0,9.0,9.0,11.0],"rotation":0,"texture":"#0","tintindex":0},"south":{"uv":[9.0,6.0,12.0,8.0],"rotation":0,"texture":"#0","tintindex":0},"north":{"uv":[3.0,9.0,6.0,11.0],"rotation":0,"texture":"#0","tintindex":0},"west":{"uv":[9.0,8.0,12.0,10.0],"rotation":0,"texture":"#0","tintindex":0},"up":{"uv":[10.0,6.0,7.0,3.0],"rotation":0,"texture":"#0","tintindex":0},"down":{"uv":[3.0,9.0,0.0,12.0],"rotation":0,"texture":"#0","tintindex":0}}},{"from":[7.142857,6.285714,6.333333],"to":[8.857143,7.428571,8.047619],"rotation":{"angle":0.0,"axis":"y","origin":[10.0,6.285714,6.904762]},"faces":{"east":{"uv":[0.0,6.0,3.0,8.0],"rotation":0,"texture":"#1","tintindex":0},"south":{"uv":[6.0,0.0,9.0,2.0],"rotation":0,"texture":"#1","tintindex":0},"north":{"uv":[3.0,4.0,6.0,6.0],"rotation":0,"texture":"#1","tintindex":0},"west":{"uv":[6.0,2.0,9.0,4.0],"rotation":0,"texture":"#1","tintindex":0},"up":{"uv":[3.0,3.0,0.0,0.0],"rotation":0,"texture":"#1","tintindex":0},"down":{"uv":[3.0,3.0,0.0,6.0],"rotation":0,"texture":"#1","tintindex":0}}},{"from":[7.142857,8.571428,7.4761906],"to":[7.714286,9.142858,8.047619],"rotation":{"angle":0.0,"axis":"y","origin":[10.0,6.285714,6.904762]},"faces":{"east":{"uv":[12.0,10.0,13.0,11.0],"rotation":0,"texture":"#0","tintindex":0},"south":{"uv":[11.0,12.0,12.0,13.0],"rotation":0,"texture":"#0","tintindex":0},"north":{"uv":[10.0,12.0,11.0,13.0],"rotation":0,"texture":"#0","tintindex":0},"west":{"uv":[12.0,11.0,13.0,12.0],"rotation":0,"texture":"#0","tintindex":0},"up":{"uv":[13.0,13.0,12.0,12.0],"rotation":0,"texture":"#0","tintindex":0},"down":{"uv":[1.0,13.0,0.0,14.0],"rotation":0,"texture":"#0","tintindex":0}}},{"from":[8.285714,8.571428,7.4761906],"to":[8.857143,9.142858,8.047619],"rotation":{"angle":0.0,"axis":"y","origin":[10.0,6.285714,6.904762]},"faces":{"east":{"uv":[1.0,13.0,2.0,14.0],"rotation":0,"texture":"#0","tintindex":0},"south":{"uv":[13.0,1.0,14.0,2.0],"rotation":0,"texture":"#0","tintindex":0},"north":{"uv":[13.0,0.0,14.0,1.0],"rotation":0,"texture":"#0","tintindex":0},"west":{"uv":[2.0,13.0,3.0,14.0],"rotation":0,"texture":"#0","tintindex":0},"up":{"uv":[14.0,3.0,13.0,2.0],"rotation":0,"texture":"#0","tintindex":0},"down":{"uv":[4.0,13.0,3.0,14.0],"rotation":0,"texture":"#0","tintindex":0}}}],"display":{"head":{"translation":[0.0,-6.4,0.0],"scale":[4.0,4.0,4.0]}}}