{"textures":{"0":"modelengine:entity/frog","1":"modelengine:entity/frog_parts"},"elements":[{"from":[6.342857,8.222442,8.320358],"to":[8.057143,8.79387,9.463216],"rotation":{"angle":45.0,"axis":"x","origin":[8.0,8.79387,7.4632154]},"faces":{"east":{"uv":[0.0,12.0,2.0,13.0],"rotation":0,"texture":"#0","tintindex":0},"south":{"uv":[6.0,11.0,9.0,12.0],"rotation":0,"texture":"#0","tintindex":0},"north":{"uv":[3.0,11.0,6.0,12.0],"rotation":0,"texture":"#0","tintindex":0},"west":{"uv":[2.0,12.0,4.0,13.0],"rotation":0,"texture":"#0","tintindex":0},"up":{"uv":[13.0,2.0,10.0,0.0],"rotation":0,"texture":"#0","tintindex":0},"down":{"uv":[13.0,2.0,10.0,4.0],"rotation":0,"texture":"#0","tintindex":0}}},{"from":[6.342857,8.222442,9.463216],"to":[6.9142857,8.79387,10.606072],"rotation":{"angle":45.0,"axis":"x","origin":[8.0,8.79387,7.4632154]},"faces":{"east":{"uv":[3.0,6.0,5.0,7.0],"rotation":0,"texture":"#1","tintindex":0},"south":{"uv":[4.0,7.0,5.0,8.0],"rotation":0,"texture":"#1","tintindex":0},"north":{"uv":[3.0,7.0,4.0,8.0],"rotation":0,"texture":"#1","tintindex":0},"west":{"uv":[6.0,4.0,8.0,5.0],"rotation":0,"texture":"#1","tintindex":0},"up":{"uv":[6.0,8.0,5.0,6.0],"rotation":0,"texture":"#1","tintindex":0},"down":{"uv":[7.0,5.0,6.0,7.0],"rotation":0,"texture":"#1","tintindex":0}}},{"from":[5.2,8.222442,10.034644],"to":[6.9142857,8.222442,11.177502],"rotation":{"angle":45.0,"axis":"x","origin":[8.0,8.79387,7.4632154]},"faces":{"east":{"uv":[0.0,0.0,2.0,0.0],"rotation":0,"texture":"#1","tintindex":0},"south":{"uv":[0.0,0.0,3.0,0.0],"rotation":0,"texture":"#1","tintindex":0},"north":{"uv":[0.0,0.0,3.0,0.0],"rotation":0,"texture":"#1","tintindex":0},"west":{"uv":[0.0,0.0,2.0,0.0],"rotation":0,"texture":"#1","tintindex":0},"up":{"uv":[6.0,2.0,3.0,0.0],"rotation":0,"texture":"#1","tintindex":0},"down":{"uv":[6.0,0.0,3.0,2.0],"rotation":0,"texture":"#1","tintindex":0}}}],"display":{"head":{"translation":[0.0,-6.4,0.0],"scale":[4.0,4.0,4.0]}}}