{"textures":{"0":"modelengine:entity/frog","1":"modelengine:entity/frog_parts"},"elements":[{"from":[9.085714,8.222442,9.463216],"to":[9.657143,8.79387,10.606072],"rotation":{"angle":45.0,"axis":"x","origin":[7.428571,8.79387,7.4632154]},"faces":{"east":{"uv":[8.0,4.0,6.0,5.0],"rotation":0,"texture":"#1","tintindex":0},"south":{"uv":[5.0,7.0,4.0,8.0],"rotation":0,"texture":"#1","tintindex":0},"north":{"uv":[4.0,7.0,3.0,8.0],"rotation":0,"texture":"#1","tintindex":0},"west":{"uv":[5.0,6.0,3.0,7.0],"rotation":0,"texture":"#1","tintindex":0},"up":{"uv":[5.0,8.0,6.0,6.0],"rotation":0,"texture":"#1","tintindex":0},"down":{"uv":[6.0,5.0,7.0,7.0],"rotation":0,"texture":"#1","tintindex":0}}},{"from":[9.085714,8.222442,10.034644],"to":[10.8,8.222442,11.177502],"rotation":{"angle":45.0,"axis":"x","origin":[7.428571,8.79387,7.4632154]},"faces":{"east":{"uv":[2.0,0.0,0.0,0.0],"rotation":0,"texture":"#1","tintindex":0},"south":{"uv":[3.0,0.0,0.0,0.0],"rotation":0,"texture":"#1","tintindex":0},"north":{"uv":[3.0,0.0,0.0,0.0],"rotation":0,"texture":"#1","tintindex":0},"west":{"uv":[2.0,0.0,0.0,0.0],"rotation":0,"texture":"#1","tintindex":0},"up":{"uv":[3.0,2.0,6.0,0.0],"rotation":0,"texture":"#1","tintindex":0},"down":{"uv":[3.0,0.0,6.0,2.0],"rotation":0,"texture":"#1","tintindex":0}}},{"from":[7.9428573,8.222442,8.320358],"to":[9.657143,8.79387,9.463216],"rotation":{"angle":45.0,"axis":"x","origin":[8.0,8.79387,7.4632154]},"faces":{"east":{"uv":[4.0,12.0,2.0,13.0],"rotation":0,"texture":"#0","tintindex":0},"south":{"uv":[9.0,11.0,6.0,12.0],"rotation":0,"texture":"#0","tintindex":0},"north":{"uv":[6.0,11.0,3.0,12.0],"rotation":0,"texture":"#0","tintindex":0},"west":{"uv":[2.0,12.0,0.0,13.0],"rotation":0,"texture":"#0","tintindex":0},"up":{"uv":[10.0,2.0,13.0,0.0],"rotation":0,"texture":"#0","tintindex":0},"down":{"uv":[10.0,2.0,13.0,4.0],"rotation":0,"texture":"#0","tintindex":0}}}],"display":{"head":{"translation":[0.0,-6.4,0.0],"scale":[4.0,4.0,4.0]}}}