{"textures":{"0":"modelengine:entity/hell_hound"},"elements":[{"from":[6.857143,6.5714283,4.714286],"to":[9.142858,7.714286,8.714286],"rotation":{"angle":-22.5,"axis":"x","origin":[8.0,7.142857,6.714286]},"faces":{"east":{"uv":[10.0,9.5,10.875,9.75],"rotation":0,"texture":"#0","tintindex":0},"south":{"uv":[5.375,10.875,5.875,11.125],"rotation":0,"texture":"#0","tintindex":0},"north":{"uv":[5.0,2.125,5.5,2.375],"rotation":0,"texture":"#0","tintindex":0},"west":{"uv":[10.0,9.875,10.875,10.125],"rotation":0,"texture":"#0","tintindex":0},"up":{"uv":[8.25,9.125,7.75,8.25],"rotation":0,"texture":"#0","tintindex":0},"down":{"uv":[8.875,1.125,8.375,2.0],"rotation":0,"texture":"#0","tintindex":0}}}],"display":{"head":{"translation":[0.0,-6.4,0.0],"scale":[4.0,4.0,4.0]}}}