{"textures":{"0":"modelengine:entity/hell_hound"},"elements":[{"from":[7.152041,6.5164795,7.310915],"to":[8.866326,8.802194,11.310915],"rotation":{"angle":22.5,"axis":"x","origin":[8.009184,7.6593366,9.310915]},"faces":{"east":{"uv":[8.25,4.5,9.125,5.0],"rotation":0,"texture":"#0","tintindex":0},"south":{"uv":[1.0,10.375,1.375,10.875],"rotation":0,"texture":"#0","tintindex":0},"north":{"uv":[0.5,10.375,0.875,10.875],"rotation":0,"texture":"#0","tintindex":0},"west":{"uv":[0.625,8.75,1.5,9.25],"rotation":0,"texture":"#0","tintindex":0},"up":{"uv":[9.75,0.875,9.375,0.0],"rotation":0,"texture":"#0","tintindex":0},"down":{"uv":[0.875,9.375,0.5,10.25],"rotation":0,"texture":"#0","tintindex":0}}}],"display":{"head":{"translation":[0.0,-6.4,0.0],"scale":[4.0,4.0,4.0]}}}