{"textures":{"0":"modelengine:entity/hell_hound"},"elements":[{"from":[7.0928574,3.8732538,7.380872],"to":[9.3785715,8.444683,10.238014],"rotation":{"angle":-22.5,"axis":"x","origin":[8.235714,6.1589684,8.809443]},"faces":{"east":{"uv":[5.375,7.0,6.0,8.0],"rotation":0,"texture":"#0","tintindex":0},"south":{"uv":[7.75,1.125,8.25,2.125],"rotation":0,"texture":"#0","tintindex":0},"north":{"uv":[3.75,7.625,4.25,8.625],"rotation":0,"texture":"#0","tintindex":0},"west":{"uv":[6.125,7.0,6.75,8.0],"rotation":0,"texture":"#0","tintindex":0},"up":{"uv":[9.875,6.125,9.375,5.5],"rotation":0,"texture":"#0","tintindex":0},"down":{"uv":[9.125,9.5,8.625,10.125],"rotation":0,"texture":"#0","tintindex":0}}}],"display":{"head":{"translation":[0.0,-6.4,0.0],"scale":[4.0,4.0,4.0]}}}