{"textures":{"0":"modelengine:entity/hell_hound"},"elements":[{"from":[7.1026783,4.049409,6.6134124],"to":[9.388393,8.620837,9.470555],"rotation":{"angle":0.0,"axis":"y","origin":[8.245536,6.335123,8.041984]},"faces":{"east":{"uv":[6.875,7.0,7.5,8.0],"rotation":0,"texture":"#0","tintindex":0},"south":{"uv":[2.375,7.75,2.875,8.75],"rotation":0,"texture":"#0","tintindex":0},"north":{"uv":[1.75,7.75,2.25,8.75],"rotation":0,"texture":"#0","tintindex":0},"west":{"uv":[7.375,0.0,8.0,1.0],"rotation":0,"texture":"#0","tintindex":0},"up":{"uv":[10.25,6.875,9.75,6.25],"rotation":0,"texture":"#0","tintindex":0},"down":{"uv":[10.375,0.0,9.875,0.625],"rotation":0,"texture":"#0","tintindex":0}}}],"display":{"head":{"translation":[0.0,-6.4,0.0],"scale":[4.0,4.0,4.0]}}}