{"textures":{"0":"modelengine:entity/hell_hound"},"elements":[{"from":[7.1542854,4.5388722,6.14213],"to":[8.868571,8.538873,8.427844],"rotation":{"angle":22.5,"axis":"x","origin":[8.011429,6.5388722,7.2849874]},"faces":{"east":{"uv":[8.375,8.25,8.875,9.125],"rotation":0,"texture":"#0","tintindex":0},"south":{"uv":[8.125,9.25,8.5,10.125],"rotation":0,"texture":"#0","tintindex":0},"north":{"uv":[7.625,9.25,8.0,10.125],"rotation":0,"texture":"#0","tintindex":0},"west":{"uv":[8.75,0.0,9.25,0.875],"rotation":0,"texture":"#0","tintindex":0},"up":{"uv":[7.375,10.75,7.0,10.25],"rotation":0,"texture":"#0","tintindex":0},"down":{"uv":[7.875,10.25,7.5,10.75],"rotation":0,"texture":"#0","tintindex":0}}}],"display":{"head":{"translation":[0.0,-6.4,0.0],"scale":[4.0,4.0,4.0]}}}