{"textures":{"0":"modelengine:entity/hell_hound"},"elements":[{"from":[7.1314287,4.5388722,6.14213],"to":[8.845715,8.538873,8.427844],"rotation":{"angle":22.5,"axis":"x","origin":[7.9885716,6.5388722,7.2849874]},"faces":{"east":{"uv":[9.25,0.0,8.75,0.875],"rotation":0,"texture":"#0","tintindex":0},"south":{"uv":[8.5,9.25,8.125,10.125],"rotation":0,"texture":"#0","tintindex":0},"north":{"uv":[8.0,9.25,7.625,10.125],"rotation":0,"texture":"#0","tintindex":0},"west":{"uv":[8.875,8.25,8.375,9.125],"rotation":0,"texture":"#0","tintindex":0},"up":{"uv":[7.0,10.75,7.375,10.25],"rotation":0,"texture":"#0","tintindex":0},"down":{"uv":[7.5,10.25,7.875,10.75],"rotation":0,"texture":"#0","tintindex":0}}}],"display":{"head":{"translation":[0.0,-6.4,0.0],"scale":[4.0,4.0,4.0]}}}