{"textures":{"0":"modelengine:entity/hell_hound"},"elements":[{"from":[7.117857,5.9106245,7.1867485],"to":[8.832143,8.19634,8.901034],"rotation":{"angle":0.0,"axis":"y","origin":[7.975,7.053482,8.043891]},"faces":{"east":{"uv":[10.625,10.25,10.25,10.75],"rotation":0,"texture":"#0","tintindex":0},"south":{"uv":[10.125,10.25,9.75,10.75],"rotation":0,"texture":"#0","tintindex":0},"north":{"uv":[8.375,10.25,8.0,10.75],"rotation":0,"texture":"#0","tintindex":0},"west":{"uv":[8.875,10.25,8.5,10.75],"rotation":0,"texture":"#0","tintindex":0},"up":{"uv":[10.875,4.25,11.25,3.875],"rotation":0,"texture":"#0","tintindex":0},"down":{"uv":[4.375,10.875,4.75,11.25],"rotation":0,"texture":"#0","tintindex":0}}}],"display":{"head":{"translation":[0.0,-6.4,0.0],"scale":[4.0,4.0,4.0]}}}