{"textures":{"0":"modelengine:entity/hell_hound"},"elements":[{"from":[6.6214285,3.8732538,7.380872],"to":[8.907143,8.444683,10.238014],"rotation":{"angle":-22.5,"axis":"x","origin":[7.7642856,6.1589684,8.809443]},"faces":{"east":{"uv":[6.75,7.0,6.125,8.0],"rotation":0,"texture":"#0","tintindex":0},"south":{"uv":[8.25,1.125,7.75,2.125],"rotation":0,"texture":"#0","tintindex":0},"north":{"uv":[4.25,7.625,3.75,8.625],"rotation":0,"texture":"#0","tintindex":0},"west":{"uv":[6.0,7.0,5.375,8.0],"rotation":0,"texture":"#0","tintindex":0},"up":{"uv":[9.375,6.125,9.875,5.5],"rotation":0,"texture":"#0","tintindex":0},"down":{"uv":[8.625,9.5,9.125,10.125],"rotation":0,"texture":"#0","tintindex":0}}}],"display":{"head":{"translation":[0.0,-6.4,0.0],"scale":[4.0,4.0,4.0]}}}