{"textures":{"0":"modelengine:entity/hell_hound"},"elements":[{"from":[7.1336737,6.5164795,7.310915],"to":[8.8479595,8.802194,11.310915],"rotation":{"angle":22.5,"axis":"x","origin":[7.990816,7.6593366,9.310915]},"faces":{"east":{"uv":[1.5,8.75,0.625,9.25],"rotation":0,"texture":"#0","tintindex":0},"south":{"uv":[1.375,10.375,1.0,10.875],"rotation":0,"texture":"#0","tintindex":0},"north":{"uv":[0.875,10.375,0.5,10.875],"rotation":0,"texture":"#0","tintindex":0},"west":{"uv":[9.125,4.5,8.25,5.0],"rotation":0,"texture":"#0","tintindex":0},"up":{"uv":[9.375,0.875,9.75,0.0],"rotation":0,"texture":"#0","tintindex":0},"down":{"uv":[0.5,9.375,0.875,10.25],"rotation":0,"texture":"#0","tintindex":0}}}],"display":{"head":{"translation":[0.0,-6.4,0.0],"scale":[4.0,4.0,4.0]}}}