{"textures":{"0":"modelengine:entity/hell_hound"},"elements":[{"from":[6.611607,4.049409,6.6134124],"to":[8.897322,8.620837,9.470555],"rotation":{"angle":0.0,"axis":"y","origin":[7.754464,6.335123,8.041984]},"faces":{"east":{"uv":[8.0,0.0,7.375,1.0],"rotation":0,"texture":"#0","tintindex":0},"south":{"uv":[2.875,7.75,2.375,8.75],"rotation":0,"texture":"#0","tintindex":0},"north":{"uv":[2.25,7.75,1.75,8.75],"rotation":0,"texture":"#0","tintindex":0},"west":{"uv":[7.5,7.0,6.875,8.0],"rotation":0,"texture":"#0","tintindex":0},"up":{"uv":[9.75,6.875,10.25,6.25],"rotation":0,"texture":"#0","tintindex":0},"down":{"uv":[9.875,0.0,10.375,0.625],"rotation":0,"texture":"#0","tintindex":0}}}],"display":{"head":{"translation":[0.0,-6.4,0.0],"scale":[4.0,4.0,4.0]}}}