{"textures":{"0":"modelengine:entity/hell_hound"},"elements":[{"from":[7.142857,6.3099146,6.957614],"to":[8.857143,8.0242,10.957614],"rotation":{"angle":45.0,"axis":"x","origin":[8.0,7.1670575,8.957614]},"faces":{"east":{"uv":[8.875,4.0,9.75,4.375],"rotation":0,"texture":"#0","tintindex":0},"south":{"uv":[1.5,10.625,1.875,11.0],"rotation":0,"texture":"#0","tintindex":0},"north":{"uv":[3.375,5.25,3.75,5.625],"rotation":0,"texture":"#0","tintindex":0},"west":{"uv":[5.625,9.0,6.5,9.375],"rotation":0,"texture":"#0","tintindex":0},"up":{"uv":[7.0,9.875,6.625,9.0],"rotation":0,"texture":"#0","tintindex":0},"down":{"uv":[9.375,8.0,9.0,8.875],"rotation":0,"texture":"#0","tintindex":0}}},{"from":[8.0,7.5220976,8.169797],"to":[8.0,9.236383,12.169798],"rotation":{"angle":45.0,"axis":"x","origin":[8.0,8.379241,10.169797]},"faces":{"east":{"uv":[10.125,4.5,9.25,4.875],"rotation":0,"texture":"#0","tintindex":0},"south":{"uv":[11.375,1.125,11.375,1.5],"rotation":0,"texture":"#0","tintindex":0},"north":{"uv":[1.125,11.375,1.125,11.75],"rotation":0,"texture":"#0","tintindex":0},"west":{"uv":[9.25,4.5,10.125,4.875],"rotation":0,"texture":"#0","tintindex":0},"up":{"uv":[1.25,12.25,1.25,11.375],"rotation":0,"texture":"#0","tintindex":0},"down":{"uv":[1.375,11.375,1.375,12.25],"rotation":0,"texture":"#0","tintindex":0}}}],"display":{"head":{"translation":[0.0,-6.4,0.0],"scale":[4.0,4.0,4.0]}}}