{"textures":{"0":"modelengine:entity/hell_hound","1":"modelengine:entity/arm_fire_a"},"elements":[{"from":[7.142857,7.7134857,7.540284],"to":[8.857143,9.9992,12.111713],"rotation":{"angle":-22.5,"axis":"x","origin":[8.0,8.856343,9.825998]},"faces":{"east":{"uv":[7.625,7.0,8.625,7.5],"rotation":0,"texture":"#0","tintindex":0},"south":{"uv":[9.25,10.125,9.625,10.625],"rotation":0,"texture":"#0","tintindex":0},"north":{"uv":[0.0,10.125,0.375,10.625],"rotation":0,"texture":"#0","tintindex":0},"west":{"uv":[7.625,7.625,8.625,8.125],"rotation":0,"texture":"#0","tintindex":0},"up":{"uv":[9.25,6.125,8.875,5.125],"rotation":0,"texture":"#0","tintindex":0},"down":{"uv":[0.375,9.0,0.0,10.0],"rotation":0,"texture":"#0","tintindex":0}}},{"from":[8.0,8.572228,3.3168583],"to":[8.0,14.286514,19.31686],"rotation":{"angle":-22.5,"axis":"x","origin":[8.0,11.429371,11.316858]},"faces":{"east":{"uv":[10.0,14.0,5.375,1.25],"rotation":90,"texture":"#1","tintindex":0},"south":{"uv":[10.625,11.25,10.625,12.375],"rotation":0,"texture":"#1","tintindex":0},"north":{"uv":[10.5,11.25,10.5,12.375],"rotation":0,"texture":"#1","tintindex":0},"west":{"uv":[10.0,1.25,5.375,14.0],"rotation":90,"texture":"#1","tintindex":0},"up":{"uv":[11.25,12.75,11.25,11.0],"rotation":0,"texture":"#1","tintindex":0},"down":{"uv":[0.5,11.375,0.5,13.125],"rotation":0,"texture":"#1","tintindex":0}}}],"display":{"head":{"translation":[0.0,-6.4,0.0],"scale":[4.0,4.0,4.0]}}}