{"textures":{"0":"modelengine:entity/hell_hound"},"elements":[{"from":[7.1571426,6.488428,7.8662195],"to":[8.842857,8.202714,11.8662195],"rotation":{"angle":22.5,"axis":"x","origin":[8.0,7.3455715,9.8662195]},"faces":{"east":{"uv":[9.0,9.0,9.875,9.375],"rotation":0,"texture":"#0","tintindex":0},"south":{"uv":[3.875,10.875,4.25,11.25],"rotation":0,"texture":"#0","tintindex":0},"north":{"uv":[0.0,10.75,0.375,11.125],"rotation":0,"texture":"#0","tintindex":0},"west":{"uv":[9.25,2.25,10.125,2.625],"rotation":0,"texture":"#0","tintindex":0},"up":{"uv":[5.25,10.125,4.875,9.25],"rotation":0,"texture":"#0","tintindex":0},"down":{"uv":[7.5,9.25,7.125,10.125],"rotation":0,"texture":"#0","tintindex":0}}},{"from":[8.0,8.072222,8.522248],"to":[8.0,9.786508,12.522248],"rotation":{"angle":22.5,"axis":"x","origin":[8.0,8.929365,10.522248]},"faces":{"east":{"uv":[10.25,5.0,9.375,5.375],"rotation":0,"texture":"#0","tintindex":0},"south":{"uv":[2.75,11.375,2.75,11.75],"rotation":0,"texture":"#0","tintindex":0},"north":{"uv":[2.625,11.375,2.625,11.75],"rotation":0,"texture":"#0","tintindex":0},"west":{"uv":[9.375,5.0,10.25,5.375],"rotation":0,"texture":"#0","tintindex":0},"up":{"uv":[2.875,12.25,2.875,11.375],"rotation":0,"texture":"#0","tintindex":0},"down":{"uv":[3.0,11.375,3.0,12.25],"rotation":0,"texture":"#0","tintindex":0}}}],"display":{"head":{"translation":[0.0,-6.4,0.0],"scale":[4.0,4.0,4.0]}}}