{"textures":{"0":"modelengine:entity/hell_hound"},"elements":[{"from":[6.0,6.142857,2.8571424],"to":[10.0,10.714286,8.571428],"rotation":{"angle":0.0,"axis":"y","origin":[8.0,8.428572,5.714286]},"faces":{"east":{"uv":[4.0,3.75,5.25,4.75],"rotation":0,"texture":"#0","tintindex":0},"south":{"uv":[4.375,5.75,5.25,6.75],"rotation":0,"texture":"#0","tintindex":0},"north":{"uv":[3.375,5.75,4.25,6.75],"rotation":0,"texture":"#0","tintindex":0},"west":{"uv":[4.25,2.5,5.5,3.5],"rotation":0,"texture":"#0","tintindex":0},"up":{"uv":[3.25,6.5,2.375,5.25],"rotation":0,"texture":"#0","tintindex":0},"down":{"uv":[0.875,5.5,0.0,6.75],"rotation":0,"texture":"#0","tintindex":0}}},{"from":[8.0,10.714286,2.8571424],"to":[8.0,13.571428,8.571428],"rotation":{"angle":0.0,"axis":"y","origin":[8.0,12.142858,5.714286]},"faces":{"east":{"uv":[4.25,6.875,3.0,7.5],"rotation":0,"texture":"#0","tintindex":0},"south":{"uv":[10.125,11.25,10.125,11.875],"rotation":0,"texture":"#0","tintindex":0},"north":{"uv":[10.0,11.25,10.0,11.875],"rotation":0,"texture":"#0","tintindex":0},"west":{"uv":[3.0,6.875,4.25,7.5],"rotation":0,"texture":"#0","tintindex":0},"up":{"uv":[10.25,12.5,10.25,11.25],"rotation":0,"texture":"#0","tintindex":0},"down":{"uv":[10.375,11.25,10.375,12.5],"rotation":0,"texture":"#0","tintindex":0}}}],"display":{"head":{"translation":[0.0,-6.4,0.0],"scale":[4.0,4.0,4.0]}}}