{
	"texture_size": [64, 64],
	"textures": {
		"1": "chunky:item/pro_kit/stardust_axe"
	},
	"elements": [
		{
			"from": [7.5, -10.702, 6.999],
			"to": [9.502, -7.7, 9.001],
			"rotation": {"angle": 45, "axis": "z", "origin": [8.001, -9.201, 8]},
			"faces": {
				"north": {"uv": [6.5, 0.75, 7, 1.5], "texture": "#1"},
				"east": {"uv": [5, 6.5, 5.5, 7.25], "texture": "#1"},
				"south": {"uv": [5.5, 6.5, 6, 7.25], "texture": "#1"},
				"west": {"uv": [6.5, 5.75, 7, 6.5], "texture": "#1"},
				"up": {"uv": [7.75, 5.5, 7.25, 5], "texture": "#1"},
				"down": {"uv": [6, 7.25, 5.5, 7.75], "texture": "#1"}
			}
		},
		{
			"from": [6.5, -9.702, 6.999],
			"to": [7.502, -7.7, 9.001],
			"rotation": {"angle": 45, "axis": "z", "origin": [8.001, -9.201, 8]},
			"faces": {
				"north": {"uv": [5.75, 7.75, 6, 8.25], "texture": "#1"},
				"east": {"uv": [7.25, 6.25, 7.75, 6.75], "texture": "#1"},
				"south": {"uv": [7.75, 5.75, 8, 6.25], "texture": "#1"},
				"west": {"uv": [6.75, 7.25, 7.25, 7.75], "texture": "#1"},
				"up": {"uv": [6.25, 8.25, 6, 7.75], "texture": "#1"},
				"down": {"uv": [6.5, 7.75, 6.25, 8.25], "texture": "#1"}
			}
		},
		{
			"from": [7, -8.2, 7],
			"to": [9, 5.8, 9],
			"rotation": {"angle": 0, "axis": "y", "origin": [0, 21.8, 0]},
			"faces": {
				"north": {"uv": [1.75, 0, 2.25, 3.5], "texture": "#1"},
				"east": {"uv": [0, 2, 0.5, 5.5], "texture": "#1"},
				"south": {"uv": [0.5, 2, 1, 5.5], "texture": "#1"},
				"west": {"uv": [1, 2, 1.5, 5.5], "texture": "#1"},
				"up": {"uv": [7.75, 7.25, 7.25, 6.75], "texture": "#1"},
				"down": {"uv": [7.75, 7.25, 7.25, 7.75], "texture": "#1"}
			}
		},
		{
			"from": [6.501, -6.199, 6.501],
			"to": [9.499, -4.201, 9.499],
			"rotation": {"angle": 0, "axis": "y", "origin": [0, 20.8, 0]},
			"faces": {
				"north": {"uv": [1.5, 3.5, 2.25, 4], "texture": "#1"},
				"east": {"uv": [6, 6.5, 6.75, 7], "texture": "#1"},
				"south": {"uv": [6.75, 1.5, 7.5, 2], "texture": "#1"},
				"west": {"uv": [6.75, 2, 7.5, 2.5], "texture": "#1"},
				"up": {"uv": [5.75, 6.5, 5, 5.75], "texture": "#1"},
				"down": {"uv": [6.5, 5.75, 5.75, 6.5], "texture": "#1"}
			}
		},
		{
			"from": [6.501, 0.801, 6.501],
			"to": [9.499, 2.799, 9.499],
			"rotation": {"angle": 0, "axis": "y", "origin": [0, 20.8, 0]},
			"faces": {
				"north": {"uv": [6.75, 2.5, 7.5, 3], "texture": "#1"},
				"east": {"uv": [6.75, 3, 7.5, 3.5], "texture": "#1"},
				"south": {"uv": [6.75, 3.5, 7.5, 4], "texture": "#1"},
				"west": {"uv": [6.75, 4, 7.5, 4.5], "texture": "#1"},
				"up": {"uv": [2.25, 7, 1.5, 6.25], "texture": "#1"},
				"down": {"uv": [3, 6.25, 2.25, 7], "texture": "#1"}
			}
		},
		{
			"from": [4.999, 5.749, 6.999],
			"to": [11.001, 8.751, 9.001],
			"rotation": {"angle": 0, "axis": "y", "origin": [8, 7.75, 8.5]},
			"faces": {
				"north": {"uv": [4, 4, 5.5, 4.75], "texture": "#1"},
				"east": {"uv": [6.75, 6.5, 7.25, 7.25], "texture": "#1"},
				"south": {"uv": [4.25, 0, 5.75, 0.75], "texture": "#1"},
				"west": {"uv": [0.5, 7, 1, 7.75], "texture": "#1"},
				"up": {"uv": [4.75, 5.75, 3.25, 5.25], "texture": "#1"},
				"down": {"uv": [6.25, 5.25, 4.75, 5.75], "texture": "#1"}
			}
		},
		{
			"from": [6.499, 8.749, 6.999],
			"to": [9.501, 9.751, 9.001],
			"rotation": {"angle": 0, "axis": "y", "origin": [7.5, 11.75, 8.5]},
			"faces": {
				"north": {"uv": [3.25, 5, 4, 5.25], "texture": "#1"},
				"east": {"uv": [5.75, 5, 6.25, 5.25], "texture": "#1"},
				"south": {"uv": [2.5, 5.5, 3.25, 5.75], "texture": "#1"},
				"west": {"uv": [7.75, 5.25, 8.25, 5.5], "texture": "#1"},
				"up": {"uv": [7.75, 0.5, 7, 0], "texture": "#1"},
				"down": {"uv": [7.75, 0.75, 7, 1.25], "texture": "#1"}
			}
		},
		{
			"from": [5.999, 6.999, 6.499],
			"to": [8.001, 9.001, 9.501],
			"rotation": {"angle": 45, "axis": "z", "origin": [8, 9, 8]},
			"faces": {
				"north": {"uv": [0, 7.5, 0.5, 8], "texture": "#1"},
				"east": {"uv": [1, 7, 1.75, 7.5], "texture": "#1"},
				"south": {"uv": [1, 7.5, 1.5, 8], "texture": "#1"},
				"west": {"uv": [1.75, 7, 2.5, 7.5], "texture": "#1"},
				"up": {"uv": [3, 7.75, 2.5, 7], "texture": "#1"},
				"down": {"uv": [3.5, 7, 3, 7.75], "texture": "#1"}
			}
		},
		{
			"from": [5.998, 11.748, 6.998],
			"to": [9.002, 14.752, 9.002],
			"rotation": {"angle": -45, "axis": "z", "origin": [8, 12.75, 8]},
			"faces": {
				"north": {"uv": [3, 6.25, 3.75, 7], "texture": "#1"},
				"east": {"uv": [3.5, 7, 4, 7.75], "texture": "#1"},
				"south": {"uv": [3.75, 6.25, 4.5, 7], "texture": "#1"},
				"west": {"uv": [4, 7, 4.5, 7.75], "texture": "#1"},
				"up": {"uv": [7.75, 5, 7, 4.5], "texture": "#1"},
				"down": {"uv": [7.75, 5.75, 7, 6.25], "texture": "#1"}
			}
		},
		{
			"from": [9.1, 9.75, 7],
			"to": [14.1, 11.75, 9],
			"rotation": {"angle": -45, "axis": "z", "origin": [9.1, 9.75, 8]},
			"faces": {
				"north": {"uv": [5.5, 2.5, 6.75, 3], "texture": "#1"},
				"east": {"uv": [1.5, 7.5, 2, 8], "texture": "#1"},
				"south": {"uv": [5.5, 3, 6.75, 3.5], "texture": "#1"},
				"west": {"uv": [7.5, 1.5, 8, 2], "texture": "#1"},
				"up": {"uv": [6.75, 4, 5.5, 3.5], "texture": "#1"},
				"down": {"uv": [6.75, 4, 5.5, 4.5], "texture": "#1"}
			}
		},
		{
			"from": [9.1, 11.75, 8],
			"to": [14.1, 14.75, 8],
			"rotation": {"angle": -45, "axis": "z", "origin": [9.1, 9.75, 8]},
			"faces": {
				"north": {"uv": [4.25, 2.25, 5.5, 3], "texture": "#1"},
				"east": {"uv": [0, 0, 0, 0.75], "texture": "#1"},
				"south": {"uv": [4.25, 3, 5.5, 3.75], "texture": "#1"},
				"west": {"uv": [0, 0, 0, 0.75], "texture": "#1"},
				"up": {"uv": [1.25, 0, 0, 0], "texture": "#1"},
				"down": {"uv": [1.25, 0, 0, 0], "texture": "#1"}
			}
		},
		{
			"from": [9.1, 9.75, 7],
			"to": [14.1, 11.75, 9],
			"rotation": {"angle": 45, "axis": "z", "origin": [9.1, 9.75, 8]},
			"faces": {
				"north": {"uv": [5.75, 0, 7, 0.5], "texture": "#1"},
				"east": {"uv": [2, 7.5, 2.5, 8], "texture": "#1"},
				"south": {"uv": [2.5, 5.75, 3.75, 6.25], "texture": "#1"},
				"west": {"uv": [7.5, 2, 8, 2.5], "texture": "#1"},
				"up": {"uv": [5, 6.25, 3.75, 5.75], "texture": "#1"},
				"down": {"uv": [7, 4.5, 5.75, 5], "texture": "#1"}
			}
		},
		{
			"from": [7.35046, 9.15231, 7.001],
			"to": [9.34846, 10.15031, 8.999],
			"rotation": {"angle": -45, "axis": "z", "origin": [7.34946, 12.15131, 7.989]},
			"faces": {
				"north": {"uv": [7.75, 6.25, 8.25, 6.5], "texture": "#1"},
				"east": {"uv": [7.75, 6.5, 8.25, 6.75], "texture": "#1"},
				"south": {"uv": [6.75, 7.75, 7.25, 8], "texture": "#1"},
				"west": {"uv": [7.75, 6.75, 8.25, 7], "texture": "#1"},
				"up": {"uv": [8, 3, 7.5, 2.5], "texture": "#1"},
				"down": {"uv": [8, 3, 7.5, 3.5], "texture": "#1"}
			}
		},
		{
			"from": [-1.09685, 3.85447, 7.502],
			"to": [2.89915, 8.85047, 8.498],
			"rotation": {"angle": 22.5, "axis": "z", "origin": [-1.11885, 8.83247, 7.443]},
			"faces": {
				"north": {"uv": [2.25, 1.5, 3.25, 2.75], "texture": "#1"},
				"east": {"uv": [1.5, 2, 1.75, 3.25], "texture": "#1"},
				"south": {"uv": [2.25, 2.75, 3.25, 4], "texture": "#1"},
				"west": {"uv": [6.5, 7, 6.75, 8.25], "texture": "#1"},
				"up": {"uv": [8.75, 0.75, 7.75, 0.5], "texture": "#1"},
				"down": {"uv": [8.75, 0.75, 7.75, 1], "texture": "#1"}
			}
		},
		{
			"from": [-1.10541, 8.85751, 7.501],
			"to": [2.89259, 13.85551, 8.499],
			"rotation": {"angle": 0, "axis": "y", "origin": [-1.11641, 13.84651, 7.472]},
			"faces": {
				"north": {"uv": [3.25, 1.5, 4.25, 2.75], "texture": "#1"},
				"east": {"uv": [5, 7.25, 5.25, 8.5], "texture": "#1"},
				"south": {"uv": [3.25, 2.75, 4.25, 4], "texture": "#1"},
				"west": {"uv": [5.25, 7.25, 5.5, 8.5], "texture": "#1"},
				"up": {"uv": [8.75, 1.25, 7.75, 1], "texture": "#1"},
				"down": {"uv": [3.5, 7.75, 2.5, 8], "texture": "#1"}
			}
		},
		{
			"from": [2.353, 10.293, 7.503],
			"to": [7.347, 14.287, 8.497],
			"rotation": {"angle": 45, "axis": "z", "origin": [6.32, 10.26, 7]},
			"faces": {
				"north": {"uv": [1.5, 4, 2.75, 5], "texture": "#1"},
				"east": {"uv": [0.5, 7.75, 0.75, 8.75], "texture": "#1"},
				"south": {"uv": [2.75, 4, 4, 5], "texture": "#1"},
				"west": {"uv": [0.75, 7.75, 1, 8.75], "texture": "#1"},
				"up": {"uv": [5.5, 4, 4.25, 3.75], "texture": "#1"},
				"down": {"uv": [8.25, 1.25, 7, 1.5], "texture": "#1"}
			}
		},
		{
			"from": [-1.711, 10.789, 7.499],
			"to": [6.291, 13.791, 8.501],
			"rotation": {"angle": -22.5, "axis": "z", "origin": [6.3, 10.8, 7.5]},
			"faces": {
				"north": {"uv": [2.25, 0, 4.25, 0.75], "texture": "#1"},
				"east": {"uv": [7.75, 4.5, 8, 5.25], "texture": "#1"},
				"south": {"uv": [2.25, 0.75, 4.25, 1.5], "texture": "#1"},
				"west": {"uv": [5.5, 7.75, 5.75, 8.5], "texture": "#1"},
				"up": {"uv": [7.75, 0.75, 5.75, 0.5], "texture": "#1"},
				"down": {"uv": [8.25, 5.5, 6.25, 5.75], "texture": "#1"}
			}
		},
		{
			"from": [0.80648, 4.24181, 8],
			"to": [4.80648, 7.24181, 8],
			"rotation": {"angle": -22.5, "axis": "z", "origin": [0.80648, 4.24181, 8.99]},
			"faces": {
				"north": {"uv": [5.5, 0.75, 6.5, 1.5], "texture": "#1"},
				"east": {"uv": [0, 0, 0, 0.75], "texture": "#1"},
				"south": {"uv": [1.5, 5.5, 2.5, 6.25], "texture": "#1"},
				"west": {"uv": [0, 0, 0, 0.75], "texture": "#1"},
				"up": {"uv": [1, 0, 0, 0], "texture": "#1"},
				"down": {"uv": [1, 0, 0, 0], "texture": "#1"}
			}
		},
		{
			"from": [2.499, 9.751, 6.999],
			"to": [9.501, 13.753, 9.001],
			"rotation": {"angle": 0, "axis": "y", "origin": [9.5, 9.752, 8]},
			"faces": {
				"north": {"uv": [0, 0, 1.75, 1], "texture": "#1"},
				"east": {"uv": [4.5, 6.25, 5, 7.25], "texture": "#1"},
				"south": {"uv": [0, 1, 1.75, 2], "texture": "#1"},
				"west": {"uv": [0, 6.5, 0.5, 7.5], "texture": "#1"},
				"up": {"uv": [5.75, 5.25, 4, 4.75], "texture": "#1"},
				"down": {"uv": [3.25, 5, 1.5, 5.5], "texture": "#1"}
			}
		}
	],
	"gui_light": "front",
	"display": {
		"thirdperson_righthand": {
			"rotation": [0, -90, 0],
			"translation": [0, 3.75, 1.25],
			"scale": [0.6, 0.6, 0.6]
		},
		"thirdperson_lefthand": {
			"rotation": [0, 90, 0],
			"translation": [0, 3.75, 1.25],
			"scale": [0.6, 0.6, 0.6]
		},
		"firstperson_righthand": {
			"rotation": [20, -90, 0],
			"translation": [2, 4, 0.5],
			"scale": [0.6, 0.6, 0.6]
		},
		"firstperson_lefthand": {
			"rotation": [20, 90, 0],
			"translation": [2, 4, 0.5],
			"scale": [0.6, 0.6, 0.6]
		},
		"ground": {
			"rotation": [0, 0, -45],
			"translation": [2.5, 7, 0],
			"scale": [0.5, 0.5, 0.5]
		},
		"gui": {
			"rotation": [0, 0, -45],
			"translation": [1.75, 0.75, -0.75],
			"scale": [0.55, 0.55, 0.55]
		},
		"head": {
			"rotation": [0, 0, 45],
			"translation": [9.75, 7.5, 0.75],
			"scale": [0.6, 0.6, 0.6]
		},
		"fixed": {
			"rotation": [0, -180, -45],
			"translation": [-2.25, 1.25, -0.75],
			"scale": [0.7, 0.7, 0.7]
		}
	},
	"groups": [
		{
			"name": "axe",
			"origin": [8, 8, 8],
			"color": 0,
			"children": [
				{
					"name": "pommel",
					"origin": [8, 8, 8],
					"color": 0,
					"children": [0, 1]
				},
				{
					"name": "grip",
					"origin": [8, 8, 8],
					"color": 0,
					"children": [2,
						{
							"name": "handle",
							"origin": [8, 8, 8],
							"color": 0,
							"children": [3, 4]
						}
					]
				},
				{
					"name": "guard",
					"origin": [8, 8, 8],
					"color": 0,
					"children": [
						{
							"name": "cross-guard",
							"origin": [8, 8, 8],
							"color": 0,
							"children": [
								{
									"name": "gem",
									"origin": [8, 8, 8],
									"color": 0,
									"children": [5, 6, 7]
								},
								{
									"name": "blade",
									"origin": [8, 8, 8],
									"color": 0,
									"children": [8, 9, 10, 11, 12, 13, 14, 15, 16, 17, 18]
								}
							]
						}
					]
				}
			]
		}
	]
}