{
	"texture_size": [32, 32],
	"textures": {
		"1": "chunky:item/pro_kit/stardust_pickaxe"
	},
	"elements": [
		{
			"from": [7.5, -10.702, 6.999],
			"to": [9.502, -7.7, 9.001],
			"rotation": {"angle": 45, "axis": "z", "origin": [8.001, -9.201, 8]},
			"faces": {
				"north": {"uv": [0, 10, 1, 11.5], "texture": "#1"},
				"east": {"uv": [7.5, 10, 8.5, 11.5], "texture": "#1"},
				"south": {"uv": [8.5, 10, 9.5, 11.5], "texture": "#1"},
				"west": {"uv": [9.5, 10, 10.5, 11.5], "texture": "#1"},
				"up": {"uv": [5.5, 13, 4.5, 12], "texture": "#1"},
				"down": {"uv": [13, 4.5, 12, 5.5], "texture": "#1"}
			}
		},
		{
			"from": [6.5, -9.702, 6.999],
			"to": [7.502, -7.7, 9.001],
			"rotation": {"angle": 45, "axis": "z", "origin": [8.001, -9.201, 8]},
			"faces": {
				"north": {"uv": [6, 7.5, 6.5, 8.5], "texture": "#1"},
				"east": {"uv": [5.5, 12, 6.5, 13], "texture": "#1"},
				"south": {"uv": [4.5, 13, 5, 14], "texture": "#1"},
				"west": {"uv": [12, 5.5, 13, 6.5], "texture": "#1"},
				"up": {"uv": [13.5, 5.5, 13, 4.5], "texture": "#1"},
				"down": {"uv": [5.5, 13, 5, 14], "texture": "#1"}
			}
		},
		{
			"from": [7, -8.2, 7],
			"to": [9, 5.8, 9],
			"rotation": {"angle": 0, "axis": "y", "origin": [0, 21.8, 0]},
			"faces": {
				"north": {"uv": [0, 0, 1, 7], "texture": "#1"},
				"east": {"uv": [1, 0, 2, 7], "texture": "#1"},
				"south": {"uv": [2, 0, 3, 7], "texture": "#1"},
				"west": {"uv": [3, 0, 4, 7], "texture": "#1"},
				"up": {"uv": [13, 7.5, 12, 6.5], "texture": "#1"},
				"down": {"uv": [13, 7.5, 12, 8.5], "texture": "#1"}
			}
		},
		{
			"from": [6.501, -6.199, 6.501],
			"to": [9.499, -4.201, 9.499],
			"rotation": {"angle": 0, "axis": "y", "origin": [0, 20.8, 0]},
			"faces": {
				"north": {"uv": [10.5, 2, 12, 3], "texture": "#1"},
				"east": {"uv": [10.5, 3, 12, 4], "texture": "#1"},
				"south": {"uv": [3.5, 10.5, 5, 11.5], "texture": "#1"},
				"west": {"uv": [10.5, 4, 12, 5], "texture": "#1"},
				"up": {"uv": [3, 9.5, 1.5, 8], "texture": "#1"},
				"down": {"uv": [10, 1, 8.5, 2.5], "texture": "#1"}
			}
		},
		{
			"from": [6.501, 0.801, 6.501],
			"to": [9.499, 2.799, 9.499],
			"rotation": {"angle": 0, "axis": "y", "origin": [0, 20.8, 0]},
			"faces": {
				"north": {"uv": [10.5, 5, 12, 6], "texture": "#1"},
				"east": {"uv": [10.5, 6, 12, 7], "texture": "#1"},
				"south": {"uv": [10.5, 7, 12, 8], "texture": "#1"},
				"west": {"uv": [10.5, 8, 12, 9], "texture": "#1"},
				"up": {"uv": [7.5, 10, 6, 8.5], "texture": "#1"},
				"down": {"uv": [9, 8.5, 7.5, 10], "texture": "#1"}
			}
		},
		{
			"from": [4.999, 5.749, 6.999],
			"to": [11.001, 8.751, 9.001],
			"rotation": {"angle": 0, "axis": "y", "origin": [8, 7.75, 8.5]},
			"faces": {
				"north": {"uv": [4, 0, 7, 1.5], "texture": "#1"},
				"east": {"uv": [10.5, 9, 11.5, 10.5], "texture": "#1"},
				"south": {"uv": [4, 1.5, 7, 3], "texture": "#1"},
				"west": {"uv": [10.5, 10.5, 11.5, 12], "texture": "#1"},
				"up": {"uv": [3, 8, 0, 7], "texture": "#1"},
				"down": {"uv": [10, 0, 7, 1], "texture": "#1"}
			}
		},
		{
			"from": [6.499, 8.749, 6.999],
			"to": [9.501, 12.751, 9.001],
			"rotation": {"angle": 0, "axis": "y", "origin": [7.5, 11.75, 8.5]},
			"faces": {
				"north": {"uv": [7, 1, 8.5, 3], "texture": "#1"},
				"east": {"uv": [1.5, 9.5, 2.5, 11.5], "texture": "#1"},
				"south": {"uv": [3, 7.5, 4.5, 9.5], "texture": "#1"},
				"west": {"uv": [2.5, 9.5, 3.5, 11.5], "texture": "#1"},
				"up": {"uv": [6.5, 12, 5, 11], "texture": "#1"},
				"down": {"uv": [1.5, 11.5, 0, 12.5], "texture": "#1"}
			}
		},
		{
			"from": [5.999, 6.999, 6.499],
			"to": [8.001, 9.001, 9.501],
			"rotation": {"angle": 45, "axis": "z", "origin": [8, 9, 8]},
			"faces": {
				"north": {"uv": [10.5, 12, 11.5, 13], "texture": "#1"},
				"east": {"uv": [1.5, 11.5, 3, 12.5], "texture": "#1"},
				"south": {"uv": [0, 12.5, 1, 13.5], "texture": "#1"},
				"west": {"uv": [3, 11.5, 4.5, 12.5], "texture": "#1"},
				"up": {"uv": [7.5, 12.5, 6.5, 11], "texture": "#1"},
				"down": {"uv": [8.5, 11.5, 7.5, 13], "texture": "#1"}
			}
		},
		{
			"from": [6.998, 11.548, 6.998],
			"to": [10.002, 14.552, 9.002],
			"rotation": {"angle": 45, "axis": "z", "origin": [8, 12.55, 8]},
			"faces": {
				"north": {"uv": [9, 2.5, 10.5, 4], "texture": "#1"},
				"east": {"uv": [8.5, 11.5, 9.5, 13], "texture": "#1"},
				"south": {"uv": [9, 8.5, 10.5, 10], "texture": "#1"},
				"west": {"uv": [11.5, 9, 12.5, 10.5], "texture": "#1"},
				"up": {"uv": [13, 11.5, 11.5, 10.5], "texture": "#1"},
				"down": {"uv": [13, 11.5, 11.5, 12.5], "texture": "#1"}
			}
		},
		{
			"from": [1.5, 10.25, 7],
			"to": [6.5, 13.25, 9],
			"rotation": {"angle": 0, "axis": "y", "origin": [8.51, 10.74, 7.99]},
			"faces": {
				"north": {"uv": [4, 3, 6.5, 4.5], "texture": "#1"},
				"east": {"uv": [9.5, 11.5, 10.5, 13], "texture": "#1"},
				"south": {"uv": [4, 4.5, 6.5, 6], "texture": "#1"},
				"west": {"uv": [12, 0, 13, 1.5], "texture": "#1"},
				"up": {"uv": [10.5, 5.5, 8, 4.5], "texture": "#1"},
				"down": {"uv": [10.5, 5.5, 8, 6.5], "texture": "#1"}
			}
		},
		{
			"from": [0.499, 11.249, 7.499],
			"to": [1.501, 12.251, 8.501],
			"rotation": {"angle": 0, "axis": "y", "origin": [1.5, 11.25, 8]},
			"faces": {
				"north": {"uv": [8.5, 2.5, 9, 3], "texture": "#1"},
				"east": {"uv": [5.5, 9.5, 6, 10], "texture": "#1"},
				"south": {"uv": [10, 2, 10.5, 2.5], "texture": "#1"},
				"west": {"uv": [10, 4, 10.5, 4.5], "texture": "#1"},
				"up": {"uv": [5.5, 11, 5, 10.5], "texture": "#1"},
				"down": {"uv": [5, 11.5, 4.5, 12], "texture": "#1"}
			}
		},
		{
			"from": [14.499, 11.249, 7.499],
			"to": [15.501, 12.251, 8.501],
			"rotation": {"angle": 0, "axis": "y", "origin": [14.5, 11.25, 8]},
			"faces": {
				"north": {"uv": [11, 13, 11.5, 13.5], "texture": "#1"},
				"east": {"uv": [13.5, 0, 14, 0.5], "texture": "#1"},
				"south": {"uv": [13.5, 0.5, 14, 1], "texture": "#1"},
				"west": {"uv": [1, 13.5, 1.5, 14], "texture": "#1"},
				"up": {"uv": [14, 1.5, 13.5, 1], "texture": "#1"},
				"down": {"uv": [2, 13.5, 1.5, 14], "texture": "#1"}
			}
		},
		{
			"from": [9.5, 10.25, 7],
			"to": [14.5, 13.25, 9],
			"rotation": {"angle": 0, "axis": "y", "origin": [7.49, 10.74, 7.99]},
			"faces": {
				"north": {"uv": [4, 6, 6.5, 7.5], "texture": "#1"},
				"east": {"uv": [12, 1.5, 13, 3], "texture": "#1"},
				"south": {"uv": [6.5, 3, 9, 4.5], "texture": "#1"},
				"west": {"uv": [12, 3, 13, 4.5], "texture": "#1"},
				"up": {"uv": [10.5, 7.5, 8, 6.5], "texture": "#1"},
				"down": {"uv": [10.5, 7.5, 8, 8.5], "texture": "#1"}
			}
		},
		{
			"from": [7.35046, 9.85231, 7.001],
			"to": [9.34846, 10.85031, 8.999],
			"rotation": {"angle": -45, "axis": "z", "origin": [7.34946, 12.85131, 7.989]},
			"faces": {
				"north": {"uv": [3, 7, 4, 7.5], "texture": "#1"},
				"east": {"uv": [9, 4, 10, 4.5], "texture": "#1"},
				"south": {"uv": [5.5, 13, 6.5, 13.5], "texture": "#1"},
				"west": {"uv": [13, 5.5, 14, 6], "texture": "#1"},
				"up": {"uv": [2, 13.5, 1, 12.5], "texture": "#1"},
				"down": {"uv": [3, 12.5, 2, 13.5], "texture": "#1"}
			}
		},
		{
			"from": [6.65154, 9.85231, 7.001],
			"to": [8.64954, 10.85031, 8.999],
			"rotation": {"angle": 45, "axis": "z", "origin": [8.65054, 12.85131, 7.989]},
			"faces": {
				"north": {"uv": [13, 6, 14, 6.5], "texture": "#1"},
				"east": {"uv": [13, 6.5, 14, 7], "texture": "#1"},
				"south": {"uv": [13, 7, 14, 7.5], "texture": "#1"},
				"west": {"uv": [7.5, 13, 8.5, 13.5], "texture": "#1"},
				"up": {"uv": [4, 13.5, 3, 12.5], "texture": "#1"},
				"down": {"uv": [7.5, 12.5, 6.5, 13.5], "texture": "#1"}
			}
		},
		{
			"from": [-2.5, 10.75, 7.5],
			"to": [1.5, 12.75, 8.5],
			"rotation": {"angle": 22.5, "axis": "z", "origin": [1.5, 12.75, 8]},
			"faces": {
				"north": {"uv": [3.5, 9.5, 5.5, 10.5], "texture": "#1"},
				"east": {"uv": [13, 7.5, 13.5, 8.5], "texture": "#1"},
				"south": {"uv": [10, 0, 12, 1], "texture": "#1"},
				"west": {"uv": [8.5, 13, 9, 14], "texture": "#1"},
				"up": {"uv": [14, 9, 12, 8.5], "texture": "#1"},
				"down": {"uv": [14.5, 9, 12.5, 9.5], "texture": "#1"}
			}
		},
		{
			"from": [14.5, 10.75, 7.5],
			"to": [18.5, 12.75, 8.5],
			"rotation": {"angle": -22.5, "axis": "z", "origin": [14.5, 12.75, 8]},
			"faces": {
				"north": {"uv": [10, 1, 12, 2], "texture": "#1"},
				"east": {"uv": [9, 13, 9.5, 14], "texture": "#1"},
				"south": {"uv": [5.5, 10, 7.5, 11], "texture": "#1"},
				"west": {"uv": [9.5, 13, 10, 14], "texture": "#1"},
				"up": {"uv": [14.5, 10, 12.5, 9.5], "texture": "#1"},
				"down": {"uv": [14.5, 10, 12.5, 10.5], "texture": "#1"}
			}
		},
		{
			"from": [18.02577, 9.85505, 7.501],
			"to": [20.02377, 10.85305, 8.499],
			"rotation": {"angle": -45, "axis": "z", "origin": [18.02477, 10.85405, 8]},
			"faces": {
				"north": {"uv": [10, 13, 11, 13.5], "texture": "#1"},
				"east": {"uv": [13.5, 1.5, 14, 2], "texture": "#1"},
				"south": {"uv": [13, 10.5, 14, 11], "texture": "#1"},
				"west": {"uv": [2, 13.5, 2.5, 14], "texture": "#1"},
				"up": {"uv": [14, 11.5, 13, 11], "texture": "#1"},
				"down": {"uv": [14, 11.5, 13, 12], "texture": "#1"}
			}
		},
		{
			"from": [-4.02377, 9.85505, 7.501],
			"to": [-2.02577, 10.85305, 8.499],
			"rotation": {"angle": 45, "axis": "z", "origin": [-2.02477, 10.85405, 8]},
			"faces": {
				"north": {"uv": [13, 12, 14, 12.5], "texture": "#1"},
				"east": {"uv": [13.5, 2, 14, 2.5], "texture": "#1"},
				"south": {"uv": [13, 12.5, 14, 13], "texture": "#1"},
				"west": {"uv": [2.5, 13.5, 3, 14], "texture": "#1"},
				"up": {"uv": [14, 13.5, 13, 13], "texture": "#1"},
				"down": {"uv": [1, 13.5, 0, 14], "texture": "#1"}
			}
		},
		{
			"from": [-2.62277, 9.402, 7.502],
			"to": [-1.62677, 12.398, 8.498],
			"rotation": {"angle": -22.5, "axis": "z", "origin": [-2.62477, 11.25405, 8]},
			"faces": {
				"north": {"uv": [1, 10, 1.5, 11.5], "texture": "#1"},
				"east": {"uv": [4, 12.5, 4.5, 14], "texture": "#1"},
				"south": {"uv": [11.5, 12.5, 12, 14], "texture": "#1"},
				"west": {"uv": [12, 12.5, 12.5, 14], "texture": "#1"},
				"up": {"uv": [14, 3, 13.5, 2.5], "texture": "#1"},
				"down": {"uv": [3.5, 13.5, 3, 14], "texture": "#1"}
			}
		},
		{
			"from": [17.62677, 9.402, 7.502],
			"to": [18.62277, 12.398, 8.498],
			"rotation": {"angle": 22.5, "axis": "z", "origin": [18.62477, 11.25405, 8]},
			"faces": {
				"north": {"uv": [12.5, 12.5, 13, 14], "texture": "#1"},
				"east": {"uv": [13, 0, 13.5, 1.5], "texture": "#1"},
				"south": {"uv": [13, 1.5, 13.5, 3], "texture": "#1"},
				"west": {"uv": [13, 3, 13.5, 4.5], "texture": "#1"},
				"up": {"uv": [14, 3.5, 13.5, 3], "texture": "#1"},
				"down": {"uv": [4, 13.5, 3.5, 14], "texture": "#1"}
			}
		},
		{
			"from": [-3.33167, 11.54221, 8.002],
			"to": [-0.33567, 15.53821, 7.998],
			"rotation": {"angle": -22.5, "axis": "z", "origin": [-3.33367, 9.54021, 8]},
			"faces": {
				"north": {"uv": [6.5, 4.5, 8, 6.5], "texture": "#1"},
				"east": {"uv": [0, 0, 0, 2], "texture": "#1"},
				"south": {"uv": [6.5, 6.5, 8, 8.5], "texture": "#1"},
				"west": {"uv": [0, 0, 0, 2], "texture": "#1"},
				"up": {"uv": [1.5, 0, 0, 0], "texture": "#1"},
				"down": {"uv": [1.5, 0, 0, 0], "texture": "#1"}
			}
		},
		{
			"from": [16.33567, 11.54221, 8.002],
			"to": [19.33167, 15.53821, 7.998],
			"rotation": {"angle": 22.5, "axis": "z", "origin": [19.33367, 9.54021, 8]},
			"faces": {
				"north": {"uv": [4.5, 7.5, 6, 9.5], "texture": "#1"},
				"east": {"uv": [0, 0, 0, 2], "texture": "#1"},
				"south": {"uv": [0, 8, 1.5, 10], "texture": "#1"},
				"west": {"uv": [0, 0, 0, 2], "texture": "#1"},
				"up": {"uv": [1.5, 0, 0, 0], "texture": "#1"},
				"down": {"uv": [1.5, 0, 0, 0], "texture": "#1"}
			}
		}
	],
	"gui_light": "front",
	"display": {
		"thirdperson_righthand": {
			"rotation": [0, -90, 0],
			"translation": [0, 3.75, 1.25],
			"scale": [0.6, 0.6, 0.6]
		},
		"thirdperson_lefthand": {
			"rotation": [0, 90, 0],
			"translation": [0, 3.75, 1.25],
			"scale": [0.6, 0.6, 0.6]
		},
		"firstperson_righthand": {
			"rotation": [20, -90, 0],
			"translation": [2, 4, 0.5],
			"scale": [0.6, 0.6, 0.6]
		},
		"firstperson_lefthand": {
			"rotation": [20, 90, 0],
			"translation": [2, 4, 0.5],
			"scale": [0.6, 0.6, 0.6]
		},
		"ground": {
			"rotation": [0, 0, -45],
			"translation": [2.5, 7, 0],
			"scale": [0.5, 0.5, 0.5]
		},
		"gui": {
			"rotation": [0, 0, -45],
			"translation": [1.75, 1.75, -0.75],
			"scale": [0.55, 0.55, 0.55]
		},
		"head": {
			"rotation": [0, 0, 45],
			"translation": [9.75, 7.5, 0.75],
			"scale": [0.6, 0.6, 0.6]
		},
		"fixed": {
			"rotation": [0, -180, -45],
			"translation": [-2.25, 2, -0.75],
			"scale": [0.7, 0.7, 0.7]
		}
	},
	"groups": [
		{
			"name": "pickaxe",
			"origin": [8, 8, 8],
			"color": 0,
			"children": [
				{
					"name": "pommel",
					"origin": [8, 8, 8],
					"color": 0,
					"children": [0, 1]
				},
				{
					"name": "grip",
					"origin": [8, 8, 8],
					"color": 0,
					"children": [2,
						{
							"name": "handle",
							"origin": [8, 8, 8],
							"color": 0,
							"children": [3, 4]
						}
					]
				},
				{
					"name": "guard",
					"origin": [8, 8, 8],
					"color": 0,
					"children": [
						{
							"name": "cross-guard",
							"origin": [8, 8, 8],
							"color": 0,
							"children": [
								{
									"name": "gem",
									"origin": [8, 8, 8],
									"color": 0,
									"children": [5, 6, 7]
								},
								{
									"name": "blade",
									"origin": [8, 8, 8],
									"color": 0,
									"children": [8, 9, 10, 11, 12, 13, 14, 15, 16, 17, 18, 19, 20, 21, 22]
								}
							]
						}
					]
				}
			]
		}
	]
}