{
	"credit": "Made with Blockbench",
	"texture_size": [64, 64],
	"textures": {
		"1": "chunky:item/pro_kit/stardust_staff"
	},
	"elements": [
		{
			"from": [7.5, -10.702, 6.999],
			"to": [9.502, -7.7, 9.001],
			"rotation": {"angle": 45, "axis": "z", "origin": [8.001, -9.201, 8]},
			"faces": {
				"north": {"uv": [6.75, 4, 7.25, 4.75], "texture": "#1"},
				"east": {"uv": [0, 7, 0.5, 7.75], "texture": "#1"},
				"south": {"uv": [0.5, 7, 1, 7.75], "texture": "#1"},
				"west": {"uv": [1, 7, 1.5, 7.75], "texture": "#1"},
				"up": {"uv": [6.5, 6, 6, 5.5], "texture": "#1"},
				"down": {"uv": [8.25, 0, 7.75, 0.5], "texture": "#1"}
			}
		},
		{
			"from": [6.5, -9.702, 6.999],
			"to": [7.502, -7.7, 9.001],
			"rotation": {"angle": 45, "axis": "z", "origin": [8.001, -9.201, 8]},
			"faces": {
				"north": {"uv": [8, 3.25, 8.25, 3.75], "texture": "#1"},
				"east": {"uv": [2, 7.75, 2.5, 8.25], "texture": "#1"},
				"south": {"uv": [7.25, 8, 7.5, 8.5], "texture": "#1"},
				"west": {"uv": [7.75, 2, 8.25, 2.5], "texture": "#1"},
				"up": {"uv": [7.75, 8.5, 7.5, 8], "texture": "#1"},
				"down": {"uv": [8, 8, 7.75, 8.5], "texture": "#1"}
			}
		},
		{
			"from": [7, -8.2, 7],
			"to": [9, 5.8, 9],
			"rotation": {"angle": 0, "axis": "y", "origin": [0, 21.8, 0]},
			"faces": {
				"north": {"uv": [1.5, 3, 2, 6.5], "texture": "#1"},
				"east": {"uv": [3, 1.5, 3.5, 5], "texture": "#1"},
				"south": {"uv": [2, 3, 2.5, 6.5], "texture": "#1"},
				"west": {"uv": [2.5, 3, 3, 6.5], "texture": "#1"},
				"up": {"uv": [3, 8.25, 2.5, 7.75], "texture": "#1"},
				"down": {"uv": [8.25, 2.5, 7.75, 3], "texture": "#1"}
			}
		},
		{
			"from": [6.501, -6.199, 6.501],
			"to": [9.499, -4.201, 9.499],
			"rotation": {"angle": 0, "axis": "y", "origin": [0, 20.8, 0]},
			"faces": {
				"north": {"uv": [6.75, 0.5, 7.5, 1], "texture": "#1"},
				"east": {"uv": [7, 2.25, 7.75, 2.75], "texture": "#1"},
				"south": {"uv": [7, 2.75, 7.75, 3.25], "texture": "#1"},
				"west": {"uv": [3, 7, 3.75, 7.5], "texture": "#1"},
				"up": {"uv": [0.75, 7, 0, 6.25], "texture": "#1"},
				"down": {"uv": [1.5, 6.25, 0.75, 7], "texture": "#1"}
			}
		},
		{
			"from": [6.501, 0.801, 6.501],
			"to": [9.499, 2.799, 9.499],
			"rotation": {"angle": 0, "axis": "y", "origin": [0, 20.8, 0]},
			"faces": {
				"north": {"uv": [3.75, 7, 4.5, 7.5], "texture": "#1"},
				"east": {"uv": [7, 5.5, 7.75, 6], "texture": "#1"},
				"south": {"uv": [7, 6, 7.75, 6.5], "texture": "#1"},
				"west": {"uv": [6.5, 7, 7.25, 7.5], "texture": "#1"},
				"up": {"uv": [7, 3.5, 6.25, 2.75], "texture": "#1"},
				"down": {"uv": [7.25, 1, 6.5, 1.75], "texture": "#1"}
			}
		},
		{
			"from": [10.82743, 8.57743, 6.999],
			"to": [13.82943, 14.57943, 9.001],
			"rotation": {"angle": 0, "axis": "z", "origin": [15.27843, 16.82843, 7.999]},
			"faces": {
				"north": {"uv": [3.5, 1.5, 4.25, 3], "texture": "#1"},
				"east": {"uv": [3.5, 4.5, 4, 6], "texture": "#1"},
				"south": {"uv": [3.5, 3, 4.25, 4.5], "texture": "#1"},
				"west": {"uv": [4, 4.5, 4.5, 6], "texture": "#1"},
				"up": {"uv": [8, 1.5, 7.25, 1], "texture": "#1"},
				"down": {"uv": [2.25, 7.25, 1.5, 7.75], "texture": "#1"}
			}
		},
		{
			"from": [8.87968, 14.28853, 7.001],
			"to": [9.87768, 15.28653, 8.999],
			"rotation": {"angle": 0, "axis": "y", "origin": [19.32868, 16.53753, 8.001]},
			"faces": {
				"north": {"uv": [5.5, 1.25, 5.75, 1.5], "texture": "#1"},
				"east": {"uv": [5.75, 2.75, 6.25, 3], "texture": "#1"},
				"south": {"uv": [7, 3.25, 7.25, 3.5], "texture": "#1"},
				"west": {"uv": [6, 1, 6.5, 1.25], "texture": "#1"},
				"up": {"uv": [8.25, 8.25, 8, 7.75], "texture": "#1"},
				"down": {"uv": [8.5, 0, 8.25, 0.5], "texture": "#1"}
			}
		},
		{
			"from": [10.82943, 14.57943, 7],
			"to": [13.82943, 18.57943, 9],
			"rotation": {"angle": 45, "axis": "z", "origin": [13.82943, 14.57943, 8.001]},
			"faces": {
				"north": {"uv": [4.5, 4.5, 5.25, 5.5], "texture": "#1"},
				"east": {"uv": [3, 5, 3.5, 6], "texture": "#1"},
				"south": {"uv": [0, 5.25, 0.75, 6.25], "texture": "#1"},
				"west": {"uv": [4.5, 6.5, 5, 7.5], "texture": "#1"},
				"up": {"uv": [3, 7.75, 2.25, 7.25], "texture": "#1"},
				"down": {"uv": [8, 3.25, 7.25, 3.75], "texture": "#1"}
			}
		},
		{
			"from": [4.998, 5.748, 6.998],
			"to": [11.002, 8.752, 9.002],
			"rotation": {"angle": 0, "axis": "y", "origin": [8, 7.75, 8.5]},
			"faces": {
				"north": {"uv": [4.25, 1.5, 5.75, 2.25], "texture": "#1"},
				"east": {"uv": [7.25, 3.75, 7.75, 4.5], "texture": "#1"},
				"south": {"uv": [4.25, 2.25, 5.75, 3], "texture": "#1"},
				"west": {"uv": [7.25, 4.5, 7.75, 5.25], "texture": "#1"},
				"up": {"uv": [6, 1.25, 4.5, 0.75], "texture": "#1"},
				"down": {"uv": [6.75, 4.5, 5.25, 5], "texture": "#1"}
			}
		},
		{
			"from": [4.29189, 9.70075, 7.001],
			"to": [5.28989, 10.69875, 8.999],
			"rotation": {"angle": 0, "axis": "y", "origin": [9.29089, 7.69975, 8.501]},
			"faces": {
				"north": {"uv": [7.25, 1.5, 7.5, 1.75], "texture": "#1"},
				"east": {"uv": [6.75, 4.75, 7.25, 5], "texture": "#1"},
				"south": {"uv": [7.5, 2, 7.75, 2.25], "texture": "#1"},
				"west": {"uv": [7.25, 5.25, 7.75, 5.5], "texture": "#1"},
				"up": {"uv": [8.5, 1, 8.25, 0.5], "texture": "#1"},
				"down": {"uv": [8.5, 1.5, 8.25, 2], "texture": "#1"}
			}
		},
		{
			"from": [8.001, 5.749, 7],
			"to": [11.001, 9.749, 9],
			"rotation": {"angle": -45, "axis": "z", "origin": [11.001, 5.749, 8.001]},
			"faces": {
				"north": {"uv": [0.75, 5.25, 1.5, 6.25], "texture": "#1"},
				"east": {"uv": [5, 6.5, 5.5, 7.5], "texture": "#1"},
				"south": {"uv": [5.25, 5, 6, 6], "texture": "#1"},
				"west": {"uv": [5.5, 6.5, 6, 7.5], "texture": "#1"},
				"up": {"uv": [8, 7.5, 7.25, 7], "texture": "#1"},
				"down": {"uv": [8.25, 0.5, 7.5, 1], "texture": "#1"}
			}
		},
		{
			"from": [4.999, 5.749, 7],
			"to": [7.999, 9.749, 9],
			"rotation": {"angle": 45, "axis": "z", "origin": [4.999, 5.749, 8.001]},
			"faces": {
				"north": {"uv": [5.5, 3, 6.25, 4], "texture": "#1"},
				"east": {"uv": [6.5, 5.5, 7, 6.5], "texture": "#1"},
				"south": {"uv": [4.5, 5.5, 5.25, 6.5], "texture": "#1"},
				"west": {"uv": [6, 6.5, 6.5, 7.5], "texture": "#1"},
				"up": {"uv": [8.25, 2, 7.5, 1.5], "texture": "#1"},
				"down": {"uv": [3.75, 7.5, 3, 8], "texture": "#1"}
			}
		},
		{
			"from": [5.999, 6.999, 6.499],
			"to": [8.001, 9.001, 9.501],
			"rotation": {"angle": 45, "axis": "z", "origin": [8, 9, 8]},
			"faces": {
				"north": {"uv": [7.75, 3.75, 8.25, 4.25], "texture": "#1"},
				"east": {"uv": [3.75, 7.5, 4.5, 8], "texture": "#1"},
				"south": {"uv": [7.75, 4.25, 8.25, 4.75], "texture": "#1"},
				"west": {"uv": [4.5, 7.5, 5.25, 8], "texture": "#1"},
				"up": {"uv": [5.75, 8.25, 5.25, 7.5], "texture": "#1"},
				"down": {"uv": [6.25, 7.5, 5.75, 8.25], "texture": "#1"}
			}
		},
		{
			"from": [4.999, 8.749, 4.999],
			"to": [11.001, 14.751, 11.001],
			"rotation": {"angle": 0, "axis": "y", "origin": [7.5, 11.75, 8.5]},
			"faces": {
				"north": {"uv": [0, 0, 1.5, 1.5], "texture": "#1"},
				"east": {"uv": [0, 1.5, 1.5, 3], "texture": "#1"},
				"south": {"uv": [1.5, 0, 3, 1.5], "texture": "#1"},
				"west": {"uv": [1.5, 1.5, 3, 3], "texture": "#1"},
				"up": {"uv": [1.5, 4.5, 0, 3], "texture": "#1"},
				"down": {"uv": [4.5, 0, 3, 1.5], "texture": "#1"}
			}
		}
	],
	"gui_light": "front",
	"display": {
		"thirdperson_righthand": {
			"rotation": [0, -90, 0],
			"translation": [0, 4.75, 1.25],
			"scale": [0.66, 0.66, 0.66]
		},
		"thirdperson_lefthand": {
			"rotation": [0, 90, 0],
			"translation": [0, 3.75, 1.25],
			"scale": [0.6, 0.6, 0.6]
		},
		"firstperson_righthand": {
			"rotation": [20, -90, 0],
			"translation": [2, 4, 0.5],
			"scale": [0.6, 0.6, 0.6]
		},
		"firstperson_lefthand": {
			"rotation": [20, 90, 0],
			"translation": [2, 4, 0.5],
			"scale": [0.6, 0.6, 0.6]
		},
		"ground": {
			"rotation": [0, 0, -45],
			"translation": [2.5, 7, 0],
			"scale": [0.5, 0.5, 0.5]
		},
		"gui": {
			"rotation": [0, 0, -45],
			"translation": [1.75, 2.25, -0.75],
			"scale": [0.65, 0.65, 0.65]
		},
		"head": {
			"rotation": [0, 0, 45],
			"translation": [9.75, 7.5, 0.75],
			"scale": [0.6, 0.6, 0.6]
		},
		"fixed": {
			"rotation": [0, -180, -45],
			"translation": [-2, 2.25, -0.75],
			"scale": [0.8, 0.8, 0.8]
		}
	},
	"groups": [
		{
			"name": "staff",
			"origin": [8, 8, 8],
			"color": 0,
			"children": [
				{
					"name": "pommel",
					"origin": [8, 8, 8],
					"color": 0,
					"children": [0, 1]
				},
				{
					"name": "grip",
					"origin": [8, 8, 8],
					"color": 0,
					"children": [
						2,
						{
							"name": "handle",
							"origin": [8, 8, 8],
							"color": 0,
							"children": [3, 4]
						}
					]
				},
				{
					"name": "guard",
					"origin": [8, 8, 8],
					"color": 0,
					"children": [
						{
							"name": "cross-guard",
							"origin": [8, 8, 8],
							"color": 0,
							"children": [
								{
									"name": "gem",
									"origin": [8, 8, 8],
									"color": 0,
									"children": [5, 6, 7]
								},
								{
									"name": "gem",
									"origin": [8, 8, 8],
									"color": 0,
									"children": [8, 9, 10, 11, 12]
								},
								{
									"name": "blade",
									"origin": [8, 8, 8],
									"color": 0,
									"children": [13]
								}
							]
						}
					]
				}
			]
		}
	]
}