{
	"credit": "Made with Blockbench by Zandhra",
	"texture_size": [64, 64],
	"textures": {
		"0": "chunky:item/gear/oceanic_set/oceanic_shovel",
		"particle": "chunky:item/gear/oceanic_set/oceanic_shovel"
	},
	"elements": [
		{
			"from": [7.75, 0.5, 7.5],
			"to": [8.25, 10.5, 8.5],
			"rotation": {"angle": 0, "axis": "y", "origin": [8, 8, 8]},
			"faces": {
				"north": {"uv": [0, 1.25, 0.25, 6.25], "texture": "#0"},
				"east": {"uv": [0.5, 1.25, 0, 6.25], "texture": "#0"},
				"south": {"uv": [0.25, 1.25, 0.5, 6.25], "texture": "#0"},
				"west": {"uv": [0, 1.25, 0.5, 6.25], "texture": "#0"},
				"up": {"uv": [0, 1.25, 0.5, 1.5], "rotation": 90, "texture": "#0"},
				"down": {"uv": [0, 6, 0.5, 6.25], "rotation": 90, "texture": "#0"}
			}
		},
		{
			"from": [7.75, 11.01421, 5.58579],
			"to": [8.25, 12.01421, 6.58579],
			"rotation": {"angle": 45, "axis": "x", "origin": [8, 10.51421, 6.58579]},
			"faces": {
				"north": {"uv": [3, 1.25, 3.5, 1.5], "rotation": 90, "texture": "#0"},
				"east": {"uv": [3, 1.25, 3.5, 1.75], "rotation": 90, "texture": "#0"},
				"south": {"uv": [3, 1.5, 3.5, 1.75], "rotation": 90, "texture": "#0"},
				"west": {"uv": [3, 1.25, 3.5, 1.75], "texture": "#0"},
				"up": {"uv": [3, 1.25, 3.25, 1.75], "texture": "#0"},
				"down": {"uv": [3.25, 1.25, 3.5, 1.75], "rotation": 180, "texture": "#0"}
			}
		},
		{
			"from": [7.75, 9.51421, 6.58579],
			"to": [8.25, 10.51421, 7.58579],
			"rotation": {"angle": 45, "axis": "x", "origin": [8, 10.51421, 6.58579]},
			"faces": {
				"north": {"uv": [3, 1.25, 3.5, 1.5], "rotation": 90, "texture": "#0"},
				"east": {"uv": [3, 1.25, 3.5, 1.75], "rotation": 90, "texture": "#0"},
				"south": {"uv": [3, 1.5, 3.5, 1.75], "rotation": 90, "texture": "#0"},
				"west": {"uv": [3, 1.25, 3.5, 1.75], "texture": "#0"},
				"up": {"uv": [3, 1.25, 3.25, 1.75], "texture": "#0"},
				"down": {"uv": [3.25, 1.25, 3.5, 1.75], "rotation": 180, "texture": "#0"}
			}
		},
		{
			"from": [7.95, 9.25, 5.5],
			"to": [8.05, 14.75, 10.5],
			"rotation": {"angle": 0, "axis": "y", "origin": [8, 11.6, 8]},
			"faces": {
				"north": {"uv": [15.75, 0.25, 15.5, 0.5], "rotation": 180, "texture": "#0"},
				"east": {"uv": [2.75, 13.25, 0.25, 15.75], "texture": "#0"},
				"south": {"uv": [15.75, 0.25, 15.5, 0.5], "rotation": 180, "texture": "#0"},
				"west": {"uv": [0.25, 13.25, 2.75, 15.75], "texture": "#0"},
				"up": {"uv": [15.75, 0.25, 15.5, 0.5], "rotation": 180, "texture": "#0"},
				"down": {"uv": [15.75, 0.25, 15.5, 0.5], "rotation": 180, "texture": "#0"}
			}
		},
		{
			"from": [7.5, 1.5, 7.25],
			"to": [8.5, 2, 8.75],
			"rotation": {"angle": 0, "axis": "y", "origin": [8, 8.5, 8]},
			"faces": {
				"north": {"uv": [5, 0.75, 4.75, 1], "texture": "#0"},
				"east": {"uv": [4.25, 0.75, 5, 1], "texture": "#0"},
				"south": {"uv": [4.5, 0.75, 4.25, 1], "texture": "#0"},
				"west": {"uv": [5, 0.75, 4.25, 1], "texture": "#0"},
				"up": {"uv": [5, 0.75, 4.25, 1], "rotation": 90, "texture": "#0"},
				"down": {"uv": [5, 0.75, 4.25, 1], "rotation": 270, "texture": "#0"}
			}
		},
		{
			"from": [7.5, 7.5, 7.25],
			"to": [8.5, 8, 8.75],
			"rotation": {"angle": 0, "axis": "y", "origin": [8, 14.5, 8]},
			"faces": {
				"north": {"uv": [5, 0.75, 4.75, 1], "texture": "#0"},
				"east": {"uv": [4.25, 0.75, 5, 1], "texture": "#0"},
				"south": {"uv": [4.5, 0.75, 4.25, 1], "texture": "#0"},
				"west": {"uv": [5, 0.75, 4.25, 1], "texture": "#0"},
				"up": {"uv": [5, 0.75, 4.25, 1], "rotation": 90, "texture": "#0"},
				"down": {"uv": [5, 0.75, 4.25, 1], "rotation": 270, "texture": "#0"}
			}
		},
		{
			"from": [7.5, -0.67513, 8.14645],
			"to": [8.5, 1.32487, 10.14645],
			"rotation": {"angle": 45, "axis": "x", "origin": [8, 1.32487, 7.64645]},
			"faces": {
				"north": {"uv": [5.75, 0, 6, 1], "texture": "#0"},
				"east": {"uv": [5, 0, 6, 1], "texture": "#0"},
				"south": {"uv": [5, 0, 5.25, 1], "texture": "#0"},
				"west": {"uv": [6, 0, 5, 1], "texture": "#0"},
				"up": {"uv": [5, 0, 6, 0.25], "rotation": 270, "texture": "#0"},
				"down": {"uv": [5, 0.75, 6, 1], "rotation": 90, "texture": "#0"}
			}
		},
		{
			"from": [7.5, 9.57487, 8.14645],
			"to": [8.5, 11.57487, 10.14645],
			"rotation": {"angle": 45, "axis": "x", "origin": [8, 11.57487, 7.64645]},
			"faces": {
				"north": {"uv": [5.75, 0, 6, 1], "texture": "#0"},
				"east": {"uv": [5, 0, 6, 1], "texture": "#0"},
				"south": {"uv": [5, 0, 5.25, 1], "texture": "#0"},
				"west": {"uv": [6, 0, 5, 1], "texture": "#0"},
				"up": {"uv": [5, 0, 6, 0.25], "rotation": 270, "texture": "#0"},
				"down": {"uv": [5, 0.75, 6, 1], "rotation": 90, "texture": "#0"}
			}
		}
	],
	"display": {
		"thirdperson_righthand": {
			"translation": [0, 4.5, 1.25],
			"scale": [1.5, 1.5, 1.5]
		},
		"thirdperson_lefthand": {
			"translation": [0, 4.5, 1.25],
			"scale": [1.5, 1.5, 1.5]
		},
		"firstperson_righthand": {
			"rotation": [3, 9, -4.75],
			"translation": [0.25, 6, 0.75]
		},
		"firstperson_lefthand": {
			"rotation": [2, 9, -4.75],
			"translation": [0.25, 6, 0.75]
		},
		"ground": {
			"rotation": [0, 0, 38],
			"translation": [0, 5, 0]
		},
		"gui": {
			"rotation": [29.5, 46.75, -55.5],
			"translation": [1.25, 2, 0]
		},
		"head": {
			"rotation": [90, 53, 90],
			"translation": [-4.5, -15, 6.5],
			"scale": [3, 3, 3]
		},
		"fixed": {
			"rotation": [0, 90, 0],
			"translation": [0, 2.75, 0]
		}
	}
}