{
	"credit": "Made with Blockbench by Zandhra",
	"texture_size": [64, 64],
	"textures": {
		"0": "chunky:item/gear/oceanic_set/oceanic_shield",
		"particle": "chunky:item/gear/oceanic_set/oceanic_shield"
	},
	"elements": [
		{
			"from": [2, 3, 5.5],
			"to": [8, 16, 6],
			"rotation": {"angle": 22.5, "axis": "y", "origin": [8, 0, 5.5]},
			"faces": {
				"north": {"uv": [3.75, 1.5, 0.75, 8], "texture": "#0"},
				"east": {"uv": [15.5, 0.25, 15.75, 0.5], "texture": "#0"},
				"south": {"uv": [6.75, 1.5, 3.75, 8], "texture": "#0"},
				"west": {"uv": [15.5, 0.25, 15.75, 0.5], "texture": "#0"},
				"up": {"uv": [15.5, 0.25, 15.75, 0.5], "texture": "#0"},
				"down": {"uv": [15.5, 0.25, 15.75, 0.5], "texture": "#0"}
			}
		},
		{
			"from": [8, 3, 5.5],
			"to": [14, 16, 6],
			"rotation": {"angle": -22.5, "axis": "y", "origin": [8, 0, 5.5]},
			"faces": {
				"north": {"uv": [0.75, 1.5, 3.75, 8], "texture": "#0"},
				"east": {"uv": [15.5, 0.25, 15.75, 0.5], "texture": "#0"},
				"south": {"uv": [3.75, 1.5, 6.75, 8], "texture": "#0"},
				"west": {"uv": [15.5, 0.25, 15.75, 0.5], "texture": "#0"},
				"up": {"uv": [15.5, 0.25, 15.75, 0.5], "texture": "#0"},
				"down": {"uv": [15.5, 0.25, 15.75, 0.5], "texture": "#0"}
			}
		},
		{
			"from": [13.94882, 16.01, 4.02157],
			"to": [19.44882, 21.51, 4.07157],
			"rotation": {"angle": -45, "axis": "y", "origin": [9.64882, 4.51, 3.07157]},
			"faces": {
				"north": {"uv": [0.25, 13, 3, 15.75], "texture": "#0"},
				"east": {"uv": [15.5, 15.5, 15.75, 15.75], "texture": "#0"},
				"south": {"uv": [3, 13, 0.25, 15.75], "texture": "#0"},
				"west": {"uv": [15.5, 15.5, 15.75, 15.75], "texture": "#0"},
				"up": {"uv": [15.5, 15.5, 15.75, 15.75], "texture": "#0"},
				"down": {"uv": [15.5, 15.5, 15.75, 15.75], "texture": "#0"}
			}
		},
		{
			"from": [15.19882, 15.01, 3.17157],
			"to": [18.69882, 18.51, 3.22157],
			"rotation": {"angle": -45, "axis": "y", "origin": [9.64882, 4.51, 3.07157]},
			"faces": {
				"north": {"uv": [3.25, 14, 5, 15.75], "texture": "#0"},
				"east": {"uv": [15.5, 15.5, 15.75, 15.75], "texture": "#0"},
				"south": {"uv": [5, 14, 3.25, 15.75], "texture": "#0"},
				"west": {"uv": [15.5, 15.5, 15.75, 15.75], "texture": "#0"},
				"up": {"uv": [15.5, 15.5, 15.75, 15.75], "texture": "#0"},
				"down": {"uv": [15.5, 15.5, 15.75, 15.75], "texture": "#0"}
			}
		},
		{
			"from": [12.3, 1.49, 5],
			"to": [13.8, 4.5, 6.5],
			"rotation": {"angle": -22.5, "axis": "y", "origin": [8, -14, 5.5]},
			"faces": {
				"north": {"uv": [0.75, 8, 1.5, 9.5], "texture": "#0"},
				"east": {"uv": [0.75, 8, 1, 9.5], "texture": "#0"},
				"south": {"uv": [1.5, 8, 0.75, 9.5], "texture": "#0"},
				"west": {"uv": [1.25, 8, 1.5, 9.5], "texture": "#0"},
				"up": {"uv": [0.75, 8, 1.5, 8.25], "rotation": 180, "texture": "#0"},
				"down": {"uv": [0.75, 9.25, 1.5, 9.5], "rotation": 180, "texture": "#0"}
			}
		},
		{
			"from": [2.2, 1.49, 5],
			"to": [3.7, 4.5, 6.5],
			"rotation": {"angle": 22.5, "axis": "y", "origin": [8, -14, 5.5]},
			"faces": {
				"north": {"uv": [1.5, 8, 0.75, 9.5], "texture": "#0"},
				"east": {"uv": [1.5, 8, 1.25, 9.5], "texture": "#0"},
				"south": {"uv": [0.75, 8, 1.5, 9.5], "texture": "#0"},
				"west": {"uv": [1, 8, 0.75, 9.5], "texture": "#0"},
				"up": {"uv": [1.5, 8, 0.75, 8.25], "rotation": 180, "texture": "#0"},
				"down": {"uv": [1.5, 9.25, 0.75, 9.5], "rotation": 180, "texture": "#0"}
			}
		},
		{
			"from": [12.3, 14.5, 5],
			"to": [13.8, 17.5, 6.5],
			"rotation": {"angle": -22.5, "axis": "y", "origin": [8, 33, 5.5]},
			"faces": {
				"north": {"uv": [1.5, 1.5, 0.75, 0], "texture": "#0"},
				"east": {"uv": [1.5, 1.5, 1.25, 0], "texture": "#0"},
				"south": {"uv": [0.75, 1.5, 1.5, 0], "texture": "#0"},
				"west": {"uv": [1, 1.5, 0.75, 0], "texture": "#0"},
				"up": {"uv": [1.5, 1.5, 0.75, 1.25], "rotation": 180, "texture": "#0"},
				"down": {"uv": [1.5, 0.25, 0.75, 0], "rotation": 180, "texture": "#0"}
			}
		},
		{
			"from": [10.80419, 16.01, 4.24373],
			"to": [13.30419, 18.51, 5.74373],
			"rotation": {"angle": -45, "axis": "y", "origin": [9.5, 14.5, 6.75]},
			"faces": {
				"north": {"uv": [0, 9.75, 1.25, 11], "texture": "#0"},
				"east": {"uv": [0, 11, 0.75, 12.25], "texture": "#0"},
				"south": {"uv": [1.25, 9.75, 0, 11], "texture": "#0"},
				"west": {"uv": [0.75, 11, 1.5, 12.25], "texture": "#0"},
				"up": {"uv": [1.25, 9.75, 2.5, 10.5], "rotation": 180, "texture": "#0"},
				"down": {"uv": [2.5, 9.75, 3.75, 10.5], "texture": "#0"}
			}
		},
		{
			"from": [12.80419, 15, 4.49373],
			"to": [14.80419, 17, 5.99373],
			"rotation": {"angle": -45, "axis": "y", "origin": [11, 13, 7]},
			"faces": {
				"north": {"uv": [1.5, 10.5, 2.5, 11.5], "texture": "#0"},
				"east": {"uv": [2.5, 10.5, 3.25, 11.5], "texture": "#0"},
				"south": {"uv": [2.5, 10.5, 1.5, 11.5], "texture": "#0"},
				"west": {"uv": [3.25, 10.5, 4, 11.5], "texture": "#0"},
				"up": {"uv": [1.5, 11.5, 2.5, 12.25], "rotation": 180, "texture": "#0"},
				"down": {"uv": [2.5, 11.5, 3.5, 12.25], "rotation": 180, "texture": "#0"}
			}
		},
		{
			"from": [7.8, 16, 5],
			"to": [12.3, 17.51, 6.5],
			"rotation": {"angle": -22.5, "axis": "y", "origin": [8, 33, 5.5]},
			"faces": {
				"north": {"uv": [1.5, 0, 3.75, 0.75], "texture": "#0"},
				"east": {"uv": [1.5, 0, 1.75, 0.75], "texture": "#0"},
				"south": {"uv": [3.75, 0, 1.5, 0.75], "texture": "#0"},
				"west": {"uv": [3.5, 0, 3.75, 0.75], "texture": "#0"},
				"up": {"uv": [1.5, 0, 3.75, 0.25], "rotation": 180, "texture": "#0"},
				"down": {"uv": [1.5, 0.5, 3.75, 0.75], "rotation": 180, "texture": "#0"}
			}
		},
		{
			"from": [10.3, 15.9, 4.9],
			"to": [11.3, 17.61, 6.6],
			"rotation": {"angle": -22.5, "axis": "y", "origin": [8, 33, 5.5]},
			"faces": {
				"north": {"uv": [1.5, 0.75, 2, 1.5], "texture": "#0"},
				"east": {"uv": [2.5, 0.75, 3.25, 1.5], "texture": "#0"},
				"south": {"uv": [2, 1.5, 2.5, 0.75], "texture": "#0"},
				"west": {"uv": [3.25, 0.75, 4, 1.5], "texture": "#0"},
				"up": {"uv": [1.5, 1.5, 2, 0.75], "rotation": 180, "texture": "#0"},
				"down": {"uv": [2, 0.75, 2.5, 1.5], "texture": "#0"}
			}
		},
		{
			"from": [4.7, 15.9, 4.9],
			"to": [5.7, 17.61, 6.6],
			"rotation": {"angle": 22.5, "axis": "y", "origin": [8, 33, 5.5]},
			"faces": {
				"north": {"uv": [2, 0.75, 1.5, 1.5], "texture": "#0"},
				"east": {"uv": [4, 0.75, 3.25, 1.5], "texture": "#0"},
				"south": {"uv": [2.5, 1.5, 2, 0.75], "texture": "#0"},
				"west": {"uv": [3.25, 0.75, 2.5, 1.5], "texture": "#0"},
				"up": {"uv": [2, 1.5, 1.5, 0.75], "rotation": 180, "texture": "#0"},
				"down": {"uv": [2.5, 0.75, 2, 1.5], "texture": "#0"}
			}
		},
		{
			"from": [4.7, 1.39, 4.9],
			"to": [5.7, 3.1, 6.6],
			"rotation": {"angle": 22.5, "axis": "y", "origin": [8, -14, 5.5]},
			"faces": {
				"north": {"uv": [2, 1.5, 1.5, 0.75], "texture": "#0"},
				"east": {"uv": [4, 1.5, 3.25, 0.75], "texture": "#0"},
				"south": {"uv": [2.5, 0.75, 2, 1.5], "texture": "#0"},
				"west": {"uv": [3.25, 1.5, 2.5, 0.75], "texture": "#0"},
				"up": {"uv": [2.5, 1.5, 2, 0.75], "texture": "#0"},
				"down": {"uv": [2, 0.75, 1.5, 1.5], "rotation": 180, "texture": "#0"}
			}
		},
		{
			"from": [10.3, 1.39, 4.9],
			"to": [11.3, 3.1, 6.6],
			"rotation": {"angle": -22.5, "axis": "y", "origin": [8, -14, 5.5]},
			"faces": {
				"north": {"uv": [1.5, 1.5, 2, 0.75], "texture": "#0"},
				"east": {"uv": [2.5, 1.5, 3.25, 0.75], "texture": "#0"},
				"south": {"uv": [2, 0.75, 2.5, 1.5], "texture": "#0"},
				"west": {"uv": [3.25, 1.5, 4, 0.75], "texture": "#0"},
				"up": {"uv": [2, 1.5, 2.5, 0.75], "texture": "#0"},
				"down": {"uv": [1.5, 0.75, 2, 1.5], "rotation": 180, "texture": "#0"}
			}
		},
		{
			"from": [2.2, 14.5, 5],
			"to": [3.7, 17.5, 6.5],
			"rotation": {"angle": 22.5, "axis": "y", "origin": [8, 33, 5.5]},
			"faces": {
				"north": {"uv": [0.75, 1.5, 1.5, 0], "texture": "#0"},
				"east": {"uv": [0.75, 1.5, 1, 0], "texture": "#0"},
				"south": {"uv": [1.5, 1.5, 0.75, 0], "texture": "#0"},
				"west": {"uv": [1.25, 1.5, 1.5, 0], "texture": "#0"},
				"up": {"uv": [0.75, 1.5, 1.5, 1.25], "rotation": 180, "texture": "#0"},
				"down": {"uv": [0.75, 0.25, 1.5, 0], "rotation": 180, "texture": "#0"}
			}
		},
		{
			"from": [3.7, 15.99, 5],
			"to": [8.2, 17.5, 6.5],
			"rotation": {"angle": 22.5, "axis": "y", "origin": [8, 32.99, 5.5]},
			"faces": {
				"north": {"uv": [3.75, 0, 1.5, 0.75], "texture": "#0"},
				"east": {"uv": [3.75, 0, 3.5, 0.75], "texture": "#0"},
				"south": {"uv": [1.5, 0, 3.75, 0.75], "texture": "#0"},
				"west": {"uv": [1.75, 0, 1.5, 0.75], "texture": "#0"},
				"up": {"uv": [3.75, 0, 1.5, 0.25], "rotation": 180, "texture": "#0"},
				"down": {"uv": [3.75, 0.5, 1.5, 0.75], "rotation": 180, "texture": "#0"}
			}
		},
		{
			"from": [7.8, 1.5, 5],
			"to": [12.3, 3.01, 6.5],
			"rotation": {"angle": -22.5, "axis": "y", "origin": [8, 18.5, 5.5]},
			"faces": {
				"north": {"uv": [1.5, 8.75, 3.75, 9.5], "texture": "#0"},
				"east": {"uv": [1.5, 8.75, 1.75, 9.5], "texture": "#0"},
				"south": {"uv": [3.75, 8.75, 1.5, 9.5], "texture": "#0"},
				"west": {"uv": [3.5, 8.75, 3.75, 9.5], "texture": "#0"},
				"up": {"uv": [1.5, 8.75, 3.75, 9], "rotation": 180, "texture": "#0"},
				"down": {"uv": [1.5, 9.25, 3.75, 9.5], "rotation": 180, "texture": "#0"}
			}
		},
		{
			"from": [3.7, 1.49, 5],
			"to": [8.2, 3, 6.5],
			"rotation": {"angle": 22.5, "axis": "y", "origin": [8, 18.49, 5.5]},
			"faces": {
				"north": {"uv": [3.75, 8.75, 1.5, 9.5], "texture": "#0"},
				"east": {"uv": [3.75, 8.75, 3.5, 9.5], "texture": "#0"},
				"south": {"uv": [1.5, 8.75, 3.75, 9.5], "texture": "#0"},
				"west": {"uv": [1.75, 8.75, 1.5, 9.5], "texture": "#0"},
				"up": {"uv": [3.75, 8.75, 1.5, 9], "rotation": 180, "texture": "#0"},
				"down": {"uv": [3.75, 9.25, 1.5, 9.5], "rotation": 180, "texture": "#0"}
			}
		},
		{
			"from": [13.8, 3, 5],
			"to": [15.3, 16, 6.5],
			"rotation": {"angle": -22.5, "axis": "y", "origin": [8, -14, 5.5]},
			"faces": {
				"north": {"uv": [0.75, 0, 0, 6.5], "texture": "#0"},
				"east": {"uv": [0.75, 0, 0.5, 6.5], "texture": "#0"},
				"south": {"uv": [0, 0, 0.75, 6.5], "texture": "#0"},
				"west": {"uv": [0.25, 0, 0, 6.5], "texture": "#0"},
				"up": {"uv": [0.75, 0, 0, 0.25], "rotation": 180, "texture": "#0"},
				"down": {"uv": [0.75, 6.25, 0, 6.5], "rotation": 180, "texture": "#0"}
			}
		},
		{
			"from": [13.7, 12.5, 4.9],
			"to": [15.4, 13.5, 6.6],
			"rotation": {"angle": -22.5, "axis": "y", "origin": [8, -15, 5.5]},
			"faces": {
				"north": {"uv": [0, 6.5, 0.75, 7], "texture": "#0"},
				"east": {"uv": [0.75, 6.5, 0, 7], "texture": "#0"},
				"south": {"uv": [0.75, 7, 0, 7.5], "texture": "#0"},
				"west": {"uv": [0, 7, 0.75, 7.5], "texture": "#0"},
				"up": {"uv": [0, 7.5, 0.75, 8.25], "texture": "#0"},
				"down": {"uv": [0, 8.25, 0.75, 9], "texture": "#0"}
			}
		},
		{
			"from": [13.7, 5.5, 4.9],
			"to": [15.4, 6.5, 6.6],
			"rotation": {"angle": -22.5, "axis": "y", "origin": [8, -22, 5.5]},
			"faces": {
				"north": {"uv": [0, 6.5, 0.75, 7], "texture": "#0"},
				"east": {"uv": [0.75, 6.5, 0, 7], "texture": "#0"},
				"south": {"uv": [0.75, 7, 0, 7.5], "texture": "#0"},
				"west": {"uv": [0, 7, 0.75, 7.5], "texture": "#0"},
				"up": {"uv": [0, 6.5, 0.75, 7], "texture": "#0"},
				"down": {"uv": [0, 6.5, 0.75, 7], "texture": "#0"}
			}
		},
		{
			"from": [0.6, 12.5, 4.9],
			"to": [2.3, 13.5, 6.6],
			"rotation": {"angle": 22.5, "axis": "y", "origin": [8, -15, 5.5]},
			"faces": {
				"north": {"uv": [0.75, 6.5, 0, 7], "texture": "#0"},
				"east": {"uv": [0.75, 7, 0, 7.5], "texture": "#0"},
				"south": {"uv": [0, 7, 0.75, 7.5], "texture": "#0"},
				"west": {"uv": [0, 6.5, 0.75, 7], "texture": "#0"},
				"up": {"uv": [0.75, 7.5, 0, 8.25], "texture": "#0"},
				"down": {"uv": [0.75, 8.25, 0, 9], "texture": "#0"}
			}
		},
		{
			"from": [0.7, 3, 5],
			"to": [2.2, 16, 6.5],
			"rotation": {"angle": 22.5, "axis": "y", "origin": [8, -14, 5.5]},
			"faces": {
				"north": {"uv": [0, 0, 0.75, 6.5], "texture": "#0"},
				"east": {"uv": [0, 0, 0.25, 6.5], "texture": "#0"},
				"south": {"uv": [0.75, 0, 0, 6.5], "texture": "#0"},
				"west": {"uv": [0.5, 0, 0.75, 6.5], "texture": "#0"},
				"up": {"uv": [0, 0, 0.75, 0.25], "rotation": 180, "texture": "#0"},
				"down": {"uv": [0, 6.25, 0.75, 6.5], "rotation": 180, "texture": "#0"}
			}
		},
		{
			"from": [0.6, 5.5, 4.9],
			"to": [2.3, 6.5, 6.6],
			"rotation": {"angle": 22.5, "axis": "y", "origin": [8, -22, 5.5]},
			"faces": {
				"north": {"uv": [0.75, 6.5, 0, 7], "texture": "#0"},
				"east": {"uv": [0.75, 7, 0, 7.5], "texture": "#0"},
				"south": {"uv": [0, 7, 0.75, 7.5], "texture": "#0"},
				"west": {"uv": [0, 6.5, 0.75, 7], "texture": "#0"},
				"up": {"uv": [0.75, 6.5, 0, 7], "texture": "#0"},
				"down": {"uv": [0.75, 6.5, 0, 7], "texture": "#0"}
			}
		}
	],
	"display": {
		"thirdperson_righthand": {
			"rotation": [0, -26, 0],
			"translation": [1.5, -3.75, 1.75]
		},
		"thirdperson_lefthand": {
			"rotation": [0, -26, 0],
			"translation": [1.5, -3.75, 1.75]
		},
		"firstperson_righthand": {
			"rotation": [13.25, -15, 0],
			"translation": [4, -1, 0.75]
		},
		"firstperson_lefthand": {
			"rotation": [13.25, -15, 0],
			"translation": [4, -1, 0.75]
		},
		"ground": {
			"rotation": [45, 0, 0],
			"translation": [0, 3.5, 0]
		},
		"gui": {
			"rotation": [-22.5, 148.25, 18.5],
			"translation": [-0.5, -2, 0],
			"scale": [0.77, 0.77, 0.77]
		},
		"head": {
			"rotation": [4, -180, 0],
			"translation": [0, -15.25, 6],
			"scale": [1.5, 1.5, 1.5]
		},
		"fixed": {
			"translation": [0, -2.25, 0]
		}
	}
}