{
	"credit": "Made with Blockbench by Zandhra",
	"texture_size": [64, 64],
	"textures": {
		"0": "chunky:item/gear/oceanic_set/oceanic_bow",
		"particle": "chunky:item/gear/oceanic_set/oceanic_bow"
	},
	"elements": [
		{
			"from": [7.75, 4, 7.5],
			"to": [8.25, 9.5, 8.5],
			"rotation": {"angle": 0, "axis": "y", "origin": [8, 11.5, 8]},
			"faces": {
				"north": {"uv": [0, 1.25, 0.25, 4], "texture": "#0"},
				"east": {"uv": [0.5, 1.25, 0, 4], "texture": "#0"},
				"south": {"uv": [0.25, 1.25, 0.5, 4], "texture": "#0"},
				"west": {"uv": [0, 1.25, 0.5, 4], "texture": "#0"},
				"up": {"uv": [0, 1.25, 0.5, 1.5], "rotation": 90, "texture": "#0"},
				"down": {"uv": [0, 4, 0.5, 4.25], "rotation": 90, "texture": "#0"}
			}
		},
		{
			"from": [7.5, 10, 9],
			"to": [8.5, 14, 11],
			"rotation": {"angle": 22.5, "axis": "x", "origin": [8, 16, 10]},
			"faces": {
				"north": {"uv": [0.5, 3.75, 0.75, 5.75], "texture": "#0"},
				"east": {"uv": [1.5, 3.75, 0.5, 5.75], "texture": "#0"},
				"south": {"uv": [1.25, 3.75, 1.5, 5.75], "texture": "#0"},
				"west": {"uv": [0.5, 3.75, 1.5, 5.75], "texture": "#0"},
				"up": {"uv": [0.5, 3.75, 1.5, 4], "rotation": 90, "texture": "#0"},
				"down": {"uv": [0.5, 5.5, 1.5, 5.75], "rotation": 270, "texture": "#0"}
			}
		},
		{
			"from": [7.75, -2.96822, 12.57587],
			"to": [8.25, 2.03178, 13.57587],
			"rotation": {"angle": -45, "axis": "x", "origin": [8, -3.96822, 13.22587]},
			"faces": {
				"north": {"uv": [0, 4, 0.25, 6.5], "texture": "#0"},
				"east": {"uv": [0.5, 4, 0, 6.5], "texture": "#0"},
				"south": {"uv": [0.25, 4, 0.5, 6.5], "texture": "#0"},
				"west": {"uv": [0, 4, 0.5, 6.5], "texture": "#0"},
				"up": {"uv": [0.5, 4, 0, 4.25], "rotation": 90, "texture": "#0"},
				"down": {"uv": [0.5, 6.25, 0, 6.5], "rotation": 90, "texture": "#0"}
			}
		},
		{
			"from": [7.75, 12.41822, 12.37587],
			"to": [8.25, 17.41822, 13.87587],
			"rotation": {"angle": 45, "axis": "x", "origin": [8, 18.41822, 12.87587]},
			"faces": {
				"north": {"uv": [1.5, 3.75, 1.75, 6.25], "texture": "#0"},
				"east": {"uv": [2.25, 3.75, 1.5, 6.25], "texture": "#0"},
				"south": {"uv": [2, 3.75, 2.25, 6.25], "texture": "#0"},
				"west": {"uv": [1.5, 3.75, 2.25, 6.25], "texture": "#0"},
				"up": {"uv": [1.5, 3.75, 2.25, 4], "rotation": 90, "texture": "#0"},
				"down": {"uv": [1.5, 6, 2.25, 6.25], "rotation": 270, "texture": "#0"}
			}
		},
		{
			"from": [7.5, 0.16654, 5.72232],
			"to": [8.5, 3.16654, 7.22232],
			"rotation": {"angle": -22.5, "axis": "x", "origin": [8, 7, 8]},
			"faces": {
				"north": {"uv": [0.5, 1.5, 0.75, 3], "texture": "#0"},
				"east": {"uv": [1.25, 1.5, 0.5, 3], "texture": "#0"},
				"south": {"uv": [1, 1.5, 1.25, 3], "texture": "#0"},
				"west": {"uv": [0.5, 1.5, 1.25, 3], "texture": "#0"},
				"up": {"uv": [0.5, 1.5, 1.25, 3], "texture": "#0"},
				"down": {"uv": [0.5, 2.75, 1.25, 3], "rotation": 270, "texture": "#0"}
			}
		},
		{
			"from": [7.5, 4.5, 7.25],
			"to": [8.5, 5, 8.75],
			"rotation": {"angle": 0, "axis": "y", "origin": [8, 11.5, 8]},
			"faces": {
				"north": {"uv": [1, 1.25, 1.25, 1.5], "texture": "#0"},
				"east": {"uv": [0.5, 1.25, 1.25, 1.5], "texture": "#0"},
				"south": {"uv": [0.5, 1.25, 0.75, 1.5], "texture": "#0"},
				"west": {"uv": [1.25, 1.25, 0.5, 1.5], "texture": "#0"},
				"up": {"uv": [0.5, 1.25, 1.25, 1.5], "rotation": 270, "texture": "#0"},
				"down": {"uv": [0.5, 1.25, 1.25, 1.5], "rotation": 90, "texture": "#0"}
			}
		},
		{
			"from": [7.5, 8.5, 7.25],
			"to": [8.5, 9, 8.75],
			"rotation": {"angle": 0, "axis": "y", "origin": [8, 15.5, 8]},
			"faces": {
				"north": {"uv": [1, 1.25, 1.25, 1.5], "texture": "#0"},
				"east": {"uv": [0.5, 1.25, 1.25, 1.5], "texture": "#0"},
				"south": {"uv": [0.5, 1.25, 0.75, 1.5], "texture": "#0"},
				"west": {"uv": [1.25, 1.25, 0.5, 1.5], "texture": "#0"},
				"up": {"uv": [0.5, 1.25, 1.25, 1.5], "rotation": 270, "texture": "#0"},
				"down": {"uv": [0.5, 1.25, 1.25, 1.5], "rotation": 90, "texture": "#0"}
			}
		},
		{
			"from": [7.75, 10.45, 6.25],
			"to": [7.85, 14.95, 10.25],
			"rotation": {"angle": -22.5, "axis": "y", "origin": [7.75, 12.95, 6.25]},
			"faces": {
				"north": {"uv": [15.5, 15.5, 15.75, 15.75], "texture": "#0"},
				"east": {"uv": [8.5, 6.25, 6.5, 8.5], "texture": "#0"},
				"south": {"uv": [15.5, 15.5, 15.75, 15.75], "texture": "#0"},
				"west": {"uv": [6.5, 6.25, 8.5, 8.5], "texture": "#0"},
				"up": {"uv": [15.5, 15.5, 15.75, 15.75], "texture": "#0"},
				"down": {"uv": [15.5, 15.5, 15.75, 15.75], "texture": "#0"}
			}
		},
		{
			"from": [7.75, 17.45, 12.5],
			"to": [7.85, 20.95, 15.5],
			"rotation": {"angle": -22.5, "axis": "y", "origin": [7.75, 19.95, 12.5]},
			"faces": {
				"north": {"uv": [15.5, 15.5, 15.75, 15.75], "texture": "#0"},
				"east": {"uv": [6.25, 6.75, 4.75, 8.5], "texture": "#0"},
				"south": {"uv": [15.5, 15.5, 15.75, 15.75], "texture": "#0"},
				"west": {"uv": [4.75, 6.75, 6.25, 8.5], "texture": "#0"},
				"up": {"uv": [15.5, 15.5, 15.75, 15.75], "texture": "#0"},
				"down": {"uv": [15.5, 15.5, 15.75, 15.75], "texture": "#0"}
			}
		},
		{
			"from": [8.15, 17.45, 12.5],
			"to": [8.25, 20.95, 15.5],
			"rotation": {"angle": 22.5, "axis": "y", "origin": [8.25, 19.95, 12.5]},
			"faces": {
				"north": {"uv": [15.75, 15.5, 15.5, 15.75], "texture": "#0"},
				"east": {"uv": [6.25, 6.75, 4.75, 8.5], "texture": "#0"},
				"south": {"uv": [15.75, 15.5, 15.5, 15.75], "texture": "#0"},
				"west": {"uv": [4.75, 6.75, 6.25, 8.5], "texture": "#0"},
				"up": {"uv": [15.75, 15.5, 15.5, 15.75], "texture": "#0"},
				"down": {"uv": [15.75, 15.5, 15.5, 15.75], "texture": "#0"}
			}
		},
		{
			"from": [8.15, 10.45, 6.25],
			"to": [8.25, 14.95, 10.25],
			"rotation": {"angle": 22.5, "axis": "y", "origin": [8.25, 12.95, 6.25]},
			"faces": {
				"north": {"uv": [15.75, 15.5, 15.5, 15.75], "texture": "#0"},
				"east": {"uv": [8.5, 6.25, 6.5, 8.5], "texture": "#0"},
				"south": {"uv": [15.75, 15.5, 15.5, 15.75], "texture": "#0"},
				"west": {"uv": [6.5, 6.25, 8.5, 8.5], "texture": "#0"},
				"up": {"uv": [15.75, 15.5, 15.5, 15.75], "texture": "#0"},
				"down": {"uv": [15.75, 15.5, 15.5, 15.75], "texture": "#0"}
			}
		},
		{
			"from": [7.75, 10.45, 6.25],
			"to": [8.25, 14.95, 6.35],
			"rotation": {"angle": 0, "axis": "y", "origin": [8.25, 12.95, 6.25]},
			"faces": {
				"north": {"uv": [6.5, 6.25, 6.75, 8.5], "texture": "#0"},
				"east": {"uv": [15.5, 15.5, 15.75, 15.75], "texture": "#0"},
				"south": {"uv": [6.5, 6.25, 6.75, 8.5], "texture": "#0"},
				"west": {"uv": [15.5, 15.5, 15.75, 15.75], "texture": "#0"},
				"up": {"uv": [15.5, 15.5, 15.75, 15.75], "rotation": 90, "texture": "#0"},
				"down": {"uv": [15.5, 15.5, 15.75, 15.75], "rotation": 270, "texture": "#0"}
			}
		},
		{
			"from": [8, 5.8, 2.75],
			"to": [8.1, 7.3, 14.25],
			"rotation": {"angle": 45, "axis": "z", "origin": [8, 6.55, 8.5]},
			"faces": {
				"north": {"uv": [15.5, 15.5, 15.75, 15.75], "rotation": 180, "texture": "#0"},
				"east": {"uv": [8.25, 3.75, 2.5, 4.5], "texture": "#0"},
				"south": {"uv": [15.5, 15.5, 15.75, 15.75], "texture": "#0"},
				"west": {"uv": [2.5, 3.75, 8.25, 4.5], "texture": "#0"},
				"up": {"uv": [15.5, 15.5, 15.75, 15.75], "texture": "#0"},
				"down": {"uv": [15.5, 15.5, 15.75, 15.75], "rotation": 180, "texture": "#0"}
			}
		},
		{
			"from": [7.9, 5.8, 2.75],
			"to": [8, 7.3, 14.25],
			"rotation": {"angle": -45, "axis": "z", "origin": [8, 6.55, 8.5]},
			"faces": {
				"north": {"uv": [15.75, 15.5, 15.5, 15.75], "rotation": 180, "texture": "#0"},
				"east": {"uv": [8.25, 3.75, 2.5, 4.5], "texture": "#0"},
				"south": {"uv": [15.75, 15.5, 15.5, 15.75], "texture": "#0"},
				"west": {"uv": [2.5, 3.75, 8.25, 4.5], "texture": "#0"},
				"up": {"uv": [15.75, 15.5, 15.5, 15.75], "texture": "#0"},
				"down": {"uv": [15.75, 15.5, 15.5, 15.75], "rotation": 180, "texture": "#0"}
			}
		},
		{
			"from": [7.75, 17.95, 11.5],
			"to": [8.25, 19.45, 12.5],
			"rotation": {"angle": 0, "axis": "y", "origin": [8.25, 19.95, 12.5]},
			"faces": {
				"north": {"uv": [4.25, 7.5, 4.5, 8.25], "texture": "#0"},
				"east": {"uv": [4.75, 7.5, 4.25, 8.25], "texture": "#0"},
				"south": {"uv": [15.5, 15.5, 15.75, 15.75], "texture": "#0"},
				"west": {"uv": [4.25, 7.5, 4.75, 8.25], "texture": "#0"},
				"up": {"uv": [15.5, 15.5, 15.75, 15.75], "texture": "#0"},
				"down": {"uv": [15.5, 15.5, 15.75, 15.75], "texture": "#0"}
			}
		},
		{
			"from": [8, 6.7, 4],
			"to": [8, 20.7, 18],
			"rotation": {"angle": -45, "axis": "x", "origin": [8, 12.2, 20]},
			"faces": {
				"north": {"uv": [15.5, 15.5, 15.75, 15.75], "texture": "#0"},
				"east": {"uv": [14.5, 8.75, 7.5, 15.75], "texture": "#0"},
				"south": {"uv": [15.5, 15.5, 15.75, 15.75], "texture": "#0"},
				"west": {"uv": [7.5, 8.75, 14.5, 15.75], "texture": "#0"},
				"up": {"uv": [15.5, 15.5, 15.75, 15.75], "texture": "#0"},
				"down": {"uv": [15.5, 15.5, 15.75, 15.75], "texture": "#0"}
			}
		},
		{
			"from": [7, 9.5, 7.5],
			"to": [9, 12, 10],
			"rotation": {"angle": 45, "axis": "x", "origin": [8, 11.5, 8]},
			"faces": {
				"north": {"uv": [2.25, 0, 3.25, 1.25], "texture": "#0"},
				"east": {"uv": [1.25, 0, 0, 1.25], "texture": "#0"},
				"south": {"uv": [4.25, 0, 5.25, 1.25], "texture": "#0"},
				"west": {"uv": [0, 0, 1.25, 1.25], "texture": "#0"},
				"up": {"uv": [1.25, 0, 2.25, 1.25], "texture": "#0"},
				"down": {"uv": [3.25, 0, 4.25, 1.25], "texture": "#0"}
			}
		},
		{
			"from": [7.25, 2.97487, 8.14645],
			"to": [8.75, 4.97487, 10.14645],
			"rotation": {"angle": 45, "axis": "x", "origin": [8, 4.97487, 7.64645]},
			"faces": {
				"north": {"uv": [5.25, 1, 6, 2], "texture": "#0"},
				"east": {"uv": [5.25, 0, 6.25, 1], "texture": "#0"},
				"south": {"uv": [7, 0, 7.75, 1], "texture": "#0"},
				"west": {"uv": [5.25, 0, 6.25, 1], "texture": "#0"},
				"up": {"uv": [6.25, 0, 7, 1], "texture": "#0"},
				"down": {"uv": [6, 1, 6.75, 2], "texture": "#0"}
			}
		},
		{
			"from": [7, 10.6, 9],
			"to": [9, 12.6, 11],
			"rotation": {"angle": -22.5, "axis": "x", "origin": [8, 11.7, 6.7]},
			"faces": {
				"north": {"uv": [4, 2.5, 5, 3.5], "rotation": 180, "texture": "#0"},
				"east": {"uv": [3.5, 1.5, 2.5, 2.5], "rotation": 270, "texture": "#0"},
				"south": {"uv": [3.5, 1.5, 4.5, 2.5], "texture": "#0"},
				"west": {"uv": [2.5, 1.5, 3.5, 2.5], "rotation": 90, "texture": "#0"},
				"up": {"uv": [3, 2.5, 4, 3.5], "rotation": 180, "texture": "#0"},
				"down": {"uv": [2, 2.5, 3, 3.5], "texture": "#0"}
			}
		},
		{
			"from": [7.25, 15.35, 11.9],
			"to": [8.75, 17.35, 13.9],
			"rotation": {"angle": -22.5, "axis": "x", "origin": [8, 16.45, 9.6]},
			"faces": {
				"north": {"uv": [6.75, 2, 7.5, 3], "texture": "#0"},
				"east": {"uv": [5, 2, 6, 3], "rotation": 90, "texture": "#0"},
				"south": {"uv": [6.75, 1, 7.5, 2], "texture": "#0"},
				"west": {"uv": [5, 2, 6, 3], "rotation": 90, "texture": "#0"},
				"up": {"uv": [6, 2, 6.75, 3], "texture": "#0"},
				"down": {"uv": [7.5, 1, 8.25, 2], "texture": "#0"}
			}
		},
		{
			"from": [7.25, 13.6, 9.45],
			"to": [8.75, 15.1, 10.95],
			"rotation": {"angle": 0, "axis": "y", "origin": [8, 16.1, 9.45]},
			"faces": {
				"north": {"uv": [1.25, 3.5, 2, 3.75], "rotation": 90, "texture": "#0"},
				"east": {"uv": [2, 3, 1.25, 3.75], "rotation": 270, "texture": "#0"},
				"south": {"uv": [1.25, 3, 2, 3.25], "rotation": 90, "texture": "#0"},
				"west": {"uv": [1.25, 3, 2, 3.75], "rotation": 90, "texture": "#0"},
				"up": {"uv": [1.25, 3, 1.5, 3.75], "rotation": 180, "texture": "#0"},
				"down": {"uv": [1.75, 3, 2, 3.75], "texture": "#0"}
			}
		},
		{
			"from": [7.25, 1, 8.15],
			"to": [8.75, 2.5, 9.65],
			"rotation": {"angle": 22.5, "axis": "x", "origin": [8, 0, 8.15]},
			"faces": {
				"north": {"uv": [2, 2, 1.25, 2.25], "rotation": 90, "texture": "#0"},
				"east": {"uv": [1.25, 1.5, 2, 2.25], "rotation": 270, "texture": "#0"},
				"south": {"uv": [2, 1.5, 1.25, 1.75], "rotation": 90, "texture": "#0"},
				"west": {"uv": [2, 1.5, 1.25, 2.25], "rotation": 90, "texture": "#0"},
				"up": {"uv": [1.75, 2.25, 2, 1.5], "texture": "#0"},
				"down": {"uv": [1.25, 2.25, 1.5, 1.5], "rotation": 180, "texture": "#0"}
			}
		},
		{
			"from": [7.5, -0.75, 9.5],
			"to": [8.5, 0.25, 10.5],
			"rotation": {"angle": 0, "axis": "y", "origin": [8, -1.75, 9.5]},
			"faces": {
				"north": {"uv": [2, 1.75, 2.5, 2], "rotation": 270, "texture": "#0"},
				"east": {"uv": [2, 1.5, 2.5, 2], "rotation": 270, "texture": "#0"},
				"south": {"uv": [2, 1.5, 2.5, 1.75], "rotation": 270, "texture": "#0"},
				"west": {"uv": [2.5, 1.5, 2, 2], "rotation": 90, "texture": "#0"},
				"up": {"uv": [2.25, 1.5, 2.5, 2], "rotation": 180, "texture": "#0"},
				"down": {"uv": [2, 1.5, 2.25, 2], "texture": "#0"}
			}
		},
		{
			"from": [7.5, -2.25, 11],
			"to": [8.5, -1.25, 12],
			"rotation": {"angle": 0, "axis": "y", "origin": [8, -3.25, 11]},
			"faces": {
				"north": {"uv": [2, 2, 2.25, 2.5], "texture": "#0"},
				"east": {"uv": [2.5, 2, 2, 2.5], "texture": "#0"},
				"south": {"uv": [2.25, 2, 2.5, 2.5], "texture": "#0"},
				"west": {"uv": [2, 2, 2.5, 2.5], "texture": "#0"},
				"up": {"uv": [2, 2, 2.5, 2.25], "rotation": 90, "texture": "#0"},
				"down": {"uv": [2, 2.25, 2.5, 2.5], "rotation": 270, "texture": "#0"}
			}
		},
		{
			"from": [7.5, -4, 11.5],
			"to": [8.5, -2.5, 13],
			"rotation": {"angle": 0, "axis": "y", "origin": [8, -5, 12]},
			"faces": {
				"north": {"uv": [2, 2.75, 1.25, 3], "rotation": 90, "texture": "#0"},
				"east": {"uv": [1.25, 2.25, 2, 3], "rotation": 270, "texture": "#0"},
				"south": {"uv": [2, 2.25, 1.25, 2.5], "rotation": 90, "texture": "#0"},
				"west": {"uv": [2, 2.25, 1.25, 3], "rotation": 90, "texture": "#0"},
				"up": {"uv": [1.75, 3, 2, 2.25], "texture": "#0"},
				"down": {"uv": [1.25, 3, 1.5, 2.25], "rotation": 180, "texture": "#0"}
			}
		}
	],
	"display": {
		"thirdperson_righthand": {
			"scale": [1.5, 1.5, 1.5]
		},
		"thirdperson_lefthand": {
			"scale": [1.5, 1.5, 1.5]
		},
		"firstperson_righthand": {
			"rotation": [14.5, 11, 0],
			"translation": [0.75, 3.5, 0]
		},
		"firstperson_lefthand": {
			"rotation": [22.5, -26, 3.25],
			"translation": [2.25, 3.5, 0.5]
		},
		"ground": {
			"rotation": [0, 0, 45],
			"translation": [0, 5, 0]
		},
		"gui": {
			"rotation": [147, 32, -128],
			"translation": [-2, 2, 0],
			"scale": [0.83, 0.83, 0.83]
		},
		"head": {
			"rotation": [90, 43, -90],
			"translation": [4, -8.25, 7],
			"scale": [3, 3, 3]
		},
		"fixed": {
			"rotation": [0, 90, 0],
			"translation": [-1.5, 0, 0],
			"scale": [0.75, 0.75, 0.75]
		}
	}
}