{
	"credit": "Made with Blockbench by Zandhra",
	"texture_size": [64, 64],
	"textures": {
		"0": "chunky:item/gear/oceanic_set/oceanic_fishing_rod_red",
		"particle": "chunky:item/gear/oceanic_set/oceanic_fishing_rod_red"
	},
	"elements": [
		{
			"from": [7.75, 0.5, 7.5],
			"to": [8.25, 19.5, 8.5],
			"rotation": {"angle": 0, "axis": "y", "origin": [8, 8, 8]},
			"faces": {
				"north": {"uv": [0, 1.25, 0.25, 10.75], "texture": "#0"},
				"east": {"uv": [0.5, 1.25, 0, 10.75], "texture": "#0"},
				"south": {"uv": [0.25, 1.25, 0.5, 10.75], "texture": "#0"},
				"west": {"uv": [0, 1.25, 0.5, 10.75], "texture": "#0"},
				"up": {"uv": [0, 1.25, 0.5, 1.5], "rotation": 90, "texture": "#0"},
				"down": {"uv": [0, 6, 0.5, 6.25], "rotation": 90, "texture": "#0"}
			}
		},
		{
			"from": [7.95, 7.5, 6.00022],
			"to": [8.05, 19.5, 7.50022],
			"rotation": {"angle": 0, "axis": "y", "origin": [8, 11.39425, 6.50022]},
			"faces": {
				"north": {"uv": [15.75, 15.75, 15.5, 15.5], "rotation": 180, "texture": "#0"},
				"east": {"uv": [1.75, 9.75, 1, 15.75], "texture": "#0"},
				"south": {"uv": [15.75, 15.75, 15.5, 15.5], "rotation": 180, "texture": "#0"},
				"west": {"uv": [1, 9.75, 1.75, 15.75], "texture": "#0"},
				"up": {"uv": [15.75, 15.75, 15.5, 15.5], "rotation": 180, "texture": "#0"},
				"down": {"uv": [15.75, 15.75, 15.5, 15.5], "rotation": 180, "texture": "#0"}
			}
		},
		{
			"from": [8, 11.5, 6.50022],
			"to": [8.1, 19.5, 8.00022],
			"rotation": {"angle": 45, "axis": "x", "origin": [8.05, 19.49425, 7.00022]},
			"faces": {
				"north": {"uv": [15.75, 15.75, 15.5, 15.5], "rotation": 180, "texture": "#0"},
				"east": {"uv": [2.75, 9.75, 2, 13.75], "texture": "#0"},
				"south": {"uv": [15.75, 15.75, 15.5, 15.5], "rotation": 180, "texture": "#0"},
				"west": {"uv": [2, 9.75, 2.75, 13.75], "texture": "#0"},
				"up": {"uv": [15.75, 15.75, 15.5, 15.5], "rotation": 180, "texture": "#0"},
				"down": {"uv": [15.75, 15.75, 15.5, 15.5], "rotation": 180, "texture": "#0"}
			}
		},
		{
			"from": [8, 6.5, 5.50022],
			"to": [8.1, 10.5, 9.00022],
			"rotation": {"angle": 45, "axis": "x", "origin": [8.05, 19.49425, 7.00022]},
			"faces": {
				"north": {"uv": [15.75, 15.75, 15.5, 15.5], "rotation": 180, "texture": "#0"},
				"east": {"uv": [4.75, 13.75, 3, 15.75], "texture": "#0"},
				"south": {"uv": [15.75, 15.75, 15.5, 15.5], "rotation": 180, "texture": "#0"},
				"west": {"uv": [3, 13.75, 4.75, 15.75], "texture": "#0"},
				"up": {"uv": [15.75, 15.75, 15.5, 15.5], "rotation": 180, "texture": "#0"},
				"down": {"uv": [15.75, 15.75, 15.5, 15.5], "rotation": 180, "texture": "#0"}
			}
		},
		{
			"from": [7.5, 1, 7.25],
			"to": [8.5, 1.5, 8.75],
			"rotation": {"angle": 0, "axis": "y", "origin": [8, 8, 8]},
			"faces": {
				"north": {"uv": [5, 0.75, 4.75, 1], "texture": "#0"},
				"east": {"uv": [4.25, 0.75, 5, 1], "texture": "#0"},
				"south": {"uv": [4.5, 0.75, 4.25, 1], "texture": "#0"},
				"west": {"uv": [5, 0.75, 4.25, 1], "texture": "#0"},
				"up": {"uv": [5, 0.75, 4.25, 1], "rotation": 90, "texture": "#0"},
				"down": {"uv": [5, 0.75, 4.25, 1], "rotation": 270, "texture": "#0"}
			}
		},
		{
			"from": [7.5, 5, 7.25],
			"to": [8.5, 5.5, 8.75],
			"rotation": {"angle": 0, "axis": "y", "origin": [8, 12, 8]},
			"faces": {
				"north": {"uv": [5, 0.75, 4.75, 1], "texture": "#0"},
				"east": {"uv": [4.25, 0.75, 5, 1], "texture": "#0"},
				"south": {"uv": [4.5, 0.75, 4.25, 1], "texture": "#0"},
				"west": {"uv": [5, 0.75, 4.25, 1], "texture": "#0"},
				"up": {"uv": [5, 0.75, 4.25, 1], "rotation": 90, "texture": "#0"},
				"down": {"uv": [5, 0.75, 4.25, 1], "rotation": 270, "texture": "#0"}
			}
		},
		{
			"from": [7.5, 15.5, 7.25],
			"to": [8.5, 16, 8.75],
			"rotation": {"angle": 0, "axis": "y", "origin": [8, 22.5, 8]},
			"faces": {
				"north": {"uv": [5, 0.75, 4.75, 1], "texture": "#0"},
				"east": {"uv": [4.25, 0.75, 5, 1], "texture": "#0"},
				"south": {"uv": [4.5, 0.75, 4.25, 1], "texture": "#0"},
				"west": {"uv": [5, 0.75, 4.25, 1], "texture": "#0"},
				"up": {"uv": [5, 0.75, 4.25, 1], "rotation": 90, "texture": "#0"},
				"down": {"uv": [5, 0.75, 4.25, 1], "rotation": 270, "texture": "#0"}
			}
		},
		{
			"from": [7.5, 12.5, 7.25],
			"to": [8.5, 13, 8.75],
			"rotation": {"angle": 0, "axis": "y", "origin": [8, 19.5, 8]},
			"faces": {
				"north": {"uv": [5, 0.75, 4.75, 1], "texture": "#0"},
				"east": {"uv": [4.25, 0.75, 5, 1], "texture": "#0"},
				"south": {"uv": [4.5, 0.75, 4.25, 1], "texture": "#0"},
				"west": {"uv": [5, 0.75, 4.25, 1], "texture": "#0"},
				"up": {"uv": [5, 0.75, 4.25, 1], "rotation": 90, "texture": "#0"},
				"down": {"uv": [5, 0.75, 4.25, 1], "rotation": 270, "texture": "#0"}
			}
		},
		{
			"from": [7, 6.1, 7.5],
			"to": [9, 8.6, 10],
			"rotation": {"angle": 45, "axis": "x", "origin": [8, 7.6, 8.5]},
			"faces": {
				"north": {"uv": [2.25, 0, 3.25, 1.25], "texture": "#0"},
				"east": {"uv": [1.25, 0, 0, 1.25], "texture": "#0"},
				"south": {"uv": [3.5, 0, 4.25, 1.25], "texture": "#0"},
				"west": {"uv": [0, 0, 1.25, 1.25], "texture": "#0"},
				"up": {"uv": [1.25, 0, 2.25, 1.25], "texture": "#0"},
				"down": {"uv": [3.25, 0, 4.25, 1.25], "texture": "#0"}
			}
		},
		{
			"from": [6.5, 3.85, 7.25],
			"to": [9.5, 6.85, 10.25],
			"rotation": {"angle": -22.5, "axis": "x", "origin": [8, 7.6, 8.5]},
			"faces": {
				"north": {"uv": [5.75, 2, 7.25, 3.5], "rotation": 180, "texture": "#0"},
				"east": {"uv": [2.75, 2, 1.25, 3.5], "rotation": 270, "texture": "#0"},
				"south": {"uv": [2.75, 2, 4.25, 3.5], "texture": "#0"},
				"west": {"uv": [1.25, 2, 2.75, 3.5], "rotation": 90, "texture": "#0"},
				"up": {"uv": [7.25, 2, 8.75, 3.5], "rotation": 180, "texture": "#0"},
				"down": {"uv": [4.25, 2, 5.75, 3.5], "texture": "#0"}
			}
		},
		{
			"from": [7, 6.80711, 5.79289],
			"to": [8, 8.30711, 7.79289],
			"rotation": {"angle": 45, "axis": "x", "origin": [8, 8.30711, 7.79289]},
			"faces": {
				"north": {"uv": [1.25, 3.5, 1.5, 4.25], "texture": "#0"},
				"east": {"uv": [2.25, 3.5, 1.25, 4.25], "texture": "#0"},
				"south": {"uv": [1.25, 3.5, 2.25, 4.25], "texture": "#0"},
				"west": {"uv": [1.25, 3.5, 2.25, 4.25], "texture": "#0"},
				"up": {"uv": [1.25, 3.5, 2.25, 3.75], "rotation": 90, "texture": "#0"},
				"down": {"uv": [1.25, 4, 2.25, 4.25], "rotation": 270, "texture": "#0"}
			}
		},
		{
			"from": [7, 4.80711, 8.29289],
			"to": [8, 6.80711, 9.79289],
			"rotation": {"angle": 45, "axis": "x", "origin": [8, 8.30711, 7.79289]},
			"faces": {
				"north": {"uv": [3, 4.5, 3.25, 5.5], "texture": "#0"},
				"east": {"uv": [3.75, 4.5, 3, 5.5], "texture": "#0"},
				"south": {"uv": [3.5, 4.5, 3.75, 5.5], "texture": "#0"},
				"west": {"uv": [3, 4.5, 3.75, 5.5], "texture": "#0"},
				"up": {"uv": [3, 4.5, 3.75, 4.75], "rotation": 90, "texture": "#0"},
				"down": {"uv": [3, 5.25, 3.75, 5.5], "rotation": 270, "texture": "#0"}
			}
		},
		{
			"from": [7, 4.80711, 7.29289],
			"to": [8, 5.80711, 8.29289],
			"rotation": {"angle": 45, "axis": "x", "origin": [8, 8.30711, 7.79289]},
			"faces": {
				"north": {"uv": [3.75, 4.5, 4, 5], "texture": "#0"},
				"east": {"uv": [4.25, 4.5, 3.75, 5], "texture": "#0"},
				"south": {"uv": [4, 4.5, 4.25, 5], "texture": "#0"},
				"west": {"uv": [3.75, 4.5, 4.25, 5], "texture": "#0"},
				"up": {"uv": [3.75, 4.5, 4.25, 4.75], "rotation": 90, "texture": "#0"},
				"down": {"uv": [3.75, 4.75, 4.25, 5], "rotation": 270, "texture": "#0"}
			}
		},
		{
			"from": [7, 4.30711, 7.29289],
			"to": [8, 4.80711, 7.79289],
			"rotation": {"angle": 45, "axis": "x", "origin": [8, 8.30711, 7.79289]},
			"faces": {
				"north": {"uv": [3.75, 5, 4, 5.25], "texture": "#0"},
				"east": {"uv": [3.75, 5, 4, 5.25], "texture": "#0"},
				"south": {"uv": [3.75, 5, 4, 5.25], "texture": "#0"},
				"west": {"uv": [3.75, 5, 4, 5.25], "texture": "#0"},
				"up": {"uv": [3.75, 5, 4, 5.25], "texture": "#0"},
				"down": {"uv": [3.75, 5, 4, 5.25], "texture": "#0"}
			}
		},
		{
			"from": [8, 4.80711, 7.79289],
			"to": [9, 6.80711, 9.29289],
			"rotation": {"angle": 45, "axis": "x", "origin": [8, 8.30711, 7.79289]},
			"faces": {
				"north": {"uv": [3, 3.5, 3.25, 4.5], "rotation": 180, "texture": "#0"},
				"east": {"uv": [3.75, 3.5, 3, 4.5], "texture": "#0"},
				"south": {"uv": [3.5, 3.5, 3.75, 4.5], "rotation": 180, "texture": "#0"},
				"west": {"uv": [3, 3.5, 3.75, 4.5], "texture": "#0"},
				"up": {"uv": [3, 4.25, 3.75, 4.5], "rotation": 270, "texture": "#0"},
				"down": {"uv": [3, 3.5, 3.75, 3.75], "rotation": 270, "texture": "#0"}
			}
		},
		{
			"from": [8, 4.30711, 9.79289],
			"to": [9, 4.80711, 10.29289],
			"rotation": {"angle": 45, "axis": "x", "origin": [8, 8.30711, 7.79289]},
			"faces": {
				"north": {"uv": [4, 4, 3.75, 4.25], "texture": "#0"},
				"east": {"uv": [4, 4, 3.75, 4.25], "texture": "#0"},
				"south": {"uv": [4, 4, 3.75, 4.25], "texture": "#0"},
				"west": {"uv": [4, 4, 3.75, 4.25], "texture": "#0"},
				"up": {"uv": [4, 4, 3.75, 4.25], "texture": "#0"},
				"down": {"uv": [4, 4, 3.75, 4.25], "texture": "#0"}
			}
		},
		{
			"from": [8, 4.80711, 9.29289],
			"to": [9, 5.80711, 10.29289],
			"rotation": {"angle": 45, "axis": "x", "origin": [8, 8.30711, 7.79289]},
			"faces": {
				"north": {"uv": [3.75, 3.5, 4.25, 4], "texture": "#0"},
				"east": {"uv": [4.25, 3.5, 3.75, 4], "texture": "#0"},
				"south": {"uv": [4, 3.5, 4.25, 4], "texture": "#0"},
				"west": {"uv": [3.75, 3.5, 4.25, 4], "texture": "#0"},
				"up": {"uv": [3.75, 3.5, 4.25, 3.75], "rotation": 90, "texture": "#0"},
				"down": {"uv": [3.75, 3.75, 4.25, 4], "rotation": 270, "texture": "#0"}
			}
		},
		{
			"from": [7, 8.30711, 5.79289],
			"to": [8, 9.80711, 6.79289],
			"rotation": {"angle": 45, "axis": "x", "origin": [8, 8.30711, 7.79289]},
			"faces": {
				"north": {"uv": [2.25, 3.5, 2.5, 4.25], "texture": "#0"},
				"east": {"uv": [2.75, 3.5, 2.25, 4.25], "texture": "#0"},
				"south": {"uv": [2.5, 3.5, 2.75, 4.25], "texture": "#0"},
				"west": {"uv": [2.25, 3.5, 2.75, 4.25], "texture": "#0"},
				"up": {"uv": [2.25, 3.5, 2.75, 3.75], "rotation": 90, "texture": "#0"},
				"down": {"uv": [2.25, 4, 2.75, 4.25], "rotation": 270, "texture": "#0"}
			}
		},
		{
			"from": [7, 9.30711, 5.29289],
			"to": [8, 9.80711, 5.79289],
			"rotation": {"angle": 45, "axis": "x", "origin": [8, 8.30711, 7.79289]},
			"faces": {
				"north": {"uv": [2.75, 3.5, 3, 3.75], "texture": "#0"},
				"east": {"uv": [2.75, 3.5, 3, 3.75], "texture": "#0"},
				"south": {"uv": [2.75, 3.5, 3, 3.75], "texture": "#0"},
				"west": {"uv": [2.75, 3.5, 3, 3.75], "texture": "#0"},
				"up": {"uv": [2.75, 3.5, 3, 3.75], "texture": "#0"},
				"down": {"uv": [2.75, 3.5, 3, 3.75], "texture": "#0"}
			}
		},
		{
			"from": [8, 10.80711, 5.29289],
			"to": [9, 11.30711, 5.79289],
			"rotation": {"angle": 45, "axis": "x", "origin": [8, 8.30711, 7.79289]},
			"faces": {
				"north": {"uv": [2.25, 4.75, 2, 5], "texture": "#0"},
				"east": {"uv": [2.25, 4.75, 2, 5], "texture": "#0"},
				"south": {"uv": [2.25, 4.75, 2, 5], "texture": "#0"},
				"west": {"uv": [2.25, 4.75, 2, 5], "texture": "#0"},
				"up": {"uv": [2.25, 4.75, 2, 5], "texture": "#0"},
				"down": {"uv": [2.25, 4.75, 2, 5], "texture": "#0"}
			}
		},
		{
			"from": [8, 9.80711, 5.29289],
			"to": [9, 10.80711, 6.29289],
			"rotation": {"angle": 45, "axis": "x", "origin": [8, 8.30711, 7.79289]},
			"faces": {
				"north": {"uv": [2.25, 4.25, 2.5, 4.75], "texture": "#0"},
				"east": {"uv": [2.5, 4.25, 2, 4.75], "texture": "#0"},
				"south": {"uv": [2, 4.25, 2.5, 4.75], "texture": "#0"},
				"west": {"uv": [2, 4.25, 2.5, 4.75], "texture": "#0"},
				"up": {"uv": [2, 4.25, 2.5, 4.5], "rotation": 270, "texture": "#0"},
				"down": {"uv": [2, 4.5, 2.5, 4.75], "rotation": 90, "texture": "#0"}
			}
		},
		{
			"from": [8, 7.80711, 6.29289],
			"to": [9, 10.80711, 7.79289],
			"rotation": {"angle": 45, "axis": "x", "origin": [8, 8.30711, 7.79289]},
			"faces": {
				"north": {"uv": [1.25, 4.25, 1.5, 5.75], "texture": "#0"},
				"east": {"uv": [2, 4.25, 1.25, 5.75], "texture": "#0"},
				"south": {"uv": [1.75, 4.25, 2, 5.75], "texture": "#0"},
				"west": {"uv": [1.25, 4.25, 2, 5.75], "texture": "#0"},
				"up": {"uv": [1.25, 4.25, 2, 4.5], "rotation": 90, "texture": "#0"},
				"down": {"uv": [1.25, 5.5, 2, 5.75], "rotation": 270, "texture": "#0"}
			}
		},
		{
			"from": [7.5, -0.27868, 8.29289],
			"to": [8.5, 1.72132, 10.29289],
			"rotation": {"angle": 45, "axis": "x", "origin": [8, 1.72132, 7.29289]},
			"faces": {
				"north": {"uv": [5.25, 0, 5, 1], "texture": "#0"},
				"east": {"uv": [5, 0, 6, 1], "rotation": 270, "texture": "#0"},
				"south": {"uv": [6, 0, 5, 0], "rotation": 90, "texture": "#0"},
				"west": {"uv": [5, 0, 6, 1], "texture": "#0"},
				"up": {"uv": [6, 0, 5.75, 1], "rotation": 180, "texture": "#0"},
				"down": {"uv": [6, 0.75, 5, 1], "rotation": 90, "texture": "#0"}
			}
		},
		{
			"from": [7.5, 19.77132, 8.29289],
			"to": [8.5, 21.27132, 9.79289],
			"rotation": {"angle": 45, "axis": "x", "origin": [8, 21.27132, 7.29289]},
			"faces": {
				"north": {"uv": [2.5, 1.25, 2.75, 2], "texture": "#0"},
				"east": {"uv": [2, 1.25, 2.75, 2], "texture": "#0"},
				"south": {"uv": [2, 1.25, 2.25, 2], "texture": "#0"},
				"west": {"uv": [2.75, 1.25, 2, 2], "texture": "#0"},
				"up": {"uv": [2, 1.25, 2.75, 1.5], "rotation": 270, "texture": "#0"},
				"down": {"uv": [2, 1.75, 2.75, 2], "rotation": 90, "texture": "#0"}
			}
		},
		{
			"from": [7.75, 12.61389, 0.48475],
			"to": [8.25, 14.11389, 1.98475],
			"rotation": {"angle": 0, "axis": "y", "origin": [8, 13.37132, 1.24289]},
			"faces": {
				"north": {"uv": [2.5, 1.25, 2.75, 2], "texture": "#0"},
				"east": {"uv": [2, 1.25, 2.75, 2], "texture": "#0"},
				"south": {"uv": [2, 1.25, 2.25, 2], "texture": "#0"},
				"west": {"uv": [2.75, 1.25, 2, 2], "texture": "#0"},
				"up": {"uv": [2, 1.25, 2.75, 1.5], "rotation": 270, "texture": "#0"},
				"down": {"uv": [2, 1.75, 2.75, 2], "rotation": 90, "texture": "#0"}
			}
		}
	],
	"display": {
		"thirdperson_righthand": {
			"translation": [0, 5, 1.25],
			"scale": [1.5, 1.5, 1.5]
		},
		"thirdperson_lefthand": {
			"translation": [0, 4.5, 1.25],
			"scale": [1.5, 1.5, 1.5]
		},
		"firstperson_righthand": {
			"rotation": [-34, 5, -4.75],
			"translation": [0.25, 6, 0.75]
		},
		"firstperson_lefthand": {
			"rotation": [-34, 5, -4.75],
			"translation": [0.25, 6, 0.75]
		},
		"ground": {
			"rotation": [0, 0, 38],
			"translation": [0, 5, 0]
		},
		"gui": {
			"rotation": [62, -144, 62],
			"translation": [-1.25, -1, 0]
		},
		"head": {
			"rotation": [90, 135, -90],
			"translation": [0.75, -15, 6.5],
			"scale": [3, 3, 3]
		},
		"fixed": {
			"rotation": [0, 90, 0],
			"translation": [0, -1.5, -0.25],
			"scale": [0.81, 0.81, 0.81]
		}
	}
}