{
	"credit": "Made with Blockbench by Zandhra",
	"texture_size": [64, 64],
	"textures": {
		"0": "chunky:item/gear/oceanic_set/oceanic_pickaxe_iron",
		"particle": "chunky:item/gear/oceanic_set/oceanic_pickaxe_iron"
	},
	"elements": [
		{
			"from": [7.75, 0.5, 7.5],
			"to": [8.25, 10.5, 8.5],
			"rotation": {"angle": 0, "axis": "y", "origin": [8, 8, 8]},
			"faces": {
				"north": {"uv": [0, 1.25, 0.25, 6.25], "texture": "#0"},
				"east": {"uv": [0.5, 1.25, 0, 6.25], "texture": "#0"},
				"south": {"uv": [0.25, 1.25, 0.5, 6.25], "texture": "#0"},
				"west": {"uv": [0, 1.25, 0.5, 6.25], "texture": "#0"},
				"up": {"uv": [0, 1.25, 0.5, 1.5], "rotation": 90, "texture": "#0"},
				"down": {"uv": [0, 6, 0.5, 6.25], "rotation": 90, "texture": "#0"}
			}
		},
		{
			"from": [7.65, 3, 7.4],
			"to": [8.35, 4, 8.6],
			"rotation": {"angle": 0, "axis": "y", "origin": [8, 8, 8]},
			"faces": {
				"north": {"uv": [1, 2.75, 1.5, 3], "rotation": 90, "texture": "#0"},
				"east": {"uv": [1, 3, 1.5, 2.5], "rotation": 90, "texture": "#0"},
				"south": {"uv": [1, 2.5, 1.5, 2.75], "rotation": 90, "texture": "#0"},
				"west": {"uv": [1, 2.5, 1.5, 3], "rotation": 90, "texture": "#0"},
				"up": {"uv": [1.5, 2.5, 1.75, 3], "rotation": 180, "texture": "#0"},
				"down": {"uv": [1.25, 2.5, 1.5, 3], "texture": "#0"}
			}
		},
		{
			"from": [7.65, 6.5, 7.4],
			"to": [8.35, 8, 8.6],
			"rotation": {"angle": 0, "axis": "y", "origin": [8, 8, 8]},
			"faces": {
				"north": {"uv": [1, 2.75, 1.75, 3], "rotation": 90, "texture": "#0"},
				"east": {"uv": [1, 3, 1.75, 2.5], "rotation": 90, "texture": "#0"},
				"south": {"uv": [1, 2.5, 1.75, 2.75], "rotation": 90, "texture": "#0"},
				"west": {"uv": [1, 2.5, 1.75, 3], "rotation": 90, "texture": "#0"},
				"up": {"uv": [1.5, 2.5, 1.75, 3], "rotation": 180, "texture": "#0"},
				"down": {"uv": [1, 2.5, 1.25, 3], "texture": "#0"}
			}
		},
		{
			"from": [7.95, 7, 5.2],
			"to": [8.05, 8, 7.4],
			"rotation": {"angle": 0, "axis": "y", "origin": [8, 8, 8]},
			"faces": {
				"north": {"uv": [15.5, 15.5, 15.75, 15.75], "rotation": 90, "texture": "#0"},
				"east": {"uv": [1.5, 3, 1, 4], "rotation": 270, "texture": "#0"},
				"south": {"uv": [15.5, 15.5, 15.75, 15.75], "rotation": 90, "texture": "#0"},
				"west": {"uv": [1, 3, 1.5, 4], "rotation": 90, "texture": "#0"},
				"up": {"uv": [15.5, 15.5, 15.75, 15.75], "rotation": 90, "texture": "#0"},
				"down": {"uv": [15.5, 15.5, 15.75, 15.75], "rotation": 90, "texture": "#0"}
			}
		},
		{
			"from": [7.65, 2, 7.4],
			"to": [8.35, 2.5, 8.6],
			"rotation": {"angle": 0, "axis": "y", "origin": [8, 8, 8]},
			"faces": {
				"north": {"uv": [1, 2.75, 1.25, 3], "rotation": 90, "texture": "#0"},
				"east": {"uv": [1, 3, 1.25, 2.5], "rotation": 90, "texture": "#0"},
				"south": {"uv": [1, 2.5, 1.25, 2.75], "rotation": 90, "texture": "#0"},
				"west": {"uv": [1, 2.5, 1.25, 3], "rotation": 90, "texture": "#0"},
				"up": {"uv": [1.5, 2.5, 1.75, 3], "rotation": 180, "texture": "#0"},
				"down": {"uv": [1, 2.5, 1.25, 3], "texture": "#0"}
			}
		},
		{
			"from": [7.75, 1, 5.5],
			"to": [8.25, 2, 10.5],
			"rotation": {"angle": 0, "axis": "y", "origin": [8, 5.5, 8]},
			"faces": {
				"north": {"uv": [0.5, 1.25, 0.75, 1.75], "texture": "#0"},
				"east": {"uv": [3, 1.25, 0.5, 1.75], "texture": "#0"},
				"south": {"uv": [2.75, 1.25, 3, 1.75], "texture": "#0"},
				"west": {"uv": [0.5, 1.25, 3, 1.75], "texture": "#0"},
				"up": {"uv": [0.5, 1.25, 3, 1.5], "rotation": 90, "texture": "#0"},
				"down": {"uv": [0.5, 1.5, 3, 1.75], "rotation": 270, "texture": "#0"}
			}
		},
		{
			"from": [7.5, 1, 4.8],
			"to": [8.5, 2, 5.8],
			"rotation": {"angle": 45, "axis": "x", "origin": [8, 1.5, 5.3]},
			"faces": {
				"north": {"uv": [3, 1.25, 3.25, 1.75], "texture": "#0"},
				"east": {"uv": [3, 1.25, 3.5, 1.75], "rotation": 90, "texture": "#0"},
				"south": {"uv": [3.25, 1.25, 3.5, 1.75], "texture": "#0"},
				"west": {"uv": [3, 1.25, 3.5, 1.75], "texture": "#0"},
				"up": {"uv": [3, 1.25, 3.5, 1.5], "rotation": 90, "texture": "#0"},
				"down": {"uv": [3, 1.5, 3.5, 1.75], "rotation": 270, "texture": "#0"}
			}
		},
		{
			"from": [7.5, 1, 10.2],
			"to": [8.5, 2, 11.2],
			"rotation": {"angle": -45, "axis": "x", "origin": [8, 1.5, 10.7]},
			"faces": {
				"north": {"uv": [3.5, 1.25, 3.25, 1.75], "texture": "#0"},
				"east": {"uv": [3.5, 1.25, 3, 1.75], "rotation": 270, "texture": "#0"},
				"south": {"uv": [3.25, 1.25, 3, 1.75], "texture": "#0"},
				"west": {"uv": [3.5, 1.25, 3, 1.75], "texture": "#0"},
				"up": {"uv": [3.5, 1.25, 3, 1.5], "rotation": 90, "texture": "#0"},
				"down": {"uv": [3.5, 1.5, 3, 1.75], "rotation": 270, "texture": "#0"}
			}
		},
		{
			"from": [7.75, 10.6, 7.5],
			"to": [8.25, 11.6, 12.5],
			"rotation": {"angle": 22.5, "axis": "x", "origin": [8, 11.1, 8]},
			"faces": {
				"north": {"uv": [0.5, 2, 1, 1.75], "rotation": 90, "texture": "#0"},
				"east": {"uv": [1, 4.25, 0.5, 1.75], "rotation": 270, "texture": "#0"},
				"south": {"uv": [0.5, 4.25, 1, 4], "rotation": 270, "texture": "#0"},
				"west": {"uv": [0.5, 4.25, 1, 1.75], "rotation": 90, "texture": "#0"},
				"up": {"uv": [0.5, 4.25, 0.75, 1.75], "rotation": 180, "texture": "#0"},
				"down": {"uv": [0.75, 4.25, 1, 1.75], "texture": "#0"}
			}
		},
		{
			"from": [7.65, 10.5, 10.5],
			"to": [8.35, 11.7, 12],
			"rotation": {"angle": 22.5, "axis": "x", "origin": [8, 11.1, 8]},
			"faces": {
				"north": {"uv": [1, 2.5, 1.25, 3], "texture": "#0"},
				"east": {"uv": [1, 2.5, 1.75, 3], "texture": "#0"},
				"south": {"uv": [1.5, 2.5, 1.75, 3], "texture": "#0"},
				"west": {"uv": [1, 2.5, 1.75, 3], "texture": "#0"},
				"up": {"uv": [1, 2.75, 1.75, 2.5], "rotation": 90, "texture": "#0"},
				"down": {"uv": [1, 2.75, 1.75, 3], "rotation": 270, "texture": "#0"}
			}
		},
		{
			"from": [7.65, 10.5, 4],
			"to": [8.35, 11.7, 5],
			"rotation": {"angle": -22.5, "axis": "x", "origin": [8, 11.1, 8]},
			"faces": {
				"north": {"uv": [1.5, 2.5, 1.25, 3], "texture": "#0"},
				"east": {"uv": [1, 2.5, 1.5, 3], "texture": "#0"},
				"south": {"uv": [1.25, 2.5, 1, 3], "texture": "#0"},
				"west": {"uv": [1.5, 2.5, 1, 3], "texture": "#0"},
				"up": {"uv": [1.5, 2.75, 1, 2.5], "rotation": 90, "texture": "#0"},
				"down": {"uv": [1.5, 2.75, 1, 3], "rotation": 270, "texture": "#0"}
			}
		},
		{
			"from": [7.95, 8.75, 6.5],
			"to": [8.05, 10.25, 7.5],
			"rotation": {"angle": -22.5, "axis": "x", "origin": [8, 11.1, 7]},
			"faces": {
				"north": {"uv": [1.5, 1.75, 1.25, 2.5], "rotation": 180, "texture": "#0"},
				"east": {"uv": [1.5, 1.75, 1, 2.5], "rotation": 180, "texture": "#0"},
				"south": {"uv": [1.25, 1.75, 1, 2.5], "rotation": 180, "texture": "#0"},
				"west": {"uv": [1, 1.75, 1.5, 2.5], "rotation": 180, "texture": "#0"},
				"up": {"uv": [1.5, 1.75, 1, 2.5], "rotation": 180, "texture": "#0"},
				"down": {"uv": [1.5, 1.75, 1, 2.5], "rotation": 180, "texture": "#0"}
			}
		},
		{
			"from": [7.95, 8.75, 8.5],
			"to": [8.05, 10.25, 9.5],
			"rotation": {"angle": 22.5, "axis": "x", "origin": [8, 11.1, 9]},
			"faces": {
				"north": {"uv": [1, 1.75, 1.25, 2.5], "rotation": 180, "texture": "#0"},
				"east": {"uv": [1, 1.75, 1.5, 2.5], "rotation": 180, "texture": "#0"},
				"south": {"uv": [1.25, 1.75, 1.5, 2.5], "rotation": 180, "texture": "#0"},
				"west": {"uv": [1.5, 1.75, 1, 2.5], "rotation": 180, "texture": "#0"},
				"up": {"uv": [1.5, 2.5, 1, 1.75], "rotation": 180, "texture": "#0"},
				"down": {"uv": [1.5, 2.5, 1, 1.75], "rotation": 180, "texture": "#0"}
			}
		},
		{
			"from": [7.75, 10.6, 3.5],
			"to": [8.25, 11.6, 8.5],
			"rotation": {"angle": -22.5, "axis": "x", "origin": [8, 11.1, 8]},
			"faces": {
				"north": {"uv": [0.5, 4, 1, 4.25], "rotation": 270, "texture": "#0"},
				"east": {"uv": [1, 1.75, 0.5, 4.25], "rotation": 270, "texture": "#0"},
				"south": {"uv": [0.5, 1.75, 1, 2], "rotation": 90, "texture": "#0"},
				"west": {"uv": [0.5, 1.75, 1, 4.25], "rotation": 90, "texture": "#0"},
				"up": {"uv": [0.5, 1.75, 0.75, 4.25], "rotation": 180, "texture": "#0"},
				"down": {"uv": [0.75, 1.75, 1, 4.25], "texture": "#0"}
			}
		},
		{
			"from": [7.5, 8.45, 11.5],
			"to": [8.5, 9.95, 13],
			"rotation": {"angle": -22.5, "axis": "x", "origin": [8, 9.45, 12]},
			"faces": {
				"north": {"uv": [4.75, 0, 5, 0.75], "texture": "#0"},
				"east": {"uv": [4.25, 0, 5, 0.75], "texture": "#0"},
				"south": {"uv": [4.25, 0, 4.5, 0.75], "texture": "#0"},
				"west": {"uv": [5, 0, 4.25, 0.75], "texture": "#0"},
				"up": {"uv": [4.25, 0, 5, 0.25], "rotation": 270, "texture": "#0"},
				"down": {"uv": [4.25, 0.5, 5, 0.75], "rotation": 90, "texture": "#0"}
			}
		},
		{
			"from": [7.5, 8.45, 3],
			"to": [8.5, 9.95, 4.5],
			"rotation": {"angle": 22.5, "axis": "x", "origin": [8, 9.45, 4]},
			"faces": {
				"north": {"uv": [4.5, 0, 4.25, 0.75], "texture": "#0"},
				"east": {"uv": [5, 0, 4.25, 0.75], "texture": "#0"},
				"south": {"uv": [5, 0, 4.75, 0.75], "texture": "#0"},
				"west": {"uv": [4.25, 0, 5, 0.75], "texture": "#0"},
				"up": {"uv": [5, 0, 4.25, 0.25], "rotation": 270, "texture": "#0"},
				"down": {"uv": [5, 0.5, 4.25, 0.75], "rotation": 90, "texture": "#0"}
			}
		},
		{
			"from": [7.5, 0.75, 6.5],
			"to": [8.5, 2.25, 7],
			"rotation": {"angle": 0, "axis": "y", "origin": [8, 7.75, 7.25]},
			"faces": {
				"north": {"uv": [6.5, 0, 6.25, 0.75], "texture": "#0"},
				"east": {"uv": [6.5, 0, 6.25, 0.75], "texture": "#0"},
				"south": {"uv": [6.5, 0, 6.25, 0.75], "texture": "#0"},
				"west": {"uv": [6.5, 0, 6.25, 0.75], "texture": "#0"},
				"up": {"uv": [6.5, 0, 6.25, 0.25], "texture": "#0"},
				"down": {"uv": [6.5, 0.5, 6.25, 0.75], "texture": "#0"}
			}
		},
		{
			"from": [7.5, 0.75, 9],
			"to": [8.5, 2.25, 9.5],
			"rotation": {"angle": 0, "axis": "y", "origin": [8, 7.75, 8.75]},
			"faces": {
				"north": {"uv": [6.5, 0, 6.25, 0.75], "texture": "#0"},
				"east": {"uv": [6.5, 0, 6.25, 0.75], "texture": "#0"},
				"south": {"uv": [6.5, 0, 6.25, 0.75], "texture": "#0"},
				"west": {"uv": [6.5, 0, 6.25, 0.75], "texture": "#0"},
				"up": {"uv": [6.25, 0.25, 6.5, 0], "texture": "#0"},
				"down": {"uv": [6.25, 0.75, 6.5, 0.5], "texture": "#0"}
			}
		},
		{
			"from": [7.5, 8.5, 7.25],
			"to": [8.5, 9, 8.75],
			"rotation": {"angle": 0, "axis": "y", "origin": [8, 15.5, 8]},
			"faces": {
				"north": {"uv": [5, 0.75, 4.75, 1], "texture": "#0"},
				"east": {"uv": [4.25, 0.75, 5, 1], "texture": "#0"},
				"south": {"uv": [4.5, 0.75, 4.25, 1], "texture": "#0"},
				"west": {"uv": [5, 0.75, 4.25, 1], "texture": "#0"},
				"up": {"uv": [5, 0.75, 4.25, 1], "rotation": 90, "texture": "#0"},
				"down": {"uv": [5, 0.75, 4.25, 1], "rotation": 270, "texture": "#0"}
			}
		},
		{
			"from": [7.25, 9.85, 7.25],
			"to": [8.75, 12.35, 9.75],
			"rotation": {"angle": 45, "axis": "x", "origin": [8, 11.6, 8]},
			"faces": {
				"north": {"uv": [2, 0, 2.75, 1.25], "texture": "#0"},
				"east": {"uv": [1.25, 0, 0, 1.25], "texture": "#0"},
				"south": {"uv": [3.5, 0, 4.25, 1.25], "texture": "#0"},
				"west": {"uv": [0, 0, 1.25, 1.25], "texture": "#0"},
				"up": {"uv": [1.25, 0, 2, 1.25], "texture": "#0"},
				"down": {"uv": [2.75, 0, 3.5, 1.25], "texture": "#0"}
			}
		},
		{
			"from": [7.5, -0.67513, 8.14645],
			"to": [8.5, 1.32487, 10.14645],
			"rotation": {"angle": 45, "axis": "x", "origin": [8, 1.32487, 7.64645]},
			"faces": {
				"north": {"uv": [5.75, 0, 6, 1], "texture": "#0"},
				"east": {"uv": [5, 0, 6, 1], "texture": "#0"},
				"south": {"uv": [5, 0, 5.25, 1], "texture": "#0"},
				"west": {"uv": [6, 0, 5, 1], "texture": "#0"},
				"up": {"uv": [5, 0, 6, 0.25], "rotation": 270, "texture": "#0"},
				"down": {"uv": [5, 0.75, 6, 1], "rotation": 90, "texture": "#0"}
			}
		},
		{
			"from": [7.5, -0.17513, 8.64645],
			"to": [8.5, 0.82487, 9.64645],
			"rotation": {"angle": 45, "axis": "x", "origin": [8, 1.32487, 7.64645]},
			"faces": {
				"north": {"uv": [6, 0, 6.25, 0.25], "texture": "#0"},
				"east": {"uv": [15.5, 15.5, 15.75, 15.75], "texture": "#0"},
				"south": {"uv": [6, 0.25, 6.25, 0.5], "texture": "#0"},
				"west": {"uv": [15.5, 15.5, 15.75, 15.75], "texture": "#0"},
				"up": {"uv": [6, 0, 6.25, 0.25], "texture": "#0"},
				"down": {"uv": [6, 0.25, 6.25, 0.5], "texture": "#0"}
			}
		}
	],
	"display": {
		"thirdperson_righthand": {
			"translation": [0, 4.5, 1.25],
			"scale": [1.5, 1.5, 1.5]
		},
		"thirdperson_lefthand": {
			"translation": [0, 4.5, 1.25],
			"scale": [1.5, 1.5, 1.5]
		},
		"firstperson_righthand": {
			"rotation": [3, 9, -4.75],
			"translation": [0.25, 6, 0.75]
		},
		"firstperson_lefthand": {
			"rotation": [2, 9, -4.75],
			"translation": [0.25, 6, 0.75]
		},
		"ground": {
			"rotation": [0, 0, 38],
			"translation": [0, 5, 0]
		},
		"gui": {
			"rotation": [29.5, 46.75, -55.5],
			"translation": [1.25, 2, 0]
		},
		"head": {
			"rotation": [90, -134, -90],
			"translation": [-4.5, -18, 6.5],
			"scale": [3, 3, 3]
		},
		"fixed": {
			"rotation": [0, 90, 0],
			"translation": [0, 2.75, 0]
		}
	}
}