{
	"credit": "Made with Blockbench by Zandhra",
	"texture_size": [64, 64],
	"textures": {
		"0": "chunky:item/gear/oceanic_set/oceanic_axe",
		"particle": "chunky:item/gear/oceanic_set/oceanic_axe"
	},
	"elements": [
		{
			"from": [7.75, 0.5, 7.5],
			"to": [8.25, 10.5, 8.5],
			"rotation": {"angle": 0, "axis": "y", "origin": [8, 8, 8]},
			"faces": {
				"north": {"uv": [0, 1.25, 0.25, 6.25], "texture": "#0"},
				"east": {"uv": [0.5, 1.25, 0, 6.25], "texture": "#0"},
				"south": {"uv": [0.25, 1.25, 0.5, 6.25], "texture": "#0"},
				"west": {"uv": [0, 1.25, 0.5, 6.25], "texture": "#0"},
				"up": {"uv": [0, 1.25, 0.5, 1.5], "rotation": 90, "texture": "#0"},
				"down": {"uv": [0, 6, 0.5, 6.25], "rotation": 90, "texture": "#0"}
			}
		},
		{
			"from": [7.45, 7.25, 8],
			"to": [8.55, 8.25, 9],
			"rotation": {"angle": 45, "axis": "x", "origin": [8, 7.75, 8.5]},
			"faces": {
				"north": {"uv": [3, 1.25, 3.25, 1.75], "texture": "#0"},
				"east": {"uv": [3, 1.25, 3.5, 1.75], "rotation": 90, "texture": "#0"},
				"south": {"uv": [3.25, 1.25, 3.5, 1.75], "texture": "#0"},
				"west": {"uv": [3, 1.25, 3.5, 1.75], "texture": "#0"},
				"up": {"uv": [3, 1.25, 3.5, 1.5], "rotation": 90, "texture": "#0"},
				"down": {"uv": [3, 1.5, 3.5, 1.75], "rotation": 270, "texture": "#0"}
			}
		},
		{
			"from": [7.45, 0.75, 7],
			"to": [8.55, 1.75, 8],
			"rotation": {"angle": 45, "axis": "x", "origin": [8, 1.25, 7.5]},
			"faces": {
				"north": {"uv": [3.25, 1.25, 3, 1.75], "texture": "#0"},
				"east": {"uv": [3.5, 1.25, 3, 1.75], "texture": "#0"},
				"south": {"uv": [3.5, 1.25, 3.25, 1.75], "texture": "#0"},
				"west": {"uv": [3, 1.75, 3.5, 1.25], "rotation": 90, "texture": "#0"},
				"up": {"uv": [3, 1.5, 3.5, 1.25], "rotation": 90, "texture": "#0"},
				"down": {"uv": [3, 1.75, 3.5, 1.5], "rotation": 270, "texture": "#0"}
			}
		},
		{
			"from": [7.95, 10.85, 4],
			"to": [8.05, 14.35, 8],
			"rotation": {"angle": 22.5, "axis": "x", "origin": [8, 13.5, 5.5]},
			"faces": {
				"north": {"uv": [15.75, 15.75, 15.5, 15.5], "rotation": 180, "texture": "#0"},
				"east": {"uv": [2.25, 13.75, 0.25, 15.5], "texture": "#0"},
				"south": {"uv": [15.75, 15.75, 15.5, 15.5], "rotation": 180, "texture": "#0"},
				"west": {"uv": [0.25, 13.75, 2.25, 15.5], "texture": "#0"},
				"up": {"uv": [15.75, 15.75, 15.5, 15.5], "rotation": 180, "texture": "#0"},
				"down": {"uv": [15.75, 15.75, 15.5, 15.5], "rotation": 180, "texture": "#0"}
			}
		},
		{
			"from": [7.95, 8.65, 4.5],
			"to": [8.05, 10.65, 7.5],
			"rotation": {"angle": -22.5, "axis": "x", "origin": [8, 10, 5.5]},
			"faces": {
				"north": {"uv": [15.75, 15.5, 15.5, 15.75], "rotation": 180, "texture": "#0"},
				"east": {"uv": [4.25, 14.5, 2.75, 13.5], "texture": "#0"},
				"south": {"uv": [15.75, 15.5, 15.5, 15.75], "rotation": 180, "texture": "#0"},
				"west": {"uv": [2.75, 14.5, 4.25, 13.5], "texture": "#0"},
				"up": {"uv": [15.75, 15.5, 15.5, 15.75], "rotation": 180, "texture": "#0"},
				"down": {"uv": [15.75, 15.5, 15.5, 15.75], "rotation": 180, "texture": "#0"}
			}
		},
		{
			"from": [7.5, 1, 7.25],
			"to": [8.5, 1.5, 8.75],
			"rotation": {"angle": 0, "axis": "y", "origin": [8, 8, 8]},
			"faces": {
				"north": {"uv": [5, 0.75, 4.75, 1], "texture": "#0"},
				"east": {"uv": [4.25, 0.75, 5, 1], "texture": "#0"},
				"south": {"uv": [4.5, 0.75, 4.25, 1], "texture": "#0"},
				"west": {"uv": [5, 0.75, 4.25, 1], "texture": "#0"},
				"up": {"uv": [5, 0.75, 4.25, 1], "rotation": 90, "texture": "#0"},
				"down": {"uv": [5, 0.75, 4.25, 1], "rotation": 270, "texture": "#0"}
			}
		},
		{
			"from": [7.5, 9, 7.25],
			"to": [8.5, 9.5, 8.75],
			"rotation": {"angle": 0, "axis": "y", "origin": [8, 16, 8]},
			"faces": {
				"north": {"uv": [5, 0.75, 4.75, 1], "texture": "#0"},
				"east": {"uv": [4.25, 0.75, 5, 1], "texture": "#0"},
				"south": {"uv": [4.5, 0.75, 4.25, 1], "texture": "#0"},
				"west": {"uv": [5, 0.75, 4.25, 1], "texture": "#0"},
				"up": {"uv": [5, 0.75, 4.25, 1], "rotation": 90, "texture": "#0"},
				"down": {"uv": [5, 0.75, 4.25, 1], "rotation": 270, "texture": "#0"}
			}
		},
		{
			"from": [7.5, 7.5, 7.25],
			"to": [8.5, 8, 8.75],
			"rotation": {"angle": 0, "axis": "y", "origin": [8, 14.5, 8]},
			"faces": {
				"north": {"uv": [5, 0.75, 4.75, 1], "texture": "#0"},
				"east": {"uv": [4.25, 0.75, 5, 1], "texture": "#0"},
				"south": {"uv": [4.5, 0.75, 4.25, 1], "texture": "#0"},
				"west": {"uv": [5, 0.75, 4.25, 1], "texture": "#0"},
				"up": {"uv": [5, 0.75, 4.25, 1], "rotation": 90, "texture": "#0"},
				"down": {"uv": [5, 0.75, 4.25, 1], "rotation": 270, "texture": "#0"}
			}
		},
		{
			"from": [7.25, 10.1, 7],
			"to": [8.75, 12.6, 9.5],
			"rotation": {"angle": 45, "axis": "x", "origin": [8, 11.6, 8]},
			"faces": {
				"north": {"uv": [2, 0, 2.75, 1.25], "texture": "#0"},
				"east": {"uv": [1.25, 0, 0, 1.25], "texture": "#0"},
				"south": {"uv": [3.5, 0, 4.25, 1.25], "texture": "#0"},
				"west": {"uv": [0, 0, 1.25, 1.25], "texture": "#0"},
				"up": {"uv": [1.25, 0, 2, 1.25], "texture": "#0"},
				"down": {"uv": [2.75, 0, 3.5, 1.25], "texture": "#0"}
			}
		},
		{
			"from": [7.75, -1.32513, 8.14645],
			"to": [8.25, 0.67487, 10.14645],
			"rotation": {"angle": 45, "axis": "x", "origin": [8, 0.67487, 7.64645]},
			"faces": {
				"north": {"uv": [5.75, 0, 6, 1], "texture": "#0"},
				"east": {"uv": [5, 0, 6, 1], "texture": "#0"},
				"south": {"uv": [5, 0, 5.25, 1], "texture": "#0"},
				"west": {"uv": [6, 0, 5, 1], "texture": "#0"},
				"up": {"uv": [5, 0, 6, 0.25], "rotation": 270, "texture": "#0"},
				"down": {"uv": [5, 0.75, 6, 1], "rotation": 90, "texture": "#0"}
			}
		},
		{
			"from": [7.95, -2.32513, 8.14645],
			"to": [8.05, 0.67487, 11.14645],
			"rotation": {"angle": 45, "axis": "x", "origin": [8.05, 0.67487, 7.64645]},
			"faces": {
				"north": {"uv": [15.5, 15.5, 15.75, 15.75], "texture": "#0"},
				"east": {"uv": [4.5, 13.5, 6, 15], "texture": "#0"},
				"south": {"uv": [15.5, 15.5, 15.75, 15.75], "texture": "#0"},
				"west": {"uv": [6, 13.5, 4.5, 15], "texture": "#0"},
				"up": {"uv": [15.5, 15.5, 15.75, 15.75], "texture": "#0"},
				"down": {"uv": [15.5, 15.5, 15.75, 15.75], "texture": "#0"}
			}
		},
		{
			"from": [7.5, 11.51421, 9.7],
			"to": [8.5, 13.01421, 11.2],
			"rotation": {"angle": 45, "axis": "x", "origin": [8, 13.01421, 8.7]},
			"faces": {
				"north": {"uv": [1.75, 1.25, 2, 2], "texture": "#0"},
				"east": {"uv": [1.25, 1.25, 2, 2], "texture": "#0"},
				"south": {"uv": [1.25, 1.25, 1.5, 2], "texture": "#0"},
				"west": {"uv": [2, 1.25, 1.25, 2], "texture": "#0"},
				"up": {"uv": [1.25, 1.25, 2, 1.5], "rotation": 270, "texture": "#0"},
				"down": {"uv": [1.25, 1.75, 2, 2], "rotation": 90, "texture": "#0"}
			}
		},
		{
			"from": [7.5, 0.22132, 8.29289],
			"to": [8.5, 1.72132, 9.79289],
			"rotation": {"angle": 45, "axis": "x", "origin": [8, 1.72132, 7.29289]},
			"faces": {
				"north": {"uv": [2.5, 1.25, 2.75, 2], "texture": "#0"},
				"east": {"uv": [2, 1.25, 2.75, 2], "texture": "#0"},
				"south": {"uv": [2, 1.25, 2.25, 2], "texture": "#0"},
				"west": {"uv": [2.75, 1.25, 2, 2], "texture": "#0"},
				"up": {"uv": [2, 1.25, 2.75, 1.5], "rotation": 270, "texture": "#0"},
				"down": {"uv": [2, 1.75, 2.75, 2], "rotation": 90, "texture": "#0"}
			}
		},
		{
			"from": [7.75, 13.39425, 5.25022],
			"to": [8.25, 14.89425, 7.75022],
			"rotation": {"angle": 22.5, "axis": "x", "origin": [8, 13.39425, 2.75022]},
			"faces": {
				"north": {"uv": [1, 14, 1.25, 14.75], "texture": "#0"},
				"east": {"uv": [2, 14, 1, 14.75], "texture": "#0"},
				"south": {"uv": [1.75, 14, 2, 14.75], "texture": "#0"},
				"west": {"uv": [1, 14, 2, 14.75], "texture": "#0"},
				"up": {"uv": [1, 14, 2, 14.25], "rotation": 90, "texture": "#0"},
				"down": {"uv": [1, 14.5, 2, 14.75], "rotation": 270, "texture": "#0"}
			}
		},
		{
			"from": [7.75, 7.76113, 5.51768],
			"to": [8.25, 8.76113, 7.51768],
			"rotation": {"angle": -22.5, "axis": "x", "origin": [8, 9.26113, 2.01768]},
			"faces": {
				"north": {"uv": [3.25, 14.25, 3.5, 13.75], "texture": "#0"},
				"east": {"uv": [4.25, 14.25, 3.25, 13.75], "texture": "#0"},
				"south": {"uv": [4, 14.25, 4.25, 13.75], "texture": "#0"},
				"west": {"uv": [3.25, 14.25, 4.25, 13.75], "texture": "#0"},
				"up": {"uv": [4.25, 14, 3.25, 14.25], "rotation": 270, "texture": "#0"},
				"down": {"uv": [4.25, 13.75, 3.25, 14], "rotation": 90, "texture": "#0"}
			}
		},
		{
			"from": [7.75, 13.39425, 4.75022],
			"to": [8.25, 14.39425, 5.25022],
			"rotation": {"angle": 22.5, "axis": "x", "origin": [8, 13.39425, 2.75022]},
			"faces": {
				"north": {"uv": [1, 14.25, 0.75, 14.75], "texture": "#0"},
				"east": {"uv": [1, 14.25, 0.75, 14.75], "texture": "#0"},
				"south": {"uv": [1, 14.25, 0.75, 14.75], "texture": "#0"},
				"west": {"uv": [1, 14.25, 0.75, 14.75], "texture": "#0"},
				"up": {"uv": [1, 14.25, 0.75, 14.5], "texture": "#0"},
				"down": {"uv": [1, 14.5, 0.75, 14.75], "texture": "#0"}
			}
		}
	],
	"display": {
		"thirdperson_righthand": {
			"translation": [0, 4.5, 1.25],
			"scale": [1.5, 1.5, 1.5]
		},
		"thirdperson_lefthand": {
			"translation": [0, 4.5, 1.25],
			"scale": [1.5, 1.5, 1.5]
		},
		"firstperson_righthand": {
			"rotation": [3, 9, -4.75],
			"translation": [0.25, 6, 0.75]
		},
		"firstperson_lefthand": {
			"rotation": [2, 9, -4.75],
			"translation": [0.25, 6, 0.75]
		},
		"ground": {
			"rotation": [0, 0, 38],
			"translation": [0, 5, 0]
		},
		"gui": {
			"rotation": [29.5, 46.75, -55.5],
			"translation": [1.25, 2, 0]
		},
		"head": {
			"rotation": [90, 53, 90],
			"translation": [-4.5, -15, 6.5],
			"scale": [3, 3, 3]
		},
		"fixed": {
			"rotation": [0, 90, 0],
			"translation": [0, 2.75, 0]
		}
	}
}