{
	"credit": "Made with Blockbench",
	"texture_size": [32, 32],
	"textures": {
		"0": "chunky:item/furniture/easter/large_carrot",
		"particle": "chunky:item/furniture/easter/large_carrot"
	},
	"elements": [
		{
			"from": [5.5, 0, 5.5],
			"to": [10.5, 9, 10.5],
			"faces": {
				"north": {"uv": [0, 0, 2.5, 4.5], "texture": "#0"},
				"east": {"uv": [2.5, 0, 5, 4.5], "texture": "#0"},
				"south": {"uv": [0, 4.5, 2.5, 9], "texture": "#0"},
				"west": {"uv": [2.5, 4.5, 5, 9], "texture": "#0"},
				"up": {"uv": [7.5, 8.5, 5, 6], "texture": "#0"},
				"down": {"uv": [10, 0, 7.5, 2.5], "texture": "#0"}
			}
		},
		{
			"from": [8, 9, 5.5],
			"to": [8, 15, 10.5],
			"rotation": {"angle": 0, "axis": "y", "origin": [8, 12, 8]},
			"faces": {
				"east": {"uv": [5, 3, 7.5, 6], "texture": "#0"},
				"west": {"uv": [5, 3, 7.5, 6], "texture": "#0"}
			}
		},
		{
			"from": [5.5, 9, 8],
			"to": [10.5, 15, 8],
			"rotation": {"angle": 0, "axis": "y", "origin": [8, 12, 8]},
			"faces": {
				"north": {"uv": [5, 3, 7.5, 6], "texture": "#0"},
				"south": {"uv": [5, 3, 7.5, 6], "texture": "#0"}
			}
		}
	],
	"gui_light": "front",
	"display": {
		"thirdperson_righthand": {
			"rotation": [75, 45, 0],
			"translation": [0, 1, 1.25],
			"scale": [0.375, 0.375, 0.375]
		},
		"firstperson_righthand": {
			"rotation": [0, 45, 0],
			"translation": [3, 2, 0],
			"scale": [0.4, 0.4, 0.4]
		},
		"ground": {
			"translation": [0, 5.5, 0]
		},
		"gui": {
			"rotation": [30, 225, 35],
			"translation": [0.5, 2.25, 0],
			"scale": [0.8, 0.8, 0.8]
		},
		"head": {
			"translation": [0, -27.4, 0],
			"scale": [2, 2, 2]
		},
		"fixed": {
			"rotation": [-90, 0, 0],
			"translation": [0, 0, -32],
			"scale": [4, 4, 4]
		}
	}
}