{
	"credit": "Made with Blockbench",
	"texture_size": [32, 32],
	"textures": {
		"1": "chunky:item/gear/seaside_serenity_set/crab_shovel"
	},
	"elements": [
		{
			"from": [5.78701, -5.697, 7],
			"to": [8.78701, -2.697, 9],
			"rotation": {"angle": 45, "axis": "z", "origin": [6.78701, -4.697, 1]},
			"faces": {
				"north": {"uv": [4.016, 7.016, 5.484, 8.484], "texture": "#1"},
				"east": {"uv": [7.016, 7.016, 7.984, 8.484], "texture": "#1"},
				"south": {"uv": [5.516, 7.016, 6.984, 8.484], "texture": "#1"},
				"west": {"uv": [8.016, 0.016, 8.984, 1.484], "texture": "#1"},
				"up": {"uv": [8.484, 5.984, 7.016, 5.016], "texture": "#1"},
				"down": {"uv": [9.484, 1.516, 8.016, 2.484], "texture": "#1"}
			}
		},
		{
			"from": [5.78701, -3.697, 7.5],
			"to": [7.78701, 8.303, 8.5],
			"rotation": {"angle": 0, "axis": "y", "origin": [-1.21299, -5.697, 0]},
			"faces": {
				"north": {"uv": [0.016, 3.016, 0.984, 8.984], "texture": "#1"},
				"east": {"uv": [5.016, 0.016, 5.484, 5.984], "texture": "#1"},
				"south": {"uv": [1.016, 3.016, 1.984, 8.984], "texture": "#1"},
				"west": {"uv": [5.516, 0.016, 5.984, 5.984], "texture": "#1"}
			}
		},
		{
			"from": [5.78501, 7.301, 6.998],
			"to": [7.78901, 10.305, 9.002],
			"rotation": {"angle": 0, "axis": "y", "origin": [-1.21299, -5.697, 0]},
			"faces": {
				"north": {"uv": [8.016, 2.516, 8.984, 3.984], "texture": "#1"},
				"east": {"uv": [8.016, 7.016, 8.984, 8.484], "texture": "#1"},
				"south": {"uv": [4.016, 8.516, 4.984, 9.984], "texture": "#1"},
				"west": {"uv": [8.516, 4.016, 9.484, 5.484], "texture": "#1"},
				"up": {"uv": [0.984, 9.984, 0.016, 9.016], "texture": "#1"},
				"down": {"uv": [9.984, 0.016, 9.016, 0.984], "texture": "#1"}
			}
		},
		{
			"from": [4.25, 9.9899, 7],
			"to": [9.25, 15.9899, 9],
			"rotation": {"angle": 0, "axis": "y", "origin": [-3.25, -2.0101, 0]},
			"faces": {
				"north": {"uv": [0.016, 0.016, 2.484, 2.984], "texture": "#1"},
				"east": {"uv": [6.016, 0.016, 6.984, 2.984], "texture": "#1"},
				"south": {"uv": [2.516, 0.016, 4.984, 2.984], "texture": "#1"},
				"west": {"uv": [2.016, 6.016, 2.984, 8.984], "texture": "#1"},
				"up": {"uv": [6.484, 6.984, 4.016, 6.016], "texture": "#1"},
				"down": {"uv": [8.984, 6.016, 6.516, 6.984], "texture": "#1"}
			}
		},
		{
			"from": [4.25, 15.9899, 7],
			"to": [7.25, 21.9899, 9],
			"rotation": {"angle": 0, "axis": "y", "origin": [-3.25, -2.0101, 0]},
			"faces": {
				"north": {"uv": [2.016, 3.016, 3.484, 5.984], "texture": "#1"},
				"east": {"uv": [3.016, 6.016, 3.984, 8.984], "texture": "#1"},
				"south": {"uv": [3.516, 3.016, 4.984, 5.984], "texture": "#1"},
				"west": {"uv": [6.016, 3.016, 6.984, 5.984], "texture": "#1"},
				"up": {"uv": [6.484, 9.484, 5.016, 8.516], "texture": "#1"}
			}
		},
		{
			"from": [9.25, 13.9899, 7.5],
			"to": [11.25, 18.9899, 8.5],
			"rotation": {"angle": 0, "axis": "y", "origin": [-3.25, -2.0101, 0]},
			"faces": {
				"north": {"uv": [7.016, 0.016, 7.984, 2.484], "texture": "#1"},
				"east": {"uv": [8.016, 8.516, 8.484, 10.984], "texture": "#1"},
				"south": {"uv": [7.016, 2.516, 7.984, 4.984], "texture": "#1"},
				"west": {"uv": [8.516, 8.516, 8.984, 10.984], "texture": "#1"},
				"up": {"uv": [9.484, 5.984, 8.516, 5.516], "texture": "#1"},
				"down": {"uv": [1.984, 9.016, 1.016, 9.484], "texture": "#1"}
			}
		},
		{
			"from": [5.25, 15.9899, 8],
			"to": [8.25, 23.9899, 8],
			"rotation": {"angle": 0, "axis": "y", "origin": [-3.25, -2.0101, 0]},
			"faces": {
				"north": {"uv": [10.016, 0.016, 11.484, 3.984], "texture": "#1"},
				"south": {"uv": [11.484, 0.016, 10.016, 3.984], "texture": "#1"}
			}
		}
	],
	"gui_light": "front",
	"display": {
		"thirdperson_righthand": {
			"rotation": [2, -90, 0],
			"translation": [0.25, 1.75, 3],
			"scale": [0.85, 0.85, 0.85]
		},
		"thirdperson_lefthand": {
			"rotation": [2, -90, 0],
			"translation": [0.25, 1.75, 0.75],
			"scale": [0.85, 0.85, 0.85]
		},
		"firstperson_righthand": {
			"rotation": [-29.25, 90, 0],
			"translation": [1.13, 3.2, 1.13],
			"scale": [0.68, 0.68, 0.68]
		},
		"firstperson_lefthand": {
			"rotation": [-29.25, -90, 0],
			"translation": [1.13, 3.2, 1.13],
			"scale": [0.68, 0.68, 0.68]
		},
		"ground": {
			"translation": [0, 2, 0],
			"scale": [0.5, 0.5, 0.5]
		},
		"gui": {
			"rotation": [0, 180, 0],
			"translation": [0, -0.5, 0],
			"scale": [0.5, 0.5, 0.5]
		},
		"fixed": {
			"rotation": [0, 180, 0]
		}
	}
}