{
	"credit": "Made with Blockbench",
	"texture_size": [32, 32],
	"textures": {
		"3": "chunky:item/gear/seaside_serenity_set/kraken_reaver"
	},
	"elements": [
		{
			"from": [8.01851, -7.54726, 7],
			"to": [11.01851, -4.54726, 9],
			"rotation": {"angle": 45, "axis": "z", "origin": [9.01851, -6.54726, 1]},
			"faces": {
				"north": {"uv": [8.016, 0.016, 9.484, 1.484], "texture": "#3"},
				"east": {"uv": [6.016, 8.016, 6.984, 9.484], "texture": "#3"},
				"south": {"uv": [8.016, 1.516, 9.484, 2.984], "texture": "#3"},
				"west": {"uv": [8.016, 6.016, 8.984, 7.484], "texture": "#3"},
				"up": {"uv": [8.484, 8.984, 7.016, 8.016], "texture": "#3"},
				"down": {"uv": [9.984, 7.516, 8.516, 8.484], "texture": "#3"}
			}
		},
		{
			"from": [17.0125, 1.44674, 6.994],
			"to": [20.0245, 4.45874, 9.006],
			"rotation": {"angle": 45, "axis": "z", "origin": [9.01851, -6.54726, 1]},
			"faces": {
				"north": {"uv": [8.016, 3.016, 9.484, 4.484], "texture": "#3"},
				"east": {"uv": [8.516, 8.516, 9.484, 9.984], "texture": "#3"},
				"south": {"uv": [8.016, 4.516, 9.484, 5.984], "texture": "#3"},
				"west": {"uv": [9.016, 6.016, 9.984, 7.484], "texture": "#3"},
				"up": {"uv": [8.484, 9.984, 7.016, 9.016], "texture": "#3"},
				"down": {"uv": [1.484, 9.516, 0.016, 10.484], "texture": "#3"}
			}
		},
		{
			"from": [8.01851, -5.54726, 7.5],
			"to": [10.01851, 6.45274, 8.5],
			"rotation": {"angle": 0, "axis": "y", "origin": [1.0185, -7.54726, 0]},
			"faces": {
				"north": {"uv": [4.016, 6.016, 4.984, 11.984], "texture": "#3"},
				"east": {"uv": [7.516, 0.016, 7.984, 5.984], "texture": "#3"},
				"south": {"uv": [5.016, 6.016, 5.984, 11.984], "texture": "#3"},
				"west": {"uv": [3.016, 7.516, 3.484, 13.484], "texture": "#3"}
			}
		},
		{
			"from": [6.99954, 6.38654, 7.5],
			"to": [10.99954, 21.38654, 8.5],
			"rotation": {"angle": 0, "axis": "y", "origin": [8.99954, 9.76154, 8]},
			"faces": {
				"north": {"uv": [0.016, 0.016, 1.984, 7.484], "texture": "#3"},
				"east": {"uv": [2.016, 7.516, 2.484, 14.984], "texture": "#3"},
				"south": {"uv": [2.016, 0.016, 3.984, 7.484], "texture": "#3"},
				"west": {"uv": [2.516, 7.516, 2.984, 14.984], "texture": "#3"}
			}
		},
		{
			"from": [6.34461, 20.30683, 7.497],
			"to": [10.35061, 24.31283, 8.503],
			"rotation": {"angle": -45, "axis": "z", "origin": [8.09761, 21.30983, 7.9375]},
			"faces": {
				"north": {"uv": [6.016, 6.016, 7.984, 7.984], "texture": "#3"},
				"east": {"uv": [3.516, 7.516, 3.984, 9.484], "texture": "#3"},
				"south": {"uv": [0.016, 7.516, 1.984, 9.484], "texture": "#3"},
				"west": {"uv": [1.516, 9.516, 1.984, 11.484], "texture": "#3"},
				"up": {"uv": [11.484, 9.984, 9.516, 9.516], "texture": "#3"},
				"down": {"uv": [11.984, 6.016, 10.016, 6.484], "texture": "#3"}
			}
		},
		{
			"from": [8.0165, 3.45074, 6.998],
			"to": [10.02051, 6.45474, 9.002],
			"rotation": {"angle": 0, "axis": "y", "origin": [1.0185, -7.54726, 0]},
			"faces": {
				"north": {"uv": [9.516, 0.016, 10.484, 1.484], "texture": "#3"},
				"east": {"uv": [9.516, 1.516, 10.484, 2.984], "texture": "#3"},
				"south": {"uv": [9.516, 3.016, 10.484, 4.484], "texture": "#3"},
				"west": {"uv": [9.516, 4.516, 10.484, 5.984], "texture": "#3"},
				"up": {"uv": [6.984, 10.484, 6.016, 9.516], "texture": "#3"},
				"down": {"uv": [10.484, 8.516, 9.516, 9.484], "texture": "#3"}
			}
		},
		{
			"from": [10.01851, 4.763, 7],
			"to": [12.01851, 6.763, 9],
			"rotation": {"angle": 0, "axis": "y", "origin": [15.01851, -2.237, 0]},
			"faces": {
				"north": {"uv": [8.016, 10.516, 8.984, 11.484], "texture": "#3"},
				"east": {"uv": [10.516, 8.016, 11.484, 8.984], "texture": "#3"},
				"south": {"uv": [11.016, 7.016, 11.984, 7.984], "texture": "#3"},
				"up": {"uv": [10.984, 11.984, 10.016, 11.016], "texture": "#3"},
				"down": {"uv": [11.984, 10.016, 11.016, 10.984], "texture": "#3"}
			}
		},
		{
			"from": [0, 2.75, 8],
			"to": [7, 8.75, 8],
			"faces": {
				"north": {"uv": [4.016, 0.016, 7.484, 2.984], "texture": "#3"},
				"south": {"uv": [4.016, 3.016, 7.484, 5.984], "texture": "#3"}
			}
		},
		{
			"from": [11, 2.75, 8],
			"to": [18, 8.75, 8],
			"rotation": {"angle": 0, "axis": "y", "origin": [16, 0, 0]},
			"faces": {
				"north": {"uv": [7.484, 0.016, 4.016, 2.984], "texture": "#3"},
				"south": {"uv": [7.484, 3.016, 4.016, 5.984], "texture": "#3"}
			}
		},
		{
			"from": [5.9815, 4.763, 7],
			"to": [7.9815, 6.763, 9],
			"rotation": {"angle": 0, "axis": "y", "origin": [0.98149, -2.237, 0]},
			"faces": {
				"north": {"uv": [10.016, 7.016, 10.984, 7.984], "texture": "#3"},
				"east": {"uv": [9.016, 10.016, 9.984, 10.984], "texture": "#3"},
				"south": {"uv": [10.016, 10.016, 10.984, 10.984], "texture": "#3"},
				"west": {"uv": [0.016, 10.516, 0.984, 11.484], "texture": "#3"},
				"up": {"uv": [11.484, 0.984, 10.516, 0.016], "texture": "#3"},
				"down": {"uv": [11.484, 1.016, 10.516, 1.984], "texture": "#3"}
			}
		}
	],
	"gui_light": "front",
	"display": {
		"thirdperson_righthand": {
			"rotation": [3, 90, 0],
			"translation": [0.25, 4.75, 2],
			"scale": [0.75, 0.75, 0.75]
		},
		"thirdperson_lefthand": {
			"rotation": [3, 90, 0],
			"translation": [0.25, 4.75, 2],
			"scale": [0.75, 0.75, 0.75]
		},
		"firstperson_righthand": {
			"rotation": [0, 90, -25],
			"translation": [1.13, 3.2, 1.13],
			"scale": [0.68, 0.68, 0.68]
		},
		"firstperson_lefthand": {
			"rotation": [0, 90, -25],
			"translation": [1.13, 3.2, 1.13],
			"scale": [0.68, 0.68, 0.68]
		},
		"ground": {
			"translation": [0, 2, 0],
			"scale": [0.5, 0.5, 0.5]
		},
		"gui": {
			"rotation": [0, 180, 0],
			"scale": [0.4, 0.4, 0.4]
		},
		"fixed": {
			"rotation": [0, 180, 0]
		}
	}
}