{
	"credit": "Made with Blockbench",
	"texture_size": [32, 32],
	"textures": {
		"0": "chunky:item/gear/seaside_serenity_set/palm_pickaxe",
		"particle": "chunky:item/gear/seaside_serenity_set/palm_pickaxe"
	},
	"elements": [
		{
			"from": [7.03701, -5.31026, 7],
			"to": [10.03701, -2.31026, 9],
			"rotation": {"angle": 45, "axis": "z", "origin": [8.03701, -4.31026, 1]},
			"faces": {
				"north": {"uv": [4.016, 9.516, 5.484, 10.984], "texture": "#0"},
				"east": {"uv": [10.016, 9.516, 10.984, 10.984], "texture": "#0"},
				"south": {"uv": [10.016, 8.016, 11.484, 9.484], "texture": "#0"},
				"west": {"uv": [1.016, 11.016, 1.984, 12.484], "texture": "#0"},
				"up": {"uv": [5.484, 11.984, 4.016, 11.016], "texture": "#0"},
				"down": {"uv": [7.484, 11.016, 6.016, 11.984], "texture": "#0"}
			}
		},
		{
			"from": [22.03501, 9.68774, 6.998],
			"to": [27.03901, 14.69174, 9.002],
			"rotation": {"angle": 45, "axis": "z", "origin": [8.03701, -4.31026, 1]},
			"faces": {
				"north": {"uv": [6.016, 0.016, 8.484, 2.484], "texture": "#0"},
				"east": {"uv": [4.016, 7.016, 4.984, 9.484], "texture": "#0"},
				"south": {"uv": [6.016, 2.516, 8.484, 4.984], "texture": "#0"},
				"west": {"uv": [5.016, 7.016, 5.984, 9.484], "texture": "#0"},
				"up": {"uv": [9.484, 10.984, 7.016, 10.016], "texture": "#0"},
				"down": {"uv": [12.484, 7.016, 10.016, 7.984], "texture": "#0"}
			}
		},
		{
			"from": [7.03701, -3.31026, 7.5],
			"to": [9.03701, 8.68974, 8.5],
			"rotation": {"angle": 0, "axis": "y", "origin": [0.03701, -5.31026, 0]},
			"faces": {
				"north": {"uv": [6.016, 5.016, 6.984, 10.984], "texture": "#0"},
				"east": {"uv": [3.016, 7.016, 3.484, 12.984], "texture": "#0"},
				"south": {"uv": [0.016, 7.016, 0.984, 12.984], "texture": "#0"},
				"west": {"uv": [3.516, 7.016, 3.984, 12.984], "texture": "#0"}
			}
		},
		{
			"from": [7.03701, 10.68974, 7.5],
			"to": [9.03701, 18.68974, 8.5],
			"rotation": {"angle": 0, "axis": "y", "origin": [0.03701, -5.31026, 0]},
			"faces": {
				"north": {"uv": [1.016, 7.016, 1.984, 10.984], "texture": "#0"},
				"east": {"uv": [5.516, 9.516, 5.984, 13.484], "texture": "#0"},
				"south": {"uv": [2.016, 7.016, 2.984, 10.984], "texture": "#0"},
				"west": {"uv": [9.516, 10.016, 9.984, 13.984], "texture": "#0"}
			}
		},
		{
			"from": [7.03501, 7.68774, 6.998],
			"to": [9.03901, 10.69174, 9.002],
			"rotation": {"angle": 0, "axis": "y", "origin": [0.03701, -5.31026, 0]},
			"faces": {
				"north": {"uv": [2.016, 11.016, 2.984, 12.484], "texture": "#0"},
				"east": {"uv": [7.516, 11.016, 8.484, 12.484], "texture": "#0"},
				"south": {"uv": [8.516, 11.016, 9.484, 12.484], "texture": "#0"},
				"west": {"uv": [11.016, 9.516, 11.984, 10.984], "texture": "#0"},
				"up": {"uv": [12.484, 3.984, 11.516, 3.016], "texture": "#0"},
				"down": {"uv": [12.484, 4.016, 11.516, 4.984], "texture": "#0"}
			}
		},
		{
			"from": [8.19033, 17.91291, 6.999],
			"to": [14.19233, 19.91491, 9.001],
			"rotation": {"angle": 22.5, "axis": "z", "origin": [12.19133, 18.91391, 8]},
			"faces": {
				"north": {"uv": [7.016, 5.016, 9.984, 5.984], "texture": "#0"},
				"south": {"uv": [7.016, 6.016, 9.984, 6.984], "texture": "#0"},
				"up": {"uv": [9.984, 7.984, 7.016, 7.016], "texture": "#0"},
				"down": {"uv": [9.984, 8.016, 7.016, 8.984], "texture": "#0"}
			}
		},
		{
			"from": [7.99416, 12.07086, 6.999],
			"to": [13.99616, 14.07286, 9.001],
			"rotation": {"angle": -45, "axis": "z", "origin": [12.99516, 14.07186, 8]},
			"faces": {
				"north": {"uv": [8.516, 4.016, 11.484, 4.984], "texture": "#0"},
				"east": {"uv": [13.516, 4.984, 14.484, 4.016], "texture": "#0"},
				"south": {"uv": [7.016, 9.016, 9.984, 9.984], "texture": "#0"},
				"up": {"uv": [12.984, 5.984, 10.016, 5.016], "texture": "#0"},
				"down": {"uv": [12.984, 6.016, 10.016, 6.984], "texture": "#0"}
			}
		},
		{
			"from": [13.6544, 18.60116, 6.998],
			"to": [16.6584, 20.60516, 9.002],
			"rotation": {"angle": 0, "axis": "z", "origin": [16.6564, 19.60316, 8]},
			"faces": {
				"north": {"uv": [10.016, 11.016, 11.484, 11.984], "texture": "#0"},
				"south": {"uv": [11.516, 0.016, 12.984, 0.984], "texture": "#0"},
				"up": {"uv": [12.984, 1.984, 11.516, 1.016], "texture": "#0"},
				"down": {"uv": [12.984, 2.016, 11.516, 2.984], "texture": "#0"}
			}
		},
		{
			"from": [16.15854, 18.10425, 6.999],
			"to": [22.16054, 20.10625, 9.001],
			"rotation": {"angle": -22.5, "axis": "z", "origin": [17.65954, 19.10525, 8]},
			"faces": {
				"north": {"uv": [8.516, 0.016, 11.484, 0.984], "texture": "#0"},
				"east": {"uv": [13.516, 1.016, 14.484, 1.984], "texture": "#0"},
				"south": {"uv": [8.516, 1.016, 11.484, 1.984], "texture": "#0"},
				"up": {"uv": [11.484, 2.984, 8.516, 2.016], "texture": "#0"},
				"down": {"uv": [11.484, 3.016, 8.516, 3.984], "texture": "#0"}
			}
		},
		{
			"from": [1.80767, 17.91291, 6.999],
			"to": [7.80967, 19.91491, 9.001],
			"rotation": {"angle": -22.5, "axis": "z", "origin": [3.80867, 18.91391, 8]},
			"faces": {
				"north": {"uv": [9.984, 5.016, 7.016, 5.984], "texture": "#0"},
				"south": {"uv": [9.984, 6.016, 7.016, 6.984], "texture": "#0"},
				"up": {"uv": [7.016, 7.984, 9.984, 7.016], "texture": "#0"},
				"down": {"uv": [7.016, 8.016, 9.984, 8.984], "texture": "#0"}
			}
		},
		{
			"from": [-0.6584, 18.60116, 6.998],
			"to": [2.3456, 20.60516, 9.002],
			"rotation": {"angle": 0, "axis": "z", "origin": [-0.6564, 19.60316, 8]},
			"faces": {
				"north": {"uv": [11.484, 11.016, 10.016, 11.984], "texture": "#0"},
				"south": {"uv": [12.984, 0.016, 11.516, 0.984], "texture": "#0"},
				"up": {"uv": [11.516, 1.984, 12.984, 1.016], "texture": "#0"},
				"down": {"uv": [11.516, 2.016, 12.984, 2.984], "texture": "#0"}
			}
		},
		{
			"from": [-6.16054, 18.10425, 6.999],
			"to": [-0.15854, 20.10625, 9.001],
			"rotation": {"angle": 22.5, "axis": "z", "origin": [-1.65954, 19.10525, 8]},
			"faces": {
				"north": {"uv": [11.484, 0.016, 8.516, 0.984], "texture": "#0"},
				"south": {"uv": [11.484, 1.016, 8.516, 1.984], "texture": "#0"},
				"west": {"uv": [14.484, 1.016, 13.516, 1.984], "texture": "#0"},
				"up": {"uv": [8.516, 2.984, 11.484, 2.016], "texture": "#0"},
				"down": {"uv": [8.516, 3.016, 11.484, 3.984], "texture": "#0"}
			}
		},
		{
			"from": [2.00384, 12.07086, 6.999],
			"to": [8.00584, 14.07286, 9.001],
			"rotation": {"angle": 45, "axis": "z", "origin": [3.00484, 14.07186, 8]},
			"faces": {
				"north": {"uv": [11.484, 4.016, 8.516, 4.984], "texture": "#0"},
				"south": {"uv": [9.984, 9.016, 7.016, 9.984], "texture": "#0"},
				"west": {"uv": [14.484, 4.984, 13.516, 4.016], "texture": "#0"},
				"up": {"uv": [10.016, 5.984, 12.984, 5.016], "texture": "#0"},
				"down": {"uv": [10.016, 6.016, 12.984, 6.984], "texture": "#0"}
			}
		},
		{
			"from": [-8, 16.25, 8],
			"to": [0, 20.25, 8],
			"rotation": {"angle": 22.5, "axis": "z", "origin": [-3, 17, 8]},
			"faces": {
				"north": {"uv": [0, 5, 4, 7], "texture": "#0"},
				"south": {"uv": [4, 5, 0, 7], "texture": "#0"}
			}
		},
		{
			"from": [-0.72345, 6.90501, 8],
			"to": [7.27655, 10.90501, 8],
			"rotation": {"angle": 45, "axis": "z", "origin": [-1.72345, 11.30501, 8]},
			"faces": {
				"north": {"uv": [0, 5, 4, 7], "texture": "#0"},
				"south": {"uv": [4, 5, 0, 7], "texture": "#0"}
			}
		},
		{
			"from": [8.72345, 6.90501, 8],
			"to": [16.72345, 10.90501, 8],
			"rotation": {"angle": -45, "axis": "z", "origin": [17.72345, 11.30501, 8]},
			"faces": {
				"north": {"uv": [4, 5, 0, 7], "texture": "#0"},
				"south": {"uv": [0, 5, 4, 7], "texture": "#0"}
			}
		},
		{
			"from": [16, 16.25, 8],
			"to": [24, 20.25, 8],
			"rotation": {"angle": -22.5, "axis": "z", "origin": [19, 17, 8]},
			"faces": {
				"north": {"uv": [4, 5, 0, 7], "texture": "#0"},
				"south": {"uv": [0, 5, 4, 7], "texture": "#0"}
			}
		}
	],
	"gui_light": "front",
	"display": {
		"thirdperson_righthand": {
			"rotation": [3, -90, 0],
			"translation": [0, 1.75, 2],
			"scale": [0.75, 0.75, 0.75]
		},
		"thirdperson_lefthand": {
			"rotation": [3, -90, 0],
			"translation": [0, 1.75, 2],
			"scale": [0.75, 0.75, 0.75]
		},
		"firstperson_righthand": {
			"rotation": [0, -90, 25],
			"translation": [1.13, 3.2, 1.13],
			"scale": [0.68, 0.68, 0.68]
		},
		"firstperson_lefthand": {
			"rotation": [0, 90, 25],
			"translation": [1.13, 3.2, 1.13],
			"scale": [0.68, 0.68, 0.68]
		},
		"ground": {
			"translation": [0, 2, 0],
			"scale": [0.5, 0.5, 0.5]
		},
		"gui": {
			"rotation": [0, 180, 0],
			"scale": [0.5, 0.5, 0.5]
		},
		"fixed": {
			"rotation": [0, 180, 0]
		}
	}
}