{
	"credit": "Made with Blockbench",
	"texture_size": [32, 32],
	"textures": {
		"0": "chunky:item/gear/seaside_serenity_set/urchin_hoe",
		"particle": "chunky:item/gear/seaside_serenity_set/urchin_hoe"
	},
	"elements": [
		{
			"from": [9.03701, -3.6869, 7],
			"to": [12.03701, -0.6869, 9],
			"rotation": {"angle": 45, "axis": "z", "origin": [10.03701, -2.6869, 1]},
			"faces": {
				"north": {"uv": [2.016, 7.516, 3.484, 8.984], "texture": "#0"},
				"east": {"uv": [6.516, 8.016, 7.484, 9.484], "texture": "#0"},
				"south": {"uv": [5.016, 8.016, 6.484, 9.484], "texture": "#0"},
				"west": {"uv": [8.516, 6.016, 9.484, 7.484], "texture": "#0"},
				"up": {"uv": [9.984, 8.484, 8.516, 7.516], "texture": "#0"},
				"down": {"uv": [9.984, 8.516, 8.516, 9.484], "texture": "#0"}
			}
		},
		{
			"from": [12.03701, -3.6869, 8],
			"to": [15.03701, -0.6869, 8],
			"rotation": {"angle": 45, "axis": "z", "origin": [10.03701, -2.6869, 1]},
			"faces": {
				"north": {"uv": [2.016, 11.516, 3.484, 12.984], "texture": "#0"},
				"south": {"uv": [3.484, 11.516, 2.016, 12.984], "texture": "#0"}
			}
		},
		{
			"from": [21.03701, 0.3131, 8],
			"to": [24.03701, 3.3131, 8],
			"rotation": {"angle": -45, "axis": "z", "origin": [10.03701, 11.3131, 1]},
			"faces": {
				"north": {"uv": [2.016, 12.984, 3.484, 11.516], "texture": "#0"},
				"south": {"uv": [3.484, 12.984, 2.016, 11.516], "texture": "#0"}
			}
		},
		{
			"from": [-3.96299, 0.3131, 8],
			"to": [-0.96299, 3.3131, 8],
			"rotation": {"angle": 45, "axis": "z", "origin": [10.03701, 11.3131, 1]},
			"faces": {
				"north": {"uv": [3.484, 12.984, 2.016, 11.516], "texture": "#0"},
				"south": {"uv": [2.016, 12.984, 3.484, 11.516], "texture": "#0"}
			}
		},
		{
			"from": [5.03701, -3.6869, 8],
			"to": [8.03701, -0.6869, 8],
			"rotation": {"angle": -45, "axis": "z", "origin": [10.03701, -2.6869, 1]},
			"faces": {
				"north": {"uv": [3.484, 11.516, 2.016, 12.984], "texture": "#0"},
				"south": {"uv": [2.016, 11.516, 3.484, 12.984], "texture": "#0"}
			}
		},
		{
			"from": [9.03701, -1.6869, 7.5],
			"to": [11.03701, 10.3131, 8.5],
			"rotation": {"angle": 0, "axis": "y", "origin": [2.03701, -3.6869, 0]},
			"faces": {
				"north": {"uv": [0.016, 4.016, 0.984, 9.984], "texture": "#0"},
				"east": {"uv": [4.016, 4.016, 4.484, 9.984], "texture": "#0"},
				"south": {"uv": [1.016, 4.016, 1.984, 9.984], "texture": "#0"},
				"west": {"uv": [4.516, 4.016, 4.984, 9.984], "texture": "#0"}
			}
		},
		{
			"from": [9.03501, 9.3111, 6.998],
			"to": [11.03901, 12.3151, 9.002],
			"rotation": {"angle": 0, "axis": "y", "origin": [2.03701, -3.6869, 0]},
			"faces": {
				"north": {"uv": [2.016, 9.016, 2.984, 10.484], "texture": "#0"},
				"east": {"uv": [5.016, 9.516, 5.984, 10.984], "texture": "#0"},
				"south": {"uv": [6.016, 9.516, 6.984, 10.984], "texture": "#0"},
				"west": {"uv": [9.516, 6.016, 10.484, 7.484], "texture": "#0"},
				"up": {"uv": [7.984, 10.484, 7.016, 9.516], "texture": "#0"},
				"down": {"uv": [8.984, 9.516, 8.016, 10.484], "texture": "#0"}
			}
		},
		{
			"from": [11.40923, 10.23906, 7.5],
			"to": [13.40923, 17.23906, 8.5],
			"rotation": {"angle": -22.5, "axis": "z", "origin": [13.40923, 16.23906, 8]},
			"faces": {
				"north": {"uv": [2.016, 4.016, 2.984, 7.484], "texture": "#0"},
				"east": {"uv": [3.516, 7.516, 3.984, 10.984], "texture": "#0"},
				"south": {"uv": [3.016, 4.016, 3.984, 7.484], "texture": "#0"},
				"west": {"uv": [8.016, 6.016, 8.484, 9.484], "texture": "#0"},
				"up": {"uv": [4.984, 10.484, 4.016, 10.016], "texture": "#0"},
				"down": {"uv": [4.984, 10.484, 4.016, 10.016], "texture": "#0"}
			}
		},
		{
			"from": [12.03501, 16.3111, 6.998],
			"to": [14.03901, 22.3151, 9.002],
			"rotation": {"angle": 22.5, "axis": "z", "origin": [14.03701, 18.3131, 8]},
			"faces": {
				"north": {"uv": [5.016, 0.016, 5.984, 2.984], "texture": "#0"},
				"east": {"uv": [5.016, 3.016, 5.984, 5.984], "texture": "#0"},
				"south": {"uv": [6.016, 0.016, 6.984, 2.984], "texture": "#0"},
				"west": {"uv": [6.016, 3.016, 6.984, 5.984], "texture": "#0"},
				"up": {"uv": [9.984, 10.484, 9.016, 9.516], "texture": "#0"},
				"down": {"uv": [0.984, 10.016, 0.016, 10.984], "texture": "#0"}
			}
		},
		{
			"from": [5.65851, 19.24325, 7],
			"to": [11.65851, 21.24325, 9],
			"rotation": {"angle": 0, "axis": "z", "origin": [10.65851, 19.24325, 8]},
			"faces": {
				"north": {"uv": [5.016, 6.016, 7.984, 6.984], "texture": "#0"},
				"south": {"uv": [7.016, 0.016, 9.984, 0.984], "texture": "#0"},
				"up": {"uv": [9.984, 1.984, 7.016, 1.016], "texture": "#0"},
				"down": {"uv": [9.984, 2.016, 7.016, 2.984], "texture": "#0"}
			}
		},
		{
			"from": [0.26856, 18.17032, 6.999],
			"to": [6.27056, 20.17232, 9.001],
			"rotation": {"angle": 22.5, "axis": "z", "origin": [3.26956, 19.17132, 8]},
			"faces": {
				"north": {"uv": [7.016, 3.016, 9.984, 3.984], "texture": "#0"},
				"south": {"uv": [7.016, 4.016, 9.984, 4.984], "texture": "#0"},
				"west": {"uv": [10.016, 2.016, 10.984, 2.984], "texture": "#0"},
				"up": {"uv": [7.984, 7.984, 5.016, 7.016], "texture": "#0"},
				"down": {"uv": [9.984, 5.016, 7.016, 5.984], "texture": "#0"}
			}
		},
		{
			"from": [0.03701, 15.3131, 8],
			"to": [10.03701, 19.3131, 8],
			"rotation": {"angle": 22.5, "axis": "z", "origin": [6.03701, 17.3131, 8]},
			"faces": {
				"north": {"uv": [0.016, 0.016, 4.984, 1.984], "texture": "#0"},
				"south": {"uv": [0.016, 2.016, 4.984, 3.984], "texture": "#0"}
			}
		}
	],
	"gui_light": "front",
	"display": {
		"thirdperson_righthand": {
			"rotation": [28, -90, 0],
			"translation": [0.25, 1.75, 1],
			"scale": [0.85, 0.85, 0.85]
		},
		"thirdperson_lefthand": {
			"rotation": [28, 90, 0],
			"translation": [0.25, 1.75, 1],
			"scale": [0.85, 0.85, 0.85]
		},
		"firstperson_righthand": {
			"rotation": [0, -90, 25],
			"translation": [1.13, 3.2, 1.13],
			"scale": [0.68, 0.68, 0.68]
		},
		"firstperson_lefthand": {
			"rotation": [0, 90, -25],
			"translation": [1.13, 3.2, 1.13],
			"scale": [0.68, 0.68, 0.68]
		},
		"ground": {
			"translation": [0, 2, 0],
			"scale": [0.5, 0.5, 0.5]
		},
		"gui": {
			"rotation": [0, 180, 0],
			"scale": [0.5, 0.5, 0.5]
		},
		"fixed": {
			"rotation": [0, 180, 0]
		}
	}
}