{
	"credit": "Made with Blockbench",
	"texture_size": [64, 64],
	"textures": {
		"2": "chunky:item/gear/seaside_serenity_set/watermelon_shield",
		"particle": "chunky:item/gear/seaside_serenity_set/watermelon_shield"
	},
	"elements": [
		{
			"from": [12.0098, 3.41336, 6.9995],
			"to": [16.0118, 12.41536, 9.0015],
			"rotation": {"angle": 22.5, "axis": "z", "origin": [15.5108, 7.91436, 8.0005]},
			"faces": {
				"north": {"uv": [6, 0, 8, 4.5], "texture": "#2"},
				"east": {"uv": [10, 1, 11, 5.5], "texture": "#2"},
				"south": {"uv": [6, 4.5, 8, 9], "texture": "#2"},
				"west": {"uv": [0, 0, 0, 0], "texture": "#2"},
				"up": {"uv": [14, 9, 12, 8], "texture": "#2"},
				"down": {"uv": [14, 10, 12, 11], "texture": "#2"}
			}
		},
		{
			"from": [14.55592, 8.28959, 7.0005],
			"to": [18.55592, 15.28959, 9.0005],
			"rotation": {"angle": 45, "axis": "z", "origin": [19.55592, 9.78959, 8.0005]},
			"faces": {
				"north": {"uv": [0, 9, 2, 12.5], "texture": "#2"},
				"east": {"uv": [10, 5.5, 11, 9], "texture": "#2"},
				"south": {"uv": [2, 9, 4, 12.5], "texture": "#2"},
				"west": {"uv": [0, 0, 0, 0], "texture": "#2"},
				"up": {"uv": [2, 13.5, 0, 12.5], "texture": "#2"},
				"down": {"uv": [4, 12.5, 2, 13.5], "texture": "#2"}
			}
		},
		{
			"from": [-1.67724, 10.41091, 6.9995],
			"to": [2.32276, 17.41091, 8.9995],
			"rotation": {"angle": -45, "axis": "z", "origin": [-5.67724, 11.91091, 7.9995]},
			"faces": {
				"north": {"uv": [4, 9, 6, 12.5], "texture": "#2"},
				"east": {"uv": [12, 1, 13, 4.5], "texture": "#2"},
				"south": {"uv": [6, 9, 8, 12.5], "texture": "#2"},
				"west": {"uv": [12, 4.5, 13, 8], "texture": "#2"},
				"up": {"uv": [6, 13.5, 4, 12.5], "texture": "#2"},
				"down": {"uv": [8, 12.5, 6, 13.5], "texture": "#2"}
			}
		},
		{
			"from": [-0.01421, 3.41236, 6.9985],
			"to": [3.98979, 12.41636, 9.0025],
			"rotation": {"angle": -22.5, "axis": "z", "origin": [0.48779, 7.91436, 8.0005]},
			"faces": {
				"north": {"uv": [8, 0, 10, 4.5], "texture": "#2"},
				"east": {"uv": [0, 0, 0, 0], "texture": "#2"},
				"south": {"uv": [8, 4.5, 10, 9], "texture": "#2"},
				"west": {"uv": [11, 10, 12, 14.5], "texture": "#2"},
				"up": {"uv": [14, 12, 12, 11], "texture": "#2"},
				"down": {"uv": [14, 12, 12, 13], "texture": "#2"}
			}
		},
		{
			"from": [1.99929, 2.41751, 7.0005],
			"to": [13.99929, 11.41751, 9.0005],
			"rotation": {"angle": 0, "axis": "y", "origin": [1.99929, 2.41751, 0.0005]},
			"faces": {
				"north": {"uv": [0, 0, 6, 4.5], "texture": "#2"},
				"east": {"uv": [0, 0, 0, 0], "texture": "#2"},
				"south": {"uv": [0, 4.5, 6, 9], "texture": "#2"},
				"west": {"uv": [0, 0, 0, 0], "texture": "#2"},
				"up": {"uv": [14, 10, 8, 9], "texture": "#2"},
				"down": {"uv": [16, 0, 10, 1], "texture": "#2"}
			}
		}
	],
	"gui_light": "front",
	"display": {
		"thirdperson_righthand": {
			"rotation": [90, -64, 0],
			"translation": [2.5, 0.5, 3.25],
			"scale": [0.8, 0.8, 0.8]
		},
		"thirdperson_lefthand": {
			"rotation": [90, -64, 0],
			"translation": [2.5, 0.5, 3.25],
			"scale": [0.8, 0.8, 0.8]
		},
		"firstperson_righthand": {
			"rotation": [0, -12, 0],
			"translation": [-2, -2.5, 0],
			"scale": [0.8, 0.8, 0.8]
		},
		"firstperson_lefthand": {
			"rotation": [0, -12, 0],
			"translation": [-2, -2.5, 0],
			"scale": [0.8, 0.8, 0.8]
		},
		"ground": {
			"translation": [0, 6.75, 0],
			"scale": [0.7, 0.7, 0.7]
		},
		"gui": {
			"scale": [0.5, 0.5, 0.5]
		},
		"head": {
			"rotation": [0, -180, -20],
			"translation": [0, -14, 4.25]
		},
		"fixed": {
			"translation": [0, 0, -0.5],
			"scale": [1.4, 1.4, 1.4]
		}
	}
}