{
	"credit": "Made with Blockbench",
	"texture_size": [32, 32],
	"textures": {
		"2": "chunky:item/gear/seaside_serenity_set/wave_axe"
	},
	"elements": [
		{
			"from": [7.03701, -5.31026, 7],
			"to": [10.03701, -2.31026, 9],
			"rotation": {"angle": 45, "axis": "z", "origin": [8.03701, -4.31026, 1]},
			"faces": {
				"north": {"uv": [5, 6, 6.5, 7.5], "texture": "#2"},
				"east": {"uv": [5, 9, 6, 10.5], "texture": "#2"},
				"south": {"uv": [6.5, 6, 8, 7.5], "texture": "#2"},
				"west": {"uv": [6, 9, 7, 10.5], "texture": "#2"},
				"up": {"uv": [10.5, 7, 9, 6], "texture": "#2"},
				"down": {"uv": [10.5, 7, 9, 8], "texture": "#2"}
			}
		},
		{
			"from": [23.03701, 10.68974, 7],
			"to": [26.03701, 13.68974, 9],
			"rotation": {"angle": 45, "axis": "z", "origin": [8.03701, -4.31026, 1]},
			"faces": {
				"north": {"uv": [5, 7.5, 6.5, 9], "texture": "#2"},
				"east": {"uv": [3, 10, 4, 11.5], "texture": "#2"},
				"south": {"uv": [6.5, 7.5, 8, 9], "texture": "#2"},
				"west": {"uv": [8, 10, 9, 11.5], "texture": "#2"},
				"up": {"uv": [11.5, 9, 10, 8], "texture": "#2"},
				"down": {"uv": [11.5, 9, 10, 10], "texture": "#2"}
			}
		},
		{
			"from": [7.03701, -3.31026, 7.5],
			"to": [9.03701, 8.68974, 8.5],
			"rotation": {"angle": 0, "axis": "y", "origin": [0.03701, -5.31026, 0]},
			"faces": {
				"north": {"uv": [0, 6, 1, 12], "texture": "#2"},
				"east": {"uv": [4, 6, 4.5, 12], "texture": "#2"},
				"south": {"uv": [1, 6, 2, 12], "texture": "#2"},
				"west": {"uv": [4.5, 6, 5, 12], "texture": "#2"}
			}
		},
		{
			"from": [7.03701, 10.68974, 7.5],
			"to": [9.03701, 18.68974, 8.5],
			"rotation": {"angle": 0, "axis": "y", "origin": [0.03701, -5.31026, 0]},
			"faces": {
				"north": {"uv": [2, 6, 3, 10], "texture": "#2"},
				"east": {"uv": [8, 6, 8.5, 10], "texture": "#2"},
				"south": {"uv": [3, 6, 4, 10], "texture": "#2"},
				"west": {"uv": [8.5, 6, 9, 10], "texture": "#2"}
			}
		},
		{
			"from": [7.03501, 7.68774, 6.998],
			"to": [9.03901, 10.69174, 9.002],
			"rotation": {"angle": 0, "axis": "y", "origin": [0.03701, -5.31026, 0]},
			"faces": {
				"north": {"uv": [7, 9, 8, 10.5], "texture": "#2"},
				"east": {"uv": [9, 8, 10, 9.5], "texture": "#2"},
				"south": {"uv": [9, 9.5, 10, 11], "texture": "#2"},
				"west": {"uv": [2, 10, 3, 11.5], "texture": "#2"},
				"up": {"uv": [11.5, 8, 10.5, 7], "texture": "#2"},
				"down": {"uv": [11, 10.5, 10, 11.5], "texture": "#2"}
			}
		},
		{
			"from": [-4, 8, 8],
			"to": [7, 20, 8],
			"faces": {
				"north": {"uv": [0, 0, 5.5, 6], "texture": "#2"},
				"east": {"uv": [0, 0, 0, 6], "texture": "#2"},
				"south": {"uv": [5.5, 0, 11, 6], "texture": "#2"},
				"west": {"uv": [0, 0, 0, 6], "texture": "#2"},
				"up": {"uv": [5.5, 0, 0, 0], "texture": "#2"},
				"down": {"uv": [5.5, 0, 0, 0], "texture": "#2"}
			}
		},
		{
			"from": [5, 19, 7.5],
			"to": [7, 20, 8.5],
			"faces": {
				"north": {"uv": [11, 0, 12, 0.5], "texture": "#2"},
				"east": {"uv": [7.5, 10.5, 8, 11], "texture": "#2"},
				"south": {"uv": [11, 0.5, 12, 1], "texture": "#2"},
				"west": {"uv": [11, 4, 11.5, 4.5], "texture": "#2"},
				"up": {"uv": [12, 1.5, 11, 1], "texture": "#2"},
				"down": {"uv": [12, 1.5, 11, 2], "texture": "#2"}
			}
		},
		{
			"from": [0, 20, 7.5],
			"to": [5, 21, 8.5],
			"faces": {
				"north": {"uv": [10, 10, 12.5, 10.5], "texture": "#2"},
				"east": {"uv": [11, 4.5, 11.5, 5], "texture": "#2"},
				"south": {"uv": [5, 10.5, 7.5, 11], "texture": "#2"},
				"west": {"uv": [5, 11, 5.5, 11.5], "texture": "#2"},
				"up": {"uv": [13, 6.5, 10.5, 6], "texture": "#2"},
				"down": {"uv": [13, 6.5, 10.5, 7], "texture": "#2"}
			}
		},
		{
			"from": [-2, 19, 7.5],
			"to": [0, 20, 8.5],
			"faces": {
				"north": {"uv": [11, 2, 12, 2.5], "texture": "#2"},
				"east": {"uv": [11, 5, 11.5, 5.5], "texture": "#2"},
				"south": {"uv": [11, 2.5, 12, 3], "texture": "#2"},
				"west": {"uv": [5.5, 11, 6, 11.5], "texture": "#2"},
				"up": {"uv": [12, 3.5, 11, 3], "texture": "#2"},
				"down": {"uv": [12, 3.5, 11, 4], "texture": "#2"}
			}
		}
	],
	"gui_light": "front",
	"display": {
		"thirdperson_righthand": {
			"rotation": [3, -90, 0],
			"translation": [0, 1.75, 2],
			"scale": [0.75, 0.75, 0.75]
		},
		"thirdperson_lefthand": {
			"rotation": [3, 90, 0],
			"translation": [0, 1.75, 2],
			"scale": [0.75, 0.75, 0.75]
		},
		"firstperson_righthand": {
			"rotation": [0, -90, -25],
			"translation": [1.13, 3.2, 1.13],
			"scale": [0.68, 0.68, 0.68]
		},
		"firstperson_lefthand": {
			"rotation": [0, 90, 25],
			"translation": [1.13, 3.2, 1.13],
			"scale": [0.68, 0.68, 0.68]
		},
		"ground": {
			"translation": [0, 2, 0],
			"scale": [0.5, 0.5, 0.5]
		},
		"gui": {
			"rotation": [0, 180, 0],
			"translation": [-1.75, 0, 0],
			"scale": [0.5, 0.5, 0.5]
		},
		"fixed": {
			"rotation": [0, 180, 0]
		}
	}
}