{
	"credit": "Made with Blockbench",
	"texture_size": [128, 128],
	"textures": {
		"0": "chunky:item/gear/valentines_set/valentines_shield",
		"particle": "chunky:item/gear/valentines_set/valentines_shield"
	},
	"elements": [
		{
			"from": [7, 6, 9],
			"to": [9, 7, 14],
			"rotation": {"angle": 0, "axis": "z", "origin": [6.67678, 9, 8.75]},
			"faces": {
				"east": {"uv": [8.375, 7.375, 9, 7.5], "texture": "#0"},
				"west": {"uv": [8.625, 4.625, 9.25, 4.75], "texture": "#0"},
				"up": {"uv": [8.75, 3.375, 8.5, 2.75], "texture": "#0"},
				"down": {"uv": [8.875, 3.375, 8.625, 4], "texture": "#0"}
			}
		},
		{
			"from": [7, 12, 9],
			"to": [9, 13, 14],
			"rotation": {"angle": 0, "axis": "z", "origin": [6.67678, 10, 8.75]},
			"faces": {
				"east": {"uv": [8.625, 4.75, 9.25, 4.875], "texture": "#0"},
				"west": {"uv": [8.625, 4.875, 9.25, 5], "texture": "#0"},
				"up": {"uv": [8.875, 4.625, 8.625, 4], "texture": "#0"},
				"down": {"uv": [8.875, 6.5, 8.625, 7.125], "texture": "#0"}
			}
		},
		{
			"from": [7, 6, 14],
			"to": [9, 13, 15],
			"rotation": {"angle": 0, "axis": "z", "origin": [6.67678, 10, 11.75]},
			"faces": {
				"north": {"uv": [8.5, 0, 8.75, 0.875], "texture": "#0"},
				"east": {"uv": [7, 8.625, 7.125, 9.5], "texture": "#0"},
				"south": {"uv": [8.5, 0.875, 8.75, 1.75], "texture": "#0"},
				"west": {"uv": [7.125, 8.625, 7.25, 9.5], "texture": "#0"},
				"up": {"uv": [8, 8.75, 7.75, 8.625], "texture": "#0"},
				"down": {"uv": [8.25, 8.625, 8, 8.75], "texture": "#0"}
			}
		},
		{
			"from": [2.26624, 7.41053, 7],
			"to": [11.26624, 22.41053, 9],
			"rotation": {"angle": -45, "axis": "z", "origin": [6.92678, 10, 8.75]},
			"faces": {
				"north": {"uv": [6, 0, 7.125, 1.875], "texture": "#0"},
				"east": {"uv": [7.875, 3.75, 8.125, 5.625], "texture": "#0"},
				"south": {"uv": [6, 1.875, 7.125, 3.75], "texture": "#0"},
				"west": {"uv": [7.875, 5.625, 8.125, 7.5], "texture": "#0"},
				"up": {"uv": [9.5, 5.25, 8.375, 5], "texture": "#0"},
				"down": {"uv": [9.5, 5.25, 8.375, 5.5], "texture": "#0"}
			}
		},
		{
			"from": [-3.73376, 7.41053, 7],
			"to": [2.26624, 17.41053, 9],
			"rotation": {"angle": -45, "axis": "z", "origin": [6.92678, 10, 8.75]},
			"faces": {
				"north": {"uv": [7.125, 3.75, 7.875, 5], "texture": "#0"},
				"south": {"uv": [7.125, 5, 7.875, 6.25], "texture": "#0"},
				"west": {"uv": [8.25, 1.25, 8.5, 2.5], "texture": "#0"},
				"up": {"uv": [9.25, 2, 8.5, 1.75], "texture": "#0"},
				"down": {"uv": [9.25, 2, 8.5, 2.25], "texture": "#0"}
			}
		},
		{
			"from": [-0.19822, 3.875, 5],
			"to": [5.80178, 13.875, 7],
			"rotation": {"angle": -45, "axis": "z", "origin": [6.92678, 10, 8.75]},
			"faces": {
				"north": {"uv": [7.125, 6.25, 7.875, 7.5], "texture": "#0"},
				"south": {"uv": [6, 7.5, 6.75, 8.75], "texture": "#0"},
				"west": {"uv": [8.375, 3.75, 8.625, 5], "texture": "#0"},
				"up": {"uv": [9.25, 2.5, 8.5, 2.25], "texture": "#0"},
				"down": {"uv": [9.25, 2.5, 8.5, 2.75], "texture": "#0"}
			}
		},
		{
			"from": [5.80178, 3.875, 5],
			"to": [14.80178, 18.875, 7],
			"rotation": {"angle": -45, "axis": "z", "origin": [6.92678, 10, 8.75]},
			"faces": {
				"north": {"uv": [6, 3.75, 7.125, 5.625], "texture": "#0"},
				"east": {"uv": [8, 0, 8.25, 1.875], "texture": "#0"},
				"south": {"uv": [6, 5.625, 7.125, 7.5], "texture": "#0"},
				"west": {"uv": [8, 1.875, 8.25, 3.75], "texture": "#0"},
				"up": {"uv": [9.5, 5.75, 8.375, 5.5], "texture": "#0"},
				"down": {"uv": [9.5, 5.75, 8.375, 6], "texture": "#0"}
			}
		},
		{
			"from": [3.33731, 0.46447, 7],
			"to": [11.33731, 7.46447, 9],
			"rotation": {"angle": -45, "axis": "z", "origin": [6.92678, 10.125, 8.75]},
			"faces": {
				"north": {"uv": [6.75, 7.5, 7.75, 8.375], "texture": "#0"},
				"south": {"uv": [7.75, 7.5, 8.75, 8.375], "texture": "#0"},
				"west": {"uv": [6.75, 8.375, 7, 9.25], "texture": "#0"},
				"up": {"uv": [9.375, 6.25, 8.375, 6], "texture": "#0"},
				"down": {"uv": [9.375, 6.25, 8.375, 6.5], "texture": "#0"}
			}
		},
		{
			"from": [11.33731, 0.46447, 7],
			"to": [18.33731, 15.46447, 9],
			"rotation": {"angle": -45, "axis": "z", "origin": [6.92678, 10.125, 8.75]},
			"faces": {
				"north": {"uv": [7.125, 0, 8, 1.875], "texture": "#0"},
				"east": {"uv": [8.125, 3.75, 8.375, 5.625], "texture": "#0"},
				"south": {"uv": [7.125, 1.875, 8, 3.75], "texture": "#0"},
				"west": {"uv": [8.125, 5.625, 8.375, 7.5], "texture": "#0"},
				"up": {"uv": [7.875, 8.625, 7, 8.375], "texture": "#0"},
				"down": {"uv": [8.75, 8.375, 7.875, 8.625], "texture": "#0"}
			}
		},
		{
			"from": [-16, -16, 8],
			"to": [32, 32, 8],
			"rotation": {"angle": 0, "axis": "z", "origin": [8, 15, 8]},
			"faces": {
				"north": {"uv": [0, 0, 6, 6], "texture": "#0"},
				"east": {"uv": [0, 0, 0, 6], "texture": "#0"},
				"south": {"uv": [0, 6, 6, 12], "texture": "#0"},
				"west": {"uv": [0, 0, 0, 6], "texture": "#0"},
				"up": {"uv": [6, 0, 0, 0], "texture": "#0"},
				"down": {"uv": [6, 0, 0, 0], "texture": "#0"}
			}
		}
	],
	"gui_light": "front",
	"display": {
		"thirdperson_righthand": {
			"rotation": [39, -45, 31],
			"translation": [2.75, -1.5, 0.5],
			"scale": [0.8, 0.8, 0.8]
		},
		"thirdperson_lefthand": {
			"rotation": [39, -45, 31],
			"translation": [2.75, -1.5, 0.5],
			"scale": [0.8, 0.8, 0.8]
		},
		"firstperson_righthand": {
			"rotation": [16, 0, 0],
			"translation": [0.5, 1, 1.5],
			"scale": [0.6, 0.6, 0.6]
		},
		"firstperson_lefthand": {
			"rotation": [16, 0, 0],
			"translation": [0.5, 1, 1.5],
			"scale": [0.6, 0.6, 0.6]
		},
		"ground": {
			"rotation": [45, 0, 0],
			"scale": [0.5, 0.5, 0.5]
		},
		"gui": {
			"rotation": [15, -150, 0],
			"scale": [0.75, 0.75, 0.75]
		},
		"head": {
			"rotation": [70, 0, 0],
			"translation": [0, 10.25, 0],
			"scale": [1.2, 1.2, 1.2]
		},
		"fixed": {
			"translation": [0, 0, -2.5],
			"scale": [1.1, 1.1, 1.1]
		}
	},
	"groups": [
		{
			"name": "handle",
			"origin": [8.75, 11, 12],
			"color": 0,
			"nbt": "{}",
			"armAnimationEnabled": false,
			"children": [0, 1, 2]
		},
		{
			"name": "front",
			"origin": [6.75, -1, 8],
			"color": 0,
			"nbt": "{}",
			"armAnimationEnabled": false,
			"children": [3, 4, 5, 6, 7, 8]
		},
		9
	]
}