{
	"credit": "Made with Blockbench",
	"texture_size": [64, 64],
	"textures": {
		"0": "chunky:item/gear/valentines_set/valentines_fairy"
	},
	"elements": [
		{
			"from": [1, -11, 5],
			"to": [10, -6, 9],
			"rotation": {"angle": 45, "axis": "z", "origin": [0, 0, 0]},
			"faces": {
				"north": {"uv": [16, 14.75, 13.75, 16], "texture": "#0"},
				"east": {"uv": [15, 12.5, 16, 13.75], "texture": "#0"},
				"south": {"uv": [13.75, 14.75, 16, 16], "texture": "#0"},
				"west": {"uv": [12.75, 15, 11.5, 16], "rotation": 90, "texture": "#0"},
				"up": {"uv": [13.75, 13.75, 16, 14.75], "texture": "#0"},
				"down": {"uv": [11.5, 15, 13.75, 16], "texture": "#0"}
			}
		},
		{
			"from": [1, -6, 5],
			"to": [6, -2, 9],
			"rotation": {"angle": 45, "axis": "z", "origin": [0, 0, 0]},
			"faces": {
				"north": {"uv": [16, 16, 15, 14.75], "rotation": 90, "texture": "#0"},
				"east": {"uv": [16, 13.75, 15, 14.75], "rotation": 90, "texture": "#0"},
				"south": {"uv": [16, 14.75, 15, 16], "rotation": 90, "texture": "#0"},
				"west": {"uv": [13.75, 15, 12.75, 16], "rotation": 90, "texture": "#0"},
				"up": {"uv": [16, 12.5, 15, 13.75], "rotation": 90, "texture": "#0"},
				"down": {"uv": [14.75, 0, 16, 1], "texture": "#0"}
			}
		}
	],
	"gui_light": "front",
	"display": {
		"thirdperson_righthand": {
			"translation": [0, 8.5, 0]
		},
		"firstperson_righthand": {
			"translation": [0, 8.5, 1.75]
		},
		"firstperson_lefthand": {
			"translation": [5.25, 9.5, 0]
		},
		"ground": {
			"translation": [0, 12.75, 0]
		},
		"gui": {
			"rotation": [180, 0, -180],
			"translation": [0.5, 14.75, 0],
			"scale": [1.5, 1.5, 1.5]
		},
		"head": {
			"translation": [-1, 35.75, 3.25],
			"scale": [2, 2, 2]
		},
		"fixed": {
			"translation": [0, 19.5, 0],
			"scale": [2, 2, 2]
		}
	},
	"groups": [
		{
			"name": "core",
			"origin": [0, 5, 3],
			"color": 0,
			"children": [0, 1]
		}
	]
}