{
	"credit": "Made with Blockbench",
	"texture_size": [64, 64],
	"textures": {
		"0": "cherryblossomfurniture:item/leaves",
		"particle": "cherryblossomfurniture:item/leaves"
	},
	"elements": [
		{
			"from": [2.51537, 0.25, -0.15224],
			"to": [18.51537, 0.25, 15.84776],
			"rotation": {"angle": -22.5, "axis": "y", "origin": [10.76537, 0.25, 7.84776]},
			"faces": {
				"north": {"uv": [0, 0, 4, 0], "texture": "#0"},
				"east": {"uv": [0, 0, 4, 0], "texture": "#0"},
				"south": {"uv": [0, 0, 4, 0], "texture": "#0"},
				"west": {"uv": [0, 0, 4, 0], "texture": "#0"},
				"up": {"uv": [4, 4, 0, 0], "texture": "#0"},
				"down": {"uv": [0, 4, 4, 0], "texture": "#0"}
			}
		},
		{
			"from": [-1, 0.5, 3],
			"to": [13, 0.5, 17],
			"rotation": {"angle": 22.5, "axis": "y", "origin": [10, 0.75, 12]},
			"faces": {
				"north": {"uv": [0, 0, 3.5, 0], "texture": "#0"},
				"east": {"uv": [0, 0, 3.5, 0], "texture": "#0"},
				"south": {"uv": [0, 0, 3.5, 0], "texture": "#0"},
				"west": {"uv": [0, 0, 3.5, 0], "texture": "#0"},
				"up": {"uv": [7.5, 3.5, 4, 0], "texture": "#0"},
				"down": {"uv": [4, 3.5, 7.5, 0], "texture": "#0"}
			}
		},
		{
			"from": [-2, 0.75, -1],
			"to": [10, 0.75, 11],
			"rotation": {"angle": -22.5, "axis": "y", "origin": [7, 0, 7]},
			"faces": {
				"north": {"uv": [0, 0, 3, 0], "texture": "#0"},
				"east": {"uv": [0, 0, 3, 0], "texture": "#0"},
				"south": {"uv": [0, 0, 3, 0], "texture": "#0"},
				"west": {"uv": [0, 0, 3, 0], "texture": "#0"},
				"up": {"uv": [7, 10, 4, 7], "texture": "#0"},
				"down": {"uv": [4, 10, 7, 7], "texture": "#0"}
			}
		}
	],
	"gui_light": "front",
	"display": {
		"thirdperson_righthand": {
			"translation": [0, 4, 0],
			"scale": [0.48, 0.48, 0.48]
		},
		"thirdperson_lefthand": {
			"translation": [0, 4, 0],
			"scale": [0.48, 0.48, 0.48]
		},
		"firstperson_righthand": {
			"rotation": [17.75, 0, 0],
			"translation": [3.75, 6.25, 0]
		},
		"firstperson_lefthand": {
			"rotation": [17.75, 0, 0],
			"translation": [3.75, 6.25, 0]
		},
		"ground": {
			"translation": [0, 6.75, 0],
			"scale": [0.36, 0.36, 0.36]
		},
		"gui": {
			"rotation": [-90, 0, 0],
			"scale": [0.62, 0.62, 0.62]
		},
		"head": {
			"translation": [0, -30.25, 0],
			"scale": [1.6, 1.6, 1.6]
		},
		"fixed": {
			"rotation": [-90, 0, 0],
			"translation": [0, 0, -7.25]
		}
	}
}