{
	"credit": "Made with Blockbench",
	"texture_size": [64, 64],
	"textures": {
		"1": "chunky:item/gear/st_patricks_set/st_patricks_shield"
	},
	"elements": [
		{
			"from": [7, 6, 9],
			"to": [9, 7, 14],
			"rotation": {"angle": 0, "axis": "z", "origin": [6.67678, 9, 8.75]},
			"faces": {
				"east": {"uv": [7.75, 0, 8, 1.25], "rotation": 90, "texture": "#1"},
				"west": {"uv": [7, 0, 7.25, 1.25], "rotation": 90, "texture": "#1"},
				"up": {"uv": [7.75, 1.25, 7.25, 0], "texture": "#1"},
				"down": {"uv": [7.75, 1.25, 7.25, 2.5], "texture": "#1"}
			}
		},
		{
			"from": [7, 12, 9],
			"to": [9, 13, 14],
			"rotation": {"angle": 0, "axis": "z", "origin": [6.67678, 10, 8.75]},
			"faces": {
				"east": {"uv": [6.75, 0, 7, 1.25], "rotation": 90, "texture": "#1"},
				"west": {"uv": [6, 0, 6.25, 1.25], "rotation": 90, "texture": "#1"},
				"up": {"uv": [6.75, 1.25, 6.25, 0], "texture": "#1"},
				"down": {"uv": [6.75, 1.25, 6.25, 2.5], "texture": "#1"}
			}
		},
		{
			"from": [7, 6, 14],
			"to": [9, 13, 15],
			"rotation": {"angle": 0, "axis": "z", "origin": [6.67678, 10, 11.75]},
			"faces": {
				"north": {"uv": [8.25, 2.25, 8.75, 4], "texture": "#1"},
				"east": {"uv": [8.75, 0.25, 9, 2], "texture": "#1"},
				"south": {"uv": [8.25, 0.25, 8.75, 2], "texture": "#1"},
				"west": {"uv": [8, 0.25, 8.25, 2], "texture": "#1"},
				"up": {"uv": [8.75, 0.25, 8.25, 0], "texture": "#1"},
				"down": {"uv": [8.75, 2, 8.25, 2.25], "texture": "#1"}
			}
		},
		{
			"from": [-2, 5, 7],
			"to": [18, 9, 9],
			"faces": {
				"north": {"uv": [0.5, 3.25, 5.5, 4.25], "texture": "#1"},
				"east": {"uv": [0, 3.25, 0.5, 4.25], "texture": "#1"},
				"south": {"uv": [0.5, 3.25, 5.5, 4.25], "texture": "#1"},
				"west": {"uv": [5.5, 3.25, 6, 4.25], "texture": "#1"},
				"up": {"uv": [0.5, 0, 5.5, 0.5], "texture": "#1"},
				"down": {"uv": [0.5, 5.5, 5.5, 6], "texture": "#1"}
			}
		},
		{
			"from": [-2, 11, 7],
			"to": [18, 15, 9],
			"faces": {
				"north": {"uv": [0.5, 1.75, 5.5, 2.75], "texture": "#1"},
				"east": {"uv": [0, 1.75, 0.5, 2.75], "texture": "#1"},
				"south": {"uv": [0.5, 1.75, 5.5, 2.75], "texture": "#1"},
				"west": {"uv": [5.5, 1.75, 6, 2.75], "texture": "#1"},
				"up": {"uv": [0.5, 0, 5.5, 0.5], "texture": "#1"},
				"down": {"uv": [0.5, 5.5, 5.5, 6], "texture": "#1"}
			}
		},
		{
			"from": [0, 15, 7],
			"to": [16, 18, 9],
			"faces": {
				"north": {"uv": [1, 1, 5, 1.75], "texture": "#1"},
				"east": {"uv": [0, 1, 0.5, 1.75], "texture": "#1"},
				"south": {"uv": [1, 1, 5, 1.75], "texture": "#1"},
				"west": {"uv": [5.5, 1, 6, 1.75], "texture": "#1"},
				"up": {"uv": [1, 0, 5, 0.5], "texture": "#1"}
			}
		},
		{
			"from": [0, 2, 7],
			"to": [16, 5, 9],
			"faces": {
				"north": {"uv": [1, 4.25, 5, 5], "texture": "#1"},
				"east": {"uv": [0, 4.25, 0.5, 5], "texture": "#1"},
				"south": {"uv": [1, 4.25, 5, 5], "texture": "#1"},
				"west": {"uv": [5.5, 4.25, 6, 5], "texture": "#1"},
				"down": {"uv": [1, 5.5, 5, 6], "texture": "#1"}
			}
		},
		{
			"from": [9, 18, 7],
			"to": [13, 20, 9],
			"faces": {
				"north": {"uv": [1.75, 0.5, 2.75, 1], "texture": "#1"},
				"east": {"uv": [0, 0.5, 0.5, 1], "texture": "#1"},
				"south": {"uv": [1.75, 0.5, 2.75, 1], "texture": "#1"},
				"west": {"uv": [0, 0.5, 0.5, 1], "texture": "#1"},
				"up": {"uv": [1.75, 0, 2.75, 0.5], "texture": "#1"}
			}
		},
		{
			"from": [3, 18, 7],
			"to": [7, 20, 9],
			"faces": {
				"north": {"uv": [3.25, 0.5, 4.25, 1], "texture": "#1"},
				"east": {"uv": [0, 0.5, 0.5, 1], "texture": "#1"},
				"south": {"uv": [3.25, 0.5, 4.25, 1], "texture": "#1"},
				"west": {"uv": [5.5, 0.5, 6, 1], "texture": "#1"},
				"up": {"uv": [3.25, 0, 4.25, 0.5], "texture": "#1"}
			}
		},
		{
			"from": [9, 0, 7],
			"to": [13, 2, 9],
			"faces": {
				"north": {"uv": [1.75, 5, 2.75, 5.5], "texture": "#1"},
				"east": {"uv": [0, 5, 0.5, 5.5], "texture": "#1"},
				"south": {"uv": [1.75, 5, 2.75, 5.5], "texture": "#1"},
				"west": {"uv": [0, 0.5, 0.5, 1], "texture": "#1"},
				"down": {"uv": [1.75, 5.5, 2.75, 6], "texture": "#1"}
			}
		},
		{
			"from": [3, 0, 7],
			"to": [7, 2, 9],
			"faces": {
				"north": {"uv": [3.25, 5, 4.25, 5.5], "texture": "#1"},
				"east": {"uv": [0, 5, 0.5, 5.5], "texture": "#1"},
				"south": {"uv": [3.25, 5, 4.25, 5.5], "texture": "#1"},
				"west": {"uv": [5.5, 5, 6, 5.5], "texture": "#1"},
				"down": {"uv": [3.25, 5.5, 4.25, 6], "texture": "#1"}
			}
		},
		{
			"from": [0, 9, 7],
			"to": [16, 11, 9],
			"faces": {
				"north": {"uv": [1, 2.75, 5, 3.25], "texture": "#1"},
				"east": {"uv": [0, 2.75, 0.5, 3.25], "texture": "#1"},
				"south": {"uv": [1, 2.75, 5, 3.25], "texture": "#1"},
				"west": {"uv": [5.5, 2.75, 6, 3.25], "texture": "#1"}
			}
		}
	],
	"gui_light": "front",
	"display": {
		"thirdperson_righthand": {
			"rotation": [70, -90, 70],
			"translation": [3, -3.25, 3.5],
			"scale": [0.8, 0.8, 0.8]
		},
		"firstperson_righthand": {
			"translation": [0.75, -2, 1.25],
			"scale": [0.7, 0.7, 0.7]
		},
		"gui": {
			"rotation": [15, -160, 0],
			"translation": [0, -1.5, 0],
			"scale": [0.8, 0.8, 0.8]
		}
	},
	"groups": [
		{
			"name": "handle",
			"origin": [8.75, 11, 12],
			"color": 0,
			"nbt": "{}",
			"armAnimationEnabled": false,
			"children": [0, 1, 2]
		},
		{
			"name": "front",
			"origin": [6.75, -1, 8],
			"color": 0,
			"nbt": "{}",
			"armAnimationEnabled": false,
			"children": [3, 4, 5, 6, 7, 8, 9, 10, 11]
		}
	]
}