{"gui_light":"front","textures":{"0":"cosmetics:item/entity/ballon_cluster/ballon_cluster"},"elements":[{"name":"chashao","from":[-4,-1,7],"to":[4,3,7],"rotation":{"angle":0,"axis":"y","origin":[-0.23044,8.73147,6.7294]},"faces":{"north":{"uv":[0,14,4,16],"texture":"#0"},"south":{"uv":[0,14,4,16],"texture":"#0"}}},{"from":[-9.42459,5.19169,3],"to":[-1.42459,17.19169,11],"rotation":{"angle":22.5,"axis":"z","origin":[-0.23044,8.73147,6.7294]},"faces":{"north":{"uv":[4,0,8,6],"texture":"#0"},"east":{"uv":[4,0,8,6],"texture":"#0"},"south":{"uv":[4,0,8,6],"texture":"#0"},"west":{"uv":[4,0,8,6],"texture":"#0"},"up":{"uv":[4,6,8,10],"texture":"#0"},"down":{"uv":[4,10,8,14],"texture":"#0"}}},{"from":[-4,3.94169,-3.2754],"to":[4,15.94169,4.7246],"rotation":{"angle":-22.5,"axis":"x","origin":[-0.23044,8.73147,6.7294]},"faces":{"north":{"uv":[12,0,16,6],"texture":"#0"},"east":{"uv":[12,0,16,6],"texture":"#0"},"south":{"uv":[12,0,16,6],"texture":"#0"},"west":{"uv":[12,0,16,6],"texture":"#0"},"up":{"uv":[12,6,16,10],"texture":"#0"},"down":{"uv":[12,10,16,14],"texture":"#0"}}},{"from":[-6,5.1488,8.23421],"to":[2,17.1488,16.23421],"rotation":{"angle":22.5,"axis":"x","origin":[-0.23044,8.73147,6.7294]},"faces":{"north":{"uv":[0,0,4,6],"texture":"#0"},"east":{"uv":[0,0,4,6],"texture":"#0"},"south":{"uv":[0,0,4,6],"texture":"#0"},"west":{"uv":[0,0,4,6],"texture":"#0"},"up":{"uv":[0,6,4,10],"texture":"#0"},"down":{"uv":[0,10,4,14],"texture":"#0"}}},{"from":[-8,11.1488,3.23421],"to":[0,23.1488,11.23421],"rotation":{"angle":22.5,"axis":"x","origin":[-0.23044,8.73147,6.7294]},"faces":{"north":{"uv":[12,0,16,6],"texture":"#0"},"east":{"uv":[12,0,16,6],"texture":"#0"},"south":{"uv":[12,0,16,6],"texture":"#0"},"west":{"uv":[12,0,16,6],"texture":"#0"},"up":{"uv":[12,6,16,10],"texture":"#0"},"down":{"uv":[12,10,16,14],"texture":"#0"}}},{"from":[1.08502,4.8988,2],"to":[9.08502,16.8988,10],"rotation":{"angle":-22.5,"axis":"z","origin":[-0.23044,8.73147,6.7294]},"faces":{"north":{"uv":[4,0,8,6],"texture":"#0"},"east":{"uv":[4,0,8,6],"texture":"#0"},"south":{"uv":[4,0,8,6],"texture":"#0"},"west":{"uv":[4,0,8,6],"texture":"#0"},"up":{"uv":[4,6,8,10],"texture":"#0"},"down":{"uv":[4,10,8,14],"texture":"#0"}}},{"from":[-4.91498,11.8988,1],"to":[3.08502,23.8988,9],"rotation":{"angle":-22.5,"axis":"z","origin":[-0.23044,8.73147,6.7294]},"faces":{"north":{"uv":[0,0,4,6],"texture":"#0"},"east":{"uv":[0,0,4,6],"texture":"#0"},"south":{"uv":[0,0,4,6],"texture":"#0"},"west":{"uv":[0,0,4,6],"texture":"#0"},"up":{"uv":[0,6,4,10],"texture":"#0"},"down":{"uv":[0,10,4,14],"texture":"#0"}}},{"from":[-7,9,-1],"to":[1,21,7],"rotation":{"angle":0,"axis":"y","origin":[-0.23044,8.73147,6.7294]},"faces":{"north":{"uv":[8,0,12,6],"texture":"#0"},"east":{"uv":[8,0,12,6],"texture":"#0"},"south":{"uv":[8,0,12,6],"texture":"#0"},"west":{"uv":[8,0,12,6],"texture":"#0"},"up":{"uv":[8,6,12,10],"texture":"#0"},"down":{"uv":[8,10,12,14],"texture":"#0"}}},{"from":[0,6,7],"to":[8,18,15],"rotation":{"angle":0,"axis":"y","origin":[-0.23044,8.73147,6.7294]},"faces":{"north":{"uv":[8,0,12,6],"texture":"#0"},"east":{"uv":[8,0,12,6],"texture":"#0"},"south":{"uv":[8,0,12,6],"texture":"#0"},"west":{"uv":[8,0,12,6],"texture":"#0"},"up":{"uv":[8,6,12,10],"texture":"#0"},"down":{"uv":[8,10,12,14],"texture":"#0"}}},{"from":[0,0,7],"to":[0,0,7],"rotation":{"angle":0,"axis":"y","origin":[-0.23044,8.73147,6.7294]},"color":4,"faces":{"north":{"uv":[0,0,0,0],"texture":"#missing"},"east":{"uv":[0,0,0,0],"texture":"#missing"},"south":{"uv":[0,0,0,0],"texture":"#missing"},"west":{"uv":[0,0,0,0],"texture":"#missing"},"up":{"uv":[0,0,0,0],"texture":"#missing"},"down":{"uv":[0,0,0,0],"texture":"#missing"}}}],"display":{"gui":{"rotation":[0,-29,0],"translation":[4.25,-2.5,0],"scale":[0.65,0.65,0.65]}}
}