{"gui_light":"front","textures":{"0":"cosmetics:item/entity/locomotive/locomotive"},"elements":[{"from":[-6,2,-16],"to":[6,8,28],"rotation":{"angle":0,"axis":"y","origin":[0,5,0]},"faces":{"north":{"uv":[11,14.25,14,15.75],"texture":"#0"},"east":{"uv":[0,11,11,12.5],"texture":"#0"},"south":{"uv":[11,14.25,14,15.75],"texture":"#0"},"west":{"uv":[11,11,0,12.5],"texture":"#0"},"down":{"uv":[0,13,11,16],"rotation":90,"texture":"#0"}}},{"from":[-5,8,-16],"to":[5,18,13.95],"rotation":{"angle":-45,"axis":"z","origin":[0,13,-9.025]},"faces":{"north":{"uv":[12,2,14.5,4.5],"texture":"#0"},"east":{"uv":[12,2,4.5,4.5],"texture":"#0"},"south":{"uv":[12,2,14.5,4.5],"rotation":270,"texture":"#0"},"west":{"uv":[4.5,2,12,4.5],"texture":"#0"},"up":{"uv":[4.5,2,12,4.5],"rotation":90,"texture":"#0"},"down":{"uv":[12,2,4.5,4.5],"rotation":90,"texture":"#0"}}},{"from":[-6,10,12],"to":[6,26,28],"rotation":{"angle":0,"axis":"y","origin":[0,18,14]},"faces":{"north":{"uv":[0.5,4.5,3.5,8.5],"texture":"#0"},"east":{"uv":[0.5,0.5,4.5,4.5],"texture":"#0"},"south":{"uv":[0.5,4.5,3.5,8.5],"texture":"#0"},"west":{"uv":[4.5,0.5,0.5,4.5],"texture":"#0"}}},{"from":[-7,26,10],"to":[7,28,30],"rotation":{"angle":0,"axis":"y","origin":[0,27,14]},"faces":{"north":{"uv":[4,0,7.5,0.5],"texture":"#0"},"east":{"uv":[0,0,4,0.5],"texture":"#0"},"south":{"uv":[4,0,7.5,0.5],"texture":"#0"},"west":{"uv":[4,0,0,0.5],"texture":"#0"},"up":{"uv":[3.5,4.5,7,9.5],"texture":"#0"},"down":{"uv":[3.5,4.5,7,9.5],"rotation":180,"texture":"#0"}}},{"from":[-3,10,-16],"to":[3,16,-14],"rotation":{"angle":-45,"axis":"z","origin":[0,13,-25]},"faces":{"north":{"uv":[14.5,1,16,2.5],"texture":"#0"},"east":{"uv":[15,2.5,14.5,4],"texture":"#0"},"south":{"uv":[0,0,1.5,1.5],"texture":"#missing"},"west":{"uv":[14.5,2.5,15,4],"texture":"#0"},"up":{"uv":[14.5,2.5,15,4],"rotation":90,"texture":"#0"},"down":{"uv":[15,2.5,14.5,4],"rotation":90,"texture":"#0"}}},{"from":[1,3,-16],"to":[17,16,0],"rotation":{"angle":45,"axis":"y","origin":[0,9.5,0]},"faces":{"north":{"uv":[16,6.75,12,10],"texture":"#0"},"east":{"uv":[12,6.75,16,10],"texture":"#0"}}},{"from":[-8,8,-16],"to":[0,10,31],"rotation":{"angle":0,"axis":"y","origin":[-4,9,0.5]},"faces":{"north":{"uv":[0,12.75,2,13.25],"texture":"#0"},"east":{"uv":[0,12.25,11.75,12.75],"texture":"#0"},"south":{"uv":[0,12.75,2,13.25],"texture":"#0"},"west":{"uv":[11.75,12.25,0,12.75],"texture":"#0"},"up":{"uv":[0,11.25,11.75,13.25],"rotation":90,"texture":"#0"},"down":{"uv":[0,11.25,11.75,13.25],"rotation":90,"texture":"#0"}}},{"from":[-2,17,-6.24264],"to":[2,25,-2.24264],"rotation":{"angle":45,"axis":"y","origin":[0,21,-4.24264]},"faces":{"north":{"uv":[8,0,9,2],"texture":"#0"},"east":{"uv":[8,0,9,2],"texture":"#0"},"south":{"uv":[8,0,9,2],"texture":"#0"},"west":{"uv":[8,0,9,2],"texture":"#0"},"up":{"uv":[9,1,10,2],"texture":"#0"}}},{"from":[-1.5,18,-16],"to":[1.5,23,-13],"rotation":{"angle":45,"axis":"y","origin":[0,20.5,-14.84924]},"faces":{"north":{"uv":[10.75,0.75,11.5,2],"texture":"#0"},"east":{"uv":[10.75,0.75,11.5,2],"texture":"#0"},"south":{"uv":[10.75,0.75,11.5,2],"texture":"#0"},"west":{"uv":[10.75,0.75,11.5,2],"texture":"#0"}}},{"from":[-2.5,23,-16],"to":[2.5,27,-11],"rotation":{"angle":45,"axis":"y","origin":[0,25,-14.84924]},"faces":{"north":{"uv":[11.5,0,12.75,1],"texture":"#0"},"east":{"uv":[11.5,0,12.75,1],"texture":"#0"},"south":{"uv":[11.5,0,12.75,1],"texture":"#0"},"west":{"uv":[11.5,0,12.75,1],"texture":"#0"},"up":{"uv":[12.75,0.75,14,2],"texture":"#0"},"down":{"uv":[12.75,0.75,14,2],"texture":"#0"}}},{"from":[-8,10,14],"to":[8,18,30],"rotation":{"angle":0,"axis":"y","origin":[0,14,16]},"faces":{"east":{"uv":[7,4.5,11,6.5],"texture":"#0"},"south":{"uv":[11,4.5,15,6.5],"texture":"#0"},"west":{"uv":[11,4.5,7,6.5],"texture":"#0"}}},{"from":[-10.48528,6.75736,-12],"to":[-6.48528,10.75736,0],"rotation":{"angle":-45,"axis":"z","origin":[-8.48528,8.75736,-12]},"faces":{"north":{"uv":[15,2.5,16,3.5],"texture":"#0"},"east":{"uv":[15,3.5,16,6.5],"rotation":90,"texture":"#0"},"south":{"uv":[15,2.5,16,3.5],"rotation":270,"texture":"#0"},"west":{"uv":[15,3.5,16,6.5],"rotation":90,"texture":"#0"},"up":{"uv":[15,3.5,16,6.5],"texture":"#0"},"down":{"uv":[15,3.5,16,6.5],"texture":"#0"}}},{"from":[-8,0,-14],"to":[-6,6,-8],"rotation":{"angle":0,"axis":"y","origin":[-7,3,-17]},"faces":{"north":{"uv":[11.5,7,11,8.5],"texture":"#0"},"east":{"uv":[11,7,9.5,8.5],"texture":"#0"},"south":{"uv":[11.5,7,11,8.5],"texture":"#0"},"west":{"uv":[11,7,9.5,8.5],"texture":"#0"},"up":{"uv":[11.5,7,11,8.5],"texture":"#0"},"down":{"uv":[11.5,7,11,8.5],"rotation":180,"texture":"#0"}}},{"from":[-8,0,15],"to":[-6,8,23],"rotation":{"angle":0,"axis":"y","origin":[-7,4,12]},"faces":{"north":{"uv":[9.5,6.5,9,8.5],"texture":"#0"},"east":{"uv":[9,6.5,7,8.5],"texture":"#0"},"south":{"uv":[9.5,6.5,9,8.5],"texture":"#0"},"west":{"uv":[9,6.5,7,8.5],"texture":"#0"},"up":{"uv":[9.5,6.5,9,8.5],"texture":"#0"},"down":{"uv":[9.5,6.5,9,8.5],"rotation":180,"texture":"#0"}}},{"from":[-8,0,-6],"to":[-6,6,0],"rotation":{"angle":0,"axis":"y","origin":[-7,3,-9]},"faces":{"north":{"uv":[11.5,7,11,8.5],"texture":"#0"},"east":{"uv":[11,7,9.5,8.5],"texture":"#0"},"south":{"uv":[11.5,7,11,8.5],"texture":"#0"},"west":{"uv":[11,7,9.5,8.5],"texture":"#0"},"up":{"uv":[11.5,7,11,8.5],"texture":"#0"},"down":{"uv":[11.5,7,11,8.5],"rotation":180,"texture":"#0"}}},{"from":[-8,0,3],"to":[-6,8,11],"rotation":{"angle":0,"axis":"y","origin":[-7,4,0]},"faces":{"north":{"uv":[9.5,6.5,9,8.5],"texture":"#0"},"east":{"uv":[9,6.5,7,8.5],"texture":"#0"},"south":{"uv":[9.5,6.5,9,8.5],"texture":"#0"},"west":{"uv":[9,6.5,7,8.5],"texture":"#0"},"up":{"uv":[9.5,6.5,9,8.5],"texture":"#0"},"down":{"uv":[9.5,6.5,9,8.5],"rotation":180,"texture":"#0"}}},{"from":[-8.1,3,4],"to":[-8.1,5,18],"rotation":{"angle":0,"axis":"y","origin":[-8.1,4,4]},"faces":{"north":{"uv":[0,0,0,0.5],"texture":"#missing"},"east":{"uv":[7,8.5,10.5,9],"texture":"#0"},"south":{"uv":[0,0,0,0.5],"texture":"#missing"},"west":{"uv":[10.5,8.5,7,9],"texture":"#0"},"up":{"uv":[0,0,0,3.5],"texture":"#missing"},"down":{"uv":[0,0,0,3.5],"texture":"#missing"}}},{"from":[0,1,-16],"to":[0,1,-16],"rotation":{"angle":0,"axis":"y","origin":[0,1,-29]},"color":4,"faces":{"north":{"uv":[0,0,0,0],"texture":"#missing"},"east":{"uv":[0,0,0,0],"texture":"#missing"},"south":{"uv":[0,0,0,0],"texture":"#missing"},"west":{"uv":[0,0,0,0],"texture":"#missing"},"up":{"uv":[0,0,0,0],"texture":"#missing"},"down":{"uv":[0,0,0,0],"texture":"#missing"}}}],"display":{"gui":{"rotation":[15,130,0],"translation":[-1.5,-1.5,0],"scale":[0.35,0.35,0.35]}}
}