{"gui_light":"front","textures":{"0":"cosmetics:item/entity/star_kite/star_kite"},"elements":[{"from":[4.2,0.4,8],"to":[11.8,9.6,8],"rotation":{"angle":22.5,"axis":"y","origin":[8,5,8]},"faces":{"north":{"uv":[0,0,9.5,11.5],"texture":"#0","tintindex":0},"east":{"uv":[0,0,0,11.5],"texture":"#0","tintindex":0},"south":{"uv":[0,0,9.5,11.5],"texture":"#0","tintindex":0},"west":{"uv":[0,0,0,11.5],"texture":"#0","tintindex":0},"up":{"uv":[5,0,0,0],"texture":"#0","tintindex":0},"down":{"uv":[5,0,0,0],"texture":"#0","tintindex":0}}},{"from":[4.2,0.4,8],"to":[11.8,9.6,8],"rotation":{"angle":-22.5,"axis":"y","origin":[8,5,8]},"faces":{"north":{"uv":[0,0,9.5,11.5],"texture":"#0","tintindex":0},"east":{"uv":[0,0,0,11.5],"texture":"#0","tintindex":0},"south":{"uv":[0,0,9.5,11.5],"texture":"#0","tintindex":0},"west":{"uv":[0,0,0,11.5],"texture":"#0","tintindex":0},"up":{"uv":[5,0,0,0],"texture":"#0","tintindex":0},"down":{"uv":[5,0,0,0],"texture":"#0","tintindex":0}}}],"display":{"gui":{"translation":[0,5.75,0],"scale":[1.8,1.8,1.8]}}
}