{
	"credit": "Made with Blockbench",
	"texture_size": [128, 128],
	"textures": {
		"0": "chunky:item/furniture/depths/depths_primary",
		"particle": "chunky:item/furniture/depths/depths_primary"
	},
	"elements": [
		{
			"from": [5.75, 10.5, 8],
			"to": [11.25, 14.5, 8],
			"rotation": {"angle": 0, "axis": "y", "origin": [0, 2.5, 0]},
			"faces": {
				"north": {"uv": [1.1875, 3, 1.875, 3.5], "texture": "#0"},
				"south": {"uv": [1.875, 3, 1.1875, 3.5], "texture": "#0"}
			}
		},
		{
			"from": [3.75, 4, 8],
			"to": [13.25, 10, 8],
			"rotation": {"angle": 0, "axis": "y", "origin": [0, -3, 0]},
			"faces": {
				"north": {"uv": [0, 3, 1.1875, 3.75], "texture": "#0"},
				"south": {"uv": [0, 3, 1.1875, 3.75], "texture": "#0"}
			}
		},
		{
			"from": [7.75, 8, 7.25],
			"to": [9.25, 16, 8.75],
			"faces": {
				"north": {"uv": [0, 3.9375, 0.1875, 4.9375], "texture": "#0"},
				"east": {"uv": [0, 3.9375, 0.1875, 4.9375], "texture": "#0"},
				"south": {"uv": [0, 3.9375, 0.1875, 4.9375], "texture": "#0"},
				"west": {"uv": [0, 3.9375, 0.1875, 4.9375], "texture": "#0"}
			}
		},
		{
			"from": [5.75, 14.5, 7.5],
			"to": [11.25, 15.5, 8.5],
			"faces": {
				"north": {"uv": [0.1875, 3.9375, 0.875, 4.0625], "texture": "#0"},
				"east": {"uv": [0.875, 3.9375, 1, 4.0625], "texture": "#0"},
				"south": {"uv": [0.1875, 4.0625, 0.875, 3.9375], "texture": "#0"},
				"west": {"uv": [0.875, 3.9375, 1, 4.0625], "texture": "#0"},
				"up": {"uv": [0.1875, 3.9375, 0.875, 4.0625], "texture": "#0"},
				"down": {"uv": [0.875, 4.0625, 0.1875, 3.9375], "texture": "#0"}
			}
		},
		{
			"from": [8.075, 7.5, 7.225],
			"to": [12.075, 9, 8.775],
			"rotation": {"angle": 22.5, "axis": "z", "origin": [10.075, 8.25, 8]},
			"faces": {
				"north": {"uv": [0.5, 3.75, 0, 3.9375], "texture": "#0"},
				"east": {"uv": [0.5, 3.75, 0.68594, 3.9375], "texture": "#0"},
				"south": {"uv": [0, 3.75, 0.5, 3.9375], "texture": "#0"},
				"up": {"uv": [0, 3.9375, 0.5, 3.75], "texture": "#0"},
				"down": {"uv": [0, 3.75, 0.5, 3.9375], "texture": "#0"}
			}
		},
		{
			"from": [12.32052, 8.25573, 7.5],
			"to": [13.82052, 11.25573, 8.5],
			"rotation": {"angle": -45, "axis": "z", "origin": [13.07052, 10.25573, 8]},
			"faces": {
				"north": {"uv": [0.75, 3.75, 1.125, 3.9375], "rotation": 90, "texture": "#0"},
				"east": {"uv": [1.125, 3.75, 1.5, 3.875], "rotation": 270, "texture": "#0"},
				"south": {"uv": [0.75, 3.75, 1.125, 3.9375], "rotation": 270, "texture": "#0"},
				"west": {"uv": [1.125, 3.75, 1.5, 3.875], "rotation": 270, "texture": "#0"},
				"up": {"uv": [1.5, 3.75, 1.6875, 3.875], "texture": "#0"}
			}
		},
		{
			"from": [12.46696, 10.15218, 7.525],
			"to": [13.96696, 12.40218, 8.475],
			"rotation": {"angle": 22.5, "axis": "z", "origin": [13.21696, 10.90218, 8]},
			"faces": {
				"north": {"uv": [1.1875, 3.5, 1.5, 3.6875], "rotation": 270, "texture": "#0"},
				"east": {"uv": [1.5, 3.5, 1.8125, 3.62188], "rotation": 270, "texture": "#0"},
				"south": {"uv": [1.1875, 3.5, 1.5, 3.6875], "rotation": 270, "texture": "#0"},
				"west": {"uv": [1.5, 3.5, 1.8125, 3.62188], "rotation": 270, "texture": "#0"},
				"up": {"uv": [1.5, 3.625, 1.6875, 3.74375], "texture": "#0"}
			}
		},
		{
			"from": [3.03304, 10.15218, 7.525],
			"to": [4.53304, 12.40218, 8.475],
			"rotation": {"angle": -22.5, "axis": "z", "origin": [3.78304, 10.90218, 8]},
			"faces": {
				"north": {"uv": [1.1875, 3.5, 1.5, 3.6875], "rotation": 270, "texture": "#0"},
				"east": {"uv": [1.5, 3.5, 1.8125, 3.62188], "rotation": 270, "texture": "#0"},
				"south": {"uv": [1.1875, 3.5, 1.5, 3.6875], "rotation": 270, "texture": "#0"},
				"west": {"uv": [1.5, 3.62188, 1.8125, 3.5], "rotation": 270, "texture": "#0"},
				"up": {"uv": [1.5, 3.625, 1.6875, 3.74375], "texture": "#0"}
			}
		},
		{
			"from": [3.17948, 8.25573, 7.5],
			"to": [4.67948, 11.25573, 8.5],
			"rotation": {"angle": 45, "axis": "z", "origin": [3.92948, 10.25573, 8]},
			"faces": {
				"north": {"uv": [0.75, 3.75, 1.125, 3.9375], "rotation": 90, "texture": "#0"},
				"east": {"uv": [1.125, 3.75, 1.5, 3.875], "rotation": 270, "texture": "#0"},
				"south": {"uv": [0.75, 3.75, 1.125, 3.9375], "rotation": 90, "texture": "#0"},
				"west": {"uv": [1.125, 3.75, 1.5, 3.875], "rotation": 270, "texture": "#0"},
				"up": {"uv": [1.5, 3.75, 1.6875, 3.875], "texture": "#0"}
			}
		},
		{
			"from": [4.95351, 7.5, 7.225],
			"to": [8.95351, 9, 8.775],
			"rotation": {"angle": -22.5, "axis": "z", "origin": [6.95351, 8.25, 8]},
			"faces": {
				"north": {"uv": [0, 3.75, 0.5, 3.9375], "texture": "#0"},
				"south": {"uv": [0.5, 3.75, 0, 3.9375], "texture": "#0"},
				"west": {"uv": [0.5, 3.75, 0.68594, 3.9375], "texture": "#0"},
				"up": {"uv": [0.5, 3.9375, 0, 3.75], "texture": "#0"},
				"down": {"uv": [0.5, 3.75, 0, 3.9375], "texture": "#0"}
			}
		},
		{
			"from": [9, 17, 7],
			"to": [10, 19, 9],
			"faces": {
				"north": {"uv": [0.1875, 4.3125, 0.4375, 4.4375], "rotation": 270, "texture": "#0"},
				"east": {"uv": [0.3125, 4.0625, 0.5625, 4.3125], "texture": "#0"},
				"south": {"uv": [0.1875, 4.3125, 0.4375, 4.4375], "rotation": 270, "texture": "#0"},
				"west": {"uv": [0.4375, 4.8125, 0.6875, 5.0625], "rotation": 270, "texture": "#0"},
				"up": {"uv": [0.9375, 4.3125, 1.1875, 4.4375], "rotation": 270, "texture": "#0"}
			}
		},
		{
			"from": [7, 16, 7],
			"to": [8, 18, 9],
			"faces": {
				"north": {"uv": [0.6875, 4.3125, 0.9375, 4.4375], "rotation": 270, "texture": "#0"},
				"east": {"uv": [0.1875, 4.8125, 0.4375, 5.0625], "rotation": 270, "texture": "#0"},
				"south": {"uv": [0.6875, 4.3125, 0.9375, 4.4375], "rotation": 270, "texture": "#0"},
				"west": {"uv": [0.6875, 4.0625, 0.9375, 4.3125], "texture": "#0"},
				"down": {"uv": [1.3125, 4.0625, 1.4375, 4.3125], "rotation": 270, "texture": "#0"}
			}
		},
		{
			"from": [8, 16, 7],
			"to": [10, 17, 9],
			"rotation": {"angle": 0, "axis": "z", "origin": [9.5, 18, 8]},
			"faces": {
				"north": {"uv": [0.6875, 4.4375, 0.8125, 4.6875], "rotation": 270, "texture": "#0"},
				"east": {"uv": [0.1875, 4.0625, 0.3125, 4.3125], "rotation": 270, "texture": "#0"},
				"south": {"uv": [0.6875, 4.4375, 0.8125, 4.6875], "rotation": 270, "texture": "#0"},
				"up": {"uv": [0.1875, 4.5625, 0.4375, 4.8125], "rotation": 270, "texture": "#0"},
				"down": {"uv": [1.4375, 4.0625, 1.6875, 4.3125], "texture": "#0"}
			}
		},
		{
			"from": [7, 18, 7],
			"to": [9, 19, 9],
			"rotation": {"angle": 0, "axis": "z", "origin": [9.5, 18, 8]},
			"faces": {
				"north": {"uv": [0.8125, 4.4375, 0.9375, 4.6875], "rotation": 270, "texture": "#0"},
				"south": {"uv": [0.8125, 4.4375, 0.9375, 4.6875], "rotation": 270, "texture": "#0"},
				"west": {"uv": [0.5625, 4.0625, 0.6875, 4.3125], "rotation": 270, "texture": "#0"},
				"up": {"uv": [1.0625, 4.0625, 1.3125, 4.3125], "texture": "#0"},
				"down": {"uv": [0.1875, 4.5625, 0.4375, 4.8125], "rotation": 270, "texture": "#0"}
			}
		}
	],
	"gui_light": "front",
	"display": {
		"thirdperson_righthand": {
			"rotation": [75, 45, 0],
			"translation": [0, 2.5, 0],
			"scale": [0.375, 0.375, 0.375]
		},
		"thirdperson_lefthand": {
			"rotation": [75, 45, 0],
			"translation": [0, 2.5, 0],
			"scale": [0.375, 0.375, 0.375]
		},
		"firstperson_righthand": {
			"rotation": [0, 45, 0],
			"scale": [0.4, 0.4, 0.4]
		},
		"firstperson_lefthand": {
			"rotation": [0, 225, 0],
			"scale": [0.4, 0.4, 0.4]
		},
		"gui": {
			"rotation": [30, 225, 0],
			"translation": [0, -3.75, 0]
		},
		"head": {
			"rotation": [14, -23, 0],
			"translation": [-1.5, -17.5, -2],
			"scale": [3, 3, 3]
		}
	}
}