{"textures":{"0":"modelengine:entity/nocsy_yokai_baby_bird"},"elements":[{"from":[6.5714283,7.849417,6.080464],"to":[9.428572,10.70656,8.937607],"rotation":{"angle":0.0,"axis":"y","origin":[7.714286,4.935131,7.509035]},"faces":{"east":{"uv":[4.875,0.0,5.5,0.625],"rotation":0,"texture":"#0","tintindex":0},"south":{"uv":[0.75,4.875,1.375,5.5],"rotation":0,"texture":"#0","tintindex":0},"north":{"uv":[0.0,4.875,0.625,5.5],"rotation":0,"texture":"#0","tintindex":0},"west":{"uv":[3.25,4.875,3.875,5.5],"rotation":0,"texture":"#0","tintindex":0},"up":{"uv":[4.625,5.625,4.0,5.0],"rotation":0,"texture":"#0","tintindex":0},"down":{"uv":[5.375,5.0,4.75,5.625],"rotation":0,"texture":"#0","tintindex":0}}},{"from":[8.528571,8.820846,6.066178],"to":[9.442858,9.849417,6.066178],"rotation":{"angle":0.0,"axis":"y","origin":[7.714286,4.935131,7.509035]},"faces":{"east":{"uv":[4.25,2.0,4.25,2.25],"rotation":0,"texture":"#0","tintindex":0},"south":{"uv":[1.125,6.125,1.375,6.375],"rotation":0,"texture":"#0","tintindex":0},"north":{"uv":[5.125,4.625,5.375,4.875],"rotation":0,"texture":"#0","tintindex":0},"west":{"uv":[4.375,2.75,4.375,3.0],"rotation":0,"texture":"#0","tintindex":0},"up":{"uv":[3.0,2.375,2.75,2.375],"rotation":0,"texture":"#0","tintindex":0},"down":{"uv":[3.375,2.375,3.125,2.375],"rotation":0,"texture":"#0","tintindex":0}}},{"from":[6.9,9.163703,6.0518923],"to":[7.242857,9.50656,6.0518923],"rotation":{"angle":0.0,"axis":"y","origin":[8.285714,4.935131,7.509035]},"faces":{"east":{"uv":[4.375,3.125,4.375,3.25],"rotation":0,"texture":"#0","tintindex":0},"south":{"uv":[7.25,2.375,7.125,2.5],"rotation":0,"texture":"#0","tintindex":0},"north":{"uv":[7.125,2.375,7.25,2.5],"rotation":0,"texture":"#0","tintindex":0},"west":{"uv":[4.375,3.375,4.375,3.5],"rotation":0,"texture":"#0","tintindex":0},"up":{"uv":[3.625,2.375,3.5,2.375],"rotation":0,"texture":"#0","tintindex":0},"down":{"uv":[4.125,4.875,4.0,4.875],"rotation":0,"texture":"#0","tintindex":0}}},{"from":[8.757143,9.163703,6.0518923],"to":[9.1,9.50656,6.0518923],"rotation":{"angle":0.0,"axis":"y","origin":[7.714286,4.935131,7.509035]},"faces":{"east":{"uv":[4.375,3.375,4.375,3.5],"rotation":0,"texture":"#0","tintindex":0},"south":{"uv":[7.125,2.375,7.25,2.5],"rotation":0,"texture":"#0","tintindex":0},"north":{"uv":[7.25,2.375,7.125,2.5],"rotation":0,"texture":"#0","tintindex":0},"west":{"uv":[4.375,3.125,4.375,3.25],"rotation":0,"texture":"#0","tintindex":0},"up":{"uv":[3.5,2.375,3.625,2.375],"rotation":0,"texture":"#0","tintindex":0},"down":{"uv":[4.0,4.875,4.125,4.875],"rotation":0,"texture":"#0","tintindex":0}}},{"from":[9.442858,8.820846,6.066178],"to":[9.442858,9.849417,7.209035],"rotation":{"angle":0.0,"axis":"y","origin":[7.714286,4.935131,7.509035]},"faces":{"east":{"uv":[7.25,5.375,7.5,5.625],"rotation":0,"texture":"#0","tintindex":0},"south":{"uv":[8.25,2.875,8.25,3.125],"rotation":0,"texture":"#0","tintindex":0},"north":{"uv":[0.5,7.125,0.5,7.375],"rotation":0,"texture":"#0","tintindex":0},"west":{"uv":[7.25,5.75,7.5,6.0],"rotation":0,"texture":"#0","tintindex":0},"up":{"uv":[4.25,8.5,4.25,8.25],"rotation":0,"texture":"#0","tintindex":0},"down":{"uv":[4.375,8.25,4.375,8.5],"rotation":0,"texture":"#0","tintindex":0}}},{"from":[6.5571427,8.820846,6.066178],"to":[7.4714284,9.849417,6.066178],"rotation":{"angle":0.0,"axis":"y","origin":[8.285714,4.935131,7.509035]},"faces":{"east":{"uv":[4.5,8.25,4.5,8.5],"rotation":0,"texture":"#0","tintindex":0},"south":{"uv":[1.125,7.375,1.375,7.625],"rotation":0,"texture":"#0","tintindex":0},"north":{"uv":[7.375,0.375,7.625,0.625],"rotation":0,"texture":"#0","tintindex":0},"west":{"uv":[8.25,5.25,8.25,5.5],"rotation":0,"texture":"#0","tintindex":0},"up":{"uv":[5.875,2.625,5.625,2.625],"rotation":0,"texture":"#0","tintindex":0},"down":{"uv":[3.5,5.625,3.25,5.625],"rotation":0,"texture":"#0","tintindex":0}}},{"from":[6.5571427,8.820846,6.066178],"to":[6.5571427,9.849417,7.209035],"rotation":{"angle":0.0,"axis":"y","origin":[8.285714,4.935131,7.509035]},"faces":{"east":{"uv":[1.5,7.375,1.75,7.625],"rotation":0,"texture":"#0","tintindex":0},"south":{"uv":[6.75,8.25,6.75,8.5],"rotation":0,"texture":"#0","tintindex":0},"north":{"uv":[8.25,5.625,8.25,5.875],"rotation":0,"texture":"#0","tintindex":0},"west":{"uv":[7.375,1.625,7.625,1.875],"rotation":0,"texture":"#0","tintindex":0},"up":{"uv":[6.875,8.5,6.875,8.25],"rotation":0,"texture":"#0","tintindex":0},"down":{"uv":[7.0,8.25,7.0,8.5],"rotation":0,"texture":"#0","tintindex":0}}},{"from":[9.586273,6.516453,6.3966827],"to":[9.586273,11.65931,8.682397],"rotation":{"angle":22.5,"axis":"y","origin":[9.975262,9.146166,7.1847944]},"faces":{"east":{"uv":[3.875,3.625,4.375,4.75],"rotation":0,"texture":"#0","tintindex":0},"south":{"uv":[1.625,8.375,1.625,9.5],"rotation":0,"texture":"#0","tintindex":0},"north":{"uv":[1.5,8.375,1.5,9.5],"rotation":0,"texture":"#0","tintindex":0},"west":{"uv":[4.25,0.0,4.75,1.125],"rotation":0,"texture":"#0","tintindex":0},"up":{"uv":[8.375,2.0,8.375,1.5],"rotation":0,"texture":"#0","tintindex":0},"down":{"uv":[1.75,8.375,1.75,8.875],"rotation":0,"texture":"#0","tintindex":0}}},{"from":[10.709081,6.516453,8.001306],"to":[10.709081,11.65931,10.858449],"rotation":{"angle":45.0,"axis":"y","origin":[11.313553,9.146166,8.987029]},"faces":{"east":{"uv":[0.0,3.625,0.625,4.75],"rotation":0,"texture":"#0","tintindex":0},"south":{"uv":[2.0,8.375,2.0,9.5],"rotation":0,"texture":"#0","tintindex":0},"north":{"uv":[1.875,8.375,1.875,9.5],"rotation":0,"texture":"#0","tintindex":0},"west":{"uv":[0.75,3.625,1.375,4.75],"rotation":0,"texture":"#0","tintindex":0},"up":{"uv":[2.125,9.0,2.125,8.375],"rotation":0,"texture":"#0","tintindex":0},"down":{"uv":[8.375,2.875,8.375,3.5],"rotation":0,"texture":"#0","tintindex":0}}},{"from":[6.413727,6.516453,6.3966827],"to":[6.413727,11.65931,8.682397],"rotation":{"angle":-22.5,"axis":"y","origin":[6.024738,9.146166,7.1847944]},"faces":{"east":{"uv":[4.75,0.0,4.25,1.125],"rotation":0,"texture":"#0","tintindex":0},"south":{"uv":[1.625,8.375,1.625,9.5],"rotation":0,"texture":"#0","tintindex":0},"north":{"uv":[1.5,8.375,1.5,9.5],"rotation":0,"texture":"#0","tintindex":0},"west":{"uv":[4.375,3.625,3.875,4.75],"rotation":0,"texture":"#0","tintindex":0},"up":{"uv":[8.375,2.0,8.375,1.5],"rotation":0,"texture":"#0","tintindex":0},"down":{"uv":[1.75,8.375,1.75,8.875],"rotation":0,"texture":"#0","tintindex":0}}},{"from":[5.2909193,6.516453,8.001306],"to":[5.2909193,11.65931,10.858449],"rotation":{"angle":-45.0,"axis":"y","origin":[4.686447,9.146166,8.987029]},"faces":{"east":{"uv":[1.375,3.625,0.75,4.75],"rotation":0,"texture":"#0","tintindex":0},"south":{"uv":[2.0,8.375,2.0,9.5],"rotation":0,"texture":"#0","tintindex":0},"north":{"uv":[1.875,8.375,1.875,9.5],"rotation":0,"texture":"#0","tintindex":0},"west":{"uv":[0.625,3.625,0.0,4.75],"rotation":0,"texture":"#0","tintindex":0},"up":{"uv":[2.125,9.0,2.125,8.375],"rotation":0,"texture":"#0","tintindex":0},"down":{"uv":[8.375,2.875,8.375,3.5],"rotation":0,"texture":"#0","tintindex":0}}},{"from":[6.0,11.252723,5.971939],"to":[10.0,11.252723,7.6862245],"rotation":{"angle":-22.5,"axis":"x","origin":[8.571428,11.252723,7.4005103]},"faces":{"east":{"uv":[8.375,0.0,8.75,0.0],"rotation":0,"texture":"#0","tintindex":0},"south":{"uv":[8.375,0.125,9.25,0.125],"rotation":0,"texture":"#0","tintindex":0},"north":{"uv":[8.0,2.25,8.875,2.25],"rotation":0,"texture":"#0","tintindex":0},"west":{"uv":[8.375,2.125,8.75,2.125],"rotation":0,"texture":"#0","tintindex":0},"up":{"uv":[6.5,0.375,5.625,0.0],"rotation":0,"texture":"#0","tintindex":0},"down":{"uv":[1.375,5.625,0.5,6.0],"rotation":0,"texture":"#0","tintindex":0}}},{"from":[6.0,11.96868,7.413206],"to":[10.0,11.96868,9.127492],"rotation":{"angle":-45.0,"axis":"x","origin":[8.571428,11.96868,8.270349]},"faces":{"east":{"uv":[8.375,2.5,8.75,2.5],"rotation":0,"texture":"#0","tintindex":0},"south":{"uv":[8.375,3.625,9.25,3.625],"rotation":0,"texture":"#0","tintindex":0},"north":{"uv":[8.375,2.375,9.25,2.375],"rotation":0,"texture":"#0","tintindex":0},"west":{"uv":[3.25,8.375,3.625,8.375],"rotation":0,"texture":"#0","tintindex":0},"up":{"uv":[4.125,6.125,3.25,5.75],"rotation":0,"texture":"#0","tintindex":0},"down":{"uv":[5.125,5.75,4.25,6.125],"rotation":0,"texture":"#0","tintindex":0}}},{"from":[7.428571,8.420846,4.9376063],"to":[8.571428,9.563703,6.080464],"rotation":{"angle":0.0,"axis":"y","origin":[6.857143,4.935131,7.509035]},"faces":{"east":{"uv":[5.25,7.375,5.5,7.625],"rotation":0,"texture":"#0","tintindex":0},"south":{"uv":[5.625,7.375,5.875,7.625],"rotation":0,"texture":"#0","tintindex":0},"north":{"uv":[7.375,2.375,7.625,2.625],"rotation":0,"texture":"#0","tintindex":0},"west":{"uv":[7.375,6.625,7.625,6.875],"rotation":0,"texture":"#0","tintindex":0},"up":{"uv":[7.625,7.25,7.375,7.0],"rotation":0,"texture":"#0","tintindex":0},"down":{"uv":[7.625,7.375,7.375,7.625],"rotation":0,"texture":"#0","tintindex":0}}},{"from":[7.6,8.135132,4.9376063],"to":[8.4,8.70656,4.9376063],"rotation":{"angle":0.0,"axis":"y","origin":[6.6857142,4.935131,7.509035]},"faces":{"east":{"uv":[7.125,3.375,7.125,3.5],"rotation":0,"texture":"#0","tintindex":0},"south":{"uv":[8.125,7.5,8.25,7.625],"rotation":0,"texture":"#0","tintindex":0},"north":{"uv":[7.375,8.125,7.5,8.25],"rotation":0,"texture":"#0","tintindex":0},"west":{"uv":[3.0,7.625,3.0,7.75],"rotation":0,"texture":"#0","tintindex":0},"up":{"uv":[3.75,5.625,3.625,5.625],"rotation":0,"texture":"#0","tintindex":0},"down":{"uv":[7.0,3.0,6.875,3.0],"rotation":0,"texture":"#0","tintindex":0}}},{"from":[7.714286,8.230884,5.3109336],"to":[8.285714,8.802312,6.4537907],"rotation":{"angle":22.5,"axis":"x","origin":[8.0,8.516598,5.8823624]},"faces":{"east":{"uv":[6.75,0.875,7.0,1.0],"rotation":0,"texture":"#0","tintindex":0},"south":{"uv":[8.125,7.75,8.25,7.875],"rotation":0,"texture":"#0","tintindex":0},"north":{"uv":[7.625,8.125,7.75,8.25],"rotation":0,"texture":"#0","tintindex":0},"west":{"uv":[0.75,7.875,1.0,8.0],"rotation":0,"texture":"#0","tintindex":0},"up":{"uv":[0.5,7.75,0.375,7.5],"rotation":0,"texture":"#0","tintindex":0},"down":{"uv":[2.5,7.875,2.375,8.125],"rotation":0,"texture":"#0","tintindex":0}}}],"display":{"head":{"translation":[0.0,-6.4,0.0],"scale":[4.0,4.0,4.0]}}}