{"textures":{"0":"modelengine:entity/nocsy_yokai_baby_bird"},"elements":[{"from":[6.6614075,7.4297132,7.801373],"to":[8.947122,8.572571,8.94423],"rotation":{"angle":0.0,"axis":"y","origin":[11.232836,5.7154274,7.801373]},"faces":{"east":{"uv":[0.0,7.5,0.25,7.75],"rotation":0,"texture":"#0","tintindex":0},"south":{"uv":[6.625,4.0,7.125,4.25],"rotation":0,"texture":"#0","tintindex":0},"north":{"uv":[6.625,3.625,7.125,3.875],"rotation":0,"texture":"#0","tintindex":0},"west":{"uv":[1.875,7.5,2.125,7.75],"rotation":0,"texture":"#0","tintindex":0},"up":{"uv":[7.125,4.625,6.625,4.375],"rotation":0,"texture":"#0","tintindex":0},"down":{"uv":[7.125,4.75,6.625,5.0],"rotation":0,"texture":"#0","tintindex":0}}},{"from":[6.632836,4.286856,7.34423],"to":[6.632836,8.858285,12.487087],"rotation":{"angle":0.0,"axis":"y","origin":[11.232836,5.7154274,7.801373]},"faces":{"east":{"uv":[0.0,2.5,1.125,3.5],"rotation":0,"texture":"#0","tintindex":0},"south":{"uv":[3.875,8.375,3.875,9.375],"rotation":0,"texture":"#0","tintindex":0},"north":{"uv":[3.75,8.375,3.75,9.375],"rotation":0,"texture":"#0","tintindex":0},"west":{"uv":[1.25,2.5,2.375,3.5],"rotation":0,"texture":"#0","tintindex":0},"up":{"uv":[4.625,9.5,4.625,8.375],"rotation":0,"texture":"#0","tintindex":0},"down":{"uv":[4.75,8.375,4.75,9.5],"rotation":0,"texture":"#0","tintindex":0}}},{"from":[7.0368967,4.286856,6.9401693],"to":[7.0368967,8.858285,7.5115976],"rotation":{"angle":-45.0,"axis":"y","origin":[7.0368967,6.5725703,6.9401693]},"faces":{"east":{"uv":[4.0,0.0,4.125,1.0],"rotation":0,"texture":"#0","tintindex":0},"south":{"uv":[6.0,8.375,6.0,9.375],"rotation":0,"texture":"#0","tintindex":0},"north":{"uv":[5.875,8.375,5.875,9.375],"rotation":0,"texture":"#0","tintindex":0},"west":{"uv":[2.875,6.5,3.0,7.5],"rotation":0,"texture":"#0","tintindex":0},"up":{"uv":[6.5,7.875,6.5,7.75],"rotation":0,"texture":"#0","tintindex":0},"down":{"uv":[8.375,3.75,8.375,3.875],"rotation":0,"texture":"#0","tintindex":0}}}],"display":{"head":{"translation":[0.0,-6.4,0.0],"scale":[4.0,4.0,4.0]}}}