{"textures":{"0":"modelengine:entity/nocsy_yokai_baby_bird"},"elements":[{"from":[7.0528784,7.4297132,7.801373],"to":[9.338593,8.572571,8.94423],"rotation":{"angle":0.0,"axis":"y","origin":[4.7671638,5.7154274,7.801373]},"faces":{"east":{"uv":[2.25,7.5,2.5,7.75],"rotation":0,"texture":"#0","tintindex":0},"south":{"uv":[6.625,5.5,7.125,5.75],"rotation":0,"texture":"#0","tintindex":0},"north":{"uv":[6.625,5.125,7.125,5.375],"rotation":0,"texture":"#0","tintindex":0},"west":{"uv":[3.125,7.5,3.375,7.75],"rotation":0,"texture":"#0","tintindex":0},"up":{"uv":[7.125,6.125,6.625,5.875],"rotation":0,"texture":"#0","tintindex":0},"down":{"uv":[0.5,6.75,0.0,7.0],"rotation":0,"texture":"#0","tintindex":0}}},{"from":[9.367164,4.286856,7.34423],"to":[9.367164,8.858285,12.487087],"rotation":{"angle":0.0,"axis":"y","origin":[4.7671638,5.7154274,7.801373]},"faces":{"east":{"uv":[2.5,2.5,3.625,3.5],"rotation":0,"texture":"#0","tintindex":0},"south":{"uv":[6.25,8.375,6.25,9.375],"rotation":0,"texture":"#0","tintindex":0},"north":{"uv":[6.125,8.375,6.125,9.375],"rotation":0,"texture":"#0","tintindex":0},"west":{"uv":[2.75,0.0,3.875,1.0],"rotation":0,"texture":"#0","tintindex":0},"up":{"uv":[6.375,9.5,6.375,8.375],"rotation":0,"texture":"#0","tintindex":0},"down":{"uv":[6.5,8.375,6.5,9.5],"rotation":0,"texture":"#0","tintindex":0}}},{"from":[8.963103,4.286856,6.9401693],"to":[8.963103,8.858285,7.5115976],"rotation":{"angle":45.0,"axis":"y","origin":[8.963103,6.5725703,6.9401693]},"faces":{"east":{"uv":[0.625,6.75,0.75,7.75],"rotation":0,"texture":"#0","tintindex":0},"south":{"uv":[8.375,7.0,8.375,8.0],"rotation":0,"texture":"#0","tintindex":0},"north":{"uv":[6.625,8.375,6.625,9.375],"rotation":0,"texture":"#0","tintindex":0},"west":{"uv":[0.875,6.75,1.0,7.75],"rotation":0,"texture":"#0","tintindex":0},"up":{"uv":[8.375,4.125,8.375,4.0],"rotation":0,"texture":"#0","tintindex":0},"down":{"uv":[8.375,4.25,8.375,4.375],"rotation":0,"texture":"#0","tintindex":0}}}],"display":{"head":{"translation":[0.0,-6.4,0.0],"scale":[4.0,4.0,4.0]}}}