{"providers":[{"type":"bitmap","file":"z_cosmetics:item/pixel.png","height":-2,"ascent":-3337,"chars":[""]},{"type":"bitmap","file":"z_cosmetics:item/pixel.png","height":-187,"ascent":-3337,"chars":[""]},{"type":"bitmap","file":"z_cosmetics:item/pixel.png","height":-145,"ascent":-3337,"chars":[""]},{"type":"bitmap","file":"z_cosmetics:item/pixel.png","height":12,"ascent":-3337,"chars":[""]},{"type":"bitmap","file":"z_cosmetics:item/pixel.png","height":-4,"ascent":-3337,"chars":[""]},{"type":"bitmap","file":"z_cosmetics:item/pixel.png","height":-1,"ascent":-3337,"chars":["쀁"]},{"type":"bitmap","file":"z_cosmetics:item/pixel.png","height":-146,"ascent":-3337,"chars":["퀀"]},{"type":"bitmap","file":"z_cosmetics:item/pixel.png","height":-175,"ascent":-3337,"chars":["텰"]},{"type":"bitmap","file":"z_cosmetics:item/pixel.png","height":-15,"ascent":-3337,"chars":[""]},{"type":"bitmap","file":"z_cosmetics:item/pixel.png","height":-189,"ascent":-3337,"chars":["꤀"]},{"type":"bitmap","file":"z_cosmetics:item/wardrobe_cosmetics_gui.png","height":232,"ascent":24,"chars":["⑊"]},{"type":"bitmap","file":"z_cosmetics:item/dyeing_gui.png","height":232,"ascent":24,"chars":["⑋"]},{"type":"bitmap","file":"z_cosmetics:item/dyeing_mask.png","height":232,"ascent":24,"chars":["⑀"]}]}