{"providers":[{"type":"bitmap","file":"z_cosmetics:item/gui_slot_colorable.png","height":16,"ascent":-5,"chars":["⑁"]},{"type":"bitmap","file":"z_cosmetics:item/gui_slot_colorable.png","height":16,"ascent":-23,"chars":["⑂"]},{"type":"bitmap","file":"z_cosmetics:item/gui_slot_colorable.png","height":16,"ascent":-41,"chars":["⑃"]},{"type":"bitmap","file":"z_cosmetics:item/gui_slot_colorable.png","height":16,"ascent":-59,"chars":["⑄"]},{"type":"bitmap","file":"z_cosmetics:item/gui_slot_colorable.png","height":16,"ascent":-77,"chars":["⑅"]},{"type":"bitmap","file":"z_cosmetics:item/gui_slot_colorable.png","height":16,"ascent":-95,"chars":["⑆"]},{"type":"bitmap","file":"z_cosmetics:item/btn_hat.png","height":232,"ascent":24,"chars":[" "]},{"type":"bitmap","file":"z_cosmetics:item/btn_hat_pressed.png","height":232,"ascent":24,"chars":[" "]},{"type":"bitmap","file":"z_cosmetics:item/btn_body.png","height":232,"ascent":24,"chars":[" "]},{"type":"bitmap","file":"z_cosmetics:item/btn_body_pressed.png","height":232,"ascent":24,"chars":[" "]},{"type":"bitmap","file":"z_cosmetics:item/btn_balloon.png","height":232,"ascent":24,"chars":[" "]},{"type":"bitmap","file":"z_cosmetics:item/btn_balloon_pressed.png","height":232,"ascent":24,"chars":[" "]}]}