{
	"credit": "Made with Blockbench",
	"texture_size": [64, 64],
	"textures": {
		"2": "cosmetics:item/backpack/birdwatcher_backpack"
	},
	"elements": [
		{
			"from": [3, -0.5, 5],
			"to": [13, 4.5, 13],
			"faces": {
				"north": {"uv": [11.5, 4.75, 9, 6], "texture": "#2"},
				"east": {"uv": [11.25, 0, 9.25, 1.25], "texture": "#2"},
				"south": {"uv": [11.5, 3.5, 9, 4.75], "texture": "#2"},
				"west": {"uv": [2, 10, 0, 11.25], "texture": "#2"},
				"up": {"uv": [5.25, 0, 2.75, 2], "texture": "#2"},
				"down": {"uv": [5.25, 4, 2.75, 2], "texture": "#2"}
			}
		},
		{
			"from": [2.5, 4.5, 5],
			"to": [13.5, 7.5, 13.5],
			"faces": {
				"north": {"uv": [12.75, 7, 10, 7.75], "texture": "#2"},
				"east": {"uv": [11.5, 10.25, 9.25, 11], "texture": "#2"},
				"south": {"uv": [12, 1.25, 9.25, 2], "texture": "#2"},
				"west": {"uv": [13, 8.75, 10.75, 9.5], "texture": "#2"},
				"up": {"uv": [2.75, 0, 0, 2.25], "texture": "#2"},
				"down": {"uv": [2.75, 4.5, 0, 2.25], "texture": "#2"}
			}
		},
		{
			"from": [2, 3, 6],
			"to": [4, 8, 11],
			"faces": {
				"north": {"uv": [2.25, 6.5, 1.75, 7.75], "texture": "#2"},
				"east": {"uv": [1.25, 8.75, 0, 10], "texture": "#2"},
				"south": {"uv": [2.75, 4.5, 2.25, 5.75], "texture": "#2"},
				"west": {"uv": [3.25, 11, 2, 12.25], "texture": "#2"},
				"up": {"uv": [1.75, 8.75, 1.25, 10], "texture": "#2"},
				"down": {"uv": [2, 12.5, 1.5, 11.25], "texture": "#2"}
			}
		},
		{
			"from": [1.5, 8, 5.5],
			"to": [4.5, 10, 11.5],
			"faces": {
				"north": {"uv": [11, 3, 10.25, 3.5], "texture": "#2"},
				"east": {"uv": [6.75, 3.5, 5.25, 4], "texture": "#2"},
				"south": {"uv": [9, 3.5, 8.25, 4], "texture": "#2"},
				"west": {"uv": [8.25, 3.5, 6.75, 4], "texture": "#2"},
				"up": {"uv": [1.5, 11.25, 0.75, 12.75], "texture": "#2"},
				"down": {"uv": [12.25, 4.5, 11.5, 3], "texture": "#2"}
			}
		},
		{
			"from": [12, 3, 6],
			"to": [14, 8, 11],
			"rotation": {"angle": 0, "axis": "y", "origin": [16, 0, 0]},
			"faces": {
				"north": {"uv": [2.5, 12.25, 2, 13.5], "texture": "#2"},
				"east": {"uv": [4.5, 11, 3.25, 12.25], "texture": "#2"},
				"south": {"uv": [9.5, 11.75, 9, 13], "texture": "#2"},
				"west": {"uv": [5.75, 11, 4.5, 12.25], "texture": "#2"},
				"up": {"uv": [12.75, 2, 12.25, 3.25], "texture": "#2"},
				"down": {"uv": [3, 13.5, 2.5, 12.25], "texture": "#2"}
			}
		},
		{
			"from": [11.5, 8, 5.5],
			"to": [14.5, 10, 11.5],
			"rotation": {"angle": 0, "axis": "y", "origin": [16, 0, 0]},
			"faces": {
				"north": {"uv": [13, 6, 12.25, 6.5], "texture": "#2"},
				"east": {"uv": [13.5, 1, 12, 1.5], "texture": "#2"},
				"south": {"uv": [13, 5.5, 12.25, 6], "texture": "#2"},
				"west": {"uv": [13.5, 1.5, 12, 2], "texture": "#2"},
				"up": {"uv": [12.25, 4.5, 11.5, 6], "texture": "#2"},
				"down": {"uv": [6.5, 13.25, 5.75, 11.75], "texture": "#2"}
			}
		},
		{
			"from": [4, 7.5, 5],
			"to": [12, 10.5, 12],
			"faces": {
				"north": {"uv": [7.75, 11, 5.75, 11.75], "texture": "#2"},
				"east": {"uv": [7.5, 8.25, 5.75, 9], "texture": "#2"},
				"south": {"uv": [12.75, 9.5, 10.75, 10.25], "texture": "#2"},
				"west": {"uv": [9.5, 11, 7.75, 11.75], "texture": "#2"},
				"up": {"uv": [3.75, 8.25, 1.75, 10], "texture": "#2"},
				"down": {"uv": [5.75, 10, 3.75, 8.25], "texture": "#2"}
			}
		},
		{
			"from": [3.5, 10.5, 5],
			"to": [12.5, 14.5, 12.5],
			"rotation": {"angle": 0, "axis": "y", "origin": [0, -2, 0]},
			"faces": {
				"north": {"uv": [12.25, 6, 10, 7], "texture": "#2"},
				"east": {"uv": [12, 7.75, 10, 8.75], "texture": "#2"},
				"south": {"uv": [4.25, 10, 2, 11], "texture": "#2"},
				"west": {"uv": [12.25, 2, 10.25, 3], "texture": "#2"},
				"up": {"uv": [5, 4, 2.75, 6], "texture": "#2"},
				"down": {"uv": [2.25, 6.5, 0, 4.5], "texture": "#2"}
			}
		},
		{
			"from": [0, 13, 5],
			"to": [16, 17, 9],
			"rotation": {"angle": -45, "axis": "x", "origin": [7.5, 14, 7]},
			"faces": {
				"north": {"uv": [9, 5, 5, 6], "texture": "#2", "tintindex": 0},
				"east": {"uv": [12.25, 0, 11.25, 1], "texture": "#2", "tintindex": 0},
				"south": {"uv": [9, 4, 5, 5], "texture": "#2", "tintindex": 0},
				"west": {"uv": [7.5, 11.75, 6.5, 12.75], "texture": "#2", "tintindex": 0},
				"up": {"uv": [9.25, 0, 5.25, 1], "texture": "#2", "tintindex": 0},
				"down": {"uv": [9.25, 2, 5.25, 1], "texture": "#2", "tintindex": 0}
			}
		},
		{
			"from": [3, 1.8, 13.8],
			"to": [13, 7.8, 13.8],
			"rotation": {"angle": 0, "axis": "y", "origin": [2.5, 3.5, 13.5]},
			"faces": {
				"north": {"uv": [10, 6, 7.5, 7.5], "texture": "#2"},
				"east": {"uv": [0, 0, 0, 1.5], "texture": "#2"},
				"south": {"uv": [7.75, 2, 5.25, 3.5], "texture": "#2"},
				"west": {"uv": [0, 0, 0, 1.5], "texture": "#2"},
				"up": {"uv": [2.5, 0, 0, 0], "texture": "#2"},
				"down": {"uv": [2.5, 0, 0, 0], "texture": "#2"}
			}
		},
		{
			"from": [3, 7.8, 10.8],
			"to": [13, 7.8, 13.8],
			"rotation": {"angle": 0, "axis": "y", "origin": [2.5, 3.5, 13.5]},
			"faces": {
				"north": {"uv": [2.5, 0, 0, 0], "texture": "#2"},
				"east": {"uv": [0.75, 0, 0, 0], "texture": "#2"},
				"south": {"uv": [2.5, 0, 0, 0], "texture": "#2"},
				"west": {"uv": [0.75, 0, 0, 0], "texture": "#2"},
				"up": {"uv": [6.75, 10.25, 4.25, 11], "texture": "#2"},
				"down": {"uv": [9.25, 11, 6.75, 10.25], "texture": "#2"}
			}
		},
		{
			"from": [3, 8.8, 12.8],
			"to": [13, 14.8, 12.8],
			"rotation": {"angle": 0, "axis": "y", "origin": [2.5, 3.5, 13.5]},
			"faces": {
				"north": {"uv": [10.25, 2, 7.75, 3.5], "texture": "#2"},
				"east": {"uv": [0, 0, 0, 1.5], "texture": "#2"},
				"south": {"uv": [10, 7.5, 7.5, 9], "texture": "#2"},
				"west": {"uv": [0, 0, 0, 1.5], "texture": "#2"},
				"up": {"uv": [2.5, 0, 0, 0], "texture": "#2"},
				"down": {"uv": [2.5, 0, 0, 0], "texture": "#2"}
			}
		},
		{
			"from": [3, 14.8, 7.8],
			"to": [13, 14.8, 12.8],
			"rotation": {"angle": 0, "axis": "y", "origin": [2.5, 3.5, 13.5]},
			"faces": {
				"north": {"uv": [2.5, 0, 0, 0], "texture": "#2"},
				"east": {"uv": [1.25, 0, 0, 0], "texture": "#2"},
				"south": {"uv": [2.5, 0, 0, 0], "texture": "#2"},
				"west": {"uv": [1.25, 0, 0, 0], "texture": "#2"},
				"up": {"uv": [8.25, 9, 5.75, 10.25], "texture": "#2"},
				"down": {"uv": [10.75, 10.25, 8.25, 9], "texture": "#2"}
			}
		},
		{
			"from": [1.2, 1.3, 5],
			"to": [1.2, 10.3, 12],
			"rotation": {"angle": 0, "axis": "y", "origin": [1.5, 7, 11.5]},
			"faces": {
				"north": {"uv": [0, 0, 0, 2.25], "texture": "#2"},
				"east": {"uv": [4, 6, 2.25, 8.25], "texture": "#2"},
				"south": {"uv": [0, 0, 0, 2.25], "texture": "#2"},
				"west": {"uv": [5.75, 6, 4, 8.25], "texture": "#2"},
				"up": {"uv": [0, 0, 0, 1.75], "texture": "#2"},
				"down": {"uv": [0, 1.75, 0, 0], "texture": "#2"}
			}
		},
		{
			"from": [1.2, 10.3, 5],
			"to": [4.2, 10.3, 12],
			"rotation": {"angle": 0, "axis": "y", "origin": [1.5, 7, 11.5]},
			"faces": {
				"north": {"uv": [0.75, 0, 0, 0], "texture": "#2"},
				"east": {"uv": [1.75, 0, 0, 0], "texture": "#2"},
				"south": {"uv": [0.75, 0, 0, 0], "texture": "#2"},
				"west": {"uv": [1.75, 0, 0, 0], "texture": "#2"},
				"up": {"uv": [10.25, 11, 9.5, 12.75], "texture": "#2"},
				"down": {"uv": [11, 12.75, 10.25, 11], "texture": "#2"}
			}
		},
		{
			"from": [14.8, 1.3, 5],
			"to": [14.8, 10.3, 12],
			"rotation": {"angle": 0, "axis": "y", "origin": [14.5, 7, 11.5]},
			"faces": {
				"north": {"uv": [0, 0, 0, 2.25], "texture": "#2"},
				"east": {"uv": [4, 6, 5.75, 8.25], "texture": "#2"},
				"south": {"uv": [0, 0, 0, 2.25], "texture": "#2"},
				"west": {"uv": [2.25, 6, 4, 8.25], "texture": "#2"},
				"up": {"uv": [0, 0, 0, 1.75], "texture": "#2"},
				"down": {"uv": [0, 1.75, 0, 0], "texture": "#2"}
			}
		},
		{
			"from": [11.8, 10.3, 5],
			"to": [14.8, 10.3, 12],
			"rotation": {"angle": 0, "axis": "y", "origin": [14.5, 7, 11.5]},
			"faces": {
				"north": {"uv": [0, 0, 0.75, 0], "texture": "#2"},
				"east": {"uv": [0, 0, 1.75, 0], "texture": "#2"},
				"south": {"uv": [0, 0, 0.75, 0], "texture": "#2"},
				"west": {"uv": [0, 0, 1.75, 0], "texture": "#2"},
				"up": {"uv": [9.5, 11, 10.25, 12.75], "texture": "#2"},
				"down": {"uv": [10.25, 12.75, 11, 11], "texture": "#2"}
			}
		},
		{
			"from": [1.2, 1.3, 5],
			"to": [1.2, 10.3, 12],
			"rotation": {"angle": 0, "axis": "y", "origin": [1.5, 7, 11.5]},
			"faces": {
				"north": {"uv": [0, 0, 0, 2.25], "texture": "#2"},
				"east": {"uv": [7.5, 6, 5.75, 8.25], "texture": "#2"},
				"south": {"uv": [0, 0, 0, 2.25], "texture": "#2"},
				"west": {"uv": [1.75, 6.5, 0, 8.75], "texture": "#2"},
				"up": {"uv": [0, 0, 0, 1.75], "texture": "#2"},
				"down": {"uv": [0, 1.75, 0, 0], "texture": "#2"}
			}
		},
		{
			"from": [1.2, 10.3, 5],
			"to": [4.2, 10.3, 12],
			"rotation": {"angle": 0, "axis": "y", "origin": [1.5, 7, 11.5]},
			"faces": {
				"north": {"uv": [0.75, 0, 0, 0], "texture": "#2"},
				"east": {"uv": [1.75, 0, 0, 0], "texture": "#2"},
				"south": {"uv": [0.75, 0, 0, 0], "texture": "#2"},
				"west": {"uv": [1.75, 0, 0, 0], "texture": "#2"},
				"up": {"uv": [11.75, 11, 11, 12.75], "texture": "#2"},
				"down": {"uv": [0.75, 13, 0, 11.25], "texture": "#2"}
			}
		},
		{
			"from": [6.6, 14, 8],
			"to": [9.6, 17, 11],
			"rotation": {"angle": 0, "axis": "y", "origin": [0.6, 0, 16]},
			"faces": {
				"north": {"uv": [4.5, 12.25, 3.75, 13], "texture": "#2"},
				"east": {"uv": [13, 3.25, 12.25, 4], "texture": "#2"},
				"south": {"uv": [3.75, 12.25, 3, 13], "texture": "#2"},
				"west": {"uv": [13, 4, 12.25, 4.75], "texture": "#2"},
				"up": {"uv": [5.25, 12.25, 4.5, 13], "texture": "#2"},
				"down": {"uv": [13, 5.5, 12.25, 4.75], "texture": "#2"}
			}
		},
		{
			"from": [9.81421, 12.79289, 8.1],
			"to": [10.81421, 17.79289, 11.1],
			"rotation": {"angle": 45, "axis": "z", "origin": [10.81421, 16.29289, 9]},
			"faces": {
				"north": {"uv": [5.75, 12.25, 5.5, 13.5], "texture": "#2"},
				"east": {"uv": [8.25, 11.75, 7.5, 13], "texture": "#2"},
				"south": {"uv": [5.5, 12.25, 5.25, 13.5], "texture": "#2"},
				"west": {"uv": [9, 11.75, 8.25, 13], "texture": "#2"},
				"up": {"uv": [11.75, 10.25, 11.5, 11], "texture": "#2"},
				"down": {"uv": [12.75, 12.75, 12.5, 12], "texture": "#2"}
			}
		},
		{
			"from": [5.18579, 12.79289, 8.1],
			"to": [6.18579, 17.79289, 11.1],
			"rotation": {"angle": -45, "axis": "z", "origin": [5.18579, 16.29289, 9]},
			"faces": {
				"north": {"uv": [2, 12.5, 1.75, 13.75], "texture": "#2"},
				"east": {"uv": [12.5, 10.25, 11.75, 11.5], "texture": "#2"},
				"south": {"uv": [1.75, 12.5, 1.5, 13.75], "texture": "#2"},
				"west": {"uv": [12.5, 11.5, 11.75, 12.75], "texture": "#2"},
				"up": {"uv": [1, 12.75, 0.75, 13.5], "texture": "#2"},
				"down": {"uv": [1.25, 13.5, 1, 12.75], "texture": "#2"}
			}
		},
		{
			"from": [6.5, 17.20711, 5.08579],
			"to": [9.7, 18.20711, 9.08579],
			"rotation": {"angle": 45, "axis": "x", "origin": [8.1, 17.70711, 6.58579]},
			"faces": {
				"north": {"uv": [12, 1, 11.25, 1.25], "texture": "#2"},
				"east": {"uv": [5.25, 10, 4.25, 10.25], "texture": "#2"},
				"south": {"uv": [10.75, 8.75, 10, 9], "texture": "#2"},
				"west": {"uv": [13.5, 11.75, 12.5, 12], "texture": "#2"},
				"up": {"uv": [12.75, 7.75, 12, 8.75], "texture": "#2"},
				"down": {"uv": [13, 1, 12.25, 0], "texture": "#2"}
			}
		},
		{
			"from": [7.1, 16.5, 10.5],
			"to": [9.1, 18.5, 12.5],
			"rotation": {"angle": 22.5, "axis": "x", "origin": [8.1, 18, 11]},
			"faces": {
				"north": {"uv": [12.75, 6.5, 12.25, 7], "texture": "#2"},
				"east": {"uv": [11.5, 3, 11, 3.5], "texture": "#2"},
				"south": {"uv": [2.25, 7.75, 1.75, 8.25], "texture": "#2"},
				"west": {"uv": [13, 10.25, 12.5, 10.75], "texture": "#2"},
				"up": {"uv": [13, 10.75, 12.5, 11.25], "texture": "#2"},
				"down": {"uv": [13, 11.75, 12.5, 11.25], "texture": "#2"}
			}
		},
		{
			"from": [7, 17, 11],
			"to": [7, 18, 12],
			"rotation": {"angle": 22.5, "axis": "x", "origin": [8.1, 18, 11]},
			"faces": {
				"north": {"uv": [0, 0, 0, 0.25], "texture": "#2"},
				"east": {"uv": [13, 2.25, 12.75, 2.5], "texture": "#2"},
				"south": {"uv": [0, 0, 0, 0.25], "texture": "#2"},
				"west": {"uv": [13, 2.5, 12.75, 2.75], "texture": "#2"},
				"up": {"uv": [0, 0, 0, 0.25], "texture": "#2"},
				"down": {"uv": [0, 0.25, 0, 0], "texture": "#2"}
			}
		},
		{
			"from": [9.2, 17, 11],
			"to": [9.2, 18, 12],
			"rotation": {"angle": 22.5, "axis": "x", "origin": [9.1, 18, 11]},
			"faces": {
				"north": {"uv": [0, 0, 0, 0.25], "texture": "#2"},
				"east": {"uv": [13, 2.75, 12.75, 3], "texture": "#2"},
				"south": {"uv": [0, 0, 0, 0.25], "texture": "#2"},
				"west": {"uv": [13, 3, 12.75, 3.25], "texture": "#2"},
				"up": {"uv": [0, 0, 0, 0.25], "texture": "#2"},
				"down": {"uv": [0, 0.25, 0, 0], "texture": "#2"}
			}
		},
		{
			"from": [7.6, 16.5, 12.5],
			"to": [8.6, 17.5, 13.5],
			"rotation": {"angle": 22.5, "axis": "x", "origin": [8.1, 18, 11]},
			"faces": {
				"north": {"uv": [5.5, 10, 5.25, 10.25], "texture": "#2"},
				"east": {"uv": [2.75, 5.75, 2.5, 6], "texture": "#2"},
				"south": {"uv": [2.5, 5.75, 2.25, 6], "texture": "#2"},
				"west": {"uv": [5.75, 10, 5.5, 10.25], "texture": "#2"},
				"up": {"uv": [1.5, 12.75, 1.25, 13], "texture": "#2"},
				"down": {"uv": [13, 2.25, 12.75, 2], "texture": "#2"}
			}
		}
	],
	"display": {
		"thirdperson_righthand": {
			"rotation": [75, 45, 0],
			"translation": [0, 2.5, 0],
			"scale": [0.375, 0.375, 0.375]
		},
		"thirdperson_lefthand": {
			"rotation": [75, 45, 0],
			"translation": [0, 2.5, 0],
			"scale": [0.375, 0.375, 0.375]
		},
		"firstperson_righthand": {
			"rotation": [0, 45, 0],
			"scale": [0.4, 0.4, 0.4]
		},
		"firstperson_lefthand": {
			"rotation": [0, 225, 0],
			"scale": [0.4, 0.4, 0.4]
		},
		"ground": {
			"translation": [0, 3, 0],
			"scale": [0.25, 0.25, 0.25]
		},
		"gui": {
			"rotation": [11.65, 54.93, -3.22],
			"scale": [0.625, 0.625, 0.625]
		},
		"head": {
			"translation": [0, -45.5, 8],
			"scale": [1.61, 1.61, 1.61]
		},
		"fixed": {
			"scale": [0.5, 0.5, 0.5]
		}
	}
}