{
	"credit": "Made by Manning Design",
	"texture_size": [128, 128],
	"textures": {
		"0": "cosmetics:item/backpack/bs_rainbow_arch_texture",
		"particle": "cosmetics:item/backpack/bs_rainbow_arch_texture"
	},
	"elements": [
		{
			"from": [-16, -16, 8],
			"to": [32, 32, 8],
			"faces": {
				"north": {"uv": [0, 0, 6, 6], "texture": "#0"},
				"east": {"uv": [0, 0, 0, 6], "texture": "#0"},
				"south": {"uv": [6, 0, 0, 6], "texture": "#0"},
				"west": {"uv": [0, 0, 0, 6], "texture": "#0"},
				"up": {"uv": [6, 0, 0, 0], "texture": "#0"},
				"down": {"uv": [6, 0, 0, 0], "texture": "#0"}
			}
		}
	],
	"gui_light": "front",
	"display": {
		"thirdperson_righthand": {
			"rotation": [48, 0, 0],
			"translation": [0.25, -0.5, 0],
			"scale": [0.16, 0.16, 0.16]
		},
		"thirdperson_lefthand": {
			"rotation": [48, 0, 0],
			"translation": [0.25, -0.5, 0],
			"scale": [0.16, 0.16, 0.16]
		},
		"firstperson_righthand": {
			"rotation": [0, -42, 0],
			"translation": [0, 3.25, 0],
			"scale": [0.18, 0.18, 0.18]
		},
		"firstperson_lefthand": {
			"rotation": [0, -42, 0],
			"translation": [0, 3.5, 0],
			"scale": [0.2, 0.2, 0.2]
		},
		"ground": {
			"rotation": [90, 0, 0],
			"translation": [0, 3.75, 0],
			"scale": [0.21, 0.21, 0.21]
		},
		"gui": {
			"rotation": [26, -45, 0],
			"translation": [-0.25, 0.5, 0],
			"scale": [0.24, 0.24, 0.24]
		},
		"head": {
			"translation": [0, -40, 8.75],
			"scale": [1.47, 1.54, 1.41]
		},
		"fixed": {
			"rotation": [-90, 180, 0],
			"translation": [0, 0, -48],
			"scale": [2.01, 2.01, 2.01]
		}
	}
}