{
	"credit": "Made with Blockbench",
	"texture_size": [64, 64],
	"textures": {
		"1": "cosmetics:item/backpack/messy_alchemy_backpack"
	},
	"elements": [
		{
			"from": [3, 2, 4],
			"to": [13, 12, 9],
			"faces": {
				"north": {"uv": [0, 0, 2.5, 2.5], "texture": "#1"},
				"east": {"uv": [0, 5, 1.25, 7.5], "texture": "#1"},
				"south": {"uv": [0, 2.5, 2.5, 5], "texture": "#1"},
				"west": {"uv": [1.25, 5, 2.5, 7.5], "texture": "#1"},
				"up": {"uv": [5, 6.25, 2.5, 5], "texture": "#1"},
				"down": {"uv": [7.5, 5, 5, 6.25], "texture": "#1"}
			}
		},
		{
			"from": [1, 10, 6],
			"to": [6, 15, 11],
			"faces": {
				"north": {"uv": [6, 7.75, 7.25, 9], "texture": "#1"},
				"east": {"uv": [7.25, 7.75, 8.5, 9], "texture": "#1"},
				"south": {"uv": [8.5, 6, 9.75, 7.25], "texture": "#1"},
				"west": {"uv": [8.5, 7.25, 9.75, 8.5], "texture": "#1"},
				"up": {"uv": [9.75, 9.75, 8.5, 8.5], "texture": "#1"},
				"down": {"uv": [1.25, 9, 0, 10.25], "texture": "#1"}
			}
		},
		{
			"from": [10, 10, 6],
			"to": [15, 15, 11],
			"rotation": {"angle": 0, "axis": "y", "origin": [16, 0, 0]},
			"faces": {
				"north": {"uv": [9, 1.5, 10.25, 2.75], "texture": "#1"},
				"east": {"uv": [9, 2.75, 10.25, 4], "texture": "#1"},
				"south": {"uv": [3.5, 9, 4.75, 10.25], "texture": "#1"},
				"west": {"uv": [9, 4, 10.25, 5.25], "texture": "#1"},
				"up": {"uv": [6, 10.25, 4.75, 9], "texture": "#1"},
				"down": {"uv": [7.25, 9, 6, 10.25], "texture": "#1"}
			}
		},
		{
			"from": [3.5, 15, 4.5],
			"to": [3.5, 21, 12.5],
			"rotation": {"angle": 45, "axis": "y", "origin": [3.5, 18, 8.5]},
			"faces": {
				"north": {"uv": [0, 0, 0, 1.5], "texture": "#1"},
				"east": {"uv": [5.5, 0, 7.5, 1.5], "texture": "#1"},
				"south": {"uv": [0, 0, 0, 1.5], "texture": "#1"},
				"west": {"uv": [5.5, 1.5, 7.5, 3], "texture": "#1"},
				"up": {"uv": [0, 2, 0, 0], "texture": "#1"},
				"down": {"uv": [0, 0, 0, 2], "texture": "#1"}
			}
		},
		{
			"from": [3.5, 15, 4.5],
			"to": [3.5, 21, 12.5],
			"rotation": {"angle": -45, "axis": "y", "origin": [3.5, 18, 8.5]},
			"faces": {
				"north": {"uv": [0, 0, 0, 1.5], "texture": "#1"},
				"east": {"uv": [5.5, 3, 7.5, 4.5], "texture": "#1"},
				"south": {"uv": [0, 0, 0, 1.5], "texture": "#1"},
				"west": {"uv": [2.5, 6.25, 4.5, 7.75], "texture": "#1"},
				"up": {"uv": [0, 2, 0, 0], "texture": "#1"},
				"down": {"uv": [0, 0, 0, 2], "texture": "#1"}
			}
		},
		{
			"from": [2.5, 15, 7.5],
			"to": [4.5, 21, 9.5],
			"faces": {
				"north": {"uv": [9.75, 8.25, 10.25, 9.75], "texture": "#1"},
				"east": {"uv": [8.75, 9.75, 9.25, 11.25], "texture": "#1"},
				"south": {"uv": [9.25, 9.75, 9.75, 11.25], "texture": "#1"},
				"west": {"uv": [9.75, 9.75, 10.25, 11.25], "texture": "#1"},
				"up": {"uv": [6, 5, 5.5, 4.5], "texture": "#1"},
				"down": {"uv": [6.5, 4.5, 6, 5], "texture": "#1"}
			}
		},
		{
			"from": [2, 21, 7],
			"to": [5, 24, 10],
			"faces": {
				"north": {"uv": [9, 5.25, 9.75, 6], "texture": "#1"},
				"east": {"uv": [10.25, 3, 11, 3.75], "texture": "#1"},
				"south": {"uv": [3.5, 10.25, 4.25, 11], "texture": "#1"},
				"west": {"uv": [10.25, 3.75, 11, 4.5], "texture": "#1"},
				"up": {"uv": [5, 11, 4.25, 10.25], "texture": "#1"},
				"down": {"uv": [11, 4.5, 10.25, 5.25], "texture": "#1"}
			}
		},
		{
			"from": [11, 21, 7],
			"to": [14, 24, 10],
			"rotation": {"angle": 0, "axis": "y", "origin": [16, 0, 0]},
			"faces": {
				"north": {"uv": [5, 10.25, 5.75, 11], "texture": "#1"},
				"east": {"uv": [5.75, 10.25, 6.5, 11], "texture": "#1"},
				"south": {"uv": [6.5, 10.25, 7.25, 11], "texture": "#1"},
				"west": {"uv": [10.25, 8.25, 11, 9], "texture": "#1"},
				"up": {"uv": [11, 9.75, 10.25, 9], "texture": "#1"},
				"down": {"uv": [11, 9.75, 10.25, 10.5], "texture": "#1"}
			}
		},
		{
			"from": [11.5, 15, 7.5],
			"to": [13.5, 21, 9.5],
			"rotation": {"angle": 0, "axis": "y", "origin": [16, 0, 0]},
			"faces": {
				"north": {"uv": [0, 10.25, 0.5, 11.75], "texture": "#1"},
				"east": {"uv": [10.25, 0, 10.75, 1.5], "texture": "#1"},
				"south": {"uv": [0.5, 10.25, 1, 11.75], "texture": "#1"},
				"west": {"uv": [10.25, 1.5, 10.75, 3], "texture": "#1"},
				"up": {"uv": [7, 5, 6.5, 4.5], "texture": "#1"},
				"down": {"uv": [7.5, 4.5, 7, 5], "texture": "#1"}
			}
		},
		{
			"from": [12.5, 15, 4.5],
			"to": [12.5, 21, 12.5],
			"rotation": {"angle": -45, "axis": "y", "origin": [12.5, 18, 8.5]},
			"faces": {
				"north": {"uv": [0, 0, 0, 1.5], "texture": "#1"},
				"east": {"uv": [0, 7.5, 2, 9], "texture": "#1"},
				"south": {"uv": [0, 0, 0, 1.5], "texture": "#1"},
				"west": {"uv": [7.5, 0, 9.5, 1.5], "texture": "#1"},
				"up": {"uv": [0, 2, 0, 0], "texture": "#1"},
				"down": {"uv": [0, 0, 0, 2], "texture": "#1"}
			}
		},
		{
			"from": [12.5, 15, 4.5],
			"to": [12.5, 21, 12.5],
			"rotation": {"angle": 45, "axis": "y", "origin": [12.5, 18, 8.5]},
			"faces": {
				"north": {"uv": [0, 0, 0, 1.5], "texture": "#1"},
				"east": {"uv": [4.5, 6.25, 6.5, 7.75], "texture": "#1"},
				"south": {"uv": [0, 0, 0, 1.5], "texture": "#1"},
				"west": {"uv": [6.5, 6.25, 8.5, 7.75], "texture": "#1"},
				"up": {"uv": [0, 2, 0, 0], "texture": "#1"},
				"down": {"uv": [0, 0, 0, 2], "texture": "#1"}
			}
		},
		{
			"from": [2, -1, 4],
			"to": [14, 4, 9],
			"rotation": {"angle": 45, "axis": "x", "origin": [8, 1, 7]},
			"faces": {
				"north": {"uv": [2.5, 0, 5.5, 1.25], "texture": "#1", "tintindex": 0},
				"east": {"uv": [3.5, 7.75, 4.75, 9], "texture": "#1"},
				"south": {"uv": [2.5, 1.25, 5.5, 2.5], "texture": "#1", "tintindex": 0},
				"west": {"uv": [4.75, 7.75, 6, 9], "texture": "#1"},
				"up": {"uv": [5.5, 3.75, 2.5, 2.5], "texture": "#1", "tintindex": 0},
				"down": {"uv": [5.5, 3.75, 2.5, 5], "texture": "#1", "tintindex": 0}
			}
		},
		{
			"from": [-1, -1.5, 3.5],
			"to": [2, 4.5, 9.5],
			"rotation": {"angle": 45, "axis": "x", "origin": [8, 1, 7]},
			"faces": {
				"north": {"uv": [1.25, 9, 2, 10.5], "texture": "#1"},
				"east": {"uv": [7.5, 1.5, 9, 3], "texture": "#1"},
				"south": {"uv": [7.25, 9, 8, 10.5], "texture": "#1"},
				"west": {"uv": [7.5, 3, 9, 4.5], "texture": "#1"},
				"up": {"uv": [2.75, 10.75, 2, 9.25], "texture": "#1"},
				"down": {"uv": [3.5, 9.25, 2.75, 10.75], "texture": "#1"}
			}
		},
		{
			"from": [14, -1.5, 3.5],
			"to": [17, 4.5, 9.5],
			"rotation": {"angle": 45, "axis": "x", "origin": [8, 1, 7]},
			"faces": {
				"north": {"uv": [9.5, 0, 10.25, 1.5], "texture": "#1"},
				"east": {"uv": [7.5, 4.5, 9, 6], "texture": "#1"},
				"south": {"uv": [9.75, 5.25, 10.5, 6.75], "texture": "#1"},
				"west": {"uv": [2, 7.75, 3.5, 9.25], "texture": "#1"},
				"up": {"uv": [10.5, 8.25, 9.75, 6.75], "texture": "#1"},
				"down": {"uv": [8.75, 9.75, 8, 11.25], "texture": "#1"}
			}
		}
	],
	"display": {
		"thirdperson_righthand": {
			"rotation": [75, 45, 0],
			"translation": [0, 2.5, 0],
			"scale": [0.375, 0.375, 0.375]
		},
		"thirdperson_lefthand": {
			"rotation": [75, 45, 0],
			"translation": [0, 2.5, 0],
			"scale": [0.375, 0.375, 0.375]
		},
		"firstperson_righthand": {
			"rotation": [0, 45, 0],
			"scale": [0.4, 0.4, 0.4]
		},
		"firstperson_lefthand": {
			"rotation": [0, 225, 0],
			"scale": [0.4, 0.4, 0.4]
		},
		"ground": {
			"translation": [0, 3, 0],
			"scale": [0.25, 0.25, 0.25]
		},
		"gui": {
			"rotation": [30, 225, 0],
			"scale": [0.4, 0.4, 0.4]
		},
		"head": {
			"translation": [0, -45.5, 9.5],
			"scale": [1.61, 1.61, 1.61]
		},
		"fixed": {
			"scale": [0.5, 0.5, 0.5]
		}
	}
}