{
	"credit": "Made with Blockbench",
	"texture_size": [64, 64],
	"textures": {
		"1": "cosmetics:item/backpack/neo_nurse_backpack"
	},
	"elements": [
		{
			"from": [12, 3, 5],
			"to": [16, 8, 9],
			"rotation": {"angle": 22.5, "axis": "x", "origin": [14, 5.5, 7.5]},
			"faces": {
				"north": {"uv": [1.5, 3.25, 2.5, 4.5], "texture": "#1"},
				"east": {"uv": [3.5, 1.75, 4.5, 3], "texture": "#1"},
				"south": {"uv": [3.5, 3, 4.5, 4.25], "texture": "#1"},
				"west": {"uv": [0, 4, 1, 5.25], "texture": "#1"},
				"up": {"uv": [6.5, 6, 5.5, 5], "texture": "#1"},
				"down": {"uv": [2.5, 5.75, 1.5, 6.75], "texture": "#1"}
			}
		},
		{
			"from": [4, 4, 5.5],
			"to": [12, 7, 8.5],
			"rotation": {"angle": 22.5, "axis": "x", "origin": [14, 5.5, 7.5]},
			"faces": {
				"north": {"uv": [1, 1, 3, 1.75], "texture": "#1"},
				"east": {"uv": [5, 0, 5.75, 0.75], "texture": "#1"},
				"south": {"uv": [1, 1.75, 3, 2.5], "texture": "#1"},
				"west": {"uv": [3, 7, 3.75, 7.75], "texture": "#1"},
				"up": {"uv": [3, 3.25, 1, 2.5], "texture": "#1"},
				"down": {"uv": [5, 0, 3, 0.75], "texture": "#1"}
			}
		},
		{
			"from": [13, 9, 8],
			"to": [15, 11, 20],
			"rotation": {"angle": -45, "axis": "x", "origin": [11, 7, 11]},
			"faces": {
				"north": {"uv": [3.75, 7, 4.25, 7.5], "texture": "#1"},
				"east": {"uv": [0, 0, 3, 0.5], "texture": "#1"},
				"south": {"uv": [7, 4, 7.5, 4.5], "texture": "#1"},
				"west": {"uv": [0, 0.5, 3, 1], "texture": "#1"},
				"up": {"uv": [0.5, 4, 0, 1], "texture": "#1"},
				"down": {"uv": [1, 1, 0.5, 4], "texture": "#1"}
			}
		},
		{
			"from": [13, 11, 18],
			"to": [15, 20, 20],
			"rotation": {"angle": -45, "axis": "x", "origin": [11, 7, 11]},
			"faces": {
				"north": {"uv": [2.5, 3.25, 3, 5.5], "texture": "#1"},
				"east": {"uv": [4.5, 4.25, 5, 6.5], "texture": "#1"},
				"south": {"uv": [3, 4.75, 3.5, 7], "texture": "#1"},
				"west": {"uv": [5, 4.25, 5.5, 6.5], "texture": "#1"},
				"up": {"uv": [4.75, 7.5, 4.25, 7], "texture": "#1"},
				"down": {"uv": [7.5, 4.5, 7, 5], "texture": "#1"}
			}
		},
		{
			"from": [13, 18, 13],
			"to": [15, 20, 18],
			"rotation": {"angle": -45, "axis": "x", "origin": [11, 7, 11]},
			"faces": {
				"north": {"uv": [4.75, 7, 5.25, 7.5], "texture": "#1"},
				"east": {"uv": [5.5, 6, 6.75, 6.5], "texture": "#1"},
				"south": {"uv": [5.25, 7, 5.75, 7.5], "texture": "#1"},
				"west": {"uv": [3.5, 6.5, 4.75, 7], "texture": "#1"},
				"up": {"uv": [1.5, 7.5, 1, 6.25], "texture": "#1"},
				"down": {"uv": [7, 4, 6.5, 5.25], "texture": "#1"}
			}
		},
		{
			"from": [13, 18, 6],
			"to": [15, 20, 11],
			"rotation": {"angle": -45, "axis": "x", "origin": [11, 7, 11]},
			"faces": {
				"north": {"uv": [7.25, 6.5, 7.75, 7], "texture": "#1"},
				"east": {"uv": [4.75, 6.5, 6, 7], "texture": "#1"},
				"south": {"uv": [7, 7.25, 7.5, 7.75], "texture": "#1"},
				"west": {"uv": [6.5, 5.25, 7.75, 5.75], "texture": "#1"},
				"up": {"uv": [6.5, 7.75, 6, 6.5], "texture": "#1"},
				"down": {"uv": [7, 6.5, 6.5, 7.75], "texture": "#1"}
			}
		},
		{
			"from": [12, 17, 12],
			"to": [16, 21, 13],
			"rotation": {"angle": -45, "axis": "x", "origin": [11, 7, 11]},
			"faces": {
				"north": {"uv": [3.5, 5.5, 4.5, 6.5], "texture": "#1"},
				"east": {"uv": [5.75, 7, 6, 8], "texture": "#1"},
				"south": {"uv": [5.5, 4, 6.5, 5], "texture": "#1"},
				"west": {"uv": [7, 6.25, 7.25, 7.25], "texture": "#1"},
				"up": {"uv": [8, 5.25, 7, 5], "texture": "#1"},
				"down": {"uv": [8.25, 6.25, 7.25, 6.5], "texture": "#1"}
			}
		},
		{
			"from": [13.5, 18.5, 11],
			"to": [14.5, 19.5, 12],
			"rotation": {"angle": -45, "axis": "x", "origin": [11, 7, 11]},
			"faces": {
				"north": {"uv": [5.75, 0, 6, 0.25], "texture": "#1"},
				"east": {"uv": [5.75, 0.25, 6, 0.5], "texture": "#1"},
				"south": {"uv": [5.75, 0.5, 6, 0.75], "texture": "#1"},
				"west": {"uv": [6.5, 5.75, 6.75, 6], "texture": "#1"},
				"up": {"uv": [7, 6.5, 6.75, 6.25], "texture": "#1"},
				"down": {"uv": [7.75, 4.75, 7.5, 5], "texture": "#1"}
			}
		},
		{
			"from": [13.5, 18.5, 2],
			"to": [14.5, 19.5, 6],
			"rotation": {"angle": -45, "axis": "x", "origin": [11, 7, 11]},
			"faces": {
				"north": {"uv": [3, 7.75, 3.25, 8], "texture": "#1"},
				"east": {"uv": [7.25, 7, 8.25, 7.25], "texture": "#1"},
				"south": {"uv": [7.75, 3, 8, 3.25], "texture": "#1"},
				"west": {"uv": [0, 7.5, 1, 7.75], "texture": "#1"},
				"up": {"uv": [1.25, 8.5, 1, 7.5], "texture": "#1"},
				"down": {"uv": [1.5, 7.5, 1.25, 8.5], "texture": "#1"}
			}
		},
		{
			"from": [1, 9, 8],
			"to": [3, 11, 20],
			"rotation": {"angle": -45, "axis": "x", "origin": [5, 7, 11]},
			"faces": {
				"north": {"uv": [2.5, 7.75, 3, 8.25], "texture": "#1"},
				"east": {"uv": [3, 0.75, 6, 1.25], "texture": "#1"},
				"south": {"uv": [7.75, 2.5, 8.25, 3], "texture": "#1"},
				"west": {"uv": [3, 1.25, 6, 1.75], "texture": "#1"},
				"up": {"uv": [3.5, 4.75, 3, 1.75], "texture": "#1"},
				"down": {"uv": [1.5, 3.25, 1, 6.25], "texture": "#1"}
			}
		},
		{
			"from": [1, 11, 18],
			"to": [3, 20, 20],
			"rotation": {"angle": -45, "axis": "x", "origin": [5, 7, 11]},
			"faces": {
				"north": {"uv": [0, 5.25, 0.5, 7.5], "texture": "#1"},
				"east": {"uv": [0.5, 5.25, 1, 7.5], "texture": "#1"},
				"south": {"uv": [5.5, 1.75, 6, 4], "texture": "#1"},
				"west": {"uv": [2.5, 5.5, 3, 7.75], "texture": "#1"},
				"up": {"uv": [1, 8.25, 0.5, 7.75], "texture": "#1"},
				"down": {"uv": [8.25, 2, 7.75, 2.5], "texture": "#1"}
			}
		},
		{
			"from": [1, 18, 13],
			"to": [3, 20, 18],
			"rotation": {"angle": -45, "axis": "x", "origin": [5, 7, 11]},
			"faces": {
				"north": {"uv": [7.5, 7.25, 8, 7.75], "texture": "#1"},
				"east": {"uv": [7, 0.5, 8.25, 1], "texture": "#1"},
				"south": {"uv": [0, 7.75, 0.5, 8.25], "texture": "#1"},
				"west": {"uv": [7, 1, 8.25, 1.5], "texture": "#1"},
				"up": {"uv": [7.5, 2.75, 7, 1.5], "texture": "#1"},
				"down": {"uv": [7.5, 2.75, 7, 4], "texture": "#1"}
			}
		},
		{
			"from": [0, 17, 12],
			"to": [4, 21, 13],
			"rotation": {"angle": -45, "axis": "x", "origin": [5, 7, 11]},
			"faces": {
				"north": {"uv": [6, 2, 7, 3], "texture": "#1"},
				"east": {"uv": [4.25, 7.5, 4.5, 8.5], "texture": "#1"},
				"south": {"uv": [6, 3, 7, 4], "texture": "#1"},
				"west": {"uv": [4.5, 7.5, 4.75, 8.5], "texture": "#1"},
				"up": {"uv": [8.5, 4.75, 7.5, 4.5], "texture": "#1"},
				"down": {"uv": [5.75, 7.5, 4.75, 7.75], "texture": "#1"}
			}
		},
		{
			"from": [1.5, 18.5, 11],
			"to": [2.5, 19.5, 12],
			"rotation": {"angle": -45, "axis": "x", "origin": [5, 7, 11]},
			"faces": {
				"north": {"uv": [3.5, 7.75, 3.75, 8], "texture": "#1"},
				"east": {"uv": [7.75, 3.5, 8, 3.75], "texture": "#1"},
				"south": {"uv": [7.75, 3.75, 8, 4], "texture": "#1"},
				"west": {"uv": [4.75, 7.75, 5, 8], "texture": "#1"},
				"up": {"uv": [8, 5, 7.75, 4.75], "texture": "#1"},
				"down": {"uv": [5.25, 7.75, 5, 8], "texture": "#1"}
			}
		},
		{
			"from": [1, 18, 6],
			"to": [3, 20, 11],
			"rotation": {"angle": -45, "axis": "x", "origin": [5, 7, 11]},
			"faces": {
				"north": {"uv": [3.75, 7.5, 4.25, 8], "texture": "#1"},
				"east": {"uv": [6.75, 5.75, 8, 6.25], "texture": "#1"},
				"south": {"uv": [7.5, 4, 8, 4.5], "texture": "#1"},
				"west": {"uv": [7, 0, 8.25, 0.5], "texture": "#1"},
				"up": {"uv": [2, 8, 1.5, 6.75], "texture": "#1"},
				"down": {"uv": [2.5, 6.75, 2, 8], "texture": "#1"}
			}
		},
		{
			"from": [1.5, 18.5, 2],
			"to": [2.5, 19.5, 6],
			"rotation": {"angle": -45, "axis": "x", "origin": [5, 7, 11]},
			"faces": {
				"north": {"uv": [3.25, 7.75, 3.5, 8], "texture": "#1"},
				"east": {"uv": [7.5, 1.5, 8.5, 1.75], "texture": "#1"},
				"south": {"uv": [7.75, 3.25, 8, 3.5], "texture": "#1"},
				"west": {"uv": [7.5, 1.75, 8.5, 2], "texture": "#1"},
				"up": {"uv": [7.75, 3, 7.5, 2], "texture": "#1"},
				"down": {"uv": [7.75, 3, 7.5, 4], "texture": "#1"}
			}
		},
		{
			"from": [0, 3, 5],
			"to": [4, 8, 9],
			"rotation": {"angle": 22.5, "axis": "x", "origin": [2, 5.5, 7.5]},
			"faces": {
				"north": {"uv": [3.5, 4.25, 4.5, 5.5], "texture": "#1"},
				"east": {"uv": [1.5, 4.5, 2.5, 5.75], "texture": "#1"},
				"south": {"uv": [4.5, 1.75, 5.5, 3], "texture": "#1"},
				"west": {"uv": [4.5, 3, 5.5, 4.25], "texture": "#1"},
				"up": {"uv": [7, 1, 6, 0], "texture": "#1"},
				"down": {"uv": [7, 1, 6, 2], "texture": "#1"}
			}
		}
	],
	"display": {
		"thirdperson_righthand": {
			"rotation": [75, 45, 0],
			"translation": [0, 2.5, 0],
			"scale": [0.375, 0.375, 0.375]
		},
		"thirdperson_lefthand": {
			"rotation": [75, 45, 0],
			"translation": [0, 2.5, 0],
			"scale": [0.375, 0.375, 0.375]
		},
		"firstperson_righthand": {
			"rotation": [0, 45, 0],
			"scale": [0.4, 0.4, 0.4]
		},
		"firstperson_lefthand": {
			"rotation": [0, 225, 0],
			"scale": [0.4, 0.4, 0.4]
		},
		"ground": {
			"translation": [0, 3, 0],
			"scale": [0.25, 0.25, 0.25]
		},
		"gui": {
			"rotation": [30, 225, 0],
			"translation": [-0.5, -2, 0],
			"scale": [0.625, 0.625, 0.625]
		},
		"head": {
			"translation": [0, -43, 8],
			"scale": [1.61, 1.61, 1.61]
		},
		"fixed": {
			"scale": [0.5, 0.5, 0.5]
		}
	}
}