{
	"credit": "Made with Blockbench",
	"texture_size": [64, 64],
	"textures": {
		"2": "cosmetics:item/backpack/neo_firefighter_backpack",
		"particle": "cosmetics:item/backpack/neo_firefighter_backpack"
	},
	"elements": [
		{
			"from": [3.5, 0, 3.5],
			"to": [12.5, 2, 12.5],
			"faces": {
				"north": {"uv": [6.75, 4.5, 9, 5], "texture": "#2"},
				"east": {"uv": [6.75, 5, 9, 5.5], "texture": "#2"},
				"south": {"uv": [7.5, 2, 9.75, 2.5], "texture": "#2"},
				"west": {"uv": [3, 8, 5.25, 8.5], "texture": "#2"},
				"up": {"uv": [2.25, 5.5, 0, 3.25], "texture": "#2"},
				"down": {"uv": [4.5, 3.25, 2.25, 5.5], "texture": "#2"}
			}
		},
		{
			"from": [3.5, 12, 3.5],
			"to": [12.5, 14, 12.5],
			"faces": {
				"north": {"uv": [8.25, 7, 10.5, 7.5], "texture": "#2"},
				"east": {"uv": [8.25, 7.5, 10.5, 8], "texture": "#2"},
				"south": {"uv": [8.25, 8, 10.5, 8.5], "texture": "#2"},
				"west": {"uv": [3, 8.5, 5.25, 9], "texture": "#2"},
				"up": {"uv": [6.75, 5.5, 4.5, 3.25], "texture": "#2"},
				"down": {"uv": [2.25, 5.5, 0, 7.75], "texture": "#2"}
			}
		},
		{
			"from": [7.5, 18, 7.5],
			"to": [8.5, 19, 13.5],
			"rotation": {"angle": 0, "axis": "y", "origin": [0, 1, 1]},
			"faces": {
				"north": {"uv": [5.5, 3, 5.75, 3.25], "texture": "#2"},
				"east": {"uv": [8.75, 3.75, 10.25, 4], "texture": "#2"},
				"south": {"uv": [5.75, 3, 6, 3.25], "texture": "#2"},
				"west": {"uv": [8.75, 4, 10.25, 4.25], "texture": "#2"},
				"up": {"uv": [6, 10.25, 5.75, 8.75], "texture": "#2"},
				"down": {"uv": [6.25, 8.75, 6, 10.25], "texture": "#2"}
			}
		},
		{
			"from": [4, 2, 4],
			"to": [12, 12, 12],
			"faces": {
				"north": {"uv": [5.5, 0, 7.5, 2.5], "texture": "#2"},
				"east": {"uv": [2.25, 5.5, 4.25, 8], "texture": "#2"},
				"south": {"uv": [4.25, 5.5, 6.25, 8], "texture": "#2"},
				"west": {"uv": [6.25, 5.5, 8.25, 8], "texture": "#2"},
				"up": {"uv": [8.75, 4.5, 6.75, 2.5], "texture": "#2"},
				"down": {"uv": [9.5, 0, 7.5, 2], "texture": "#2"}
			}
		},
		{
			"from": [5, 14, 5],
			"to": [11, 17, 11],
			"faces": {
				"north": {"uv": [5.25, 8, 6.75, 8.75], "texture": "#2"},
				"east": {"uv": [6.75, 8, 8.25, 8.75], "texture": "#2"},
				"south": {"uv": [8.25, 5.5, 9.75, 6.25], "texture": "#2"},
				"west": {"uv": [8.25, 6.25, 9.75, 7], "texture": "#2"},
				"up": {"uv": [1.5, 9.25, 0, 7.75], "texture": "#2"},
				"down": {"uv": [3, 8, 1.5, 9.5], "texture": "#2"}
			}
		},
		{
			"from": [7, 17, 7],
			"to": [9, 19, 9],
			"faces": {
				"north": {"uv": [7.25, 8.75, 7.75, 9.25], "texture": "#2"},
				"east": {"uv": [7.75, 8.75, 8.25, 9.25], "texture": "#2"},
				"south": {"uv": [3, 9, 3.5, 9.5], "texture": "#2"},
				"west": {"uv": [3.5, 9, 4, 9.5], "texture": "#2"},
				"up": {"uv": [4.5, 9.5, 4, 9], "texture": "#2"},
				"down": {"uv": [9.5, 4.25, 9, 4.75], "texture": "#2"}
			}
		},
		{
			"from": [8, 14, -2],
			"to": [8, 27, 9],
			"faces": {
				"north": {"uv": [0, 0, 0, 3.25], "texture": "#2"},
				"east": {"uv": [0, 0, 2.75, 3.25], "texture": "#2"},
				"south": {"uv": [0, 0, 0, 3.25], "texture": "#2"},
				"west": {"uv": [2.75, 0, 5.5, 3.25], "texture": "#2"},
				"up": {"uv": [0, 2.75, 0, 0], "texture": "#2"},
				"down": {"uv": [0, 0, 0, 2.75], "texture": "#2"}
			}
		},
		{
			"from": [7.1, 18, 7],
			"to": [8.9, 20, 12],
			"rotation": {"angle": -22.5, "axis": "x", "origin": [8, 18, 7.5]},
			"faces": {
				"north": {"uv": [6.25, 8.75, 6.75, 9.25], "texture": "#2"},
				"east": {"uv": [5.5, 2.5, 6.75, 3], "texture": "#2"},
				"south": {"uv": [6.75, 8.75, 7.25, 9.25], "texture": "#2"},
				"west": {"uv": [8.25, 8.5, 9.5, 9], "texture": "#2"},
				"up": {"uv": [9.25, 3.75, 8.75, 2.5], "texture": "#2"},
				"down": {"uv": [5.75, 8.75, 5.25, 10], "texture": "#2"}
			}
		}
	],
	"display": {
		"thirdperson_righthand": {
			"rotation": [75, 45, 0],
			"translation": [0, 2.5, 0],
			"scale": [0.375, 0.375, 0.375]
		},
		"thirdperson_lefthand": {
			"rotation": [75, 45, 0],
			"translation": [0, 2.5, 0],
			"scale": [0.375, 0.375, 0.375]
		},
		"firstperson_righthand": {
			"rotation": [0, 45, 0],
			"scale": [0.4, 0.4, 0.4]
		},
		"firstperson_lefthand": {
			"rotation": [0, 225, 0],
			"scale": [0.4, 0.4, 0.4]
		},
		"ground": {
			"translation": [0, 3, 0],
			"scale": [0.25, 0.25, 0.25]
		},
		"gui": {
			"rotation": [30, 225, 0],
			"translation": [0, -1.5, 0],
			"scale": [0.625, 0.625, 0.625]
		},
		"head": {
			"rotation": [-90, -60, -90],
			"translation": [0, -48, 9.75],
			"scale": [1.61, 1.61, 1.61]
		},
		"fixed": {
			"scale": [0.5, 0.5, 0.5]
		}
	}
}