{
	"credit": "Made with Blockbench",
	"texture_size": [32, 32],
	"textures": {
		"1": "cosmetics:item/backpack/neo_builder_backpack",
		"particle": "cosmetics:item/backpack/neo_builder_backpack"
	},
	"elements": [
		{
			"from": [3, 8, 5],
			"to": [13, 14, 9],
			"faces": {
				"north": {"uv": [0, 0, 5, 3], "texture": "#1"},
				"east": {"uv": [5, 4, 7, 7], "texture": "#1"},
				"south": {"uv": [0, 3, 5, 6], "texture": "#1"},
				"west": {"uv": [0, 6, 2, 9], "texture": "#1"},
				"up": {"uv": [10, 2, 5, 0], "texture": "#1"},
				"down": {"uv": [10, 2, 5, 4], "texture": "#1"}
			}
		},
		{
			"from": [7, -4, 6],
			"to": [9, 2, 8],
			"faces": {
				"north": {"uv": [7.5, 9, 8.5, 12], "texture": "#1"},
				"east": {"uv": [8.5, 9, 9.5, 12], "texture": "#1"},
				"south": {"uv": [9.5, 9, 10.5, 12], "texture": "#1"},
				"west": {"uv": [10, 0, 11, 3], "texture": "#1"},
				"up": {"uv": [11.5, 11, 10.5, 10], "texture": "#1"},
				"down": {"uv": [12, 0, 11, 1], "texture": "#1"}
			}
		},
		{
			"from": [6, 2, 5.5],
			"to": [10, 8, 8.5],
			"faces": {
				"north": {"uv": [2, 6, 4, 9], "texture": "#1"},
				"east": {"uv": [7, 4, 8.5, 7], "texture": "#1"},
				"south": {"uv": [4, 7, 6, 10], "texture": "#1"},
				"west": {"uv": [6, 7, 7.5, 10], "texture": "#1"},
				"up": {"uv": [2, 10.5, 0, 9], "texture": "#1"},
				"down": {"uv": [4, 9, 2, 10.5], "texture": "#1"}
			}
		},
		{
			"from": [6.5, -6, 6.5],
			"to": [9.5, -3, 7.5],
			"rotation": {"angle": 45, "axis": "z", "origin": [8, -4.5, 7]},
			"faces": {
				"north": {"uv": [10.5, 7, 12, 8.5], "texture": "#1"},
				"east": {"uv": [7, 10, 7.5, 11.5], "texture": "#1"},
				"south": {"uv": [10.5, 8.5, 12, 10], "texture": "#1"},
				"west": {"uv": [4, 11, 4.5, 12.5], "texture": "#1"},
				"up": {"uv": [6, 11.5, 4.5, 11], "texture": "#1"},
				"down": {"uv": [12, 11, 10.5, 11.5], "texture": "#1"}
			}
		},
		{
			"from": [-3, 9, 6],
			"to": [3, 11, 8],
			"faces": {
				"north": {"uv": [7.5, 7, 10.5, 8], "texture": "#1"},
				"east": {"uv": [4, 6, 5, 7], "texture": "#1"},
				"south": {"uv": [7.5, 8, 10.5, 9], "texture": "#1"},
				"west": {"uv": [3, 10.5, 4, 11.5], "texture": "#1"},
				"up": {"uv": [11.5, 5, 8.5, 4], "texture": "#1"},
				"down": {"uv": [11.5, 5, 8.5, 6], "texture": "#1"}
			}
		},
		{
			"from": [13, 9, 6],
			"to": [19, 11, 8],
			"rotation": {"angle": 0, "axis": "y", "origin": [16, 0, 0]},
			"faces": {
				"north": {"uv": [8.5, 6, 11.5, 7], "texture": "#1"},
				"east": {"uv": [11, 1, 12, 2], "texture": "#1"},
				"south": {"uv": [10, 3, 13, 4], "texture": "#1"},
				"west": {"uv": [11, 2, 12, 3], "texture": "#1"},
				"up": {"uv": [7, 11, 4, 10], "texture": "#1"},
				"down": {"uv": [3, 10.5, 0, 11.5], "texture": "#1"}
			}
		}
	],
	"display": {
		"thirdperson_righthand": {
			"rotation": [75, 45, 0],
			"translation": [0, 2.5, 0],
			"scale": [0.375, 0.375, 0.375]
		},
		"thirdperson_lefthand": {
			"rotation": [75, 45, 0],
			"translation": [0, 2.5, 0],
			"scale": [0.375, 0.375, 0.375]
		},
		"firstperson_righthand": {
			"rotation": [0, 45, 0],
			"scale": [0.4, 0.4, 0.4]
		},
		"firstperson_lefthand": {
			"rotation": [0, 225, 0],
			"scale": [0.4, 0.4, 0.4]
		},
		"ground": {
			"translation": [0, 3, 0],
			"scale": [0.25, 0.25, 0.25]
		},
		"gui": {
			"rotation": [30, 225, 0],
			"translation": [0, 2, 0],
			"scale": [0.625, 0.625, 0.625]
		},
		"head": {
			"translation": [0, -49, 7.5],
			"scale": [1.6, 1.6, 1.6]
		},
		"fixed": {
			"scale": [0.5, 0.5, 0.5]
		}
	}
}