{
	"credit": "Made with Blockbench",
	"texture_size": [64, 64],
	"textures": {
		"2": "cosmetics:item/backpack/shipwrecker_backpack"
	},
	"elements": [
		{
			"from": [2, 0, 4],
			"to": [14, 2, 6],
			"rotation": {"angle": 45, "axis": "z", "origin": [8, 6, 5]},
			"faces": {
				"north": {"uv": [4.25, 0, 7.25, 0.5], "texture": "#2"},
				"east": {"uv": [3.5, 7.25, 4, 7.75], "texture": "#2"},
				"south": {"uv": [4.25, 0.5, 7.25, 1], "texture": "#2"},
				"west": {"uv": [7.25, 5, 7.75, 5.5], "texture": "#2"},
				"up": {"uv": [7.25, 1.5, 4.25, 1], "texture": "#2"},
				"down": {"uv": [7.25, 1.5, 4.25, 2], "texture": "#2"}
			}
		},
		{
			"from": [2, 10, 4],
			"to": [14, 12, 6],
			"rotation": {"angle": 45, "axis": "z", "origin": [8, 6, 5]},
			"faces": {
				"north": {"uv": [4.25, 2, 7.25, 2.5], "texture": "#2"},
				"east": {"uv": [7.25, 6.5, 7.75, 7], "texture": "#2"},
				"south": {"uv": [4.25, 2.5, 7.25, 3], "texture": "#2"},
				"west": {"uv": [6.75, 7.25, 7.25, 7.75], "texture": "#2"},
				"up": {"uv": [7.25, 3.5, 4.25, 3], "texture": "#2"},
				"down": {"uv": [7.25, 3.5, 4.25, 4], "texture": "#2"}
			}
		},
		{
			"from": [2, 2, 4],
			"to": [4, 10, 6],
			"rotation": {"angle": 45, "axis": "z", "origin": [8, 6, 5]},
			"faces": {
				"north": {"uv": [5.25, 5, 5.75, 7], "texture": "#2"},
				"east": {"uv": [5.75, 5, 6.25, 7], "texture": "#2"},
				"south": {"uv": [6.25, 5, 6.75, 7], "texture": "#2"},
				"west": {"uv": [0, 6.5, 0.5, 8.5], "texture": "#2"},
				"up": {"uv": [7.75, 6, 7.25, 5.5], "texture": "#2"},
				"down": {"uv": [7.75, 6, 7.25, 6.5], "texture": "#2"}
			}
		},
		{
			"from": [12, 2, 4],
			"to": [14, 10, 6],
			"rotation": {"angle": 45, "axis": "z", "origin": [8, 6, 5]},
			"faces": {
				"north": {"uv": [0.5, 6.5, 1, 8.5], "texture": "#2"},
				"east": {"uv": [1, 6.5, 1.5, 8.5], "texture": "#2"},
				"south": {"uv": [1.5, 6.5, 2, 8.5], "texture": "#2"},
				"west": {"uv": [2, 6.5, 2.5, 8.5], "texture": "#2"},
				"up": {"uv": [7.75, 7.5, 7.25, 7], "texture": "#2"},
				"down": {"uv": [7.75, 7.5, 7.25, 8], "texture": "#2"}
			}
		},
		{
			"from": [7, 5, 4],
			"to": [9, 7, 6],
			"rotation": {"angle": 45, "axis": "z", "origin": [8, 6, 5]},
			"faces": {
				"north": {"uv": [7.75, 0, 8.25, 0.5], "texture": "#2"},
				"east": {"uv": [7.75, 0.5, 8.25, 1], "texture": "#2"},
				"south": {"uv": [7.75, 1, 8.25, 1.5], "texture": "#2"},
				"west": {"uv": [7.75, 1.5, 8.25, 2], "texture": "#2"},
				"up": {"uv": [8.25, 2.5, 7.75, 2], "texture": "#2"},
				"down": {"uv": [8.25, 2.5, 7.75, 3], "texture": "#2"}
			}
		},
		{
			"from": [-0.42462, 11.92462, 4],
			"to": [1.57538, 14.92462, 6],
			"rotation": {"angle": 45, "axis": "z", "origin": [0.57538, 13.42462, 5]},
			"faces": {
				"north": {"uv": [2.5, 6.5, 3, 7.25], "texture": "#2"},
				"east": {"uv": [3, 6.5, 3.5, 7.25], "texture": "#2"},
				"south": {"uv": [3.5, 6.5, 4, 7.25], "texture": "#2"},
				"west": {"uv": [6.75, 5, 7.25, 5.75], "texture": "#2"},
				"up": {"uv": [8.25, 3.5, 7.75, 3], "texture": "#2"},
				"down": {"uv": [4, 7.75, 3.5, 8.25], "texture": "#2"}
			}
		},
		{
			"from": [14.42462, 11.92462, 4],
			"to": [16.42462, 14.92462, 6],
			"rotation": {"angle": -45, "axis": "z", "origin": [15.42462, 13.42462, 5]},
			"faces": {
				"north": {"uv": [6.75, 5.75, 7.25, 6.5], "texture": "#2"},
				"east": {"uv": [6.75, 6.5, 7.25, 7.25], "texture": "#2"},
				"south": {"uv": [5.25, 7, 5.75, 7.75], "texture": "#2"},
				"west": {"uv": [5.75, 7, 6.25, 7.75], "texture": "#2"},
				"up": {"uv": [8.25, 4, 7.75, 3.5], "texture": "#2"},
				"down": {"uv": [8.25, 5, 7.75, 5.5], "texture": "#2"}
			}
		},
		{
			"from": [-0.42462, -2.92462, 4],
			"to": [1.57538, 0.07538, 6],
			"rotation": {"angle": -45, "axis": "z", "origin": [0.57538, -1.42462, 5]},
			"faces": {
				"north": {"uv": [7.25, 2.25, 7.75, 3], "texture": "#2"},
				"east": {"uv": [2.5, 7.25, 3, 8], "texture": "#2"},
				"south": {"uv": [3, 7.25, 3.5, 8], "texture": "#2"},
				"west": {"uv": [7.25, 3, 7.75, 3.75], "texture": "#2"},
				"up": {"uv": [6.25, 8.25, 5.75, 7.75], "texture": "#2"},
				"down": {"uv": [8.25, 6, 7.75, 6.5], "texture": "#2"}
			}
		},
		{
			"from": [14.42462, -2.92462, 4],
			"to": [16.42462, 0.07538, 6],
			"rotation": {"angle": 45, "axis": "z", "origin": [15.42462, -1.42462, 5]},
			"faces": {
				"north": {"uv": [6.25, 7, 6.75, 7.75], "texture": "#2"},
				"east": {"uv": [7.25, 0, 7.75, 0.75], "texture": "#2"},
				"south": {"uv": [7.25, 0.75, 7.75, 1.5], "texture": "#2"},
				"west": {"uv": [7.25, 1.5, 7.75, 2.25], "texture": "#2"},
				"up": {"uv": [5.75, 8.25, 5.25, 7.75], "texture": "#2"},
				"down": {"uv": [8.25, 5.5, 7.75, 6], "texture": "#2"}
			}
		},
		{
			"from": [7.5, -3, 4.5],
			"to": [8.5, 15, 5.5],
			"rotation": {"angle": 45, "axis": "z", "origin": [8, 6, 5]},
			"faces": {
				"north": {"uv": [4.25, 4, 4.5, 8.5], "texture": "#2"},
				"east": {"uv": [4.5, 4, 4.75, 8.5], "texture": "#2"},
				"south": {"uv": [4.75, 4, 5, 8.5], "texture": "#2"},
				"west": {"uv": [5, 4, 5.25, 8.5], "texture": "#2"},
				"up": {"uv": [4.25, 6.75, 4, 6.5], "texture": "#2"},
				"down": {"uv": [4.25, 6.75, 4, 7], "texture": "#2"}
			}
		},
		{
			"from": [-1, 5.5, 4.5],
			"to": [17, 6.5, 5.5],
			"rotation": {"angle": 45, "axis": "z", "origin": [8, 6, 5]},
			"faces": {
				"north": {"uv": [5.25, 4, 9.75, 4.25], "texture": "#2"},
				"east": {"uv": [4, 7, 4.25, 7.25], "texture": "#2"},
				"south": {"uv": [5.25, 4.25, 9.75, 4.5], "texture": "#2"},
				"west": {"uv": [7.25, 3.75, 7.5, 4], "texture": "#2"},
				"up": {"uv": [9.75, 4.75, 5.25, 4.5], "texture": "#2"},
				"down": {"uv": [9.75, 4.75, 5.25, 5], "texture": "#2"}
			}
		},
		{
			"from": [-0.5, -7, 5],
			"to": [16.5, 6, 5],
			"faces": {
				"north": {"uv": [0, 0, 4.25, 3.25], "texture": "#2"},
				"east": {"uv": [0, 0, 0, 3.25], "texture": "#2"},
				"south": {"uv": [0, 3.25, 4.25, 6.5], "texture": "#2"},
				"west": {"uv": [0, 0, 0, 3.25], "texture": "#2"},
				"up": {"uv": [4.25, 0, 0, 0], "texture": "#2"},
				"down": {"uv": [4.25, 0, 0, 0], "texture": "#2"}
			}
		}
	],
	"display": {
		"thirdperson_righthand": {
			"rotation": [75, 45, 0],
			"translation": [0, 2.5, 0],
			"scale": [0.375, 0.375, 0.375]
		},
		"thirdperson_lefthand": {
			"rotation": [75, 45, 0],
			"translation": [0, 2.5, 0],
			"scale": [0.375, 0.375, 0.375]
		},
		"firstperson_righthand": {
			"rotation": [0, 45, 0],
			"scale": [0.4, 0.4, 0.4]
		},
		"firstperson_lefthand": {
			"rotation": [0, 225, 0],
			"scale": [0.4, 0.4, 0.4]
		},
		"ground": {
			"translation": [0, 3, 0],
			"scale": [0.25, 0.25, 0.25]
		},
		"gui": {
			"rotation": [30, 225, 0],
			"translation": [-1.5, 1.5, 0],
			"scale": [0.625, 0.625, 0.625]
		},
		"head": {
			"translation": [0, -45, 11],
			"scale": [1.61, 1.61, 1.61]
		},
		"fixed": {
			"translation": [0, 4, 5],
			"scale": [2, 2, 2]
		}
	}
}