{"textures":{"0":"modelengine:entity/lava_mite"},"elements":[{"from":[5.142857,6.857143,5.714286],"to":[10.857143,11.428572,11.428572],"rotation":{"angle":0.0,"axis":"y","origin":[8.0,8.571428,7.529727]},"faces":{"east":{"uv":[2.75,2.25,5.25,4.25],"rotation":0,"texture":"#0","tintindex":0},"south":{"uv":[2.75,4.5,5.25,6.5],"rotation":0,"texture":"#0","tintindex":0},"north":{"uv":[2.75,0.0,5.25,2.0],"rotation":0,"texture":"#0","tintindex":0},"west":{"uv":[0.0,5.5,2.5,7.5],"rotation":0,"texture":"#0","tintindex":0},"up":{"uv":[2.5,2.5,0.0,0.0],"rotation":0,"texture":"#0","tintindex":0},"down":{"uv":[2.5,2.75,0.0,5.25],"rotation":0,"texture":"#0","tintindex":0}}}],"display":{"head":{"translation":[0.0,-6.4,0.0],"scale":[4.0,4.0,4.0]}}}