{"textures":{"0":"modelengine:entity/lava_mite"},"elements":[{"from":[5.714286,6.285714,8.0],"to":[10.285714,9.714286,9.714286],"rotation":{"angle":0.0,"axis":"y","origin":[8.0,8.0,4.1011553]},"faces":{"east":{"uv":[1.5,7.75,2.25,9.25],"rotation":0,"texture":"#0","tintindex":0},"south":{"uv":[5.5,5.25,7.5,6.75],"rotation":0,"texture":"#0","tintindex":0},"north":{"uv":[5.5,3.5,7.5,5.0],"rotation":0,"texture":"#0","tintindex":0},"west":{"uv":[7.75,2.0,8.5,3.5],"rotation":0,"texture":"#0","tintindex":0},"up":{"uv":[9.75,0.75,7.75,0.0],"rotation":0,"texture":"#0","tintindex":0},"down":{"uv":[9.75,1.0,7.75,1.75],"rotation":0,"texture":"#0","tintindex":0}}}],"display":{"head":{"translation":[0.0,-6.4,0.0],"scale":[4.0,4.0,4.0]}}}