{"textures":{"0":"modelengine:entity/lava_mite"},"elements":[{"from":[5.714286,6.2380953,5.15084],"to":[10.285714,9.666667,8.007983],"rotation":{"angle":0.0,"axis":"y","origin":[8.0,7.952381,9.823424]},"faces":{"east":{"uv":[7.25,7.0,8.5,8.5],"rotation":0,"texture":"#0","tintindex":0},"south":{"uv":[5.5,1.75,7.5,3.25],"rotation":0,"texture":"#0","tintindex":0},"north":{"uv":[5.5,0.0,7.5,1.5],"rotation":0,"texture":"#0","tintindex":0},"west":{"uv":[0.0,7.75,1.25,9.25],"rotation":0,"texture":"#0","tintindex":0},"up":{"uv":[4.75,8.0,2.75,6.75],"rotation":0,"texture":"#0","tintindex":0},"down":{"uv":[7.0,7.0,5.0,8.25],"rotation":0,"texture":"#0","tintindex":0}}}],"display":{"head":{"translation":[0.0,-6.4,0.0],"scale":[4.0,4.0,4.0]}}}