{"textures":{"0":"modelengine:entity/lava_mite"},"elements":[{"from":[5.201298,7.428571,6.4731956],"to":[6.915584,8.571428,9.3303385],"rotation":{"angle":-22.5,"axis":"y","origin":[9.8713,8.571428,11.470273]},"faces":{"east":{"uv":[4.5,8.5,5.75,9.0],"rotation":0,"texture":"#0","tintindex":0},"south":{"uv":[8.75,4.25,9.5,4.75],"rotation":0,"texture":"#0","tintindex":0},"north":{"uv":[6.0,8.5,6.75,9.0],"rotation":0,"texture":"#0","tintindex":0},"west":{"uv":[8.75,2.0,10.0,2.5],"rotation":0,"texture":"#0","tintindex":0},"up":{"uv":[8.5,5.0,7.75,3.75],"rotation":0,"texture":"#0","tintindex":0},"down":{"uv":[8.5,5.25,7.75,6.5],"rotation":0,"texture":"#0","tintindex":0}}}],"display":{"head":{"translation":[0.0,-6.4,0.0],"scale":[4.0,4.0,4.0]}}}