{"textures":{"0":"modelengine:entity/lava_mite"},"elements":[{"from":[9.084416,7.428571,6.4731956],"to":[10.798702,8.571428,9.3303385],"rotation":{"angle":22.5,"axis":"y","origin":[6.1287003,8.571428,11.470273]},"faces":{"east":{"uv":[10.0,2.0,8.75,2.5],"rotation":0,"texture":"#0","tintindex":0},"south":{"uv":[9.5,4.25,8.75,4.75],"rotation":0,"texture":"#0","tintindex":0},"north":{"uv":[6.75,8.5,6.0,9.0],"rotation":0,"texture":"#0","tintindex":0},"west":{"uv":[5.75,8.5,4.5,9.0],"rotation":0,"texture":"#0","tintindex":0},"up":{"uv":[7.75,5.0,8.5,3.75],"rotation":0,"texture":"#0","tintindex":0},"down":{"uv":[7.75,5.25,8.5,6.5],"rotation":0,"texture":"#0","tintindex":0}}}],"display":{"head":{"translation":[0.0,-6.4,0.0],"scale":[4.0,4.0,4.0]}}}