{
	"credit": "Made by PolygonMC",
	"textures": {
		"0": "beatsset:item/sword",
		"2": "beatsset:item/animations/animations_02",
		"3": "beatsset:item/animations/animations_01",
		"4": "beatsset:item/animations/animations_sword",
		"particle": "beatsset:item/sword"
	},
	"elements": [
		{
			"from": [7.5, 0.75, 7.5],
			"to": [8.5, 2.75, 8.5],
			"rotation": {"angle": 0, "axis": "y", "origin": [7.5, -0.75, 7.5]},
			"faces": {
				"north": {"uv": [2.66667, 10, 3.33333, 11.33333], "texture": "#0"},
				"east": {"uv": [10, 2.66667, 10.66667, 4], "texture": "#0"},
				"south": {"uv": [3.33333, 10, 4, 11.33333], "texture": "#0"},
				"west": {"uv": [4, 10, 4.66667, 11.33333], "texture": "#0"},
				"up": {"uv": [12, 9.33333, 11.33333, 8.66667], "texture": "#0"}
			}
		},
		{
			"from": [7.6, 2.75, 7.6],
			"to": [8.4, 4.25, 8.4],
			"rotation": {"angle": 0, "axis": "y", "origin": [7.5, -0.25, 7.5]},
			"faces": {
				"north": {"uv": [10.66667, 4, 11.33333, 5], "texture": "#0"},
				"east": {"uv": [10.66667, 5.33333, 11.33333, 6.33333], "texture": "#0"},
				"south": {"uv": [6.66667, 10.66667, 7.33333, 11.66667], "texture": "#0"},
				"west": {"uv": [7.33333, 10.66667, 8, 11.66667], "texture": "#0"}
			}
		},
		{
			"from": [7.5, 4.25, 7.5],
			"to": [8.5, 6.25, 8.5],
			"rotation": {"angle": 0, "axis": "y", "origin": [7.5, -0.25, 7.5]},
			"faces": {
				"north": {"uv": [10, 4, 10.66667, 5.33333], "texture": "#0"},
				"east": {"uv": [4.66667, 10, 5.33333, 11.33333], "texture": "#0"},
				"south": {"uv": [5.33333, 10, 6, 11.33333], "texture": "#0"},
				"west": {"uv": [10, 5.33333, 10.66667, 6.66667], "texture": "#0"},
				"down": {"uv": [0.66667, 12, 0, 12.66667], "texture": "#0"}
			}
		},
		{
			"from": [7.4, 1.25, 7.4],
			"to": [8.6, 1.75, 8.6],
			"rotation": {"angle": 0, "axis": "y", "origin": [7.5, 0.25, 7.5]},
			"faces": {
				"north": {"uv": [12, 10.66667, 12.66667, 11], "texture": "#0"},
				"east": {"uv": [11.33333, 12, 12, 12.33333], "texture": "#0"},
				"south": {"uv": [12, 11.33333, 12.66667, 11.66667], "texture": "#0"},
				"west": {"uv": [12, 12, 12.66667, 12.33333], "texture": "#0"},
				"up": {"uv": [12, 6.66667, 11.33333, 6], "texture": "#0"},
				"down": {"uv": [12, 6.66667, 11.33333, 7.33333], "texture": "#0"}
			}
		},
		{
			"from": [7.4, 5.25, 7.4],
			"to": [8.6, 5.75, 8.6],
			"rotation": {"angle": 0, "axis": "y", "origin": [7.5, 1.25, 7.5]},
			"faces": {
				"north": {"uv": [12.66667, 1.33333, 13.33333, 1.66667], "texture": "#0"},
				"east": {"uv": [12.66667, 3.33333, 13.33333, 3.66667], "texture": "#0"},
				"south": {"uv": [12.66667, 4, 13.33333, 4.33333], "texture": "#0"},
				"west": {"uv": [12.66667, 4.66667, 13.33333, 5], "texture": "#0"},
				"up": {"uv": [12.66667, 1.33333, 12, 0.66667], "texture": "#0"},
				"down": {"uv": [2, 12, 1.33333, 12.66667], "texture": "#0"}
			}
		},
		{
			"from": [7.405, -0.095, 7.405],
			"to": [8.595, 1.095, 8.595],
			"rotation": {"angle": 45, "axis": "x", "origin": [8, 0.5, 8]},
			"faces": {
				"north": {"uv": [4, 11.33333, 4.66667, 12], "texture": "#0"},
				"east": {"uv": [4.66667, 11.33333, 5.33333, 12], "texture": "#0"},
				"south": {"uv": [11.33333, 4.66667, 12, 5.33333], "texture": "#0"},
				"west": {"uv": [5.33333, 11.33333, 6, 12], "texture": "#0"},
				"up": {"uv": [12, 6, 11.33333, 5.33333], "texture": "#0"},
				"down": {"uv": [6.66667, 11.33333, 6, 12], "texture": "#0"}
			}
		},
		{
			"from": [7.205, 0.105, 7.605],
			"to": [8.795, 0.895, 8.395],
			"rotation": {"angle": 45, "axis": "x", "origin": [8, 0.5, 8]},
			"faces": {
				"north": {"uv": [10.66667, 9.33333, 11.66667, 10], "texture": "#0"},
				"east": {"uv": [12, 5.33333, 12.66667, 6], "texture": "#0"},
				"south": {"uv": [10, 10.66667, 11, 11.33333], "texture": "#0"},
				"west": {"uv": [6, 12, 6.66667, 12.66667], "texture": "#0"},
				"up": {"uv": [11.66667, 10.66667, 10.66667, 10], "texture": "#0"},
				"down": {"uv": [12.33333, 0, 11.33333, 0.66667], "texture": "#0"}
			}
		},
		{
			"from": [7.6, 0, 6.75],
			"to": [8.4, 0.5, 8],
			"rotation": {"angle": -22.5, "axis": "x", "origin": [8, 0.25, 7]},
			"faces": {
				"east": {"uv": [12, 6, 13, 6.33333], "texture": "#0"},
				"west": {"uv": [6.66667, 12, 7.66667, 12.33333], "texture": "#0"},
				"up": {"uv": [2, 11.66667, 1.33333, 10.66667], "texture": "#0"},
				"down": {"uv": [11.33333, 2.66667, 10.66667, 3.66667], "texture": "#0"}
			}
		},
		{
			"from": [7.75, 0.5, 6.65],
			"to": [8.25, 1, 8],
			"rotation": {"angle": -22.5, "axis": "x", "origin": [8, 0.25, 7]},
			"faces": {
				"east": {"uv": [12, 6.66667, 13, 7], "texture": "#0"},
				"west": {"uv": [12, 7.33333, 13, 7.66667], "texture": "#0"},
				"up": {"uv": [8.33333, 13, 8, 12], "texture": "#0"}
			}
		},
		{
			"from": [7.6, 0, 8],
			"to": [8.4, 0.5, 9.25],
			"rotation": {"angle": 22.5, "axis": "x", "origin": [8, 0.25, 9]},
			"faces": {
				"east": {"uv": [13, 6, 12, 6.33333], "texture": "#0"},
				"west": {"uv": [7.66667, 12, 6.66667, 12.33333], "texture": "#0"},
				"up": {"uv": [2, 10.66667, 1.33333, 11.66667], "texture": "#0"},
				"down": {"uv": [11.33333, 3.66667, 10.66667, 2.66667], "texture": "#0"}
			}
		},
		{
			"from": [7.5, -0.85435, 9.0436],
			"to": [8.5, 1.14565, 9.5436],
			"rotation": {"angle": 22.5, "axis": "x", "origin": [8, -0.49955, 10.85487]},
			"faces": {
				"north": {"uv": [10, 9.33333, 9.33333, 10.66667], "texture": "#0"},
				"east": {"uv": [11.66667, 7.33333, 11.33333, 8.66667], "texture": "#0"},
				"south": {"uv": [10, 8, 9.33333, 9.33333], "texture": "#0"},
				"west": {"uv": [10.33333, 11.33333, 10, 12.66667], "texture": "#0"},
				"up": {"uv": [0.66667, 12.66667, 0, 13], "texture": "#0"},
				"down": {"uv": [13.33333, 0.33333, 12.66667, 0], "texture": "#0"}
			}
		},
		{
			"from": [7.75, -0.60435, 9.1936],
			"to": [8.25, 1.39565, 9.9436],
			"rotation": {"angle": 22.5, "axis": "x", "origin": [8, -0.49955, 10.85487]},
			"faces": {
				"north": {"uv": [11.66667, 10.66667, 11.33333, 12], "texture": "#0"},
				"east": {"uv": [10.66667, 0, 10, 1.33333], "texture": "#0"},
				"south": {"uv": [11, 11.33333, 10.66667, 12.66667], "texture": "#0"},
				"west": {"uv": [10.66667, 1.33333, 10, 2.66667], "texture": "#0"},
				"up": {"uv": [13, 0.66667, 12.66667, 1.33333], "texture": "#0"},
				"down": {"uv": [1.66667, 13.33333, 1.33333, 12.66667], "texture": "#0"}
			}
		},
		{
			"from": [7.75, 0.5, 8],
			"to": [8.25, 1, 9.35],
			"rotation": {"angle": 22.5, "axis": "x", "origin": [8, 0.25, 9]},
			"faces": {
				"east": {"uv": [13, 6.66667, 12, 7], "texture": "#0"},
				"west": {"uv": [13, 7.33333, 12, 7.66667], "texture": "#0"},
				"up": {"uv": [8.33333, 12, 8, 13], "texture": "#0"}
			}
		},
		{
			"from": [7.25, 6, 7.25],
			"to": [8.75, 8, 9.25],
			"rotation": {"angle": -45, "axis": "x", "origin": [8, 6.75, 8]},
			"faces": {
				"north": {"uv": [6.66667, 8, 7.66667, 9.33333], "texture": "#0"},
				"east": {"uv": [2.66667, 7.33333, 4, 8.66667], "texture": "#0"},
				"south": {"uv": [8, 8, 9, 9.33333], "texture": "#0"},
				"west": {"uv": [4, 7.33333, 5.33333, 8.66667], "texture": "#0"},
				"up": {"uv": [9.66667, 1.33333, 8.66667, 0], "texture": "#0"},
				"down": {"uv": [9.66667, 1.33333, 8.66667, 2.66667], "texture": "#0"}
			}
		},
		{
			"from": [7, 6.25, 7.5],
			"to": [9, 7.75, 9],
			"rotation": {"angle": -45, "axis": "x", "origin": [8, 6.75, 8]},
			"faces": {
				"north": {"uv": [2.66667, 8.66667, 4, 9.66667], "texture": "#0"},
				"east": {"uv": [5.33333, 8.66667, 6.33333, 9.66667], "texture": "#0"},
				"south": {"uv": [8.66667, 2.66667, 10, 3.66667], "texture": "#0"},
				"west": {"uv": [8.66667, 5.33333, 9.66667, 6.33333], "texture": "#0"},
				"up": {"uv": [5.33333, 9.66667, 4, 8.66667], "texture": "#0"},
				"down": {"uv": [10, 4, 8.66667, 5], "texture": "#0"}
			}
		},
		{
			"from": [7.5, 5.89645, 5.54289],
			"to": [8.5, 7.39645, 7.04289],
			"rotation": {"angle": 45, "axis": "x", "origin": [7.5, 6.39645, 7.04289]},
			"faces": {
				"north": {"uv": [8, 10.66667, 8.66667, 11.66667], "texture": "#0"},
				"east": {"uv": [8.66667, 6.66667, 9.66667, 7.66667], "texture": "#0"},
				"south": {"uv": [10.66667, 8, 11.33333, 9], "texture": "#0"},
				"west": {"uv": [0, 9.33333, 1, 10.33333], "texture": "#0"},
				"up": {"uv": [9.33333, 11.66667, 8.66667, 10.66667], "texture": "#0"},
				"down": {"uv": [10, 10.66667, 9.33333, 11.66667], "texture": "#0"}
			}
		},
		{
			"from": [7.525, 6.80826, 4.84158],
			"to": [8.475, 7.80826, 6.84158],
			"rotation": {"angle": 22.5, "axis": "x", "origin": [7.5, 6.80826, 4.84158]},
			"faces": {
				"north": {"uv": [12, 1.33333, 12.66667, 2], "texture": "#0"},
				"east": {"uv": [10, 6.66667, 11.33333, 7.33333], "texture": "#0"},
				"west": {"uv": [10, 7.33333, 11.33333, 8], "texture": "#0"},
				"up": {"uv": [6.66667, 11.33333, 6, 10], "texture": "#0"},
				"down": {"uv": [10.66667, 8, 10, 9.33333], "texture": "#0"}
			}
		},
		{
			"from": [7.525, 6.80826, 2.84158],
			"to": [8.475, 7.30826, 4.84158],
			"rotation": {"angle": 22.5, "axis": "x", "origin": [7.5, 6.80826, 4.84158]},
			"faces": {
				"north": {"uv": [12.66667, 5.33333, 13.33333, 5.66667], "texture": "#0"},
				"east": {"uv": [12, 2, 13.33333, 2.33333], "texture": "#0"},
				"west": {"uv": [12, 2.66667, 13.33333, 3], "texture": "#0"},
				"up": {"uv": [10.66667, 10.66667, 10, 9.33333], "texture": "#0"},
				"down": {"uv": [0.66667, 10.66667, 0, 12], "texture": "#0"}
			}
		},
		{
			"from": [7.526, 7.63124, 2.78345],
			"to": [8.474, 8.13124, 3.28345],
			"rotation": {"angle": -22.5, "axis": "x", "origin": [8.001, 8.13124, 3.03345]},
			"faces": {
				"north": {"uv": [7.33333, 12.66667, 8, 13], "texture": "#0"},
				"east": {"uv": [12.66667, 12, 13, 12.33333], "texture": "#0"},
				"south": {"uv": [12.66667, 8, 13.33333, 8.33333], "texture": "#0"},
				"west": {"uv": [12.66667, 12.66667, 13, 13], "texture": "#0"},
				"up": {"uv": [13.33333, 9, 12.66667, 8.66667], "texture": "#0"}
			}
		},
		{
			"from": [7.5255, 7.05983, 4.608],
			"to": [8.4745, 7.55983, 5.358],
			"rotation": {"angle": -22.5, "axis": "x", "origin": [8.0005, 7.30983, 4.858]},
			"faces": {
				"east": {"uv": [6, 12.66667, 6.66667, 13], "texture": "#0"},
				"west": {"uv": [6.66667, 12.66667, 7.33333, 13], "texture": "#0"},
				"up": {"uv": [12.66667, 4, 12, 3.33333], "texture": "#0"}
			}
		},
		{
			"from": [7.5, 5.89645, 8.95711],
			"to": [8.5, 7.39645, 10.45711],
			"rotation": {"angle": -45, "axis": "x", "origin": [7.5, 6.39645, 8.95711]},
			"faces": {
				"north": {"uv": [11.33333, 8, 10.66667, 9], "texture": "#0"},
				"east": {"uv": [9.66667, 6.66667, 8.66667, 7.66667], "texture": "#0"},
				"south": {"uv": [8.66667, 10.66667, 8, 11.66667], "texture": "#0"},
				"west": {"uv": [1, 9.33333, 0, 10.33333], "texture": "#0"},
				"up": {"uv": [9.33333, 10.66667, 8.66667, 11.66667], "texture": "#0"},
				"down": {"uv": [10, 11.66667, 9.33333, 10.66667], "texture": "#0"}
			}
		},
		{
			"from": [7.525, 6.80826, 9.15842],
			"to": [8.475, 7.80826, 11.15842],
			"rotation": {"angle": -22.5, "axis": "x", "origin": [7.5, 6.80826, 11.15842]},
			"faces": {
				"east": {"uv": [11.33333, 6.66667, 10, 7.33333], "texture": "#0"},
				"south": {"uv": [12.66667, 1.33333, 12, 2], "texture": "#0"},
				"west": {"uv": [11.33333, 7.33333, 10, 8], "texture": "#0"},
				"up": {"uv": [6.66667, 10, 6, 11.33333], "texture": "#0"},
				"down": {"uv": [10.66667, 9.33333, 10, 8], "texture": "#0"}
			}
		},
		{
			"from": [7.525, 6.80826, 11.15842],
			"to": [8.475, 7.30826, 13.15842],
			"rotation": {"angle": -22.5, "axis": "x", "origin": [7.5, 6.80826, 11.15842]},
			"faces": {
				"east": {"uv": [13.33333, 2, 12, 2.33333], "texture": "#0"},
				"south": {"uv": [13.33333, 5.33333, 12.66667, 5.66667], "texture": "#0"},
				"west": {"uv": [13.33333, 2.66667, 12, 3], "texture": "#0"},
				"up": {"uv": [10.66667, 9.33333, 10, 10.66667], "texture": "#0"},
				"down": {"uv": [0.66667, 12, 0, 10.66667], "texture": "#0"}
			}
		},
		{
			"from": [7.5255, 7.05983, 10.642],
			"to": [8.4745, 7.55983, 11.392],
			"rotation": {"angle": 22.5, "axis": "x", "origin": [8.0005, 7.30983, 11.142]},
			"faces": {
				"east": {"uv": [6.66667, 12.66667, 6, 13], "texture": "#0"},
				"west": {"uv": [7.33333, 12.66667, 6.66667, 13], "texture": "#0"},
				"up": {"uv": [12.66667, 3.33333, 12, 4], "texture": "#0"}
			}
		},
		{
			"from": [7.526, 7.63124, 12.71655],
			"to": [8.474, 8.13124, 13.21655],
			"rotation": {"angle": 22.5, "axis": "x", "origin": [8.001, 8.13124, 12.96655]},
			"faces": {
				"north": {"uv": [13.33333, 8, 12.66667, 8.33333], "texture": "#0"},
				"east": {"uv": [13, 12, 12.66667, 12.33333], "texture": "#0"},
				"south": {"uv": [8, 12.66667, 7.33333, 13], "texture": "#0"},
				"west": {"uv": [13, 12.66667, 12.66667, 13], "texture": "#0"},
				"up": {"uv": [13.33333, 8.66667, 12.66667, 9], "texture": "#0"}
			}
		},
		{
			"from": [7.75, 7.25, 8],
			"to": [8.25, 9.75, 10.5],
			"rotation": {"angle": -45, "axis": "x", "origin": [7.5, 7.25, 8]},
			"faces": {
				"north": {"uv": [11.33333, 0.66667, 11.66667, 2.33333], "texture": "#0"},
				"east": {"uv": [2.66667, 5.33333, 4.33333, 7], "texture": "#0"},
				"south": {"uv": [2.66667, 11.33333, 3, 13], "texture": "#0"},
				"west": {"uv": [4.66667, 5.33333, 6.33333, 7], "texture": "#0"},
				"up": {"uv": [11.66667, 4.33333, 11.33333, 2.66667], "texture": "#0"},
				"down": {"uv": [3.66667, 11.33333, 3.33333, 13], "texture": "#0"}
			}
		},
		{
			"from": [7.75, 15.76546, 8],
			"to": [8.25, 17.53146, 9.766],
			"rotation": {"angle": -45, "axis": "x", "origin": [7.5, 15.76546, 8]},
			"faces": {
				"north": {"uv": [4, 12, 4.33333, 13.33333], "texture": "#0"},
				"east": {"uv": [5.33333, 7.33333, 6.66667, 8.66667], "texture": "#0"},
				"south": {"uv": [12, 4, 12.33333, 5.33333], "texture": "#0"},
				"west": {"uv": [0, 8, 1.33333, 9.33333], "texture": "#0"},
				"up": {"uv": [5, 13.33333, 4.66667, 12], "texture": "#0"},
				"down": {"uv": [5.66667, 12, 5.33333, 13.33333], "texture": "#0"}
			}
		},
		{
			"from": [7.75, 27.76366, 8],
			"to": [8.25, 29.17866, 9.415],
			"rotation": {"angle": -45, "axis": "x", "origin": [7.5, 27.76366, 8]},
			"faces": {
				"north": {"uv": [12, 8, 12.33333, 9], "texture": "#0"},
				"east": {"uv": [6.66667, 9.33333, 7.66667, 10.33333], "texture": "#0"},
				"south": {"uv": [8.66667, 12, 9, 13], "texture": "#0"},
				"west": {"uv": [8, 9.33333, 9, 10.33333], "texture": "#0"},
				"up": {"uv": [9.66667, 13, 9.33333, 12], "texture": "#0"},
				"down": {"uv": [12.33333, 9.33333, 12, 10.33333], "texture": "#0"}
			}
		},
		{
			"from": [7.755, 9.51421, 6.75],
			"to": [8.245, 17.01421, 9.25],
			"rotation": {"angle": 0, "axis": "x", "origin": [8.005, 10.01421, 8]},
			"faces": {
				"north": {"uv": [2, 8, 2.33333, 13], "texture": "#0"},
				"east": {"uv": [2.66667, 0, 4.33333, 5], "texture": "#0"},
				"south": {"uv": [8, 2.66667, 8.33333, 7.66667], "texture": "#0"},
				"west": {"uv": [4.66667, 0, 6.33333, 5], "texture": "#0"}
			}
		},
		{
			"from": [7.755, 17.23921, 7],
			"to": [8.245, 28.76421, 9],
			"rotation": {"angle": 0, "axis": "x", "origin": [8.005, 19.76421, 8]},
			"faces": {
				"north": {"uv": [6.66667, 0, 7, 7.66667], "texture": "#0"},
				"east": {"uv": [0, 0, 1.33333, 7.66667], "texture": "#0"},
				"south": {"uv": [7.33333, 0, 7.66667, 7.66667], "texture": "#0"},
				"west": {"uv": [1.33333, 0, 2.66667, 7.66667], "texture": "#0"}
			}
		},
		{
			"from": [7.5, 11.25, 6.5],
			"to": [8.5, 15.25, 7],
			"rotation": {"angle": 0, "axis": "y", "origin": [7.5, 11.25, 6.5]},
			"faces": {
				"north": {"uv": [8, 0, 8.66667, 2.66667], "texture": "#0"},
				"east": {"uv": [10.66667, 0, 11, 2.66667], "texture": "#0"},
				"south": {"uv": [1.33333, 8, 2, 10.66667], "texture": "#0"},
				"west": {"uv": [0.66667, 10.66667, 1, 13.33333], "texture": "#0"},
				"up": {"uv": [13.33333, 9.66667, 12.66667, 9.33333], "texture": "#0"},
				"down": {"uv": [10.66667, 12.66667, 10, 13], "texture": "#0"}
			}
		},
		{
			"from": [7.502, 15.25, 6.5],
			"to": [8.498, 15.75, 7],
			"rotation": {"angle": 45, "axis": "x", "origin": [7.502, 15.25, 6.5]},
			"faces": {
				"north": {"uv": [12.66667, 10, 13.33333, 10.33333], "texture": "#0"},
				"east": {"uv": [0, 13.33333, 0.33333, 13.66667], "texture": "#0"},
				"south": {"uv": [10.66667, 12.66667, 11.33333, 13], "texture": "#0"},
				"west": {"uv": [13.33333, 0, 13.66667, 0.33333], "texture": "#0"},
				"up": {"uv": [13.33333, 11, 12.66667, 10.66667], "texture": "#0"}
			}
		},
		{
			"from": [7.502, 11.25, 6.5],
			"to": [8.498, 11.75, 7],
			"rotation": {"angle": 45, "axis": "x", "origin": [7.502, 11.25, 6.5]},
			"faces": {
				"east": {"uv": [0.66667, 13.33333, 1, 13.66667], "texture": "#0"},
				"south": {"uv": [11.33333, 12.66667, 12, 13], "texture": "#0"},
				"west": {"uv": [13.33333, 0.66667, 13.66667, 1], "texture": "#0"},
				"up": {"uv": [13.33333, 11.66667, 12.66667, 11.33333], "texture": "#0"},
				"down": {"uv": [12.66667, 12.66667, 12, 13], "texture": "#0"}
			}
		},
		{
			"from": [7.502, 15.25, 9],
			"to": [8.498, 15.75, 9.5],
			"rotation": {"angle": -45, "axis": "x", "origin": [7.502, 15.25, 9.5]},
			"faces": {
				"north": {"uv": [11.33333, 12.66667, 10.66667, 13], "texture": "#0"},
				"east": {"uv": [0.33333, 13.33333, 0, 13.66667], "texture": "#0"},
				"south": {"uv": [13.33333, 10, 12.66667, 10.33333], "texture": "#0"},
				"west": {"uv": [13.66667, 0, 13.33333, 0.33333], "texture": "#0"},
				"up": {"uv": [13.33333, 10.66667, 12.66667, 11], "texture": "#0"}
			}
		},
		{
			"from": [7.5, 11.25, 9],
			"to": [8.5, 15.25, 9.5],
			"rotation": {"angle": 0, "axis": "y", "origin": [7.5, 11.25, 9.5]},
			"faces": {
				"north": {"uv": [2, 8, 1.33333, 10.66667], "texture": "#0"},
				"east": {"uv": [11, 0, 10.66667, 2.66667], "texture": "#0"},
				"south": {"uv": [8.66667, 0, 8, 2.66667], "texture": "#0"},
				"west": {"uv": [1, 10.66667, 0.66667, 13.33333], "texture": "#0"},
				"up": {"uv": [13.33333, 9.33333, 12.66667, 9.66667], "texture": "#0"},
				"down": {"uv": [10.66667, 13, 10, 12.66667], "texture": "#0"}
			}
		},
		{
			"from": [7.502, 11.25, 9],
			"to": [8.498, 11.75, 9.5],
			"rotation": {"angle": -45, "axis": "x", "origin": [7.502, 11.25, 9.5]},
			"faces": {
				"north": {"uv": [12, 12.66667, 11.33333, 13], "texture": "#0"},
				"east": {"uv": [1, 13.33333, 0.66667, 13.66667], "texture": "#0"},
				"west": {"uv": [13.66667, 0.66667, 13.33333, 1], "texture": "#0"},
				"up": {"uv": [13.33333, 11.33333, 12.66667, 11.66667], "texture": "#0"},
				"down": {"uv": [12.66667, 13, 12, 12.66667], "texture": "#0"}
			}
		},
		{
			"from": [6.9, 3.6, 4.5],
			"to": [6.9, 10.6, 11.5],
			"rotation": {"angle": 0, "axis": "y", "origin": [0, 0, 0.5]},
			"faces": {
				"west": {"uv": [1, 1, 15, 15], "texture": "#2"}
			}
		},
		{
			"from": [9.1, 3.6, 4.5],
			"to": [9.1, 10.6, 11.5],
			"rotation": {"angle": 0, "axis": "y", "origin": [16, 0, 0.5]},
			"faces": {
				"east": {"uv": [15, 1, 1, 15], "texture": "#2"}
			}
		},
		{
			"from": [7.985, 7.6, 4.5],
			"to": [8.015, 32, 11.5],
			"rotation": {"angle": 0, "axis": "y", "origin": [0.835, 0, 0.5]},
			"faces": {
				"east": {"uv": [3.5, 0, 0, 12.25], "texture": "#4"},
				"west": {"uv": [0, 0, 3.5, 12.25], "texture": "#4"}
			}
		},
		{
			"from": [7.985, -2.97391, 2.87596],
			"to": [8.015, 1.02609, 4.87596],
			"rotation": {"angle": -22.5, "axis": "x", "origin": [8, 1.02609, 3.87596]},
			"faces": {
				"east": {"uv": [8, 0, 0, 4], "rotation": 90, "texture": "#3"},
				"west": {"uv": [0, 0, 8, 4], "rotation": 270, "texture": "#3"}
			}
		},
		{
			"from": [7.985, -2.97391, 11.12404],
			"to": [8.015, 1.02609, 13.12404],
			"rotation": {"angle": 22.5, "axis": "x", "origin": [8, 1.02609, 12.12404]},
			"faces": {
				"east": {"uv": [8, 4, 0, 0], "rotation": 90, "texture": "#3"},
				"west": {"uv": [0, 4, 8, 0], "rotation": 270, "texture": "#3"}
			}
		},
		{
			"from": [7.5, -0.85435, 6.4564],
			"to": [8.5, 1.14565, 6.9564],
			"rotation": {"angle": -22.5, "axis": "x", "origin": [8, -0.49955, 5.14513]},
			"faces": {
				"north": {"uv": [9.33333, 8, 10, 9.33333], "texture": "#0"},
				"east": {"uv": [11.33333, 7.33333, 11.66667, 8.66667], "texture": "#0"},
				"south": {"uv": [9.33333, 9.33333, 10, 10.66667], "texture": "#0"},
				"west": {"uv": [10, 11.33333, 10.33333, 12.66667], "texture": "#0"},
				"up": {"uv": [0.66667, 13, 0, 12.66667], "texture": "#0"},
				"down": {"uv": [13.33333, 0, 12.66667, 0.33333], "texture": "#0"}
			}
		},
		{
			"from": [7.75, -0.60435, 6.0564],
			"to": [8.25, 1.39565, 6.8064],
			"rotation": {"angle": -22.5, "axis": "x", "origin": [8, -0.49955, 5.14513]},
			"faces": {
				"north": {"uv": [10.66667, 11.33333, 11, 12.66667], "texture": "#0"},
				"east": {"uv": [10, 0, 10.66667, 1.33333], "texture": "#0"},
				"south": {"uv": [11.33333, 10.66667, 11.66667, 12], "texture": "#0"},
				"west": {"uv": [10, 1.33333, 10.66667, 2.66667], "texture": "#0"},
				"up": {"uv": [13, 1.33333, 12.66667, 0.66667], "texture": "#0"},
				"down": {"uv": [1.66667, 12.66667, 1.33333, 13.33333], "texture": "#0"}
			}
		}
	],
	"gui_light": "front",
	"display": {
		"thirdperson_righthand": {
			"translation": [0, 2.5, 1]
		},
		"thirdperson_lefthand": {
			"translation": [0, 2.5, 1]
		},
		"firstperson_righthand": {
			"rotation": [-10, 0, 0],
			"translation": [0, 2, 0]
		},
		"firstperson_lefthand": {
			"rotation": [-10, 0, 0],
			"translation": [0, 2, 0]
		},
		"ground": {
			"rotation": [-45, 0, 0],
			"translation": [0, 8, 0]
		},
		"gui": {
			"rotation": [-90, 45, 90],
			"translation": [2.75, -2.75, 0],
			"scale": [0.65234, 0.65234, 0.65234]
		},
		"head": {
			"rotation": [0, 90, 0]
		},
		"fixed": {
			"rotation": [0, 90, 0],
			"translation": [0, -13.5, -1],
			"scale": [2.5, 2.5, 2.5]
		}
	}
}