{
	"credit": "magic_store_official",
	"texture_size": [64, 64],
	"textures": {
		"0": "chunky:item/furniture/bank_pack/bank_chair",
		"particle": "chunky:item/furniture/bank_pack/bank_chair"
	},
	"elements": [
		{
			"from": [2, 8, 2],
			"to": [14, 10, 14],
			"faces": {
				"north": {"uv": [6.25, 3, 9.25, 3.5], "texture": "#0"},
				"east": {"uv": [6.25, 3, 9.25, 3.5], "texture": "#0"},
				"south": {"uv": [6.25, 3, 9.25, 3.5], "texture": "#0"},
				"west": {"uv": [6.25, 3, 9.25, 3.5], "texture": "#0"},
				"up": {"uv": [3, 3, 0, 0], "texture": "#0"},
				"down": {"uv": [3, 3, 0, 6], "texture": "#0"}
			}
		},
		{
			"from": [1, 3, 3],
			"to": [14, 5, 6],
			"rotation": {"angle": -45, "axis": "z", "origin": [8, 4, 1]},
			"faces": {
				"north": {"uv": [6.25, 1, 9.5, 1.5], "texture": "#0"},
				"east": {"uv": [1.5, 6.5, 2.25, 7], "texture": "#0"},
				"south": {"uv": [9.5, 1, 6.25, 1.5], "texture": "#0"},
				"west": {"uv": [2.25, 6.5, 3, 7], "texture": "#0"},
				"up": {"uv": [6.25, 3.75, 3, 3], "texture": "#0"},
				"down": {"uv": [6.25, 3.75, 3, 4.5], "texture": "#0"}
			}
		},
		{
			"from": [2, 3, 3],
			"to": [15, 5, 6],
			"rotation": {"angle": 45, "axis": "z", "origin": [8, 4, 1]},
			"faces": {
				"north": {"uv": [9.5, 1, 6.25, 1.5], "texture": "#0"},
				"east": {"uv": [3, 6.5, 2.25, 7], "texture": "#0"},
				"south": {"uv": [6.25, 1, 9.5, 1.5], "texture": "#0"},
				"west": {"uv": [2.25, 6.5, 1.5, 7], "texture": "#0"},
				"up": {"uv": [3, 3.75, 6.25, 3], "texture": "#0"},
				"down": {"uv": [3, 3.75, 6.25, 4.5], "texture": "#0"}
			}
		},
		{
			"from": [2, 3, 10],
			"to": [15, 5, 13],
			"rotation": {"angle": 45, "axis": "z", "origin": [8, 4, 8]},
			"faces": {
				"north": {"uv": [9.5, 1, 6.25, 1.5], "texture": "#0"},
				"east": {"uv": [3, 6.5, 2.25, 7], "texture": "#0"},
				"south": {"uv": [6.25, 1, 9.5, 1.5], "texture": "#0"},
				"west": {"uv": [2.25, 6.5, 1.5, 7], "texture": "#0"},
				"up": {"uv": [3, 3.75, 6.25, 3], "texture": "#0"},
				"down": {"uv": [3, 3.75, 6.25, 4.5], "texture": "#0"}
			}
		},
		{
			"from": [1, 3, 10],
			"to": [14, 5, 13],
			"rotation": {"angle": -45, "axis": "z", "origin": [8, 4, 8]},
			"faces": {
				"north": {"uv": [6.25, 1, 9.5, 1.5], "texture": "#0"},
				"east": {"uv": [1.5, 6.5, 2.25, 7], "texture": "#0"},
				"south": {"uv": [9.5, 1, 6.25, 1.5], "texture": "#0"},
				"west": {"uv": [2.25, 6.5, 3, 7], "texture": "#0"},
				"up": {"uv": [6.25, 3.75, 3, 3], "texture": "#0"},
				"down": {"uv": [6.25, 3.75, 3, 4.5], "texture": "#0"}
			}
		}
	],
	"display": {
		"thirdperson_righthand": {
			"rotation": [49, 36, 0],
			"translation": [-0.5, 3, 0.5],
			"scale": [0.35, 0.35, 0.35]
		},
		"thirdperson_lefthand": {
			"rotation": [49, 36, 0],
			"translation": [-0.5, 3, 0.5],
			"scale": [0.35, 0.35, 0.35]
		},
		"firstperson_righthand": {
			"rotation": [-180, 65, -180],
			"translation": [9.75, -2.25, -9.25],
			"scale": [0.85, 0.85, 0.85]
		},
		"firstperson_lefthand": {
			"rotation": [-180, 65, -180],
			"translation": [9.75, -2.25, -9.25],
			"scale": [0.85, 0.85, 0.85]
		},
		"ground": {
			"translation": [0, 5.5, 0],
			"scale": [0.4, 0.4, 0.4]
		},
		"gui": {
			"rotation": [30, 145.5, 0],
			"translation": [0, 0.5, 0],
			"scale": [0.7, 0.7, 0.7]
		},
		"head": {
			"translation": [0, -30.5, 0],
			"scale": [1.6, 1.6, 1.6]
		},
		"fixed": {
			"rotation": [-90, 0, 0],
			"translation": [0, -3, -16],
			"scale": [2, 2, 2]
		}
	},
	"groups": [
		{
			"name": "group",
			"origin": [8, 4, 8],
			"color": 0,
			"children": [0, 1, 2, 3, 4]
		}
	]
}