{"textures":{"0":"modelengine:entity/bs_lny_pig_texture","1":"modelengine:entity/bs_lny_pig_texture2"},"elements":[{"from":[7.142857,6.285714,7.142857],"to":[8.857143,8.0,8.857143],"rotation":{"angle":0.0,"axis":"y","origin":[10.285714,6.285714,1.7142854]},"faces":{"east":{"uv":[7.25,9.75,8.0,10.5],"rotation":0,"texture":"#0","tintindex":0},"south":{"uv":[8.0,9.75,8.75,10.5],"rotation":0,"texture":"#0","tintindex":0},"north":{"uv":[6.5,9.75,7.25,10.5],"rotation":0,"texture":"#0","tintindex":0},"west":{"uv":[1.0,10.0,1.75,10.75],"rotation":0,"texture":"#0","tintindex":0},"up":{"uv":[2.5,10.75,1.75,10.0],"rotation":0,"texture":"#0","tintindex":0},"down":{"uv":[3.25,10.0,2.5,10.75],"rotation":0,"texture":"#0","tintindex":0}}},{"from":[6.9714284,6.1142855,6.9714284],"to":[9.028571,8.171429,9.028571],"rotation":{"angle":0.0,"axis":"y","origin":[10.285714,6.285714,1.7142854]},"faces":{"east":{"uv":[7.5,5.25,8.25,6.0],"rotation":0,"texture":"#1","tintindex":0},"south":{"uv":[7.5,6.0,8.25,6.75],"rotation":0,"texture":"#1","tintindex":0},"north":{"uv":[6.75,7.25,7.5,8.0],"rotation":0,"texture":"#1","tintindex":0},"west":{"uv":[7.5,6.75,8.25,7.5],"rotation":0,"texture":"#1","tintindex":0},"up":{"uv":[8.25,8.25,7.5,7.5],"rotation":0,"texture":"#1","tintindex":0},"down":{"uv":[8.5,3.0,7.75,3.75],"rotation":0,"texture":"#1","tintindex":0}}}],"display":{"head":{"translation":[0.0,-6.4,0.0],"scale":[4.0,4.0,4.0]}}}