{"textures":{"0":"modelengine:entity/bs_lny_pig_texture","1":"modelengine:entity/bs_lny_pig_texture2"},"elements":[{"from":[7.142857,6.285714,7.142857],"to":[8.857143,8.0,8.857143],"rotation":{"angle":0.0,"axis":"y","origin":[5.714286,6.285714,1.7142854]},"faces":{"east":{"uv":[0.0,10.25,0.75,11.0],"rotation":0,"texture":"#0","tintindex":0},"south":{"uv":[10.25,2.25,11.0,3.0],"rotation":0,"texture":"#0","tintindex":0},"north":{"uv":[10.0,8.0,10.75,8.75],"rotation":0,"texture":"#0","tintindex":0},"west":{"uv":[3.25,10.25,4.0,11.0],"rotation":0,"texture":"#0","tintindex":0},"up":{"uv":[4.75,11.0,4.0,10.25],"rotation":0,"texture":"#0","tintindex":0},"down":{"uv":[5.5,10.25,4.75,11.0],"rotation":0,"texture":"#0","tintindex":0}}},{"from":[6.9714284,6.1142855,6.9714284],"to":[9.028571,8.171429,9.028571],"rotation":{"angle":0.0,"axis":"y","origin":[5.714286,6.285714,1.7142854]},"faces":{"east":{"uv":[7.25,0.0,8.0,0.75],"rotation":0,"texture":"#1","tintindex":0},"south":{"uv":[7.25,0.75,8.0,1.5],"rotation":0,"texture":"#1","tintindex":0},"north":{"uv":[7.0,4.5,7.75,5.25],"rotation":0,"texture":"#1","tintindex":0},"west":{"uv":[7.25,1.5,8.0,2.25],"rotation":0,"texture":"#1","tintindex":0},"up":{"uv":[8.0,3.0,7.25,2.25],"rotation":0,"texture":"#1","tintindex":0},"down":{"uv":[6.75,7.25,6.0,8.0],"rotation":0,"texture":"#1","tintindex":0}}}],"display":{"head":{"translation":[0.0,-6.4,0.0],"scale":[4.0,4.0,4.0]}}}