{"textures":{"0":"modelengine:entity/bs_lny_pig_texture","1":"modelengine:entity/bs_lny_pig_texture2"},"elements":[{"from":[4.5714283,8.571428,7.428571],"to":[11.428572,13.714286,15.428572],"rotation":{"angle":0.0,"axis":"y","origin":[8.0,6.857143,8.0]},"faces":{"east":{"uv":[0.0,3.5,3.5,5.75],"rotation":0,"texture":"#0","tintindex":0},"south":{"uv":[3.0,5.75,6.0,8.0],"rotation":0,"texture":"#0","tintindex":0},"north":{"uv":[0.0,5.75,3.0,8.0],"rotation":0,"texture":"#0","tintindex":0},"west":{"uv":[3.5,3.5,7.0,5.75],"rotation":0,"texture":"#0","tintindex":0},"up":{"uv":[3.0,3.5,0.0,0.0],"rotation":0,"texture":"#0","tintindex":0},"down":{"uv":[6.0,0.0,3.0,3.5],"rotation":0,"texture":"#0","tintindex":0}}},{"from":[4.3999996,8.4,7.257143],"to":[11.6,13.885715,15.6],"rotation":{"angle":0.0,"axis":"y","origin":[8.0,6.857143,8.0]},"faces":{"east":{"uv":[0.0,3.5,3.5,5.75],"rotation":0,"texture":"#1","tintindex":0},"south":{"uv":[3.0,5.75,6.0,8.0],"rotation":0,"texture":"#1","tintindex":0},"north":{"uv":[0.0,5.75,3.0,8.0],"rotation":0,"texture":"#1","tintindex":0},"west":{"uv":[3.5,3.5,7.0,5.75],"rotation":0,"texture":"#1","tintindex":0},"up":{"uv":[3.0,3.5,0.0,0.0],"rotation":0,"texture":"#1","tintindex":0},"down":{"uv":[6.0,0.0,3.0,3.5],"rotation":0,"texture":"#1","tintindex":0}}}],"display":{"head":{"translation":[0.0,-6.4,0.0],"scale":[4.0,4.0,4.0]}}}