{"textures":{"0":"modelengine:entity/bs_lny_pig_texture","1":"modelengine:entity/bs_lny_pig_texture2"},"elements":[{"from":[7.142857,6.285714,7.142857],"to":[8.857143,8.0,8.857143],"rotation":{"angle":0.0,"axis":"y","origin":[8.0,8.0,8.0]},"faces":{"east":{"uv":[9.5,2.25,10.25,3.0],"rotation":0,"texture":"#0","tintindex":0},"south":{"uv":[3.5,9.5,4.25,10.25],"rotation":0,"texture":"#0","tintindex":0},"north":{"uv":[8.25,7.0,9.0,7.75],"rotation":0,"texture":"#0","tintindex":0},"west":{"uv":[4.25,9.5,5.0,10.25],"rotation":0,"texture":"#0","tintindex":0},"up":{"uv":[5.75,10.25,5.0,9.5],"rotation":0,"texture":"#0","tintindex":0},"down":{"uv":[10.25,5.0,9.5,5.75],"rotation":0,"texture":"#0","tintindex":0}}},{"from":[6.9714284,6.1142855,6.9714284],"to":[9.028571,8.171429,9.028571],"rotation":{"angle":0.0,"axis":"y","origin":[8.0,8.0,8.0]},"faces":{"east":{"uv":[7.75,4.5,8.5,5.25],"rotation":0,"texture":"#1","tintindex":0},"south":{"uv":[0.0,8.0,0.75,8.75],"rotation":0,"texture":"#1","tintindex":0},"north":{"uv":[7.75,3.75,8.5,4.5],"rotation":0,"texture":"#1","tintindex":0},"west":{"uv":[8.0,0.0,8.75,0.75],"rotation":0,"texture":"#1","tintindex":0},"up":{"uv":[1.5,8.75,0.75,8.0],"rotation":0,"texture":"#1","tintindex":0},"down":{"uv":[8.75,0.75,8.0,1.5],"rotation":0,"texture":"#1","tintindex":0}}}],"display":{"head":{"translation":[0.0,-6.4,0.0],"scale":[4.0,4.0,4.0]}}}