{"textures":{"0":"modelengine:entity/bs_lny_pig_texture","1":"modelengine:entity/bs_lny_pig_texture2"},"elements":[{"from":[6.9714284,6.1142855,6.9714284],"to":[9.028571,8.171429,9.028571],"rotation":{"angle":0.0,"axis":"y","origin":[5.714286,6.285714,7.428571]},"faces":{"east":{"uv":[6.0,6.5,6.75,7.25],"rotation":0,"texture":"#1","tintindex":0},"south":{"uv":[6.75,5.75,7.5,6.5],"rotation":0,"texture":"#1","tintindex":0},"north":{"uv":[6.0,5.75,6.75,6.5],"rotation":0,"texture":"#1","tintindex":0},"west":{"uv":[6.75,6.5,7.5,7.25],"rotation":0,"texture":"#1","tintindex":0},"up":{"uv":[7.75,3.75,7.0,3.0],"rotation":0,"texture":"#1","tintindex":0},"down":{"uv":[7.75,3.75,7.0,4.5],"rotation":0,"texture":"#1","tintindex":0}}},{"from":[7.142857,6.285714,7.142857],"to":[8.857143,8.0,8.857143],"rotation":{"angle":0.0,"axis":"y","origin":[5.714286,6.285714,7.428571]},"faces":{"east":{"uv":[9.5,8.75,10.25,9.5],"rotation":0,"texture":"#0","tintindex":0},"south":{"uv":[9.5,9.5,10.25,10.25],"rotation":0,"texture":"#0","tintindex":0},"north":{"uv":[9.5,5.75,10.25,6.5],"rotation":0,"texture":"#0","tintindex":0},"west":{"uv":[9.75,3.0,10.5,3.75],"rotation":0,"texture":"#0","tintindex":0},"up":{"uv":[10.5,4.5,9.75,3.75],"rotation":0,"texture":"#0","tintindex":0},"down":{"uv":[6.5,9.75,5.75,10.5],"rotation":0,"texture":"#0","tintindex":0}}}],"display":{"head":{"translation":[0.0,-6.4,0.0],"scale":[4.0,4.0,4.0]}}}