{"textures":{"0":"modelengine:entity/bs_lny_pig_texture","1":"modelengine:entity/bs_lny_pig_texture2"},"elements":[{"from":[6.5714283,5.970404,3.333333],"to":[9.428572,8.256119,4.4761906],"rotation":{"angle":0.0,"axis":"y","origin":[8.0,3.1132612,8.476191]},"faces":{"east":{"uv":[10.25,5.0,10.75,6.0],"rotation":0,"texture":"#0","tintindex":0},"south":{"uv":[8.25,1.0,9.5,2.0],"rotation":0,"texture":"#0","tintindex":0},"north":{"uv":[8.25,0.0,9.5,1.0],"rotation":0,"texture":"#0","tintindex":0},"west":{"uv":[10.25,6.0,10.75,7.0],"rotation":0,"texture":"#0","tintindex":0},"up":{"uv":[10.5,5.0,9.25,4.5],"rotation":0,"texture":"#0","tintindex":0},"down":{"uv":[10.75,0.75,9.5,1.25],"rotation":0,"texture":"#0","tintindex":0}}},{"from":[6.4,5.798976,3.1619043],"to":[9.6,8.427547,4.6476192],"rotation":{"angle":0.0,"axis":"y","origin":[8.0,3.1132612,8.476191]},"faces":{"east":{"uv":[1.5,8.0,2.0,9.0],"rotation":0,"texture":"#1","tintindex":0},"south":{"uv":[6.0,1.0,7.25,2.0],"rotation":0,"texture":"#1","tintindex":0},"north":{"uv":[6.0,0.0,7.25,1.0],"rotation":0,"texture":"#1","tintindex":0},"west":{"uv":[8.0,1.5,8.5,2.5],"rotation":0,"texture":"#1","tintindex":0},"up":{"uv":[7.25,2.5,6.0,2.0],"rotation":0,"texture":"#1","tintindex":0},"down":{"uv":[7.25,2.5,6.0,3.0],"rotation":0,"texture":"#1","tintindex":0}}},{"from":[5.428571,5.398976,4.4761906],"to":[10.571428,9.970405,7.904762],"rotation":{"angle":0.0,"axis":"y","origin":[8.0,3.1132612,8.476191]},"faces":{"east":{"uv":[6.0,7.75,7.5,9.75],"rotation":0,"texture":"#0","tintindex":0},"south":{"uv":[6.0,5.75,8.25,7.75],"rotation":0,"texture":"#0","tintindex":0},"north":{"uv":[6.0,0.0,8.25,2.0],"rotation":0,"texture":"#0","tintindex":0},"west":{"uv":[7.5,7.75,9.0,9.75],"rotation":0,"texture":"#0","tintindex":0},"up":{"uv":[8.25,3.5,6.0,2.0],"rotation":0,"texture":"#0","tintindex":0},"down":{"uv":[9.25,3.5,7.0,5.0],"rotation":0,"texture":"#0","tintindex":0}}},{"from":[4.285714,7.398976,5.6190476],"to":[7.142857,10.827547,6.7619047],"rotation":{"angle":22.5,"axis":"z","origin":[5.8571424,10.256119,6.190476]},"faces":{"east":{"uv":[5.0,8.0,5.5,9.5],"rotation":0,"texture":"#0","tintindex":0},"south":{"uv":[1.25,8.0,2.5,9.5],"rotation":0,"texture":"#0","tintindex":0},"north":{"uv":[0.0,8.0,1.25,9.5],"rotation":0,"texture":"#0","tintindex":0},"west":{"uv":[5.5,8.0,6.0,9.5],"rotation":0,"texture":"#0","tintindex":0},"up":{"uv":[2.25,10.0,1.0,9.5],"rotation":0,"texture":"#0","tintindex":0},"down":{"uv":[10.75,1.25,9.5,1.75],"rotation":0,"texture":"#0","tintindex":0}}},{"from":[4.285714,10.827547,5.047619],"to":[6.5714283,11.398976,6.7619047],"rotation":{"angle":22.5,"axis":"z","origin":[5.8571424,10.256119,6.190476]},"faces":{"east":{"uv":[9.5,6.5,10.25,6.75],"rotation":0,"texture":"#0","tintindex":0},"south":{"uv":[8.25,3.25,9.25,3.5],"rotation":0,"texture":"#0","tintindex":0},"north":{"uv":[8.25,3.0,9.25,3.25],"rotation":0,"texture":"#0","tintindex":0},"west":{"uv":[9.5,6.75,10.25,7.0],"rotation":0,"texture":"#0","tintindex":0},"up":{"uv":[8.0,5.75,7.0,5.0],"rotation":0,"texture":"#0","tintindex":0},"down":{"uv":[10.0,8.0,9.0,8.75],"rotation":0,"texture":"#0","tintindex":0}}},{"from":[8.857143,7.398976,5.6190476],"to":[11.714286,10.827547,6.7619047],"rotation":{"angle":-22.5,"axis":"z","origin":[10.142858,10.256119,6.190476]},"faces":{"east":{"uv":[9.0,8.75,9.5,10.25],"rotation":0,"texture":"#0","tintindex":0},"south":{"uv":[3.75,8.0,5.0,9.5],"rotation":0,"texture":"#0","tintindex":0},"north":{"uv":[2.5,8.0,3.75,9.5],"rotation":0,"texture":"#0","tintindex":0},"west":{"uv":[9.25,3.0,9.75,4.5],"rotation":0,"texture":"#0","tintindex":0},"up":{"uv":[10.75,2.25,9.5,1.75],"rotation":0,"texture":"#0","tintindex":0},"down":{"uv":[3.5,9.5,2.25,10.0],"rotation":0,"texture":"#0","tintindex":0}}},{"from":[9.428572,10.827547,5.047619],"to":[11.714286,11.398976,6.7619047],"rotation":{"angle":-22.5,"axis":"z","origin":[10.142858,10.256119,6.190476]},"faces":{"east":{"uv":[10.25,7.5,11.0,7.75],"rotation":0,"texture":"#0","tintindex":0},"south":{"uv":[10.25,7.25,11.25,7.5],"rotation":0,"texture":"#0","tintindex":0},"north":{"uv":[10.25,7.0,11.25,7.25],"rotation":0,"texture":"#0","tintindex":0},"west":{"uv":[10.25,7.75,11.0,8.0],"rotation":0,"texture":"#0","tintindex":0},"up":{"uv":[1.0,10.25,0.0,9.5],"rotation":0,"texture":"#0","tintindex":0},"down":{"uv":[10.5,0.0,9.5,0.75],"rotation":0,"texture":"#0","tintindex":0}}}],"display":{"head":{"translation":[0.0,-6.4,0.0],"scale":[4.0,4.0,4.0]}}}