{"textures":{"0":"modelengine:entity/bs_lny_pig_texture"},"elements":[{"from":[6.5714283,7.638772,8.80614],"to":[9.428572,9.924486,8.80614],"rotation":{"angle":45.0,"axis":"x","origin":[6.0,8.78163,8.80614]},"faces":{"east":{"uv":[0.0,0.0,0.0,1.0],"rotation":0,"texture":"#0","tintindex":0},"south":{"uv":[9.5,2.0,8.25,3.0],"rotation":0,"texture":"#0","tintindex":0},"north":{"uv":[8.25,2.0,9.5,3.0],"rotation":0,"texture":"#0","tintindex":0},"west":{"uv":[0.0,0.0,0.0,1.0],"rotation":0,"texture":"#0","tintindex":0},"up":{"uv":[1.25,0.0,0.0,0.0],"rotation":0,"texture":"#0","tintindex":0},"down":{"uv":[1.25,0.0,0.0,0.0],"rotation":0,"texture":"#0","tintindex":0}}},{"from":[6.5714283,8.2102,9.377568],"to":[9.428572,10.495915,9.377568],"rotation":{"angle":45.0,"axis":"x","origin":[6.0,8.78163,8.80614]},"faces":{"east":{"uv":[0.0,0.0,0.0,1.0],"rotation":0,"texture":"#0","tintindex":0},"south":{"uv":[9.5,6.0,8.25,7.0],"rotation":0,"texture":"#0","tintindex":0},"north":{"uv":[8.25,6.0,9.5,7.0],"rotation":0,"texture":"#0","tintindex":0},"west":{"uv":[0.0,0.0,0.0,1.0],"rotation":0,"texture":"#0","tintindex":0},"up":{"uv":[1.25,0.0,0.0,0.0],"rotation":0,"texture":"#0","tintindex":0},"down":{"uv":[1.25,0.0,0.0,0.0],"rotation":0,"texture":"#0","tintindex":0}}},{"from":[7.142857,7.638772,8.80614],"to":[7.142857,9.924486,9.377568],"rotation":{"angle":45.0,"axis":"x","origin":[6.0,8.78163,8.80614]},"faces":{"east":{"uv":[0.75,10.25,1.0,11.25],"rotation":0,"texture":"#0","tintindex":0},"south":{"uv":[0.0,0.0,0.0,1.0],"rotation":0,"texture":"#0","tintindex":0},"north":{"uv":[0.0,0.0,0.0,1.0],"rotation":0,"texture":"#0","tintindex":0},"west":{"uv":[0.75,10.25,1.0,11.25],"rotation":0,"texture":"#0","tintindex":0},"up":{"uv":[0.0,0.25,0.0,0.0],"rotation":0,"texture":"#0","tintindex":0},"down":{"uv":[0.0,0.0,0.0,0.25],"rotation":0,"texture":"#0","tintindex":0}}}],"display":{"head":{"translation":[0.0,-6.4,0.0],"scale":[4.0,4.0,4.0]}}}