{
	"credit": "Made by Manning Design",
	"texture_size": [64, 64],
	"textures": {
		"0": "cosmetics:item/hat/bs_leprechaun_hat_texture",
		"particle": "cosmetics:item/hat/bs_leprechaun_hat_texture"
	},
	"elements": [
		{
			"from": [0.5, 0, 0.5],
			"to": [15.5, 3, 15.5],
			"rotation": {"angle": 0, "axis": "y", "origin": [0.5, 0, 0.5]},
			"faces": {
				"north": {"uv": [6.75, 4.5, 10.5, 5.25], "texture": "#0"},
				"east": {"uv": [6.75, 5.25, 10.5, 6], "texture": "#0"},
				"south": {"uv": [6.75, 6, 10.5, 6.75], "texture": "#0"},
				"west": {"uv": [6.75, 6.75, 10.5, 7.5], "texture": "#0"},
				"up": {"uv": [3.75, 3.75, 0, 0], "texture": "#0"},
				"down": {"uv": [3.75, 3.75, 0, 7.5], "texture": "#0"}
			}
		},
		{
			"from": [2, 3, 2],
			"to": [14, 9, 14],
			"faces": {
				"north": {"uv": [3.75, 6, 6.75, 7.5], "texture": "#0"},
				"east": {"uv": [6.75, 0, 9.75, 1.5], "texture": "#0"},
				"south": {"uv": [6.75, 1.5, 9.75, 3], "texture": "#0"},
				"west": {"uv": [6.75, 3, 9.75, 4.5], "texture": "#0"},
				"up": {"uv": [6.75, 3, 3.75, 0], "texture": "#0"},
				"down": {"uv": [6.75, 3, 3.75, 6], "texture": "#0"}
			}
		},
		{
			"from": [-1, 0.62132, 0.525],
			"to": [2, 3.62132, 15.475],
			"rotation": {"angle": -45, "axis": "z", "origin": [0.5, 2.12132, 9]},
			"faces": {
				"north": {"uv": [0.75, 9, 1.5, 9.75], "texture": "#0"},
				"east": {"uv": [0, 7.5, 3.75, 8.25], "texture": "#0"},
				"south": {"uv": [1.5, 9, 2.25, 9.75], "texture": "#0"},
				"west": {"uv": [3.75, 7.5, 7.5, 8.25], "texture": "#0"},
				"up": {"uv": [8.25, 11.25, 7.5, 7.5], "texture": "#0"},
				"down": {"uv": [0.75, 8.25, 0, 12], "texture": "#0"}
			}
		},
		{
			"from": [14, 0.62132, 0.525],
			"to": [17, 3.62132, 15.475],
			"rotation": {"angle": 45, "axis": "z", "origin": [15.5, 2.12132, 9]},
			"faces": {
				"north": {"uv": [2.25, 9, 3, 9.75], "texture": "#0"},
				"east": {"uv": [0.75, 8.25, 4.5, 9], "texture": "#0"},
				"south": {"uv": [3, 9, 3.75, 9.75], "texture": "#0"},
				"west": {"uv": [8.25, 7.5, 12, 8.25], "texture": "#0"},
				"up": {"uv": [5.25, 12, 4.5, 8.25], "texture": "#0"},
				"down": {"uv": [6, 8.25, 5.25, 12], "texture": "#0"}
			}
		},
		{
			"from": [6, 3, 1],
			"to": [10, 6, 2],
			"faces": {
				"north": {"uv": [6, 8.25, 7, 9], "texture": "#0"},
				"east": {"uv": [9.75, 0, 10, 0.75], "texture": "#0"},
				"south": {"uv": [8.25, 8.25, 9.25, 9], "texture": "#0"},
				"west": {"uv": [0.75, 9.75, 1, 10.5], "texture": "#0"},
				"up": {"uv": [10, 9.25, 9, 9], "texture": "#0"},
				"down": {"uv": [10.25, 8.25, 9.25, 8.5], "texture": "#0"}
			}
		},
		{
			"from": [14.025, 4.5, 6],
			"to": [14.025, 6.5, 8],
			"rotation": {"angle": -22.5, "axis": "z", "origin": [14.025, 5, 7]},
			"faces": {
				"north": {"uv": [0, 0, 0, 0.5], "texture": "#0"},
				"east": {"uv": [7, 8.25, 7.5, 8.75], "texture": "#0"},
				"south": {"uv": [0, 0, 0, 0.5], "texture": "#0"},
				"west": {"uv": [9.25, 8.5, 9.75, 9], "texture": "#0"},
				"up": {"uv": [0, 0.5, 0, 0], "texture": "#0"},
				"down": {"uv": [0, 0, 0, 0.5], "texture": "#0"}
			}
		},
		{
			"from": [14.6451, 5.50848, 9.5],
			"to": [14.6451, 8.50848, 12.5],
			"rotation": {"angle": 0, "axis": "y", "origin": [14.6451, 7.00848, 11]},
			"faces": {
				"north": {"uv": [0, 0, 0, 0.75], "texture": "#0"},
				"east": {"uv": [6.75, 9, 7.5, 9.75], "texture": "#0"},
				"south": {"uv": [0, 0, 0, 0.75], "texture": "#0"},
				"west": {"uv": [6.75, 9, 7.5, 9.75], "texture": "#0"},
				"up": {"uv": [0, 0.75, 0, 0], "texture": "#0"},
				"down": {"uv": [0, 0, 0, 0.75], "texture": "#0"}
			}
		},
		{
			"from": [14.025, 5.15, 10],
			"to": [14.025, 7.15, 12],
			"rotation": {"angle": -22.5, "axis": "z", "origin": [14.025, 5.65, 11]},
			"faces": {
				"north": {"uv": [0, 0, 0, 0.5], "texture": "#0"},
				"east": {"uv": [9, 9.25, 9.5, 9.75], "texture": "#0"},
				"south": {"uv": [0, 0, 0, 0.5], "texture": "#0"},
				"west": {"uv": [9.5, 9.25, 10, 9.75], "texture": "#0"},
				"up": {"uv": [0, 0.5, 0, 0], "texture": "#0"},
				"down": {"uv": [0, 0, 0, 0.5], "texture": "#0"}
			}
		},
		{
			"from": [14.30671, 5.0597, 5.5],
			"to": [14.30671, 8.0597, 8.5],
			"rotation": {"angle": 22.5, "axis": "z", "origin": [14.98171, 7.3097, 7]},
			"faces": {
				"north": {"uv": [0, 0, 0, 0.75], "texture": "#0"},
				"east": {"uv": [3.75, 9, 4.5, 9.75], "texture": "#0"},
				"south": {"uv": [0, 0, 0, 0.75], "texture": "#0"},
				"west": {"uv": [3.75, 9, 4.5, 9.75], "texture": "#0"},
				"up": {"uv": [0, 0.75, 0, 0], "texture": "#0"},
				"down": {"uv": [0, 0, 0, 0.75], "texture": "#0"}
			}
		}
	],
	"display": {
		"thirdperson_righthand": {
			"rotation": [45, 0, 0],
			"translation": [0, 2.5, 0.75],
			"scale": [0.5, 0.5, 0.5]
		},
		"thirdperson_lefthand": {
			"rotation": [45, 0, 0],
			"translation": [0, 2.5, 0.75],
			"scale": [0.5, 0.5, 0.5]
		},
		"firstperson_righthand": {
			"rotation": [0, 112, 0],
			"translation": [0, 4, 0],
			"scale": [0.38, 0.38, 0.38]
		},
		"firstperson_lefthand": {
			"rotation": [0, 112, 0],
			"translation": [0, 4, 0],
			"scale": [0.38, 0.38, 0.38]
		},
		"ground": {
			"translation": [0, 6.5, 0],
			"scale": [0.49, 0.49, 0.49]
		},
		"gui": {
			"rotation": [29, 135, 0],
			"translation": [0, 2.25, 0],
			"scale": [0.55, 0.55, 0.55]
		},
		"head": {
			"translation": [0, 10.75, 0],
			"scale": [1.22, 1.22, 1.22]
		}
	}
}