{
	"credit": "Made by Manning Design",
	"texture_size": [32, 32],
	"textures": {
		"0": "cosmetics:item/hat/bs_shamrock_headband_texture",
		"particle": "cosmetics:item/hat/bs_shamrock_headband_texture"
	},
	"elements": [
		{
			"from": [1, -2, 5],
			"to": [3, 6, 7],
			"faces": {
				"north": {"uv": [6, 3, 7, 7], "texture": "#0"},
				"east": {"uv": [5, 6, 6, 10], "texture": "#0"},
				"south": {"uv": [0, 7, 1, 11], "texture": "#0"},
				"west": {"uv": [1, 7, 2, 11], "texture": "#0"},
				"up": {"uv": [9, 8, 8, 7], "texture": "#0"},
				"down": {"uv": [9, 8, 8, 9], "texture": "#0"}
			}
		},
		{
			"from": [13, -2, 5],
			"to": [15, 6, 7],
			"faces": {
				"north": {"uv": [2, 7, 3, 11], "texture": "#0"},
				"east": {"uv": [3, 7, 4, 11], "texture": "#0"},
				"south": {"uv": [7, 3, 8, 7], "texture": "#0"},
				"west": {"uv": [4, 7, 5, 11], "texture": "#0"},
				"up": {"uv": [10, 4, 9, 3], "texture": "#0"},
				"down": {"uv": [10, 4, 9, 5], "texture": "#0"}
			}
		},
		{
			"from": [3, 4, 5],
			"to": [13, 6, 7],
			"faces": {
				"north": {"uv": [0, 6, 5, 7], "texture": "#0"},
				"east": {"uv": [9, 5, 10, 6], "texture": "#0"},
				"south": {"uv": [6, 0, 11, 1], "texture": "#0"},
				"west": {"uv": [6, 9, 7, 10], "texture": "#0"},
				"up": {"uv": [11, 2, 6, 1], "texture": "#0"},
				"down": {"uv": [11, 2, 6, 3], "texture": "#0"}
			}
		},
		{
			"from": [3, 5, 6],
			"to": [4, 9, 6],
			"rotation": {"angle": 22.5, "axis": "z", "origin": [3, 8, 6]},
			"faces": {
				"north": {"uv": [6.5, 7, 7, 9], "texture": "#0"},
				"east": {"uv": [0, 0, 0, 2], "texture": "#0"},
				"south": {"uv": [7.5, 7, 8, 9], "texture": "#0"},
				"west": {"uv": [0, 0, 0, 2], "texture": "#0"},
				"up": {"uv": [1, 0, 0, 0], "texture": "#0"},
				"down": {"uv": [1, 0, 0, 0], "texture": "#0"}
			}
		},
		{
			"from": [12, 5, 6],
			"to": [13, 9, 6],
			"rotation": {"angle": -22.5, "axis": "z", "origin": [13, 8, 6]},
			"faces": {
				"north": {"uv": [7, 7, 6.5, 9], "texture": "#0"},
				"east": {"uv": [0, 0, 0, 2], "texture": "#0"},
				"south": {"uv": [8, 7, 7.5, 9], "texture": "#0"},
				"west": {"uv": [0, 0, 0, 2], "texture": "#0"},
				"up": {"uv": [0, 0, 1, 0], "texture": "#0"},
				"down": {"uv": [0, 0, 1, 0], "texture": "#0"}
			}
		},
		{
			"from": [0.30709, 6.71299, 5.975],
			"to": [6.30709, 12.71299, 5.975],
			"rotation": {"angle": 45, "axis": "z", "origin": [3.30709, 9.71299, 6]},
			"faces": {
				"north": {"uv": [0, 0, 3, 3], "texture": "#0"},
				"east": {"uv": [0, 0, 0, 3], "texture": "#0"},
				"south": {"uv": [3, 0, 0, 3], "texture": "#0"},
				"west": {"uv": [0, 0, 0, 3], "texture": "#0"},
				"up": {"uv": [3, 0, 0, 0], "texture": "#0"},
				"down": {"uv": [3, 0, 0, 0], "texture": "#0"}
			}
		},
		{
			"from": [9.69291, 6.71299, 6.025],
			"to": [15.69291, 12.71299, 6.025],
			"rotation": {"angle": -45, "axis": "z", "origin": [12.69291, 9.71299, 6]},
			"faces": {
				"north": {"uv": [3, 0, 0, 3], "texture": "#0"},
				"east": {"uv": [0, 0, 0, 3], "texture": "#0"},
				"south": {"uv": [0, 0, 3, 3], "texture": "#0"},
				"west": {"uv": [0, 0, 0, 3], "texture": "#0"},
				"up": {"uv": [0, 0, 3, 0], "texture": "#0"},
				"down": {"uv": [0, 0, 3, 0], "texture": "#0"}
			}
		},
		{
			"from": [0.30709, 6.71299, 6.025],
			"to": [6.30709, 12.71299, 6.025],
			"rotation": {"angle": 45, "axis": "z", "origin": [3.30709, 9.71299, 6]},
			"faces": {
				"north": {"uv": [0, 0, 3, 3], "texture": "#0"},
				"east": {"uv": [0, 0, 0, 3], "texture": "#0"},
				"south": {"uv": [3, 0, 0, 3], "texture": "#0"},
				"west": {"uv": [0, 0, 0, 3], "texture": "#0"},
				"up": {"uv": [3, 0, 0, 0], "texture": "#0"},
				"down": {"uv": [3, 0, 0, 0], "texture": "#0"}
			}
		},
		{
			"from": [9.69291, 6.71299, 5.975],
			"to": [15.69291, 12.71299, 5.975],
			"rotation": {"angle": -45, "axis": "z", "origin": [12.69291, 9.71299, 6]},
			"faces": {
				"north": {"uv": [3, 0, 0, 3], "texture": "#0"},
				"east": {"uv": [0, 0, 0, 3], "texture": "#0"},
				"south": {"uv": [0, 0, 3, 3], "texture": "#0"},
				"west": {"uv": [0, 0, 0, 3], "texture": "#0"},
				"up": {"uv": [0, 0, 3, 0], "texture": "#0"},
				"down": {"uv": [0, 0, 3, 0], "texture": "#0"}
			}
		}
	],
	"gui_light": "front",
	"display": {
		"thirdperson_righthand": {
			"rotation": [51, 0, 0],
			"translation": [0, 0, 3.25],
			"scale": [0.58, 0.58, 0.58]
		},
		"thirdperson_lefthand": {
			"rotation": [51, 0, 0],
			"translation": [0, 0, 3.25],
			"scale": [0.58, 0.58, 0.58]
		},
		"firstperson_righthand": {
			"rotation": [0, -51, 0],
			"translation": [0, 3.75, 0],
			"scale": [0.47, 0.47, 0.47]
		},
		"ground": {
			"rotation": [90, 0, 0],
			"translation": [0, 4, 0],
			"scale": [0.38, 0.38, 0.38]
		},
		"gui": {
			"rotation": [25, 135, 0],
			"translation": [0.75, 2.5, 0],
			"scale": [0.63, 0.63, 0.63]
		},
		"head": {
			"translation": [0, 10.75, 0],
			"scale": [1.22, 1.22, 1.22]
		},
		"fixed": {
			"translation": [0, 3.25, 1.5]
		}
	}
}