{
	"credit": "Made with Blockbench",
	"texture_size": [64, 64],
	"textures": {
		"2": "cosmetics:item/hat/messy_alchemy_hat"
	},
	"elements": [
		{
			"from": [2.5, -7, 7.5],
			"to": [13.5, -7, 8.5],
			"faces": {
				"north": {"uv": [0, 0, 2.75, 0], "texture": "#2"},
				"east": {"uv": [0, 0, 0.25, 0], "texture": "#2"},
				"south": {"uv": [0, 0, 2.75, 0], "texture": "#2"},
				"west": {"uv": [0, 0, 0.25, 0], "texture": "#2"},
				"up": {"uv": [5.25, 7.5, 2.5, 7.25], "texture": "#2"},
				"down": {"uv": [10, 3, 7.25, 3.25], "texture": "#2"}
			}
		},
		{
			"from": [2.5, -7, 7.5],
			"to": [2.5, 0, 8.5],
			"faces": {
				"north": {"uv": [0, 0, 0, 1.75], "texture": "#2"},
				"east": {"uv": [2.5, 5.5, 2.75, 7.25], "texture": "#2"},
				"south": {"uv": [0, 0, 0, 1.75], "texture": "#2"},
				"west": {"uv": [5.25, 7.25, 5.5, 9], "texture": "#2"},
				"up": {"uv": [0, 0.25, 0, 0], "texture": "#2"},
				"down": {"uv": [0, 0, 0, 0.25], "texture": "#2"}
			}
		},
		{
			"from": [13.5, -7, 7.5],
			"to": [13.5, 0, 8.5],
			"faces": {
				"north": {"uv": [0, 0, 0, 1.75], "texture": "#2"},
				"east": {"uv": [5.5, 7.25, 5.75, 9], "texture": "#2"},
				"south": {"uv": [0, 0, 0, 1.75], "texture": "#2"},
				"west": {"uv": [5.75, 7.25, 6, 9], "texture": "#2"},
				"up": {"uv": [0, 0.25, 0, 0], "texture": "#2"},
				"down": {"uv": [0, 0, 0, 0.25], "texture": "#2"}
			}
		},
		{
			"from": [2.5, 0, 2.5],
			"to": [13.5, 1, 13.5],
			"faces": {
				"north": {"uv": [7.25, 3.25, 10, 3.5], "texture": "#2"},
				"east": {"uv": [7.25, 3.5, 10, 3.75], "texture": "#2"},
				"south": {"uv": [7.25, 3.75, 10, 4], "texture": "#2"},
				"west": {"uv": [7.25, 4, 10, 4.25], "texture": "#2"},
				"up": {"uv": [2.75, 2.75, 0, 0], "texture": "#2"},
				"down": {"uv": [2.75, 2.75, 0, 5.5], "texture": "#2"}
			}
		},
		{
			"from": [3, 1, 3],
			"to": [13, 8, 13],
			"faces": {
				"north": {"uv": [0, 5.5, 2.5, 7.25], "texture": "#2"},
				"east": {"uv": [6.75, 4.5, 9.25, 6.25], "texture": "#2"},
				"south": {"uv": [6.75, 6.25, 9.25, 8], "texture": "#2"},
				"west": {"uv": [0, 7.25, 2.5, 9], "texture": "#2"},
				"up": {"uv": [5.25, 2.5, 2.75, 0], "texture": "#2"},
				"down": {"uv": [5.25, 2.5, 2.75, 5], "texture": "#2"}
			}
		},
		{
			"from": [3.5, -5.8097, 4.45671],
			"to": [12.5, 0.1903, 4.45671],
			"rotation": {"angle": -22.5, "axis": "x", "origin": [7, -2.3097, 4.45671]},
			"faces": {
				"north": {"uv": [7.25, 0, 9.5, 1.5], "texture": "#2", "tintindex": 0},
				"east": {"uv": [0, 0, 0, 1.5], "texture": "#2", "tintindex": 0},
				"south": {"uv": [7.25, 1.5, 9.5, 3], "texture": "#2", "tintindex": 0},
				"west": {"uv": [0, 0, 0, 1.5], "texture": "#2", "tintindex": 0},
				"up": {"uv": [2.25, 0, 0, 0], "texture": "#2"},
				"down": {"uv": [2.25, 0, 0, 0], "texture": "#2"}
			}
		},
		{
			"from": [3.5, -8.8097, 4.45671],
			"to": [3.5, 0.1903, 12.45671],
			"rotation": {"angle": -22.5, "axis": "x", "origin": [7, -2.3097, 4.45671]},
			"faces": {
				"north": {"uv": [0, 0, 0, 2.25], "texture": "#2", "tintindex": 0},
				"east": {"uv": [2.75, 5, 4.75, 7.25], "texture": "#2", "tintindex": 0},
				"south": {"uv": [0, 0, 0, 2.25], "texture": "#2", "tintindex": 0},
				"west": {"uv": [4.75, 5, 6.75, 7.25], "texture": "#2", "tintindex": 0},
				"up": {"uv": [0, 2, 0, 0], "texture": "#2"},
				"down": {"uv": [0, 0, 0, 2], "texture": "#2"}
			}
		},
		{
			"from": [12.5, -8.8097, 4.45671],
			"to": [12.5, 0.1903, 12.45671],
			"rotation": {"angle": -22.5, "axis": "x", "origin": [9, -2.3097, 4.45671]},
			"faces": {
				"north": {"uv": [0, 0, 0, 2.25], "texture": "#2", "tintindex": 0},
				"east": {"uv": [5.25, 0, 7.25, 2.25], "texture": "#2", "tintindex": 0},
				"south": {"uv": [0, 0, 0, 2.25], "texture": "#2", "tintindex": 0},
				"west": {"uv": [5.25, 2.25, 7.25, 4.5], "texture": "#2", "tintindex": 0},
				"up": {"uv": [0, 2, 0, 0], "texture": "#2"},
				"down": {"uv": [0, 0, 0, 2], "texture": "#2"}
			}
		}
	],
	"display": {
		"thirdperson_righthand": {
			"translation": [0, 3, 1],
			"scale": [0.55, 0.55, 0.55]
		},
		"thirdperson_lefthand": {
			"translation": [0, 3, 1],
			"scale": [0.55, 0.55, 0.55]
		},
		"ground": {
			"translation": [0, 2, 0],
			"scale": [0.5, 0.5, 0.5]
		},
		"gui": {
			"rotation": [30, 225, 0],
			"translation": [0, 3.5, 0],
			"scale": [0.7, 0.7, 0.7]
		},
		"head": {
			"rotation": [22.5, 0, 0],
			"translation": [0, 14, 4.25],
			"scale": [1.6, 1.6, 1.6]
		},
		"fixed": {
			"translation": [0, 7, 0]
		}
	}
}