{
	"credit": "Made with Blockbench",
	"texture_size": [64, 64],
	"textures": {
		"3": "cosmetics:item/hat/neo_nurse_hat"
	},
	"elements": [
		{
			"from": [5.5, 8, 5.5],
			"to": [10.5, 10, 10.5],
			"rotation": {"angle": 0, "axis": "y", "origin": [-0.5, 0, -0.5]},
			"faces": {
				"north": {"uv": [5.25, 2.5, 6.5, 3], "texture": "#3"},
				"east": {"uv": [5.5, 0, 6.75, 0.5], "texture": "#3"},
				"south": {"uv": [5.5, 0.5, 6.75, 1], "texture": "#3"},
				"west": {"uv": [2.25, 5.5, 3.5, 6], "texture": "#3"},
				"up": {"uv": [5.25, 3, 4, 1.75], "texture": "#3"},
				"down": {"uv": [3.5, 4.25, 2.25, 5.5], "texture": "#3"}
			}
		},
		{
			"from": [4.5, 8, 4.5],
			"to": [11.5, 13, 4.5],
			"rotation": {"angle": 0, "axis": "y", "origin": [-0.5, 0, -0.5]},
			"faces": {
				"north": {"uv": [2.25, 1, 4, 2.25], "texture": "#3"},
				"east": {"uv": [0, 0, 0, 1.25], "texture": "#3"},
				"south": {"uv": [2.25, 2.25, 4, 3.5], "texture": "#3"},
				"west": {"uv": [0, 0, 0, 1.25], "texture": "#3"},
				"up": {"uv": [1.75, 0, 0, 0], "texture": "#3"},
				"down": {"uv": [1.75, 0, 0, 0], "texture": "#3"}
			}
		},
		{
			"from": [4.5, 8, 4.5],
			"to": [4.5, 13, 9.5],
			"rotation": {"angle": 0, "axis": "y", "origin": [-0.5, 0, -0.5]},
			"faces": {
				"north": {"uv": [0, 0, 0, 1.25], "texture": "#3"},
				"east": {"uv": [3.5, 4.25, 4.75, 5.5], "texture": "#3"},
				"south": {"uv": [0, 0, 0, 1.25], "texture": "#3"},
				"west": {"uv": [0, 4.5, 1.25, 5.75], "texture": "#3"},
				"up": {"uv": [0, 1.25, 0, 0], "texture": "#3"},
				"down": {"uv": [0, 0, 0, 1.25], "texture": "#3"}
			}
		},
		{
			"from": [11.5, 8, 4.5],
			"to": [11.5, 13, 9.5],
			"rotation": {"angle": 0, "axis": "y", "origin": [16.5, 0, -0.5]},
			"faces": {
				"north": {"uv": [0, 0, 0, 1.25], "texture": "#3"},
				"east": {"uv": [4.5, 3, 5.75, 4.25], "texture": "#3"},
				"south": {"uv": [0, 0, 0, 1.25], "texture": "#3"},
				"west": {"uv": [4.75, 4.25, 6, 5.5], "texture": "#3"},
				"up": {"uv": [0, 1.25, 0, 0], "texture": "#3"},
				"down": {"uv": [0, 0, 0, 1.25], "texture": "#3"}
			}
		},
		{
			"from": [3, 3.04868, 2.5406],
			"to": [7, 6.04868, 4.5406],
			"rotation": {"angle": 0, "axis": "y", "origin": [8, 4.6305, 7.01843]},
			"faces": {
				"north": {"uv": [4.5, 0, 5.5, 0.75], "texture": "#3"},
				"east": {"uv": [4, 6, 4.5, 6.75], "texture": "#3"},
				"south": {"uv": [1.25, 4.5, 2.25, 5.25], "texture": "#3"},
				"west": {"uv": [6, 4.25, 6.5, 5], "texture": "#3"},
				"up": {"uv": [1, 6.25, 0, 5.75], "texture": "#3"},
				"down": {"uv": [6.75, 3.25, 5.75, 3.75], "texture": "#3"}
			}
		},
		{
			"from": [2.8, 2.84868, 2.2406],
			"to": [2.8, 6.24868, 3.5406],
			"rotation": {"angle": 0, "axis": "y", "origin": [8, 4.6305, 7.01843]},
			"faces": {
				"north": {"uv": [0, 0, 0, 0.75], "texture": "#3"},
				"east": {"uv": [6.25, 1.75, 6.5, 2.5], "texture": "#3"},
				"south": {"uv": [0, 0, 0, 0.75], "texture": "#3"},
				"west": {"uv": [2, 6.25, 2.25, 7], "texture": "#3"},
				"up": {"uv": [0, 0.25, 0, 0], "texture": "#3"},
				"down": {"uv": [0, 0, 0, 0.25], "texture": "#3"}
			}
		},
		{
			"from": [2.8, 2.84868, 2.2406],
			"to": [7.2, 2.84868, 3.5406],
			"rotation": {"angle": 0, "axis": "y", "origin": [8, 4.6305, 7.01843]},
			"faces": {
				"north": {"uv": [0, 0, 1, 0], "texture": "#3"},
				"east": {"uv": [0, 0, 0.25, 0], "texture": "#3"},
				"south": {"uv": [0, 0, 1, 0], "texture": "#3"},
				"west": {"uv": [0, 0, 0.25, 0], "texture": "#3"},
				"up": {"uv": [7, 5.5, 6, 5.25], "texture": "#3"},
				"down": {"uv": [7, 5.5, 6, 5.75], "texture": "#3"}
			}
		},
		{
			"from": [7.2, 2.84868, 2.2406],
			"to": [7.2, 6.24868, 3.5406],
			"rotation": {"angle": 0, "axis": "y", "origin": [8, 4.6305, 7.01843]},
			"faces": {
				"north": {"uv": [0, 0, 0, 0.75], "texture": "#3"},
				"east": {"uv": [2.25, 6.25, 2.5, 7], "texture": "#3"},
				"south": {"uv": [0, 0, 0, 0.75], "texture": "#3"},
				"west": {"uv": [2.5, 6.25, 2.75, 7], "texture": "#3"},
				"up": {"uv": [0, 0.25, 0, 0], "texture": "#3"},
				"down": {"uv": [0, 0, 0, 0.25], "texture": "#3"}
			}
		},
		{
			"from": [3, 4.04868, 4.5406],
			"to": [3, 5.04868, 12.5406],
			"rotation": {"angle": 0, "axis": "y", "origin": [8, 4.6305, 7.01843]},
			"faces": {
				"north": {"uv": [0, 0, 0, 0.25], "texture": "#3"},
				"east": {"uv": [3.5, 5.75, 5.5, 6], "texture": "#3"},
				"south": {"uv": [0, 0, 0, 0.25], "texture": "#3"},
				"west": {"uv": [5.75, 3.75, 7.75, 4], "texture": "#3"},
				"up": {"uv": [0, 2, 0, 0], "texture": "#3"},
				"down": {"uv": [0, 0, 0, 2], "texture": "#3"}
			}
		},
		{
			"from": [3, 4.04868, 12.5396],
			"to": [13, 5.04868, 12.5396],
			"rotation": {"angle": 0, "axis": "y", "origin": [8, 4.04868, 12.5396]},
			"faces": {
				"north": {"uv": [3.5, 5.5, 6, 5.75], "texture": "#3"},
				"east": {"uv": [0, 0, 0, 0.25], "texture": "#3"},
				"south": {"uv": [5.75, 3, 8.25, 3.25], "texture": "#3"},
				"west": {"uv": [0, 0, 0, 0.25], "texture": "#3"},
				"up": {"uv": [2.5, 0, 0, 0], "texture": "#3"},
				"down": {"uv": [2.5, 0, 0, 0], "texture": "#3"}
			}
		},
		{
			"from": [8.8, 2.84868, 2.2406],
			"to": [13.2, 2.84868, 3.5406],
			"rotation": {"angle": 0, "axis": "y", "origin": [8, 4.6305, 7.01843]},
			"faces": {
				"north": {"uv": [0, 0, 1, 0], "texture": "#3"},
				"east": {"uv": [0, 0, 0.25, 0], "texture": "#3"},
				"south": {"uv": [0, 0, 1, 0], "texture": "#3"},
				"west": {"uv": [0, 0, 0.25, 0], "texture": "#3"},
				"up": {"uv": [1, 6.5, 0, 6.25], "texture": "#3"},
				"down": {"uv": [7.25, 1, 6.25, 1.25], "texture": "#3"}
			}
		},
		{
			"from": [8.8, 2.84868, 2.2406],
			"to": [8.8, 6.24868, 3.5406],
			"rotation": {"angle": 0, "axis": "y", "origin": [8, 4.6305, 7.01843]},
			"faces": {
				"north": {"uv": [0, 0, 0, 0.75], "texture": "#3"},
				"east": {"uv": [2.75, 6.25, 3, 7], "texture": "#3"},
				"south": {"uv": [0, 0, 0, 0.75], "texture": "#3"},
				"west": {"uv": [3, 6.25, 3.25, 7], "texture": "#3"},
				"up": {"uv": [0, 0.25, 0, 0], "texture": "#3"},
				"down": {"uv": [0, 0, 0, 0.25], "texture": "#3"}
			}
		},
		{
			"from": [13.2, 2.84868, 2.2406],
			"to": [13.2, 6.24868, 3.5406],
			"rotation": {"angle": 0, "axis": "y", "origin": [8, 4.6305, 7.01843]},
			"faces": {
				"north": {"uv": [0, 0, 0, 0.75], "texture": "#3"},
				"east": {"uv": [3.25, 6.25, 3.5, 7], "texture": "#3"},
				"south": {"uv": [0, 0, 0, 0.75], "texture": "#3"},
				"west": {"uv": [3.5, 6.25, 3.75, 7], "texture": "#3"},
				"up": {"uv": [0, 0.25, 0, 0], "texture": "#3"},
				"down": {"uv": [0, 0, 0, 0.25], "texture": "#3"}
			}
		},
		{
			"from": [9, 3.04868, 2.5406],
			"to": [13, 6.04868, 4.5406],
			"rotation": {"angle": 0, "axis": "y", "origin": [8, 4.6305, 7.01843]},
			"faces": {
				"north": {"uv": [1.25, 5.25, 2.25, 6], "texture": "#3"},
				"east": {"uv": [4.5, 6, 5, 6.75], "texture": "#3"},
				"south": {"uv": [5.25, 1.75, 6.25, 2.5], "texture": "#3"},
				"west": {"uv": [5, 6, 5.5, 6.75], "texture": "#3"},
				"up": {"uv": [6.5, 6.25, 5.5, 5.75], "texture": "#3"},
				"down": {"uv": [2, 6, 1, 6.5], "texture": "#3"}
			}
		},
		{
			"from": [13, 4.04868, 4.5406],
			"to": [13, 5.04868, 12.5406],
			"rotation": {"angle": 0, "axis": "y", "origin": [8, 4.6305, 7.01843]},
			"faces": {
				"north": {"uv": [0, 0, 0, 0.25], "texture": "#3"},
				"east": {"uv": [5.75, 4, 7.75, 4.25], "texture": "#3"},
				"south": {"uv": [0, 0, 0, 0.25], "texture": "#3"},
				"west": {"uv": [2, 6, 4, 6.25], "texture": "#3"},
				"up": {"uv": [0, 2, 0, 0], "texture": "#3"},
				"down": {"uv": [0, 0, 0, 2], "texture": "#3"}
			}
		},
		{
			"from": [8.8, 6.24868, 2.2406],
			"to": [13.2, 6.24868, 3.5406],
			"rotation": {"angle": 0, "axis": "y", "origin": [8, 4.6305, 7.01843]},
			"faces": {
				"north": {"uv": [0, 0, 1, 0], "texture": "#3"},
				"east": {"uv": [0, 0, 0.25, 0], "texture": "#3"},
				"south": {"uv": [0, 0, 1, 0], "texture": "#3"},
				"west": {"uv": [0, 0, 0.25, 0], "texture": "#3"},
				"up": {"uv": [7.25, 1.5, 6.25, 1.25], "texture": "#3"},
				"down": {"uv": [7.25, 1.5, 6.25, 1.75], "texture": "#3"}
			}
		},
		{
			"from": [2.8, 6.24868, 2.2406],
			"to": [7.2, 6.24868, 3.5406],
			"rotation": {"angle": 0, "axis": "y", "origin": [8, 4.6305, 7.01843]},
			"faces": {
				"north": {"uv": [0, 0, 1, 0], "texture": "#3"},
				"east": {"uv": [0, 0, 0.25, 0], "texture": "#3"},
				"south": {"uv": [0, 0, 1, 0], "texture": "#3"},
				"west": {"uv": [0, 0, 0.25, 0], "texture": "#3"},
				"up": {"uv": [5.5, 1, 4.5, 0.75], "texture": "#3"},
				"down": {"uv": [7, 5, 6, 5.25], "texture": "#3"}
			}
		},
		{
			"from": [7.2, 4.01949, 2.78837],
			"to": [8.8, 5.01949, 2.78837],
			"rotation": {"angle": 0, "axis": "y", "origin": [8, 3.81949, 2.78837]},
			"faces": {
				"north": {"uv": [4, 3, 4.5, 3.25], "texture": "#3"},
				"east": {"uv": [0, 0, 0, 0.25], "texture": "#3"},
				"south": {"uv": [4, 3.25, 4.5, 3.5], "texture": "#3"},
				"west": {"uv": [0, 0, 0, 0.25], "texture": "#3"},
				"up": {"uv": [0.5, 0, 0, 0], "texture": "#3"},
				"down": {"uv": [0.5, 0, 0, 0], "texture": "#3"}
			}
		},
		{
			"from": [3.5, 0, 3],
			"to": [12.5, 3, 3],
			"faces": {
				"north": {"uv": [0, 3, 2.25, 3.75], "texture": "#3"},
				"east": {"uv": [0, 0, 0, 0.75], "texture": "#3"},
				"south": {"uv": [2.25, 3.5, 4.5, 4.25], "texture": "#3"},
				"west": {"uv": [0, 0, 0, 0.75], "texture": "#3"},
				"up": {"uv": [2.25, 0, 0, 0], "texture": "#3"},
				"down": {"uv": [2.25, 0, 0, 0], "texture": "#3"}
			}
		},
		{
			"from": [3.5, 0, 3],
			"to": [12.5, 0, 6],
			"faces": {
				"north": {"uv": [0, 0, 2.25, 0], "texture": "#3"},
				"east": {"uv": [0, 0, 0.75, 0], "texture": "#3"},
				"south": {"uv": [0, 0, 2.25, 0], "texture": "#3"},
				"west": {"uv": [0, 0, 0.75, 0], "texture": "#3"},
				"up": {"uv": [2.25, 4.5, 0, 3.75], "texture": "#3"},
				"down": {"uv": [6.25, 1, 4, 1.75], "texture": "#3"}
			}
		},
		{
			"from": [3.5, 0, 3],
			"to": [3.5, 4, 12],
			"faces": {
				"north": {"uv": [0, 0, 0, 1], "texture": "#3"},
				"east": {"uv": [0, 0, 2.25, 1], "texture": "#3"},
				"south": {"uv": [0, 0, 0, 1], "texture": "#3"},
				"west": {"uv": [0, 1, 2.25, 2], "texture": "#3"},
				"up": {"uv": [0, 2.25, 0, 0], "texture": "#3"},
				"down": {"uv": [0, 0, 0, 2.25], "texture": "#3"}
			}
		},
		{
			"from": [12.5, 0, 3],
			"to": [12.5, 4, 12],
			"rotation": {"angle": 0, "axis": "y", "origin": [16, 0, 0]},
			"faces": {
				"north": {"uv": [0, 0, 0, 1], "texture": "#3"},
				"east": {"uv": [0, 2, 2.25, 3], "texture": "#3"},
				"south": {"uv": [0, 0, 0, 1], "texture": "#3"},
				"west": {"uv": [2.25, 0, 4.5, 1], "texture": "#3"},
				"up": {"uv": [0, 2.25, 0, 0], "texture": "#3"},
				"down": {"uv": [0, 0, 0, 2.25], "texture": "#3"}
			}
		}
	],
	"display": {
		"thirdperson_righthand": {
			"rotation": [75, 45, 0],
			"translation": [0, 2.5, 0],
			"scale": [0.375, 0.375, 0.375]
		},
		"thirdperson_lefthand": {
			"rotation": [75, 45, 0],
			"translation": [0, 2.5, 0],
			"scale": [0.375, 0.375, 0.375]
		},
		"firstperson_righthand": {
			"rotation": [0, 45, 0],
			"scale": [0.4, 0.4, 0.4]
		},
		"firstperson_lefthand": {
			"rotation": [0, 225, 0],
			"scale": [0.4, 0.4, 0.4]
		},
		"ground": {
			"translation": [0, 3, 0],
			"scale": [0.25, 0.25, 0.25]
		},
		"gui": {
			"rotation": [30, 225, 0],
			"scale": [0.625, 0.625, 0.625]
		},
		"head": {
			"translation": [0, 6.5, 0],
			"scale": [1.61, 1.61, 1.61]
		},
		"fixed": {
			"scale": [0.5, 0.5, 0.5]
		}
	},
	"groups": [
		0,
		1,
		2,
		3,
		{
			"name": "group",
			"origin": [5, 6.5, 3.2],
			"color": 0,
			"nbt": "{}",
			"armAnimationEnabled": false,
			"children": [4, 5, 6, 7, 8, 9, 10, 11, 12, 13, 14, 15, 16, 17]
		},
		18,
		19,
		20,
		21
	]
}