{
	"credit": "Made with Blockbench",
	"texture_size": [64, 64],
	"textures": {
		"1": "cosmetics:item/hat/neo_builder_hat"
	},
	"elements": [
		{
			"from": [3.5, 5, 3.5],
			"to": [12.5, 9, 12.5],
			"faces": {
				"north": {"uv": [2.5, 5.5, 4.75, 6.5], "texture": "#1"},
				"east": {"uv": [0, 6.5, 2.25, 7.5], "texture": "#1"},
				"south": {"uv": [2.25, 6.5, 4.5, 7.5], "texture": "#1"},
				"west": {"uv": [7.25, 3, 9.5, 4], "texture": "#1"},
				"up": {"uv": [7.25, 5.25, 5, 3], "texture": "#1"},
				"down": {"uv": [7.25, 5.25, 5, 7.5], "texture": "#1"}
			}
		},
		{
			"from": [3.2, 5, 3.2],
			"to": [12.8, 9.3, 3.2],
			"faces": {
				"north": {"uv": [0, 5.5, 2.5, 6.5], "texture": "#1"},
				"east": {"uv": [0, 0, 0, 1], "texture": "#1"},
				"south": {"uv": [0, 5.5, 2.5, 6.5], "texture": "#1"},
				"west": {"uv": [0, 0, 0, 1], "texture": "#1"},
				"up": {"uv": [2.5, 0, 0, 0], "texture": "#1"},
				"down": {"uv": [2.5, 0, 0, 0], "texture": "#1"}
			}
		},
		{
			"from": [3.2, 5, 12.8],
			"to": [12.8, 9.3, 12.8],
			"rotation": {"angle": 0, "axis": "y", "origin": [0, 0, 16]},
			"faces": {
				"north": {"uv": [2.5, 5.5, 0, 6.5], "texture": "#1"},
				"east": {"uv": [0, 0, 0, 1], "texture": "#1"},
				"south": {"uv": [2.5, 5.5, 0, 6.5], "texture": "#1"},
				"west": {"uv": [0, 0, 0, 1], "texture": "#1"},
				"up": {"uv": [2.5, 0, 0, 0], "texture": "#1"},
				"down": {"uv": [2.5, 0, 0, 0], "texture": "#1"}
			}
		},
		{
			"from": [12.799, 5, 3.2],
			"to": [12.799, 9.3, 12.8],
			"rotation": {"angle": 0, "axis": "y", "origin": [12.799, 7.15, 8]},
			"faces": {
				"north": {"uv": [0, 0, 0, 1], "texture": "#1"},
				"east": {"uv": [5.5, 1, 8, 2], "texture": "#1"},
				"south": {"uv": [0, 0, 0, 1], "texture": "#1"},
				"west": {"uv": [5.5, 1, 8, 2], "texture": "#1"},
				"up": {"uv": [0, 2.5, 0, 0], "texture": "#1"},
				"down": {"uv": [0, 0, 0, 2.5], "texture": "#1"}
			}
		},
		{
			"from": [3.201, 5, 3.2],
			"to": [3.201, 9.3, 12.8],
			"rotation": {"angle": 0, "axis": "y", "origin": [3.201, 7.15, 8]},
			"faces": {
				"north": {"uv": [0, 0, 0, 1], "texture": "#1"},
				"east": {"uv": [8, 1, 5.5, 2], "texture": "#1"},
				"south": {"uv": [0, 0, 0, 1], "texture": "#1"},
				"west": {"uv": [8, 1, 5.5, 2], "texture": "#1"},
				"up": {"uv": [0, 2.5, 0, 0], "texture": "#1"},
				"down": {"uv": [0, 0, 0, 2.5], "texture": "#1"}
			}
		},
		{
			"from": [3.2, 9.3, 3.2],
			"to": [12.8, 9.3, 12.8],
			"faces": {
				"north": {"uv": [0, 0, 2.5, 0], "texture": "#1"},
				"east": {"uv": [0, 0, 2.5, 0], "texture": "#1"},
				"south": {"uv": [0, 0, 2.5, 0], "texture": "#1"},
				"west": {"uv": [0, 0, 2.5, 0], "texture": "#1"},
				"up": {"uv": [2.5, 5.5, 0, 3], "texture": "#1"},
				"down": {"uv": [2.5, 3, 0, 5.5], "texture": "#1"}
			}
		},
		{
			"from": [2.5, 5, -1.5],
			"to": [13.5, 5, 10.5],
			"faces": {
				"north": {"uv": [0, 0, 2.75, 0], "texture": "#1"},
				"east": {"uv": [0, 0, 3, 0], "texture": "#1"},
				"south": {"uv": [0, 0, 2.75, 0], "texture": "#1"},
				"west": {"uv": [0, 0, 3, 0], "texture": "#1"},
				"up": {"uv": [2.75, 3, 0, 0], "texture": "#1"},
				"down": {"uv": [2.75, 0, 0, 3], "texture": "#1"}
			}
		},
		{
			"from": [3, 4, 7],
			"to": [5, 6, 9],
			"rotation": {"angle": 0, "axis": "y", "origin": [0, 2, 0]},
			"faces": {
				"north": {"uv": [5, 7.5, 5.5, 8], "texture": "#1"},
				"east": {"uv": [5.5, 7.5, 6, 8], "texture": "#1"},
				"south": {"uv": [6, 7.5, 6.5, 8], "texture": "#1"},
				"west": {"uv": [6.5, 7.5, 7, 8], "texture": "#1"},
				"up": {"uv": [7.5, 8, 7, 7.5], "texture": "#1"},
				"down": {"uv": [8, 7.5, 7.5, 8], "texture": "#1"}
			}
		},
		{
			"from": [0.3, 10, 7],
			"to": [2.3, 12, 9],
			"rotation": {"angle": 0, "axis": "y", "origin": [0, 2, 0]},
			"faces": {
				"north": {"uv": [1.25, 7.75, 1.75, 8.25], "texture": "#1"},
				"east": {"uv": [3.25, 7.75, 2.75, 8.25], "texture": "#1"},
				"south": {"uv": [2.25, 7.75, 2.75, 8.25], "texture": "#1"},
				"west": {"uv": [2.75, 7.75, 3.25, 8.25], "texture": "#1"},
				"up": {"uv": [3.75, 8.25, 3.25, 7.75], "texture": "#1"},
				"down": {"uv": [0.5, 8, 0, 8.5], "texture": "#1"}
			}
		},
		{
			"from": [-0.7, 14, 3],
			"to": [3.3, 16, 5],
			"rotation": {"angle": -45, "axis": "x", "origin": [1.3, 15, 4]},
			"faces": {
				"north": {"uv": [8.25, 6, 7.25, 6.5], "texture": "#1"},
				"east": {"uv": [1, 8, 0.5, 8.5], "texture": "#1"},
				"south": {"uv": [8.25, 6.5, 7.25, 7], "texture": "#1"},
				"west": {"uv": [8.5, 0, 8, 0.5], "texture": "#1"},
				"up": {"uv": [7.25, 7.5, 8.25, 7], "texture": "#1"},
				"down": {"uv": [0, 7.5, 1, 8], "texture": "#1"}
			}
		},
		{
			"from": [-0.8, 15, -0.41421],
			"to": [3.4, 16, 3.58579],
			"rotation": {"angle": 0, "axis": "y", "origin": [1.3, 16.5, 2.08579]},
			"faces": {
				"north": {"uv": [9, 0.5, 8, 0.75], "texture": "#1"},
				"east": {"uv": [9, 1.25, 8, 1.5], "texture": "#1"},
				"south": {"uv": [9, 1, 8, 1.25], "texture": "#1"},
				"west": {"uv": [9, 0.75, 8, 1], "texture": "#1"},
				"up": {"uv": [7.25, 5, 8.25, 4], "texture": "#1"},
				"down": {"uv": [7.25, 4, 8.25, 5], "texture": "#1"}
			}
		},
		{
			"from": [3, 4, 7.5],
			"to": [4, 10, 8.5],
			"rotation": {"angle": 22.5, "axis": "z", "origin": [0.5, 4.5, 0.5]},
			"faces": {
				"north": {"uv": [1, 7.5, 1.25, 9], "texture": "#1"},
				"east": {"uv": [1, 7.5, 1.25, 9], "texture": "#1"},
				"south": {"uv": [1, 7.5, 1.25, 9], "texture": "#1"},
				"west": {"uv": [1, 7.5, 1.25, 9], "texture": "#1"},
				"up": {"uv": [5.25, 8.25, 5, 8], "texture": "#1"},
				"down": {"uv": [5.5, 8, 5.25, 8.25], "texture": "#1"}
			}
		},
		{
			"from": [0.8, 15, -6],
			"to": [1.8, 16, -1],
			"rotation": {"angle": 45, "axis": "x", "origin": [0.5, 2.5, -1.5]},
			"faces": {
				"north": {"uv": [5.5, 8, 5.75, 8.25], "texture": "#1"},
				"east": {"uv": [3.75, 7.5, 2.5, 7.75], "texture": "#1"},
				"south": {"uv": [5.75, 8, 6, 8.25], "texture": "#1"},
				"west": {"uv": [2.5, 7.5, 3.75, 7.75], "texture": "#1"},
				"up": {"uv": [4, 8.75, 3.75, 7.5], "texture": "#1"},
				"down": {"uv": [4, 7.5, 3.75, 8.75], "texture": "#1"}
			}
		},
		{
			"from": [2.8, 12.37868, 2.18579],
			"to": [3.8, 15.37868, 3.18579],
			"rotation": {"angle": 45, "axis": "x", "origin": [3.8, 12.87868, 2.58579]},
			"faces": {
				"north": {"uv": [4.75, 8, 4.5, 8.75], "texture": "#1"},
				"east": {"uv": [4.75, 8, 4.5, 8.75], "texture": "#1"},
				"south": {"uv": [4.75, 8, 4.5, 8.75], "texture": "#1"},
				"west": {"uv": [4.75, 8, 4.5, 8.75], "texture": "#1"},
				"up": {"uv": [6, 8.25, 6.25, 8], "texture": "#1"},
				"down": {"uv": [6.25, 8, 6.5, 8.25], "texture": "#1"}
			}
		}
	],
	"display": {
		"thirdperson_righthand": {
			"rotation": [0, -90, 55],
			"translation": [0, 4, 0.5],
			"scale": [0.85, 0.85, 0.85]
		},
		"thirdperson_lefthand": {
			"rotation": [0, 90, -55],
			"translation": [0, 4, 0.5],
			"scale": [0.85, 0.85, 0.85]
		},
		"firstperson_righthand": {
			"rotation": [0, -90, 25],
			"translation": [1.13, 3.2, 1.13],
			"scale": [0.68, 0.68, 0.68]
		},
		"firstperson_lefthand": {
			"rotation": [0, 90, -25],
			"translation": [1.13, 3.2, 1.13],
			"scale": [0.68, 0.68, 0.68]
		},
		"gui": {
			"rotation": [30, 225, 0],
			"translation": [-1, -0.75, 0],
			"scale": [0.625, 0.625, 0.625]
		},
		"head": {
			"translation": [0, 6, 0],
			"scale": [1.61, 1.61, 1.61]
		}
	}
}