{
	"credit": "Made with Blockbench",
	"texture_size": [64, 64],
	"textures": {
		"1": "cosmetics:item/hat/neo_firefighter_hat",
		"particle": "cosmetics:item/hat/neo_firefighter_hat"
	},
	"elements": [
		{
			"from": [1.5, 6, 1.5],
			"to": [14.5, 6, 16.5],
			"faces": {
				"north": {"uv": [0, 0, 3.25, 0], "texture": "#1"},
				"east": {"uv": [0, 0, 3.75, 0], "texture": "#1"},
				"south": {"uv": [0, 0, 3.25, 0], "texture": "#1"},
				"west": {"uv": [0, 0, 3.75, 0], "texture": "#1"},
				"up": {"uv": [3.25, 3.75, 0, 0], "texture": "#1"},
				"down": {"uv": [6.5, 0, 3.25, 3.75], "texture": "#1"}
			}
		},
		{
			"from": [3.5, 6, 3.5],
			"to": [12.5, 10, 12.5],
			"faces": {
				"north": {"uv": [0, 6.25, 2.25, 7.25], "texture": "#1"},
				"east": {"uv": [2.25, 6.25, 4.5, 7.25], "texture": "#1"},
				"south": {"uv": [6.5, 0, 8.75, 1], "texture": "#1"},
				"west": {"uv": [6.5, 1, 8.75, 2], "texture": "#1"},
				"up": {"uv": [6.75, 6, 4.5, 3.75], "texture": "#1"},
				"down": {"uv": [6.75, 6, 4.5, 8.25], "texture": "#1"}
			}
		},
		{
			"from": [12.5, 2, 7.5],
			"to": [12.5, 5, 12.5],
			"faces": {
				"north": {"uv": [0, 0, 0, 0.75], "texture": "#1"},
				"east": {"uv": [9, 3, 10.25, 3.75], "texture": "#1"},
				"south": {"uv": [0, 0, 0, 0.75], "texture": "#1"},
				"west": {"uv": [9, 3.75, 10.25, 4.5], "texture": "#1"},
				"up": {"uv": [0, 1.25, 0, 0], "texture": "#1"},
				"down": {"uv": [0, 0, 0, 1.25], "texture": "#1"}
			}
		},
		{
			"from": [3.5, 2, 7.5],
			"to": [3.5, 5, 12.5],
			"rotation": {"angle": 0, "axis": "y", "origin": [16, 0, 0]},
			"faces": {
				"north": {"uv": [0, 0, 0, 0.75], "texture": "#1"},
				"east": {"uv": [9, 4.5, 10.25, 5.25], "texture": "#1"},
				"south": {"uv": [0, 0, 0, 0.75], "texture": "#1"},
				"west": {"uv": [9, 5.25, 10.25, 6], "texture": "#1"},
				"up": {"uv": [0, 1.25, 0, 0], "texture": "#1"},
				"down": {"uv": [0, 0, 0, 1.25], "texture": "#1"}
			}
		},
		{
			"from": [3.5, 2, 12.5],
			"to": [12.5, 5, 12.5],
			"faces": {
				"north": {"uv": [6.75, 6, 9, 6.75], "texture": "#1"},
				"east": {"uv": [0, 0, 0, 0.75], "texture": "#1"},
				"south": {"uv": [6.75, 6.75, 9, 7.5], "texture": "#1"},
				"west": {"uv": [0, 0, 0, 0.75], "texture": "#1"},
				"up": {"uv": [2.25, 0, 0, 0], "texture": "#1"},
				"down": {"uv": [2.25, 0, 0, 0], "texture": "#1"}
			}
		},
		{
			"from": [3.5, 6, 3.2],
			"to": [12.5, 10.3, 3.2],
			"faces": {
				"north": {"uv": [6.5, 2, 8.75, 3], "texture": "#1"},
				"east": {"uv": [0, 0, 0, 1], "texture": "#1"},
				"south": {"uv": [6.75, 3, 9, 4], "texture": "#1"},
				"west": {"uv": [0, 0, 0, 1], "texture": "#1"},
				"up": {"uv": [2.25, 0, 0, 0], "texture": "#1"},
				"down": {"uv": [2.25, 0, 0, 0], "texture": "#1"}
			}
		},
		{
			"from": [3.5, 6.001, 12.8],
			"to": [12.5, 10.301, 12.8],
			"rotation": {"angle": 0, "axis": "y", "origin": [0, 0.001, 9.3]},
			"faces": {
				"north": {"uv": [6.75, 4, 9, 5], "texture": "#1"},
				"east": {"uv": [0, 0, 0, 1], "texture": "#1"},
				"south": {"uv": [6.75, 5, 9, 6], "texture": "#1"},
				"west": {"uv": [0, 0, 0, 1], "texture": "#1"},
				"up": {"uv": [2.25, 0, 0, 0], "texture": "#1"},
				"down": {"uv": [2.25, 0, 0, 0], "texture": "#1"}
			}
		},
		{
			"from": [3.5, 10.3, 3.2],
			"to": [12.5, 10.3, 12.8],
			"faces": {
				"north": {"uv": [0, 0, 2.25, 0], "texture": "#1"},
				"east": {"uv": [0, 0, 2.5, 0], "texture": "#1"},
				"south": {"uv": [0, 0, 2.25, 0], "texture": "#1"},
				"west": {"uv": [0, 0, 2.5, 0], "texture": "#1"},
				"up": {"uv": [2.25, 6.25, 0, 3.75], "texture": "#1"},
				"down": {"uv": [4.5, 3.75, 2.25, 6.25], "texture": "#1"}
			}
		},
		{
			"from": [2.5, 2.5, 3.6],
			"to": [7.5, 6, 7.5],
			"rotation": {"angle": 22.5, "axis": "z", "origin": [5.5, 4.25, 5]},
			"faces": {
				"north": {"uv": [2.5, 7.25, 3.75, 8.25], "texture": "#1"},
				"east": {"uv": [8.75, 0, 9.75, 1], "texture": "#1"},
				"south": {"uv": [6.75, 7.5, 8, 8.5], "texture": "#1"},
				"west": {"uv": [8.75, 1, 9.75, 2], "texture": "#1"},
				"up": {"uv": [9.25, 8.5, 8, 7.5], "texture": "#1"},
				"down": {"uv": [3.75, 8.25, 2.5, 9.25], "texture": "#1"}
			}
		},
		{
			"from": [8.5, 2.5, 3.6],
			"to": [13.5, 6, 7.5],
			"rotation": {"angle": -22.5, "axis": "z", "origin": [10.5, 4.25, 5]},
			"faces": {
				"north": {"uv": [0, 8.5, 1.25, 9.5], "texture": "#1"},
				"east": {"uv": [8.75, 2, 9.75, 3], "texture": "#1"},
				"south": {"uv": [1.25, 8.5, 2.5, 9.5], "texture": "#1"},
				"west": {"uv": [8.75, 8.5, 9.75, 9.5], "texture": "#1"},
				"up": {"uv": [7.5, 9.5, 6.25, 8.5], "texture": "#1"},
				"down": {"uv": [8.75, 8.5, 7.5, 9.5], "texture": "#1"}
			}
		},
		{
			"from": [6, 0, 3],
			"to": [10, 3, 5],
			"rotation": {"angle": -22.5, "axis": "x", "origin": [8, 1, 3]},
			"faces": {
				"north": {"uv": [9, 6, 10, 6.75], "texture": "#1"},
				"east": {"uv": [6, 9.5, 6.5, 10.25], "texture": "#1"},
				"south": {"uv": [9, 6.75, 10, 7.5], "texture": "#1"},
				"west": {"uv": [6.5, 9.5, 7, 10.25], "texture": "#1"},
				"up": {"uv": [1, 10, 0, 9.5], "texture": "#1"},
				"down": {"uv": [2, 9.5, 1, 10], "texture": "#1"}
			}
		},
		{
			"from": [5.5, -0.5, 1],
			"to": [10.5, 3.5, 3],
			"rotation": {"angle": -22.5, "axis": "x", "origin": [8, 1, 3]},
			"faces": {
				"north": {"uv": [3.75, 8.25, 5, 9.25], "texture": "#1"},
				"east": {"uv": [3.75, 7.25, 4.25, 8.25], "texture": "#1"},
				"south": {"uv": [5, 8.25, 6.25, 9.25], "texture": "#1"},
				"west": {"uv": [2, 9.5, 2.5, 10.5], "texture": "#1"},
				"up": {"uv": [3.75, 9.75, 2.5, 9.25], "texture": "#1"},
				"down": {"uv": [5, 9.25, 3.75, 9.75], "texture": "#1"}
			}
		},
		{
			"from": [5.5, 6.5, 3],
			"to": [10.5, 11.5, 5],
			"rotation": {"angle": 0, "axis": "y", "origin": [8, 7.6, 3.5]},
			"faces": {
				"north": {"uv": [0, 7.25, 1.25, 8.5], "texture": "#1"},
				"east": {"uv": [5, 9.25, 5.5, 10.5], "texture": "#1"},
				"south": {"uv": [1.25, 7.25, 2.5, 8.5], "texture": "#1"},
				"west": {"uv": [5.5, 9.25, 6, 10.5], "texture": "#1"},
				"up": {"uv": [10.5, 8, 9.25, 7.5], "texture": "#1"},
				"down": {"uv": [10.5, 8, 9.25, 8.5], "texture": "#1"}
			}
		},
		{
			"from": [7, 3, 4],
			"to": [9, 6, 6],
			"faces": {
				"north": {"uv": [7, 9.5, 7.5, 10.25], "texture": "#1"},
				"east": {"uv": [7.5, 9.5, 8, 10.25], "texture": "#1"},
				"south": {"uv": [8, 9.5, 8.5, 10.25], "texture": "#1"},
				"west": {"uv": [8.5, 9.5, 9, 10.25], "texture": "#1"},
				"up": {"uv": [9.5, 10, 9, 9.5], "texture": "#1"},
				"down": {"uv": [10, 9.5, 9.5, 10], "texture": "#1"}
			}
		}
	],
	"display": {
		"thirdperson_righthand": {
			"rotation": [75, 45, 0],
			"translation": [0, 2.5, 0],
			"scale": [0.375, 0.375, 0.375]
		},
		"thirdperson_lefthand": {
			"rotation": [75, 45, 0],
			"translation": [0, 2.5, 0],
			"scale": [0.375, 0.375, 0.375]
		},
		"firstperson_righthand": {
			"rotation": [0, 45, 0],
			"scale": [0.4, 0.4, 0.4]
		},
		"firstperson_lefthand": {
			"rotation": [0, 225, 0],
			"scale": [0.4, 0.4, 0.4]
		},
		"ground": {
			"translation": [0, 3, 0],
			"scale": [0.25, 0.25, 0.25]
		},
		"gui": {
			"rotation": [30, 225, 0],
			"scale": [0.625, 0.625, 0.625]
		},
		"head": {
			"translation": [0, 6, 0],
			"scale": [1.64, 1.64, 1.64]
		},
		"fixed": {
			"scale": [0.5, 0.5, 0.5]
		}
	}
}