{
	"credit": "magic_store_official",
	"texture_size": [32, 32],
	"textures": {
		"0": "cosmetics:item/hat/random_cosmetic_v1_hat_can",
		"particle": "cosmetics:item/hat/random_cosmetic_v1_hat_can"
	},
	"elements": [
		{
			"from": [3.5, 0, 3.5],
			"to": [12.5, 5, 12.5],
			"faces": {
				"north": {"uv": [4.5, 0, 9, 2.5], "texture": "#0"},
				"east": {"uv": [4.5, 0, 9, 2.5], "texture": "#0"},
				"south": {"uv": [4.5, 0, 9, 2.5], "texture": "#0"},
				"west": {"uv": [4.5, 0, 9, 2.5], "texture": "#0"},
				"up": {"uv": [4.5, 4.5, 0, 0], "texture": "#0"},
				"down": {"uv": [4.5, 4.5, 0, 9], "texture": "#0"}
			}
		},
		{
			"from": [3.5, 0, -1.5],
			"to": [12.5, 0, 3.5],
			"faces": {
				"north": {"uv": [0, 0, 4.5, 0], "texture": "#0"},
				"east": {"uv": [0, 0, 2.5, 0], "texture": "#0"},
				"south": {"uv": [0, 0, 4.5, 0], "texture": "#0"},
				"west": {"uv": [0, 0, 2.5, 0], "texture": "#0"},
				"up": {"uv": [4.5, 11.5, 0, 9], "texture": "#0"},
				"down": {"uv": [0, 9, 4.5, 11.5], "texture": "#0"}
			}
		},
		{
			"from": [0.5, -0.75, 7],
			"to": [3.5, 5.25, 10],
			"faces": {
				"north": {"uv": [9, 2.5, 10.5, 5.5], "texture": "#0"},
				"east": {"uv": [9, 2.5, 10.5, 5.5], "texture": "#0"},
				"south": {"uv": [9, 2.5, 10.5, 5.5], "texture": "#0"},
				"west": {"uv": [9, 2.5, 10.5, 5.5], "texture": "#0"},
				"up": {"uv": [12, 10, 10.5, 8.5], "texture": "#0"},
				"down": {"uv": [12, 10, 10.5, 11.5], "texture": "#0"}
			}
		},
		{
			"from": [12.5, -0.75, 7],
			"to": [15.5, 5.25, 10],
			"faces": {
				"north": {"uv": [9, 2.5, 10.5, 5.5], "texture": "#0"},
				"east": {"uv": [9, 2.5, 10.5, 5.5], "texture": "#0"},
				"south": {"uv": [9, 2.5, 10.5, 5.5], "texture": "#0"},
				"west": {"uv": [9, 2.5, 10.5, 5.5], "texture": "#0"},
				"up": {"uv": [12, 10, 10.5, 8.5], "texture": "#0"},
				"down": {"uv": [12, 10, 10.5, 11.5], "texture": "#0"}
			}
		},
		{
			"from": [12.4, 0.25, 6.9],
			"to": [15.6, 2.25, 10.1],
			"faces": {
				"north": {"uv": [9, 0, 10.5, 1], "texture": "#0"},
				"east": {"uv": [9, 0, 10.5, 1], "texture": "#0"},
				"south": {"uv": [9, 0, 10.5, 1], "texture": "#0"},
				"west": {"uv": [9, 0, 10.5, 1], "texture": "#0"}
			}
		},
		{
			"from": [0.4, 0.25, 6.9],
			"to": [3.6, 2.25, 10.1],
			"faces": {
				"north": {"uv": [9, 0, 10.5, 1], "texture": "#0"},
				"east": {"uv": [9, 0, 10.5, 1], "texture": "#0"},
				"south": {"uv": [9, 0, 10.5, 1], "texture": "#0"},
				"west": {"uv": [9, 0, 10.5, 1], "texture": "#0"}
			}
		},
		{
			"from": [1.5, -3.75, 8],
			"to": [2.5, -0.75, 9],
			"faces": {
				"north": {"uv": [9, 1, 9.5, 2.5], "texture": "#0"},
				"east": {"uv": [9, 1, 9.5, 2.5], "texture": "#0"},
				"south": {"uv": [9, 1, 9.5, 2.5], "texture": "#0"},
				"west": {"uv": [9, 1, 9.5, 2.5], "texture": "#0"},
				"up": {"uv": [9, 1, 9.5, 1.5], "texture": "#0"},
				"down": {"uv": [9, 2, 9.5, 2.5], "texture": "#0"}
			}
		},
		{
			"from": [13.5, -1.75, 8],
			"to": [14.5, -0.75, 9],
			"faces": {
				"north": {"uv": [9, 1, 9.5, 1.5], "texture": "#0"},
				"east": {"uv": [9, 1, 9.5, 1.5], "texture": "#0"},
				"south": {"uv": [9, 1, 9.5, 1.5], "texture": "#0"},
				"west": {"uv": [9, 1, 9.5, 1.5], "texture": "#0"},
				"up": {"uv": [9, 1, 9.5, 1.5], "texture": "#0"},
				"down": {"uv": [9, 1, 9.5, 1.5], "texture": "#0"}
			}
		},
		{
			"from": [1.5, -3.75, 3],
			"to": [2.5, -2.75, 8],
			"faces": {
				"north": {"uv": [10.5, 0, 11, 0.5], "rotation": 90, "texture": "#0"},
				"east": {"uv": [13, 0, 10.5, 0.5], "texture": "#0"},
				"south": {"uv": [10.5, 0, 11, 0.5], "rotation": 90, "texture": "#0"},
				"west": {"uv": [10.5, 0, 13, 0.5], "texture": "#0"},
				"up": {"uv": [10.5, 0, 13, 0.5], "rotation": 90, "texture": "#0"},
				"down": {"uv": [13, 0.5, 10.5, 0], "rotation": 90, "texture": "#0"}
			}
		},
		{
			"from": [2.5, -3.75, 3],
			"to": [6.5, -2.75, 4],
			"faces": {
				"north": {"uv": [10.5, 0.5, 12.5, 1], "texture": "#0"},
				"east": {"uv": [11, 0.5, 10.5, 1], "texture": "#0"},
				"south": {"uv": [12.5, 0.5, 10.5, 1], "texture": "#0"},
				"west": {"uv": [12.5, 0.5, 12, 1], "texture": "#0"},
				"up": {"uv": [12.5, 0.5, 10.5, 1], "texture": "#0"},
				"down": {"uv": [12.5, 0.5, 10.5, 1], "texture": "#0"}
			}
		}
	],
	"display": {
		"thirdperson_righthand": {
			"translation": [0, 2, 0],
			"scale": [0.45, 0.45, 0.45]
		},
		"thirdperson_lefthand": {
			"translation": [0, 2, 0],
			"scale": [0.45, 0.45, 0.45]
		},
		"firstperson_righthand": {
			"rotation": [0, 20.75, 0],
			"translation": [3, 4, 0],
			"scale": [0.7, 0.7, 0.7]
		},
		"firstperson_lefthand": {
			"rotation": [0, 20.75, 0],
			"translation": [3, 4, 0],
			"scale": [0.7, 0.7, 0.7]
		},
		"ground": {
			"scale": [0.5, 0.5, 0.5]
		},
		"gui": {
			"rotation": [30, 135, 0],
			"translation": [0.5, 4.75, 0],
			"scale": [0.8, 0.8, 0.8]
		},
		"head": {
			"translation": [0, 13.5, 0],
			"scale": [1.65, 1.65, 1.65]
		}
	},
	"groups": [
		0,
		1,
		2,
		3,
		4,
		5,
		{
			"name": "group",
			"origin": [0, 0, 0],
			"color": 0,
			"boneType": "",
			"children": [6, 7, 8, 9]
		},
		{
			"name": "group",
			"origin": [0, 0, 0],
			"color": 0,
			"boneType": "",
			"children": []
		}
	]
}