{
	"credit": "magic_store_official",
	"texture_size": [32, 32],
	"textures": {
		"0": "cosmetics:item/hat/random_cosmetic_v2_hat_long_2",
		"particle": "cosmetics:item/hat/random_cosmetic_v2_hat_long_2"
	},
	"elements": [
		{
			"from": [2.2, 0, 3.2],
			"to": [13, 3.6, 14],
			"faces": {
				"north": {"uv": [0, 9, 4.5, 10.5], "texture": "#0"},
				"east": {"uv": [0, 9, 4.5, 10.5], "texture": "#0"},
				"south": {"uv": [0, 9, 4.5, 10.5], "texture": "#0"},
				"west": {"uv": [0, 9, 4.5, 10.5], "texture": "#0"},
				"up": {"uv": [4.5, 4.5, 0, 0], "texture": "#0"},
				"down": {"uv": [4.5, 4.5, 0, 9], "texture": "#0"}
			}
		},
		{
			"from": [3.4, 3.6, 4.4],
			"to": [11.8, 13.2, 12.8],
			"faces": {
				"north": {"uv": [8, 0, 4.5, 4], "texture": "#0"},
				"east": {"uv": [4.5, 0, 8, 4], "texture": "#0"},
				"south": {"uv": [8, 0, 4.5, 4], "texture": "#0"},
				"west": {"uv": [4.5, 0, 8, 4], "texture": "#0"},
				"up": {"uv": [8, 11.5, 4.5, 8], "texture": "#0"},
				"down": {"uv": [11.5, 8, 8, 11.5], "texture": "#0"}
			}
		},
		{
			"from": [3.28, 4.8, 4.28],
			"to": [11.92, 7.2, 12.92],
			"faces": {
				"north": {"uv": [4.5, 4, 8, 5], "texture": "#0", "tintindex": 0},
				"east": {"uv": [4.5, 4, 8, 5], "texture": "#0", "tintindex": 0},
				"south": {"uv": [4.5, 4, 8, 5], "texture": "#0", "tintindex": 0},
				"west": {"uv": [4.5, 4, 8, 5], "texture": "#0", "tintindex": 0}
			}
		},
		{
			"from": [3.28, 9.6, 4.28],
			"to": [11.92, 12, 12.92],
			"faces": {
				"north": {"uv": [4.5, 4, 8, 5], "texture": "#0", "tintindex": 0},
				"east": {"uv": [4.5, 4, 8, 5], "texture": "#0", "tintindex": 0},
				"south": {"uv": [4.5, 4, 8, 5], "texture": "#0", "tintindex": 0},
				"west": {"uv": [4.5, 4, 8, 5], "texture": "#0", "tintindex": 0}
			}
		}
	],
	"display": {
		"thirdperson_righthand": {
			"rotation": [21.25, 0, 0],
			"translation": [0, 3.25, 0],
			"scale": [0.65, 0.65, 0.65]
		},
		"thirdperson_lefthand": {
			"rotation": [21.25, 0, 0],
			"translation": [0, 3.25, 0],
			"scale": [0.65, 0.65, 0.65]
		},
		"firstperson_righthand": {
			"rotation": [0, 20.75, 0],
			"translation": [4, 5.5, 0],
			"scale": [0.8, 0.8, 0.8]
		},
		"firstperson_lefthand": {
			"rotation": [0, 20.75, 0],
			"translation": [4, 5.5, 0],
			"scale": [0.8, 0.8, 0.8]
		},
		"ground": {
			"translation": [0, 5, 0],
			"scale": [0.7, 0.7, 0.7]
		},
		"gui": {
			"rotation": [30, 135, 0],
			"translation": [-0.5, 1.25, 0],
			"scale": [0.8, 0.8, 0.8]
		},
		"head": {
			"rotation": [5.75, 0, 0],
			"translation": [1, 13.75, 0],
			"scale": [1.65, 1.65, 1.65]
		},
		"fixed": {
			"translation": [0, 3, 0]
		}
	},
	"groups": [
		{
			"name": "group",
			"origin": [0, 0, 0],
			"color": 0,
			"boneType": "",
			"children": [0, 1, 2, 3]
		}
	]
}