{
	"credit": "magic_store_official",
	"texture_size": [64, 64],
	"textures": {
		"0": "cosmetics:item/hat/random_cosmetic_v2_hat_knight_angle",
		"particle": "cosmetics:item/hat/random_cosmetic_v2_hat_knight_angle"
	},
	"elements": [
		{
			"from": [3.5, 5, 3.5],
			"to": [12.5, 9, 12.5],
			"faces": {
				"north": {"uv": [0, 5.75, 2.25, 6.75], "texture": "#0"},
				"east": {"uv": [0, 5.75, 2.25, 6.75], "texture": "#0"},
				"south": {"uv": [0, 5.75, 2.25, 6.75], "texture": "#0"},
				"west": {"uv": [0, 5.75, 2.25, 6.75], "texture": "#0"},
				"up": {"uv": [2.25, 2.25, 0, 0], "texture": "#0"},
				"down": {"uv": [2.25, 2.25, 0, 4.5], "texture": "#0"}
			}
		},
		{
			"from": [11.5, 0, 3.5],
			"to": [12.5, 5, 12.5],
			"faces": {
				"north": {"uv": [5.75, 6.75, 6, 8], "texture": "#0"},
				"east": {"uv": [6.5, 2, 4.25, 3.25], "texture": "#0"},
				"south": {"uv": [5.75, 6.75, 6, 8], "texture": "#0"},
				"west": {"uv": [4.25, 2, 6.5, 3.25], "texture": "#0"},
				"down": {"uv": [5.25, 6.75, 5, 9], "texture": "#0"}
			}
		},
		{
			"from": [3.5, 0, 3.5],
			"to": [4.5, 5, 12.5],
			"faces": {
				"north": {"uv": [5.75, 6.75, 6, 8], "texture": "#0"},
				"east": {"uv": [6.5, 2, 4.25, 3.25], "texture": "#0"},
				"south": {"uv": [5.75, 6.75, 6, 8], "texture": "#0"},
				"west": {"uv": [4.25, 2, 6.5, 3.25], "texture": "#0"},
				"down": {"uv": [5.25, 6.75, 5, 9], "texture": "#0"}
			}
		},
		{
			"from": [4.5, 0, 9.5],
			"to": [11.5, 5, 12.5],
			"faces": {
				"north": {"uv": [2.25, 6, 4, 7.25], "texture": "#0"},
				"east": {"uv": [6.5, 4.75, 7.25, 6], "texture": "#0"},
				"south": {"uv": [6.5, 2, 8.25, 3.25], "texture": "#0"},
				"west": {"uv": [6.5, 6, 7.25, 7.25], "texture": "#0"},
				"up": {"uv": [8.25, 4, 6.5, 3.25], "texture": "#0"},
				"down": {"uv": [8.25, 4, 6.5, 4.75], "texture": "#0"}
			}
		},
		{
			"from": [2.5, 3, 6],
			"to": [3.5, 6, 9],
			"faces": {
				"north": {"uv": [4, 6, 4.25, 6.75], "texture": "#0"},
				"east": {"uv": [1.5, 6.75, 0.75, 7.5], "texture": "#0"},
				"south": {"uv": [2.5, 7.25, 2.75, 8], "texture": "#0"},
				"west": {"uv": [0.75, 6.75, 1.5, 7.5], "texture": "#0"},
				"up": {"uv": [3, 8, 2.75, 7.25], "texture": "#0"},
				"down": {"uv": [3.25, 7.25, 3, 8], "texture": "#0"}
			}
		},
		{
			"from": [3, 3, 6],
			"to": [3, 11, 14],
			"faces": {
				"north": {"uv": [0, 0, 0, 2], "texture": "#0"},
				"east": {"uv": [4.25, 2, 2.25, 4], "texture": "#0"},
				"south": {"uv": [0, 0, 0, 2], "texture": "#0"},
				"west": {"uv": [2.25, 2, 4.25, 4], "texture": "#0"},
				"up": {"uv": [0, 2, 0, 0], "texture": "#0"},
				"down": {"uv": [0, 0, 0, 2], "texture": "#0"}
			}
		},
		{
			"from": [12.5, 3, 6],
			"to": [13.5, 6, 9],
			"faces": {
				"north": {"uv": [4, 6, 4.25, 6.75], "texture": "#0"},
				"east": {"uv": [1.5, 6.75, 0.75, 7.5], "texture": "#0"},
				"south": {"uv": [2.5, 7.25, 2.75, 8], "texture": "#0"},
				"west": {"uv": [0.75, 6.75, 1.5, 7.5], "texture": "#0"},
				"up": {"uv": [3, 8, 2.75, 7.25], "texture": "#0"},
				"down": {"uv": [3.25, 7.25, 3, 8], "texture": "#0"}
			}
		},
		{
			"from": [13, 3, 6],
			"to": [13, 11, 14],
			"faces": {
				"north": {"uv": [0, 0, 0, 2], "texture": "#0"},
				"east": {"uv": [4.25, 2, 2.25, 4], "texture": "#0"},
				"south": {"uv": [0, 0, 0, 2], "texture": "#0"},
				"west": {"uv": [2.25, 2, 4.25, 4], "texture": "#0"},
				"up": {"uv": [0, 2, 0, 0], "texture": "#0"},
				"down": {"uv": [0, 0, 0, 2], "texture": "#0"}
			}
		},
		{
			"from": [4.5, 0, 3.5],
			"to": [11.5, 4, 3.5],
			"faces": {
				"north": {"uv": [0, 7.5, 1.75, 8.5], "texture": "#0"},
				"south": {"uv": [0, 7.5, 1.75, 8.5], "texture": "#0"}
			}
		},
		{
			"from": [7, 9, 4],
			"to": [9, 10, 12],
			"faces": {
				"north": {"uv": [2.75, 0, 3.25, 0.25], "texture": "#0"},
				"east": {"uv": [3.5, 0, 3.75, 2], "rotation": 90, "texture": "#0"},
				"south": {"uv": [3.25, 0, 2.75, 0.25], "texture": "#0"},
				"west": {"uv": [3.25, 0, 3.5, 2], "rotation": 90, "texture": "#0"},
				"up": {"uv": [2.25, 0, 2.75, 2], "texture": "#0"}
			}
		}
	],
	"display": {
		"thirdperson_righthand": {
			"translation": [0, 3.5, 0],
			"scale": [0.65, 0.65, 0.65]
		},
		"thirdperson_lefthand": {
			"translation": [0, 3.5, 0],
			"scale": [0.65, 0.65, 0.65]
		},
		"firstperson_righthand": {
			"rotation": [0, 20.75, 0],
			"translation": [4, 5.5, 0],
			"scale": [0.8, 0.8, 0.8]
		},
		"firstperson_lefthand": {
			"rotation": [0, 20.75, 0],
			"translation": [4, 5.5, 0],
			"scale": [0.8, 0.8, 0.8]
		},
		"ground": {
			"translation": [0, 5, 0],
			"scale": [0.7, 0.7, 0.7]
		},
		"gui": {
			"rotation": [30, 135, 0],
			"translation": [0, 2, 0],
			"scale": [0.95, 0.95, 0.95]
		},
		"head": {
			"rotation": [0, 0, -0.5],
			"translation": [0, 6.75, 0],
			"scale": [1.65, 1.65, 1.65]
		},
		"fixed": {
			"translation": [0, 3, 0]
		}
	}
}