{
	"credit": "magic_store_official",
	"texture_size": [64, 64],
	"textures": {
		"0": "cosmetics:item/hat/random_cosmetic_v1_hat_horn",
		"particle": "cosmetics:item/hat/random_cosmetic_v1_hat_horn"
	},
	"elements": [
		{
			"from": [3, 0, 3],
			"to": [13, 2, 13],
			"faces": {
				"north": {"uv": [5, 2.5, 7.5, 3], "texture": "#0"},
				"east": {"uv": [5, 2.5, 7.5, 3], "texture": "#0"},
				"south": {"uv": [5, 2.5, 7.5, 3], "texture": "#0"},
				"west": {"uv": [5, 2.5, 7.5, 3], "texture": "#0"},
				"down": {"uv": [2.5, 2.5, 0, 5], "texture": "#0"}
			}
		},
		{
			"from": [3, 2, 3],
			"to": [13, 8, 13],
			"faces": {
				"north": {"uv": [0, 5, 2.5, 6.5], "texture": "#0"},
				"east": {"uv": [5, 0, 7.5, 1.5], "texture": "#0"},
				"south": {"uv": [0, 5, 2.5, 6.5], "texture": "#0"},
				"west": {"uv": [5, 0, 7.5, 1.5], "texture": "#0"},
				"up": {"uv": [5, 2.5, 2.5, 0], "texture": "#0"}
			}
		},
		{
			"from": [7, -2, 2],
			"to": [9, 9, 3],
			"faces": {
				"north": {"uv": [5, 4.5, 5.5, 7.25], "texture": "#0"},
				"east": {"uv": [6, 7, 6.25, 9.75], "texture": "#0"},
				"south": {"uv": [5.5, 4.5, 5, 7.25], "texture": "#0"},
				"west": {"uv": [6.25, 7, 6.5, 9.75], "texture": "#0"},
				"up": {"uv": [8.25, 5.75, 7.75, 5.5], "texture": "#0"},
				"down": {"uv": [8.25, 5.75, 7.75, 6], "texture": "#0"}
			}
		},
		{
			"from": [7, 2, 13],
			"to": [9, 9, 14],
			"faces": {
				"north": {"uv": [5, 4.5, 5.5, 6.25], "texture": "#0"},
				"east": {"uv": [2.75, 7.75, 3, 9.5], "texture": "#0"},
				"south": {"uv": [5.5, 4.5, 5, 6.25], "texture": "#0"},
				"west": {"uv": [3, 7.75, 3.25, 9.5], "texture": "#0"},
				"up": {"uv": [8.25, 6.25, 7.75, 6], "texture": "#0"},
				"down": {"uv": [8.25, 6.25, 7.75, 6.5], "texture": "#0"}
			}
		},
		{
			"from": [7, 8, 3],
			"to": [9, 9, 13],
			"faces": {
				"north": {"uv": [7.75, 6.5, 8.25, 6.75], "texture": "#0"},
				"east": {"uv": [7.25, 4.5, 9.75, 4.75], "texture": "#0"},
				"south": {"uv": [7.75, 6.75, 8.25, 7], "texture": "#0"},
				"west": {"uv": [7.25, 4.75, 9.75, 5], "texture": "#0"},
				"up": {"uv": [6.5, 7, 6, 4.5], "texture": "#0"},
				"down": {"uv": [0.5, 6.25, 0, 8.75], "texture": "#0"}
			}
		},
		{
			"from": [11, 2, 6.5],
			"to": [14, 8, 9.5],
			"rotation": {"angle": -22.5, "axis": "z", "origin": [13, 4, 8.5]},
			"faces": {
				"north": {"uv": [0, 6.5, 0.75, 8], "texture": "#0"},
				"east": {"uv": [0, 6.5, 0.75, 8], "texture": "#0"},
				"south": {"uv": [0, 6.5, 0.75, 8], "texture": "#0"},
				"west": {"uv": [0, 6.5, 0.75, 8], "texture": "#0"},
				"up": {"uv": [0, 6.5, 0.75, 6.75], "texture": "#0"},
				"down": {"uv": [0, 7.75, 0.75, 8], "texture": "#0"}
			}
		},
		{
			"from": [13.25, 7, 7],
			"to": [15.25, 12, 9],
			"rotation": {"angle": 0, "axis": "z", "origin": [13, 4, 8.5]},
			"faces": {
				"north": {"uv": [7.25, 6.25, 7.75, 7.5], "texture": "#0"},
				"east": {"uv": [7.25, 6.25, 7.75, 7.5], "texture": "#0"},
				"south": {"uv": [7.25, 6.25, 7.75, 7.5], "texture": "#0"},
				"west": {"uv": [7.25, 6.25, 7.75, 7.5], "texture": "#0"},
				"up": {"uv": [7.25, 6.25, 7.75, 6.5], "texture": "#0"},
				"down": {"uv": [7.25, 7.25, 7.75, 7.5], "texture": "#0"}
			}
		},
		{
			"from": [2, 2, 6.5],
			"to": [5, 8, 9.5],
			"rotation": {"angle": 22.5, "axis": "z", "origin": [3, 4, 8.5]},
			"faces": {
				"north": {"uv": [0.75, 6.5, 0, 8], "texture": "#0"},
				"east": {"uv": [0.75, 6.5, 0, 8], "texture": "#0"},
				"south": {"uv": [0.75, 6.5, 0, 8], "texture": "#0"},
				"west": {"uv": [0.75, 6.5, 0, 8], "texture": "#0"},
				"up": {"uv": [0.75, 6.5, 0, 6.75], "texture": "#0"},
				"down": {"uv": [0.75, 7.75, 0, 8], "texture": "#0"}
			}
		},
		{
			"from": [0.75, 7, 7],
			"to": [2.75, 12, 9],
			"rotation": {"angle": 0, "axis": "z", "origin": [3, 4, 8.5]},
			"faces": {
				"north": {"uv": [7.75, 6.25, 7.25, 7.5], "texture": "#0"},
				"east": {"uv": [7.75, 6.25, 7.25, 7.5], "texture": "#0"},
				"south": {"uv": [7.75, 6.25, 7.25, 7.5], "texture": "#0"},
				"west": {"uv": [7.75, 6.25, 7.25, 7.5], "texture": "#0"},
				"up": {"uv": [7.75, 6.25, 7.25, 6.5], "texture": "#0"},
				"down": {"uv": [7.75, 7.25, 7.25, 7.5], "texture": "#0"}
			}
		}
	],
	"display": {
		"thirdperson_righthand": {
			"translation": [0, 2, 0],
			"scale": [0.45, 0.45, 0.45]
		},
		"thirdperson_lefthand": {
			"translation": [0, 2, 0],
			"scale": [0.45, 0.45, 0.45]
		},
		"firstperson_righthand": {
			"rotation": [0, 20.75, 0],
			"translation": [3, 4, 0],
			"scale": [0.7, 0.7, 0.7]
		},
		"firstperson_lefthand": {
			"rotation": [0, 20.75, 0],
			"translation": [3, 4, 0],
			"scale": [0.7, 0.7, 0.7]
		},
		"ground": {
			"scale": [0.5, 0.5, 0.5]
		},
		"gui": {
			"rotation": [30, 135, 0],
			"translation": [0, 1.75, 0],
			"scale": [0.85, 0.85, 0.85]
		},
		"head": {
			"translation": [0, 11.75, 0],
			"scale": [1.6, 1.6, 1.6]
		},
		"fixed": {
			"translation": [0, 3.25, 0]
		}
	}
}