{
	"credit": "magic_store_official",
	"texture_size": [64, 64],
	"textures": {
		"0": "cosmetics:item/hat/random_cosmetic_v2_hat_boxs",
		"particle": "cosmetics:item/hat/random_cosmetic_v2_hat_boxs"
	},
	"elements": [
		{
			"from": [3.5, 0, 3.5],
			"to": [12.5, 12, 12.5],
			"faces": {
				"north": {"uv": [0, 0, 2.25, 3], "texture": "#0"},
				"east": {"uv": [2.25, 0, 0, 3], "texture": "#0"},
				"south": {"uv": [0, 0, 2.25, 3], "texture": "#0"},
				"west": {"uv": [2.25, 0, 0, 3], "texture": "#0"},
				"up": {"uv": [6.75, 2.25, 4.5, 0], "texture": "#0"},
				"down": {"uv": [6.75, 2.25, 4.5, 4.5], "texture": "#0"}
			}
		},
		{
			"from": [3.5, -5.72208, 3.84254],
			"to": [12.5, -1.72208, 3.84254],
			"rotation": {"angle": 22.5, "axis": "x", "origin": [8, 0, 8]},
			"faces": {
				"north": {"uv": [6.75, 1, 9, 2], "texture": "#0"},
				"east": {"uv": [0, 0, 0, 1], "texture": "#0"},
				"south": {"uv": [9, 1, 6.75, 2], "texture": "#0"},
				"west": {"uv": [0, 0, 0, 1], "texture": "#0"},
				"up": {"uv": [2.25, 0, 0, 0], "texture": "#0"},
				"down": {"uv": [2.25, 0, 0, 0], "texture": "#0"}
			}
		},
		{
			"from": [12.15746, -5.72208, 3.5],
			"to": [12.15746, -1.72208, 12.5],
			"rotation": {"angle": 22.5, "axis": "z", "origin": [8, 0, 8]},
			"faces": {
				"north": {"uv": [0, 0, 0, 1], "texture": "#0"},
				"east": {"uv": [6.75, 1, 9, 2], "texture": "#0"},
				"south": {"uv": [0, 0, 0, 1], "texture": "#0"},
				"west": {"uv": [9, 1, 6.75, 2], "texture": "#0"},
				"up": {"uv": [2.25, 0, 0, 0], "rotation": 90, "texture": "#0"},
				"down": {"uv": [2.25, 0, 0, 0], "rotation": 270, "texture": "#0"}
			}
		},
		{
			"from": [3.5, -5.72208, 12.15746],
			"to": [12.5, -1.72208, 12.15746],
			"rotation": {"angle": -22.5, "axis": "x", "origin": [8, 0, 8]},
			"faces": {
				"north": {"uv": [9, 1, 6.75, 2], "texture": "#0"},
				"east": {"uv": [0, 0, 0, 1], "texture": "#0"},
				"south": {"uv": [6.75, 1, 9, 2], "texture": "#0"},
				"west": {"uv": [0, 0, 0, 1], "texture": "#0"},
				"up": {"uv": [2.25, 0, 0, 0], "rotation": 180, "texture": "#0"},
				"down": {"uv": [2.25, 0, 0, 0], "rotation": 180, "texture": "#0"}
			}
		},
		{
			"from": [3.84254, -5.72208, 3.5],
			"to": [3.84254, -1.72208, 12.5],
			"rotation": {"angle": -22.5, "axis": "z", "origin": [8, 0, 8]},
			"faces": {
				"north": {"uv": [0, 0, 0, 1], "texture": "#0"},
				"east": {"uv": [9, 1, 6.75, 2], "texture": "#0"},
				"south": {"uv": [0, 0, 0, 1], "texture": "#0"},
				"west": {"uv": [6.75, 1, 9, 2], "texture": "#0"},
				"up": {"uv": [2.25, 0, 0, 0], "rotation": 270, "texture": "#0"},
				"down": {"uv": [2.25, 0, 0, 0], "rotation": 90, "texture": "#0"}
			}
		}
	],
	"display": {
		"thirdperson_righthand": {
			"translation": [0, 3.5, 0],
			"scale": [0.65, 0.65, 0.65]
		},
		"thirdperson_lefthand": {
			"translation": [0, 3.5, 0],
			"scale": [0.65, 0.65, 0.65]
		},
		"firstperson_righthand": {
			"rotation": [0, 20.75, 0],
			"translation": [4, 5.5, 0],
			"scale": [0.8, 0.8, 0.8]
		},
		"firstperson_lefthand": {
			"rotation": [0, 20.75, 0],
			"translation": [4, 5.5, 0],
			"scale": [0.8, 0.8, 0.8]
		},
		"ground": {
			"translation": [0, 5, 0],
			"scale": [0.7, 0.7, 0.7]
		},
		"gui": {
			"rotation": [30, 135, 0],
			"translation": [0, 2.75, 0],
			"scale": [0.8, 0.8, 0.8]
		},
		"head": {
			"rotation": [2.75, 0, 0],
			"translation": [0, 18.25, 0.5],
			"scale": [1.65, 1.65, 1.65]
		},
		"fixed": {
			"translation": [0, 5, 0]
		}
	},
	"groups": [
		{
			"name": "group",
			"origin": [8, 0, 3.5],
			"color": 0,
			"boneType": "",
			"children": [0, 1, 2, 3, 4]
		}
	]
}