{
	"credit": "magic_store_official",
	"texture_size": [64, 64],
	"textures": {
		"0": "cosmetics:item/hat/random_cosmetic_v1_hat_straw_hat",
		"particle": "cosmetics:item/hat/random_cosmetic_v1_hat_straw_hat"
	},
	"elements": [
		{
			"from": [3.5, 0, 3.5],
			"to": [12.5, 3, 12.5],
			"rotation": {"angle": 0, "axis": "y", "origin": [8, 1.5, 8]},
			"faces": {
				"north": {"uv": [5, 6, 7.25, 6.75], "texture": "#0"},
				"east": {"uv": [5, 6, 7.25, 6.75], "texture": "#0"},
				"south": {"uv": [5, 6, 7.25, 6.75], "texture": "#0"},
				"west": {"uv": [5, 6, 7.25, 6.75], "texture": "#0"},
				"up": {"uv": [7.25, 2.25, 5, 0], "texture": "#0"}
			}
		},
		{
			"from": [-2, 0, -2],
			"to": [18, 0, 18],
			"faces": {
				"north": {"uv": [0, 0, 5, 0], "texture": "#0"},
				"east": {"uv": [0, 0, 5, 0], "texture": "#0"},
				"south": {"uv": [0, 0, 5, 0], "texture": "#0"},
				"west": {"uv": [0, 0, 5, 0], "texture": "#0"},
				"up": {"uv": [5, 5, 0, 0], "texture": "#0"},
				"down": {"uv": [5, 5, 0, 0], "texture": "#0"}
			}
		}
	],
	"display": {
		"thirdperson_righthand": {
			"rotation": [57, 0, 0],
			"translation": [0, 3.75, 2],
			"scale": [0.45, 0.45, 0.45]
		},
		"thirdperson_lefthand": {
			"rotation": [57, 0, 0],
			"translation": [0, 3.75, 2],
			"scale": [0.45, 0.45, 0.45]
		},
		"firstperson_righthand": {
			"rotation": [0, 20.75, 0],
			"translation": [3, 6.25, 0],
			"scale": [0.7, 0.7, 0.7]
		},
		"firstperson_lefthand": {
			"rotation": [0, 20.75, 0],
			"translation": [3, 6.25, 0],
			"scale": [0.7, 0.7, 0.7]
		},
		"ground": {
			"scale": [0.5, 0.5, 0.5]
		},
		"gui": {
			"rotation": [30, 135, 0],
			"translation": [0, 4, 0],
			"scale": [0.65, 0.65, 0.65]
		},
		"head": {
			"rotation": [5.25, 0, 0],
			"translation": [0, 16, 1],
			"scale": [1.65, 1.65, 1.65]
		}
	},
	"groups": [
		{
			"name": "group",
			"origin": [0, 0, 0],
			"color": 0,
			"boneType": "",
			"children": [0, 1]
		}
	]
}