{
	"credit": "magic_store_official",
	"texture_size": [64, 64],
	"textures": {
		"0": "cosmetics:item/hat/random_cosmetic_v1_hat_chief",
		"particle": "cosmetics:item/hat/random_cosmetic_v1_hat_chief"
	},
	"elements": [
		{
			"from": [3, 0, 3],
			"to": [13, 6, 13],
			"faces": {
				"north": {"uv": [3, 6.75, 5.5, 8.25], "texture": "#0"},
				"east": {"uv": [3, 6.75, 5.5, 8.25], "texture": "#0"},
				"south": {"uv": [3, 6.75, 5.5, 8.25], "texture": "#0"},
				"west": {"uv": [3, 6.75, 5.5, 8.25], "texture": "#0"}
			}
		},
		{
			"from": [3, 6, 3],
			"to": [13, 0, 13],
			"faces": {
				"north": {"uv": [3, 8.25, 5.5, 6.75], "texture": "#0"},
				"east": {"uv": [3, 8.25, 5.5, 6.75], "texture": "#0"},
				"south": {"uv": [3, 8.25, 5.5, 6.75], "texture": "#0"},
				"west": {"uv": [3, 8.25, 5.5, 6.75], "texture": "#0"}
			}
		},
		{
			"from": [1.5, 4, 3],
			"to": [14.5, 12, 16],
			"rotation": {"angle": 22.5, "axis": "x", "origin": [8, 7.5, 8]},
			"faces": {
				"north": {"uv": [12.75, 0, 16, 2], "texture": "#0"},
				"east": {"uv": [12.75, 0, 16, 2], "texture": "#0"},
				"south": {"uv": [12.75, 0, 16, 2], "texture": "#0"},
				"west": {"uv": [12.75, 0, 16, 2], "texture": "#0"},
				"up": {"uv": [16, 5.25, 12.75, 2], "texture": "#0"},
				"down": {"uv": [16, 5.25, 12.75, 8.5], "texture": "#0"}
			}
		},
		{
			"from": [2.9, 1, 2.9],
			"to": [13.1, 2, 13.1],
			"faces": {
				"north": {"uv": [0, 0, 2.5, 0.25], "texture": "#0", "tintindex": 0},
				"east": {"uv": [0, 0, 2.5, 0.25], "texture": "#0", "tintindex": 0},
				"south": {"uv": [0, 0, 2.5, 0.25], "texture": "#0", "tintindex": 0},
				"west": {"uv": [0, 0, 2.5, 0.25], "texture": "#0", "tintindex": 0}
			}
		}
	],
	"display": {
		"thirdperson_righthand": {
			"translation": [0, 2, 0],
			"scale": [0.45, 0.45, 0.45]
		},
		"thirdperson_lefthand": {
			"translation": [0, 2, 0],
			"scale": [0.45, 0.45, 0.45]
		},
		"firstperson_righthand": {
			"rotation": [0, 20.75, 0],
			"translation": [3, 4, 0],
			"scale": [0.7, 0.7, 0.7]
		},
		"firstperson_lefthand": {
			"rotation": [0, 20.75, 0],
			"translation": [3, 4, 0],
			"scale": [0.7, 0.7, 0.7]
		},
		"ground": {
			"scale": [0.5, 0.5, 0.5]
		},
		"gui": {
			"rotation": [30, 135, 0],
			"translation": [-0.75, 1, 0],
			"scale": [0.75, 0.75, 0.75]
		},
		"head": {
			"rotation": [6, 0, 0],
			"translation": [0, 13.75, 1.25],
			"scale": [1.6, 1.6, 1.6]
		}
	}
}