{
	"credit": "magic_store_official",
	"texture_size": [64, 64],
	"textures": {
		"0": "cosmetics:item/hat/random_cosmetic_v1_hat_business",
		"particle": "cosmetics:item/hat/random_cosmetic_v1_hat_business"
	},
	"elements": [
		{
			"from": [3.5, 0, 3.5],
			"to": [12.5, 12, 12.5],
			"faces": {
				"north": {"uv": [3.5, 0, 5.75, 3], "texture": "#0"},
				"east": {"uv": [3.5, 0, 5.75, 3], "texture": "#0"},
				"south": {"uv": [3.5, 0, 5.75, 3], "texture": "#0"},
				"west": {"uv": [3.5, 0, 5.75, 3], "texture": "#0"},
				"up": {"uv": [2.25, 9.25, 0, 7], "texture": "#0"}
			}
		},
		{
			"from": [1, 0, 1],
			"to": [15, 0, 15],
			"faces": {
				"north": {"uv": [0, 0, 3.5, 0], "texture": "#0"},
				"east": {"uv": [0, 0, 3.5, 0], "texture": "#0"},
				"south": {"uv": [0, 0, 3.5, 0], "texture": "#0"},
				"west": {"uv": [0, 0, 3.5, 0], "texture": "#0"},
				"up": {"uv": [3.5, 3.5, 0, 0], "texture": "#0"},
				"down": {"uv": [3.5, 3.5, 0, 0], "texture": "#0"}
			}
		},
		{
			"from": [3.4, 1, 3.4],
			"to": [12.6, 3, 12.6],
			"faces": {
				"north": {"uv": [8, 2.75, 10.25, 3.25], "texture": "#0"},
				"east": {"uv": [8, 2.75, 10.25, 3.25], "texture": "#0"},
				"south": {"uv": [8, 2.75, 10.25, 3.25], "texture": "#0"},
				"west": {"uv": [8, 2.75, 10.25, 3.25], "texture": "#0"}
			}
		}
	],
	"display": {
		"thirdperson_righthand": {
			"translation": [0, 2, 0],
			"scale": [0.45, 0.45, 0.45]
		},
		"thirdperson_lefthand": {
			"translation": [0, 2, 0],
			"scale": [0.45, 0.45, 0.45]
		},
		"firstperson_righthand": {
			"rotation": [0, 20.75, 0],
			"translation": [3, 4, 0],
			"scale": [0.7, 0.7, 0.7]
		},
		"firstperson_lefthand": {
			"rotation": [0, 20.75, 0],
			"translation": [3, 4, 0],
			"scale": [0.7, 0.7, 0.7]
		},
		"ground": {
			"scale": [0.5, 0.5, 0.5]
		},
		"gui": {
			"rotation": [30, 135, 0],
			"translation": [0, 2, 0],
			"scale": [0.8, 0.8, 0.8]
		},
		"head": {
			"rotation": [6, 0, 0],
			"translation": [0, 13.75, 1.25],
			"scale": [1.6, 1.6, 1.6]
		}
	}
}