{
	"credit": "magic_store_official",
	"texture_size": [32, 32],
	"textures": {
		"0": "cosmetics:item/hat/random_cosmetic_v2_hat_finn",
		"particle": "cosmetics:item/hat/random_cosmetic_v2_hat_finn"
	},
	"elements": [
		{
			"from": [3.5, 0, 3.5],
			"to": [12.5, 9, 12.5],
			"faces": {
				"north": {"uv": [0, 0, 4.5, 4.5], "texture": "#0"},
				"east": {"uv": [0, 4.5, 4.5, 9], "texture": "#0"},
				"south": {"uv": [4.5, 0, 9, 4.5], "texture": "#0"},
				"west": {"uv": [4.5, 4.5, 0, 9], "texture": "#0"},
				"up": {"uv": [4.5, 13.5, 0, 9], "texture": "#0"},
				"down": {"uv": [13.5, 0, 9, 4.5], "texture": "#0"}
			}
		},
		{
			"from": [3.5, 9, 3.5],
			"to": [12.5, 0, 12.5],
			"faces": {
				"north": {"uv": [0, 4.5, 4.5, 0], "texture": "#0"},
				"east": {"uv": [0, 9, 4.5, 4.5], "texture": "#0"},
				"south": {"uv": [4.5, 4.5, 9, 0], "texture": "#0"},
				"west": {"uv": [4.5, 9, 0, 4.5], "texture": "#0"},
				"up": {"uv": [13.5, 4.5, 9, 0], "texture": "#0"},
				"down": {"uv": [4.5, 9, 0, 13.5], "texture": "#0"}
			}
		},
		{
			"from": [9.5, 9, 5.5],
			"to": [11.5, 11, 8.5],
			"faces": {
				"north": {"uv": [9.5, 9.5, 10.5, 10.5], "texture": "#0"},
				"east": {"uv": [4.5, 9, 6, 10], "texture": "#0"},
				"south": {"uv": [4.5, 10, 5.5, 11], "texture": "#0"},
				"west": {"uv": [6, 9, 4.5, 10], "texture": "#0"},
				"up": {"uv": [10, 7, 9, 5.5], "texture": "#0"},
				"down": {"uv": [7, 9, 6, 10.5], "texture": "#0"}
			}
		},
		{
			"from": [4.5, 9, 5.5],
			"to": [6.5, 11, 8.5],
			"faces": {
				"north": {"uv": [9.5, 9.5, 10.5, 10.5], "texture": "#0"},
				"east": {"uv": [4.5, 9, 6, 10], "texture": "#0"},
				"south": {"uv": [4.5, 10, 5.5, 11], "texture": "#0"},
				"west": {"uv": [6, 9, 4.5, 10], "texture": "#0"},
				"up": {"uv": [10, 7, 9, 5.5], "texture": "#0"},
				"down": {"uv": [7, 9, 6, 10.5], "texture": "#0"}
			}
		}
	],
	"display": {
		"thirdperson_righthand": {
			"translation": [0, 3.5, 0],
			"scale": [0.65, 0.65, 0.65]
		},
		"thirdperson_lefthand": {
			"translation": [0, 3.5, 0],
			"scale": [0.65, 0.65, 0.65]
		},
		"firstperson_righthand": {
			"rotation": [0, 20.75, 0],
			"translation": [4, 5.5, 0],
			"scale": [0.8, 0.8, 0.8]
		},
		"firstperson_lefthand": {
			"rotation": [0, 20.75, 0],
			"translation": [4, 5.5, 0],
			"scale": [0.8, 0.8, 0.8]
		},
		"ground": {
			"translation": [0, 5, 0],
			"scale": [0.7, 0.7, 0.7]
		},
		"gui": {
			"rotation": [30, 135, 0],
			"translation": [0, 2.25, 0],
			"scale": [0.9, 0.9, 0.9]
		},
		"head": {
			"translation": [0, 6, 0],
			"scale": [1.65, 1.65, 1.65]
		},
		"fixed": {
			"translation": [0, 3.25, 0]
		}
	},
	"groups": [
		{
			"name": "group",
			"origin": [0, 0, 0],
			"color": 0,
			"boneType": "",
			"children": [0, 1, 2, 3]
		}
	]
}