{
	"credit": "magic_store_official",
	"texture_size": [32, 32],
	"textures": {
		"0": "cosmetics:item/hat/random_cosmetic_v2_hat_cap",
		"particle": "cosmetics:item/hat/random_cosmetic_v2_hat_cap"
	},
	"elements": [
		{
			"from": [3.5, 0, 5],
			"to": [12.5, 4, 14],
			"faces": {
				"north": {"uv": [4.5, 0, 9, 2], "texture": "#0", "tintindex": 0},
				"east": {"uv": [4.5, 0, 9, 2], "texture": "#0", "tintindex": 0},
				"south": {"uv": [4.5, 0, 9, 2], "texture": "#0", "tintindex": 0},
				"west": {"uv": [4.5, 0, 9, 2], "texture": "#0", "tintindex": 0},
				"up": {"uv": [4.5, 4.5, 0, 0], "texture": "#0", "tintindex": 0},
				"down": {"uv": [4.5, 4.5, 0, 9], "texture": "#0", "tintindex": 0}
			}
		},
		{
			"from": [3.5, 0, 1],
			"to": [12.5, 0, 5],
			"faces": {
				"up": {"uv": [9, 10, 4.5, 8], "texture": "#0", "tintindex": 0},
				"down": {"uv": [4.5, 8, 9, 10], "texture": "#0", "tintindex": 0}
			}
		}
	],
	"display": {
		"thirdperson_righthand": {
			"translation": [0, 3.5, 0],
			"scale": [0.65, 0.65, 0.65]
		},
		"thirdperson_lefthand": {
			"translation": [0, 3.5, 0],
			"scale": [0.65, 0.65, 0.65]
		},
		"firstperson_righthand": {
			"rotation": [0, 20.75, 0],
			"translation": [4, 5.5, 0],
			"scale": [0.8, 0.8, 0.8]
		},
		"firstperson_lefthand": {
			"rotation": [0, 20.75, 0],
			"translation": [4, 5.5, 0],
			"scale": [0.8, 0.8, 0.8]
		},
		"ground": {
			"translation": [0, 5, 0],
			"scale": [0.7, 0.7, 0.7]
		},
		"gui": {
			"rotation": [30, 135, 0],
			"translation": [0, 4, 0],
			"scale": [0.9, 0.9, 0.9]
		},
		"head": {
			"translation": [0, 15, -2.5],
			"scale": [1.65, 1.65, 1.65]
		},
		"fixed": {
			"translation": [0, 5, 0]
		}
	}
}