{
	"credit": "magic_store_official",
	"texture_size": [64, 64],
	"textures": {
		"0": "cosmetics:item/hat/random_cosmetic_v2_hat_long",
		"particle": "cosmetics:item/hat/random_cosmetic_v2_hat_long"
	},
	"elements": [
		{
			"from": [3.5, 0, 3.5],
			"to": [12.5, 5, 12.5],
			"faces": {
				"north": {"uv": [7.25, 0, 9.5, 1.25], "texture": "#0"},
				"east": {"uv": [7.25, 0, 9.5, 1.25], "texture": "#0"},
				"south": {"uv": [7.25, 0, 9.5, 1.25], "texture": "#0"},
				"west": {"uv": [7.25, 0, 9.5, 1.25], "texture": "#0"},
				"up": {"uv": [7.25, 2.25, 5, 0], "texture": "#0"}
			}
		},
		{
			"from": [18, 0, -2],
			"to": [20, 0, 18],
			"rotation": {"angle": 22.5, "axis": "z", "origin": [18, 0, 8]},
			"faces": {
				"up": {"uv": [7.75, 6.25, 8.25, 1.25], "texture": "#0"},
				"down": {"uv": [7.75, 6.25, 8.25, 1.25], "texture": "#0"}
			}
		},
		{
			"from": [-4, 0, -2],
			"to": [-2, 0, 18],
			"rotation": {"angle": -22.5, "axis": "z", "origin": [-2, 0, 8]},
			"faces": {
				"up": {"uv": [8.25, 6.25, 7.75, 1.25], "texture": "#0"},
				"down": {"uv": [8.25, 6.25, 7.75, 1.25], "texture": "#0"}
			}
		},
		{
			"from": [-2, 0, -2],
			"to": [18, 0, 18],
			"faces": {
				"up": {"uv": [5, 5, 0, 0], "texture": "#0"},
				"down": {"uv": [5, 5, 0, 0], "texture": "#0"}
			}
		},
		{
			"from": [-2, 0, -4],
			"to": [18, 0, -2],
			"rotation": {"angle": 22.5, "axis": "x", "origin": [8, 0, -2]},
			"faces": {
				"up": {"uv": [8.25, 6.25, 7.75, 1.25], "rotation": 90, "texture": "#0"},
				"down": {"uv": [7.75, 6.25, 8.25, 1.25], "rotation": 90, "texture": "#0"}
			}
		},
		{
			"from": [-2, 0, 18],
			"to": [18, 0, 20],
			"rotation": {"angle": -22.5, "axis": "x", "origin": [8, 0, 18]},
			"faces": {
				"up": {"uv": [7.75, 6.25, 8.25, 1.25], "rotation": 90, "texture": "#0"},
				"down": {"uv": [8.25, 6.25, 7.75, 1.25], "rotation": 90, "texture": "#0"}
			}
		},
		{
			"from": [3.4, 0, 3.4],
			"to": [12.6, 2, 12.6],
			"faces": {
				"north": {"uv": [0, 5, 2.25, 5.5], "texture": "#0", "tintindex": 0},
				"east": {"uv": [0, 5, 2.25, 5.5], "texture": "#0", "tintindex": 0},
				"south": {"uv": [0, 5, 2.25, 5.5], "texture": "#0", "tintindex": 0},
				"west": {"uv": [0, 5, 2.25, 5.5], "texture": "#0", "tintindex": 0}
			}
		}
	],
	"display": {
		"thirdperson_righthand": {
			"translation": [0, 3.75, 0],
			"scale": [0.45, 0.45, 0.45]
		},
		"thirdperson_lefthand": {
			"translation": [0, 3.75, 0],
			"scale": [0.45, 0.45, 0.45]
		},
		"firstperson_righthand": {
			"rotation": [0, 20.75, 0],
			"translation": [3, 5.75, 0],
			"scale": [0.7, 0.7, 0.7]
		},
		"firstperson_lefthand": {
			"rotation": [0, 20.75, 0],
			"translation": [3, 5.75, 0],
			"scale": [0.7, 0.7, 0.7]
		},
		"ground": {
			"translation": [0, 1.75, 0],
			"scale": [0.5, 0.5, 0.5]
		},
		"gui": {
			"rotation": [30, 135, 0],
			"translation": [0, 3, 0],
			"scale": [0.6, 0.6, 0.6]
		},
		"head": {
			"translation": [0, 16, 0],
			"scale": [1.65, 1.65, 1.65]
		},
		"fixed": {
			"translation": [0, 3.25, 0]
		}
	}
}