{
	"credit": "magic_store_official",
	"texture_size": [32, 32],
	"textures": {
		"0": "cosmetics:item/hat/random_cosmetic_v2_hat_frog",
		"particle": "cosmetics:item/hat/random_cosmetic_v2_hat_frog"
	},
	"elements": [
		{
			"from": [3.5, 0, 3.5],
			"to": [12.5, 4, 12.5],
			"faces": {
				"north": {"uv": [7, 7, 11.5, 9], "texture": "#0"},
				"east": {"uv": [7, 9, 11.5, 11], "texture": "#0"},
				"south": {"uv": [7, 9, 11.5, 11], "texture": "#0"},
				"west": {"uv": [7, 9, 11.5, 11], "texture": "#0"},
				"up": {"uv": [11.5, 4.5, 7, 0], "texture": "#0"}
			}
		},
		{
			"from": [1, 0, 1],
			"to": [15, 0, 15],
			"faces": {
				"north": {"uv": [0, 0, 7, 0], "texture": "#0"},
				"east": {"uv": [0, 0, 7, 0], "texture": "#0"},
				"south": {"uv": [0, 0, 7, 0], "texture": "#0"},
				"west": {"uv": [0, 0, 7, 0], "texture": "#0"},
				"up": {"uv": [7, 7, 0, 0], "texture": "#0"},
				"down": {"uv": [7, 7, 0, 0], "texture": "#0"}
			}
		},
		{
			"from": [10.5, 3, 5],
			"to": [14.5, 8, 6],
			"faces": {
				"north": {"uv": [11.5, 4, 13.5, 6.5], "texture": "#0"},
				"east": {"uv": [7, 13, 7.5, 15.5], "texture": "#0"},
				"south": {"uv": [11.5, 6.5, 13.5, 9], "texture": "#0"},
				"west": {"uv": [7.5, 13, 8, 15.5], "texture": "#0"},
				"up": {"uv": [11, 13.5, 9, 13], "texture": "#0"},
				"down": {"uv": [15.5, 4, 13.5, 4.5], "texture": "#0"}
			}
		},
		{
			"from": [1.5, 3, 5],
			"to": [5.5, 8, 6],
			"rotation": {"angle": 0, "axis": "y", "origin": [16, 0, 0]},
			"faces": {
				"north": {"uv": [13.5, 4, 11.5, 6.5], "texture": "#0"},
				"east": {"uv": [8, 13, 7.5, 15.5], "texture": "#0"},
				"south": {"uv": [13.5, 6.5, 11.5, 9], "texture": "#0"},
				"west": {"uv": [7.5, 13, 7, 15.5], "texture": "#0"},
				"up": {"uv": [9, 13.5, 11, 13], "texture": "#0"},
				"down": {"uv": [13.5, 4, 15.5, 4.5], "texture": "#0"}
			}
		}
	],
	"display": {
		"gui": {
			"rotation": [30, 135, 0],
			"translation": [0, 4.25, 0],
			"scale": [0.9, 0.9, 0.9]
		},
		"head": {
			"translation": [0, 14.75, 0],
			"scale": [1.65, 1.65, 1.65]
		}
	}
}