{
	"credit": "magic_store_official",
	"texture_size": [48, 48],
	"textures": {
		"4": "cosmetics:item/hat/random_cosmetic_v1_hat_fantasy"
	},
	"elements": [
		{
			"from": [3.17, 0.85, -0.5075],
			"to": [12.83, 1.85, 3.9725],
			"rotation": {"angle": 0, "axis": "y", "origin": [8, 1.475, 1.7325]},
			"faces": {
				"north": {"uv": [0, 8, 3.33333, 8.33333], "texture": "#4"},
				"east": {"uv": [7.66667, 9, 9, 9.33333], "texture": "#4"},
				"south": {"uv": [5.66667, 8, 9, 8.33333], "texture": "#4"},
				"west": {"uv": [9, 7.66667, 10.33333, 8], "texture": "#4"},
				"up": {"uv": [3.33333, 7.33333, 6.66667, 6], "texture": "#4"},
				"down": {"uv": [6.66667, 6, 3.33333, 7.33333], "texture": "#4"}
			}
		},
		{
			"from": [2.825, 2.15, 2.5925],
			"to": [13.175, 5.575, 10.8675],
			"rotation": {"angle": 22.5, "axis": "x", "origin": [8, 3.225, 8.3175]},
			"faces": {
				"north": {"uv": [0, 6.66667, 3.33333, 8], "texture": "#4"},
				"east": {"uv": [5.66667, 7.33333, 3.33333, 8.66667], "texture": "#4"},
				"south": {"uv": [6.66667, 0, 10, 1.33333], "texture": "#4"},
				"west": {"uv": [3.33333, 7.33333, 5.66667, 8.66667], "texture": "#4"},
				"up": {"uv": [6.66667, 2.33333, 3.33333, 0], "texture": "#4"},
				"down": {"uv": [6.66667, 2.33333, 3.33333, 4.66667], "texture": "#4"}
			}
		},
		{
			"from": [2.8, 0.825, 2.6075],
			"to": [13.2, 4.425, 12.9075],
			"rotation": {"angle": 0, "axis": "y", "origin": [8, 3.225, 7.6825]},
			"faces": {
				"north": {"uv": [6.66667, 1.33333, 10, 2.66667], "texture": "#4"},
				"east": {"uv": [10, 5.33333, 6.66667, 6.66667], "texture": "#4"},
				"south": {"uv": [6.66667, 4, 10, 5.33333], "texture": "#4"},
				"west": {"uv": [6.66667, 5.33333, 10, 6.66667], "texture": "#4"},
				"up": {"uv": [3.33333, 3.33333, 0, 0], "texture": "#4"},
				"down": {"uv": [3.33333, 3.33333, 0, 6.66667], "texture": "#4"}
			}
		},
		{
			"from": [11.21957, 2.35376, 0.82552],
			"to": [12.0392, 5.08584, 3.29335],
			"rotation": {"angle": 0, "axis": "y", "origin": [9.12729, 0.72802, 5.73761]},
			"faces": {
				"north": {"uv": [5.33333, 9.33333, 5.66667, 10.33333], "texture": "#4"},
				"east": {"uv": [0, 8.33333, 0.66667, 9.33333], "texture": "#4"},
				"south": {"uv": [9, 9.66667, 9.33333, 10.66667], "texture": "#4"},
				"west": {"uv": [0.66667, 8.33333, 0, 9.33333], "texture": "#4"},
				"up": {"uv": [10.33333, 3.33333, 10, 2.66667], "texture": "#4"},
				"down": {"uv": [3.33333, 10, 3, 10.66667], "texture": "#4"}
			}
		},
		{
			"from": [9.22932, 2.79013, 1.21256],
			"to": [11.37325, 4.64947, 2.71658],
			"rotation": {"angle": 0, "axis": "y", "origin": [3.32161, 0.08294, 2.50465]},
			"faces": {
				"north": {"uv": [0.66667, 9.33333, 1.33333, 10], "texture": "#4"},
				"east": {"uv": [1.33333, 9.33333, 2, 10], "texture": "#4"},
				"south": {"uv": [2, 9.33333, 2.66667, 10], "texture": "#4"},
				"west": {"uv": [2.66667, 9.33333, 3.33333, 10], "texture": "#4"},
				"up": {"uv": [4, 10, 3.33333, 9.33333], "texture": "#4"},
				"down": {"uv": [4.66667, 9.33333, 4, 10], "texture": "#4"}
			}
		},
		{
			"from": [7.18444, 3.48674, 1.10798],
			"to": [9.20618, 4.09326, 3.01088],
			"rotation": {"angle": 0, "axis": "y", "origin": [9.12729, 0.72802, 5.73761]},
			"faces": {
				"north": {"uv": [4.33333, 10, 5, 10.33333], "texture": "#4"},
				"east": {"uv": [10, 4.33333, 10.66667, 4.66667], "texture": "#4"},
				"south": {"uv": [10, 4.66667, 10.66667, 5], "texture": "#4"},
				"west": {"uv": [10, 5, 10.66667, 5.33333], "texture": "#4"},
				"up": {"uv": [9.66667, 9.66667, 9, 9], "texture": "#4"},
				"down": {"uv": [0.66667, 9.33333, 0, 10], "texture": "#4"}
			}
		},
		{
			"from": [8.93525, 1.98189, 1.01525],
			"to": [11.66733, 2.80152, 3.10362],
			"rotation": {"angle": 0, "axis": "y", "origin": [9.12729, 0.72802, 5.73761]},
			"faces": {
				"north": {"uv": [9.66667, 7.33333, 10.66667, 7.66667], "texture": "#4"},
				"east": {"uv": [2.66667, 8.33333, 3.33333, 8.66667], "texture": "#4"},
				"south": {"uv": [0, 10, 1, 10.33333], "texture": "#4"},
				"west": {"uv": [9, 8, 9.66667, 8.33333], "texture": "#4"},
				"up": {"uv": [6.66667, 8, 5.66667, 7.33333], "texture": "#4"},
				"down": {"uv": [6.66667, 8.33333, 5.66667, 9], "texture": "#4"}
			}
		},
		{
			"from": [8.93525, 4.63808, 0.97295],
			"to": [11.66733, 5.45771, 3.39335],
			"rotation": {"angle": 0, "axis": "y", "origin": [9.12729, 0.72802, 5.73761]},
			"faces": {
				"north": {"uv": [10, 0, 11, 0.33333], "texture": "#4"},
				"east": {"uv": [3.66667, 10, 4.33333, 10.33333], "texture": "#4"},
				"south": {"uv": [10, 0.33333, 11, 0.66667], "texture": "#4"},
				"west": {"uv": [10, 4, 10.66667, 4.33333], "texture": "#4"},
				"up": {"uv": [7.66667, 9, 6.66667, 8.33333], "texture": "#4"},
				"down": {"uv": [8.66667, 8.33333, 7.66667, 9], "texture": "#4"}
			}
		},
		{
			"from": [8.56338, 2.35376, 0.82552],
			"to": [9.383, 5.08584, 3.29335],
			"rotation": {"angle": 0, "axis": "y", "origin": [9.12729, 0.72802, 5.73761]},
			"faces": {
				"north": {"uv": [9.33333, 9.66667, 9.66667, 10.66667], "texture": "#4"},
				"east": {"uv": [0, 8.33333, 0.66667, 9.33333], "texture": "#4"},
				"south": {"uv": [9.66667, 9.33333, 10, 10.33333], "texture": "#4"},
				"west": {"uv": [0.66667, 8.33333, 0, 9.33333], "texture": "#4"},
				"up": {"uv": [3.66667, 10.66667, 3.33333, 10], "texture": "#4"},
				"down": {"uv": [10.33333, 3.33333, 10, 4], "texture": "#4"}
			}
		},
		{
			"from": [4.97932, 2.79013, 1.21256],
			"to": [7.12325, 4.64947, 2.71658],
			"rotation": {"angle": 0, "axis": "y", "origin": [3.32161, 0.08294, 2.50465]},
			"faces": {
				"north": {"uv": [0.66667, 9.33333, 1.33333, 10], "texture": "#4"},
				"east": {"uv": [1.33333, 9.33333, 2, 10], "texture": "#4"},
				"south": {"uv": [2, 9.33333, 2.66667, 10], "texture": "#4"},
				"west": {"uv": [2.66667, 9.33333, 3.33333, 10], "texture": "#4"},
				"up": {"uv": [4, 10, 3.33333, 9.33333], "texture": "#4"},
				"down": {"uv": [4.66667, 9.33333, 4, 10], "texture": "#4"}
			}
		},
		{
			"from": [6.96957, 2.35376, 0.82552],
			"to": [7.7892, 5.08584, 3.29335],
			"rotation": {"angle": 0, "axis": "y", "origin": [9.12729, 0.72802, 5.73761]},
			"faces": {
				"north": {"uv": [5.33333, 9.33333, 5.66667, 10.33333], "texture": "#4"},
				"east": {"uv": [0, 8.33333, 0.66667, 9.33333], "texture": "#4"},
				"south": {"uv": [9, 9.66667, 9.33333, 10.66667], "texture": "#4"},
				"west": {"uv": [0.66667, 8.33333, 0, 9.33333], "texture": "#4"},
				"up": {"uv": [10.33333, 3.33333, 10, 2.66667], "texture": "#4"},
				"down": {"uv": [3.33333, 10, 3, 10.66667], "texture": "#4"}
			}
		},
		{
			"from": [4.68525, 1.98189, 1.01525],
			"to": [7.41733, 2.80152, 3.10362],
			"rotation": {"angle": 0, "axis": "y", "origin": [9.12729, 0.72802, 5.73761]},
			"faces": {
				"north": {"uv": [9.66667, 7.33333, 10.66667, 7.66667], "texture": "#4"},
				"east": {"uv": [2.66667, 8.33333, 3.33333, 8.66667], "texture": "#4"},
				"south": {"uv": [0, 10, 1, 10.33333], "texture": "#4"},
				"west": {"uv": [9, 8, 9.66667, 8.33333], "texture": "#4"},
				"up": {"uv": [6.66667, 8, 5.66667, 7.33333], "texture": "#4"},
				"down": {"uv": [6.66667, 8.33333, 5.66667, 9], "texture": "#4"}
			}
		},
		{
			"from": [4.68525, 4.63808, 0.97295],
			"to": [7.41733, 5.45771, 3.39335],
			"rotation": {"angle": 0, "axis": "y", "origin": [9.12729, 0.72802, 5.73761]},
			"faces": {
				"north": {"uv": [10, 0, 11, 0.33333], "texture": "#4"},
				"east": {"uv": [3.66667, 10, 4.33333, 10.33333], "texture": "#4"},
				"south": {"uv": [10, 0.33333, 11, 0.66667], "texture": "#4"},
				"west": {"uv": [10, 4, 10.66667, 4.33333], "texture": "#4"},
				"up": {"uv": [7.66667, 9, 6.66667, 8.33333], "texture": "#4"},
				"down": {"uv": [8.66667, 8.33333, 7.66667, 9], "texture": "#4"}
			}
		},
		{
			"from": [4.31338, 2.35376, 0.82552],
			"to": [5.133, 5.08584, 3.29335],
			"rotation": {"angle": 0, "axis": "y", "origin": [9.12729, 0.72802, 5.73761]},
			"faces": {
				"north": {"uv": [9.33333, 9.66667, 9.66667, 10.66667], "texture": "#4"},
				"east": {"uv": [0, 8.33333, 0.66667, 9.33333], "texture": "#4"},
				"south": {"uv": [9.66667, 9.33333, 10, 10.33333], "texture": "#4"},
				"west": {"uv": [0.66667, 8.33333, 0, 9.33333], "texture": "#4"},
				"up": {"uv": [3.66667, 10.66667, 3.33333, 10], "texture": "#4"},
				"down": {"uv": [10.33333, 3.33333, 10, 4], "texture": "#4"}
			}
		}
	],
	"display": {
		"thirdperson_righthand": {
			"translation": [0, 2, 0],
			"scale": [0.45, 0.45, 0.45]
		},
		"thirdperson_lefthand": {
			"translation": [0, 2, 0],
			"scale": [0.45, 0.45, 0.45]
		},
		"firstperson_righthand": {
			"rotation": [0, 20.75, 0],
			"translation": [3, 4, 0],
			"scale": [0.7, 0.7, 0.7]
		},
		"firstperson_lefthand": {
			"rotation": [0, 20.75, 0],
			"translation": [3, 4, 0],
			"scale": [0.7, 0.7, 0.7]
		},
		"ground": {
			"scale": [0.5, 0.5, 0.5]
		},
		"gui": {
			"rotation": [30, 135, 0],
			"translation": [0.75, 3.25, 0],
			"scale": [0.85, 0.85, 0.85]
		},
		"head": {
			"rotation": [6, 0, 0],
			"translation": [0, 13.25, 1.5],
			"scale": [1.6, 1.6, 1.6]
		}
	},
	"groups": [
		{
			"name": "group",
			"origin": [8, 8, 8],
			"color": 0,
			"boneType": "",
			"children": [0, 1, 2]
		},
		{
			"name": "group",
			"origin": [8, 8, 8],
			"color": 0,
			"boneType": "",
			"children": [3, 4, 5, 6, 7, 8, 9, 10, 11, 12, 13]
		}
	]
}