{
	"credit": "magic_store_official",
	"texture_size": [32, 32],
	"textures": {
		"0": "cosmetics:item/hat/random_cosmetic_v2_hat_wizard",
		"particle": "cosmetics:item/hat/random_cosmetic_v2_hat_wizard"
	},
	"elements": [
		{
			"from": [3, 0, 3],
			"to": [13, 1, 13],
			"faces": {
				"north": {"uv": [11, 9, 16, 9.5], "texture": "#0"},
				"east": {"uv": [11, 9, 16, 9.5], "texture": "#0"},
				"south": {"uv": [11, 9, 16, 9.5], "texture": "#0"},
				"west": {"uv": [11, 9, 16, 9.5], "texture": "#0"},
				"up": {"uv": [5, 5, 0, 0], "texture": "#0"},
				"down": {"uv": [5, 5, 0, 10], "texture": "#0"}
			}
		},
		{
			"from": [5, 1, 5],
			"to": [11, 12, 11],
			"faces": {
				"north": {"uv": [5, 0, 8, 5.5], "texture": "#0"},
				"east": {"uv": [8, 0, 11, 5.5], "texture": "#0"},
				"south": {"uv": [5, 0, 8, 5.5], "texture": "#0"},
				"west": {"uv": [11, 0, 8, 5.5], "texture": "#0"},
				"up": {"uv": [3, 13, 0, 10], "texture": "#0"}
			}
		},
		{
			"from": [5.1, 9.07612, 10.61732],
			"to": [10.9, 12.07612, 16.61732],
			"rotation": {"angle": 22.5, "axis": "x", "origin": [8, 11.07612, 10.61732]},
			"faces": {
				"east": {"uv": [12, 11, 9, 12.5], "texture": "#0"},
				"south": {"uv": [11, 7.5, 14, 9], "texture": "#0"},
				"west": {"uv": [9, 11, 12, 12.5], "texture": "#0"},
				"up": {"uv": [6, 14, 3, 11], "texture": "#0"},
				"down": {"uv": [14, 3, 11, 6], "texture": "#0"}
			}
		},
		{
			"from": [4.9, 2, 4.9],
			"to": [11.1, 4, 11.1],
			"faces": {
				"north": {"uv": [5, 5.5, 8, 6.5], "texture": "#0"},
				"east": {"uv": [5, 5.5, 8, 6.5], "texture": "#0"},
				"south": {"uv": [5, 5.5, 8, 6.5], "texture": "#0"},
				"west": {"uv": [5, 5.5, 8, 6.5], "texture": "#0"}
			}
		}
	],
	"display": {
		"thirdperson_righthand": {
			"translation": [0, 3.5, 0],
			"scale": [0.65, 0.65, 0.65]
		},
		"thirdperson_lefthand": {
			"translation": [0, 3.5, 0],
			"scale": [0.65, 0.65, 0.65]
		},
		"firstperson_righthand": {
			"rotation": [0, 20.75, 0],
			"translation": [4, 5.5, 0],
			"scale": [0.8, 0.8, 0.8]
		},
		"firstperson_lefthand": {
			"rotation": [0, 20.75, 0],
			"translation": [4, 5.5, 0],
			"scale": [0.8, 0.8, 0.8]
		},
		"ground": {
			"translation": [0, 5, 0],
			"scale": [0.7, 0.7, 0.7]
		},
		"gui": {
			"rotation": [30, 135, 0],
			"translation": [0, 2, 0],
			"scale": [0.9, 0.9, 0.9]
		},
		"head": {
			"translation": [0, 18.75, 0],
			"scale": [1.65, 1.65, 1.65]
		},
		"fixed": {
			"translation": [0, 3.25, 0]
		}
	}
}