{
	"credit": "magic_store_official",
	"textures": {
		"0": "cosmetics:item/hat/random_cosmetic_v2_hat_sci_fi",
		"1": "cosmetics:item/hat/random_cosmetic_v2_hat_sci_fi_ani",
		"2": "cosmetics:item/hat/random_cosmetic_v2_hat_sci_fi_ani_1",
		"3": "cosmetics:item/hat/random_cosmetic_v2_hat_sci_fi_2",
		"particle": "cosmetics:item/hat/random_cosmetic_v2_hat_sci_fi"
	},
	"elements": [
		{
			"from": [3, 0, 3],
			"to": [13, 3, 5],
			"faces": {
				"north": {"uv": [0, 0, 10, 3], "texture": "#1"},
				"east": {"uv": [0, 10, 2, 13], "texture": "#1"},
				"south": {"uv": [0, 3, 10, 6], "texture": "#1"},
				"west": {"uv": [10, 0, 12, 3], "texture": "#1"},
				"up": {"uv": [10, 8, 0, 6], "texture": "#1"},
				"down": {"uv": [10, 8, 0, 10], "texture": "#1"}
			}
		},
		{
			"from": [3, 0.5, 5],
			"to": [4, 2.5, 8],
			"faces": {
				"east": {"uv": [7, 2.5, 8.5, 3.5], "texture": "#0"},
				"west": {"uv": [7, 2.5, 8.5, 3.5], "texture": "#0"},
				"up": {"uv": [6, 8.5, 5.5, 7], "texture": "#0"},
				"down": {"uv": [6.5, 7, 7, 8.5], "texture": "#0"}
			}
		},
		{
			"from": [12, 0.5, 5],
			"to": [13, 2.5, 8],
			"faces": {
				"east": {"uv": [7, 2.5, 8.5, 3.5], "texture": "#0"},
				"west": {"uv": [7, 2.5, 8.5, 3.5], "texture": "#0"},
				"up": {"uv": [6, 8.5, 5.5, 7], "texture": "#0"},
				"down": {"uv": [6.5, 7, 7, 8.5], "texture": "#0"}
			}
		},
		{
			"from": [3, 0, 8],
			"to": [4, 3, 11],
			"faces": {
				"north": {"uv": [3, 0, 4, 3], "texture": "#3"},
				"east": {"uv": [0, 0, 3, 3], "texture": "#3"},
				"south": {"uv": [3, 3, 4, 6], "texture": "#3"},
				"west": {"uv": [0, 3, 3, 6], "texture": "#3"},
				"up": {"uv": [5, 3, 4, 0], "texture": "#3"},
				"down": {"uv": [5, 3, 4, 6], "texture": "#3"}
			}
		},
		{
			"from": [12, 0, 8],
			"to": [13, 3, 11],
			"faces": {
				"north": {"uv": [3, 0, 4, 3], "texture": "#3"},
				"east": {"uv": [0, 0, 3, 3], "texture": "#3"},
				"south": {"uv": [3, 3, 4, 6], "texture": "#3"},
				"west": {"uv": [0, 3, 3, 6], "texture": "#3"},
				"up": {"uv": [5, 3, 4, 0], "texture": "#3"},
				"down": {"uv": [5, 3, 4, 6], "texture": "#3"}
			}
		},
		{
			"from": [2.9, 0, 9],
			"to": [2.9, 4, 13],
			"faces": {
				"east": {"uv": [4, 4, 0, 8], "texture": "#2"},
				"west": {"uv": [0, 4, 4, 8], "texture": "#2"}
			}
		},
		{
			"from": [13.1, 0, 9],
			"to": [13.1, 4, 13],
			"faces": {
				"east": {"uv": [4, 4, 0, 8], "texture": "#2"},
				"west": {"uv": [0, 4, 4, 8], "texture": "#2"}
			}
		}
	],
	"display": {
		"thirdperson_righthand": {
			"translation": [0, 3.5, 0],
			"scale": [0.65, 0.65, 0.65]
		},
		"thirdperson_lefthand": {
			"translation": [0, 3.5, 0],
			"scale": [0.65, 0.65, 0.65]
		},
		"firstperson_righthand": {
			"rotation": [0, 20.75, 0],
			"translation": [4, 5.5, 0],
			"scale": [0.8, 0.8, 0.8]
		},
		"firstperson_lefthand": {
			"rotation": [0, 20.75, 0],
			"translation": [4, 5.5, 0],
			"scale": [0.8, 0.8, 0.8]
		},
		"ground": {
			"translation": [0, 5, 0],
			"scale": [0.7, 0.7, 0.7]
		},
		"gui": {
			"rotation": [30, 135, 0],
			"translation": [0, 5, 0]
		},
		"head": {
			"translation": [0, 9.75, 0],
			"scale": [1.65, 1.65, 1.65]
		},
		"fixed": {
			"translation": [0, 3.25, 0]
		}
	}
}