{
	"credit": "magic_store_official",
	"texture_size": [64, 64],
	"textures": {
		"0": "cosmetics:item/hat/random_cosmetic_v2_hat_large_taco",
		"particle": "cosmetics:item/hat/random_cosmetic_v2_hat_large_taco"
	},
	"elements": [
		{
			"from": [3.5, 0, 3.5],
			"to": [12.5, 6, 12.5],
			"faces": {
				"north": {"uv": [7.25, 3, 9.5, 4.5], "texture": "#0"},
				"east": {"uv": [7.25, 3, 9.5, 4.5], "texture": "#0"},
				"south": {"uv": [7.25, 3, 9.5, 4.5], "texture": "#0"},
				"west": {"uv": [7.25, 3, 9.5, 4.5], "texture": "#0"},
				"up": {"uv": [7.25, 2.25, 5, 0], "texture": "#0"},
				"down": {"uv": [7.25, 2.25, 5, 4.5], "texture": "#0"}
			}
		},
		{
			"from": [-2, 0, -2],
			"to": [18, 0, 18],
			"faces": {
				"north": {"uv": [0, 0, 5, 0], "texture": "#0"},
				"east": {"uv": [0, 0, 5, 0], "texture": "#0"},
				"south": {"uv": [0, 0, 5, 0], "texture": "#0"},
				"west": {"uv": [0, 0, 5, 0], "texture": "#0"},
				"up": {"uv": [5, 5, 0, 0], "texture": "#0"},
				"down": {"uv": [5, 5, 0, 0], "texture": "#0"}
			}
		},
		{
			"from": [-2, 0, 18],
			"to": [18, 3, 18],
			"faces": {
				"north": {"uv": [5, 4.5, 10, 5.25], "texture": "#0"},
				"east": {"uv": [0, 0, 0, 0.75], "texture": "#0"},
				"south": {"uv": [10, 4.5, 5, 5.25], "texture": "#0"},
				"west": {"uv": [0, 0, 0, 0.75], "texture": "#0"},
				"up": {"uv": [5, 0, 0, 0], "texture": "#0"},
				"down": {"uv": [5, 0, 0, 0], "texture": "#0"}
			}
		},
		{
			"from": [-2, 0, -2],
			"to": [18, 3, -2],
			"faces": {
				"north": {"uv": [5, 4.5, 10, 5.25], "texture": "#0"},
				"east": {"uv": [0, 0, 0, 0.75], "texture": "#0"},
				"south": {"uv": [10, 4.5, 5, 5.25], "texture": "#0"},
				"west": {"uv": [0, 0, 0, 0.75], "texture": "#0"},
				"up": {"uv": [5, 0, 0, 0], "texture": "#0"},
				"down": {"uv": [5, 0, 0, 0], "texture": "#0"}
			}
		},
		{
			"from": [18, 0, -2],
			"to": [18, 3, 18],
			"faces": {
				"north": {"uv": [0, 0, 0, 0.75], "texture": "#0"},
				"east": {"uv": [5, 4.5, 10, 5.25], "texture": "#0"},
				"south": {"uv": [0, 0, 0, 0.75], "texture": "#0"},
				"west": {"uv": [10, 4.5, 5, 5.25], "texture": "#0"},
				"up": {"uv": [0, 5, 0, 0], "texture": "#0"},
				"down": {"uv": [0, 0, 0, 5], "texture": "#0"}
			}
		},
		{
			"from": [-2, 0, -2],
			"to": [-2, 3, 18],
			"faces": {
				"north": {"uv": [0, 0, 0, 0.75], "texture": "#0"},
				"east": {"uv": [5, 4.5, 10, 5.25], "texture": "#0"},
				"south": {"uv": [0, 0, 0, 0.75], "texture": "#0"},
				"west": {"uv": [10, 4.5, 5, 5.25], "texture": "#0"},
				"up": {"uv": [0, 5, 0, 0], "texture": "#0"},
				"down": {"uv": [0, 0, 0, 5], "texture": "#0"}
			}
		}
	],
	"display": {
		"thirdperson_righthand": {
			"rotation": [23.75, 0, 0],
			"translation": [0, 3.25, 0],
			"scale": [0.45, 0.45, 0.45]
		},
		"thirdperson_lefthand": {
			"rotation": [23.75, 0, 0],
			"translation": [0, 3.25, 0],
			"scale": [0.45, 0.45, 0.45]
		},
		"firstperson_righthand": {
			"rotation": [0, 20.75, 0],
			"translation": [3, 5.25, 0],
			"scale": [0.7, 0.7, 0.7]
		},
		"firstperson_lefthand": {
			"rotation": [0, 20.75, 0],
			"translation": [3, 5.25, 0],
			"scale": [0.7, 0.7, 0.7]
		},
		"ground": {
			"translation": [0, 1.75, 0],
			"scale": [0.4, 0.4, 0.4]
		},
		"gui": {
			"rotation": [30, 135, 0],
			"translation": [0, 2.75, 0],
			"scale": [0.65, 0.65, 0.65]
		},
		"head": {
			"translation": [0, 15, 0],
			"scale": [1.65, 1.65, 1.65]
		},
		"fixed": {
			"translation": [0, 3.25, 0]
		}
	}
}