{
	"credit": "Made with Blockbench",
	"texture_size": [64, 64],
	"textures": {
		"1": "cosmetics:item/hat/shipwrecker_hat",
		"particle": "cosmetics:item/hat/shipwrecker_hat"
	},
	"elements": [
		{
			"from": [0, 7.5, 5],
			"to": [15, 8.5, 8],
			"faces": {
				"north": {"uv": [7.5, 0, 11.25, 0.25], "texture": "#1"},
				"east": {"uv": [1.5, 8.25, 2.25, 8.5], "texture": "#1"},
				"south": {"uv": [7.5, 0.25, 11.25, 0.5], "texture": "#1"},
				"west": {"uv": [8.25, 2, 9, 2.25], "texture": "#1"},
				"up": {"uv": [7.5, 2.5, 3.75, 1.75], "texture": "#1"},
				"down": {"uv": [7.5, 2.5, 3.75, 3.25], "texture": "#1"}
			}
		},
		{
			"from": [2, 7.7, 8],
			"to": [17, 8.7, 11],
			"faces": {
				"north": {"uv": [7.5, 3.5, 11.25, 3.75], "texture": "#1"},
				"east": {"uv": [8.25, 4.25, 9, 4.5], "texture": "#1"},
				"south": {"uv": [7.5, 3.75, 11.25, 4], "texture": "#1"},
				"west": {"uv": [4.5, 8.25, 5.25, 8.5], "texture": "#1"},
				"up": {"uv": [7.5, 7, 3.75, 6.25], "texture": "#1"},
				"down": {"uv": [3.75, 6.75, 0, 7.5], "texture": "#1"}
			}
		},
		{
			"from": [-1, 7.5, 11],
			"to": [14, 8.5, 14],
			"faces": {
				"north": {"uv": [7.5, 3, 11.25, 3.25], "texture": "#1"},
				"east": {"uv": [3, 8.25, 3.75, 8.5], "texture": "#1"},
				"south": {"uv": [7.5, 3.25, 11.25, 3.5], "texture": "#1"},
				"west": {"uv": [8.25, 4, 9, 4.25], "texture": "#1"},
				"up": {"uv": [7.5, 6.25, 3.75, 5.5], "texture": "#1"},
				"down": {"uv": [3.75, 6, 0, 6.75], "texture": "#1"}
			}
		},
		{
			"from": [0, 4.5, 6.5],
			"to": [15, 7.5, 6.5],
			"faces": {
				"north": {"uv": [3.75, 3.25, 7.5, 4], "texture": "#1"},
				"east": {"uv": [0, 0, 0, 0.75], "texture": "#1"},
				"south": {"uv": [3.75, 4, 7.5, 4.75], "texture": "#1"},
				"west": {"uv": [0, 0, 0, 0.75], "texture": "#1"},
				"up": {"uv": [3.75, 0, 0, 0], "texture": "#1"},
				"down": {"uv": [3.75, 0, 0, 0], "texture": "#1"}
			}
		},
		{
			"from": [2, 4.5, 9.5],
			"to": [17, 7.5, 9.5],
			"faces": {
				"north": {"uv": [3.75, 4.75, 7.5, 5.5], "texture": "#1"},
				"east": {"uv": [0, 0, 0, 0.75], "texture": "#1"},
				"south": {"uv": [0, 5.25, 3.75, 6], "texture": "#1"},
				"west": {"uv": [0, 0, 0, 0.75], "texture": "#1"},
				"up": {"uv": [3.75, 0, 0, 0], "texture": "#1"},
				"down": {"uv": [3.75, 0, 0, 0], "texture": "#1"}
			}
		},
		{
			"from": [1, 0.6, 3.5],
			"to": [16, 7.6, 3.5],
			"faces": {
				"north": {"uv": [0, 0, 3.75, 1.75], "texture": "#1"},
				"east": {"uv": [0, 0, 0, 1.75], "texture": "#1"},
				"south": {"uv": [0, 1.75, 3.75, 3.5], "texture": "#1"},
				"west": {"uv": [0, 0, 0, 1.75], "texture": "#1"},
				"up": {"uv": [3.75, 0, 0, 0], "texture": "#1"},
				"down": {"uv": [3.75, 0, 0, 0], "texture": "#1"}
			}
		},
		{
			"from": [1, 0.6, 12.5],
			"to": [16, 7.6, 12.5],
			"faces": {
				"north": {"uv": [0, 3.5, 3.75, 5.25], "texture": "#1"},
				"east": {"uv": [0, 0, 0, 1.75], "texture": "#1"},
				"south": {"uv": [3.75, 0, 7.5, 1.75], "texture": "#1"},
				"west": {"uv": [0, 0, 0, 1.75], "texture": "#1"},
				"up": {"uv": [3.75, 0, 0, 0], "texture": "#1"},
				"down": {"uv": [3.75, 0, 0, 0], "texture": "#1"}
			}
		},
		{
			"from": [1, 7.7, 2],
			"to": [16, 8.7, 5],
			"rotation": {"angle": 0, "axis": "y", "origin": [8.5, 8.2, 3.5]},
			"faces": {
				"north": {"uv": [4.5, 7.75, 8.25, 8], "texture": "#1"},
				"east": {"uv": [8.25, 4.5, 9, 4.75], "texture": "#1"},
				"south": {"uv": [4.5, 8, 8.25, 8.25], "texture": "#1"},
				"west": {"uv": [8.25, 4.75, 9, 5], "texture": "#1"},
				"up": {"uv": [7.5, 7.75, 3.75, 7], "texture": "#1"},
				"down": {"uv": [3.75, 7.5, 0, 8.25], "texture": "#1"}
			}
		},
		{
			"from": [6.5, 8.7, 6.5],
			"to": [9.5, 9.7, 9.5],
			"rotation": {"angle": 0, "axis": "y", "origin": [-4, 0.7, -0.5]},
			"faces": {
				"north": {"uv": [2.25, 8.25, 3, 8.5], "texture": "#1"},
				"east": {"uv": [8.25, 2.25, 9, 2.5], "texture": "#1"},
				"south": {"uv": [8.25, 2.5, 9, 2.75], "texture": "#1"},
				"west": {"uv": [8.25, 2.75, 9, 3], "texture": "#1"},
				"up": {"uv": [0.75, 9, 0, 8.25], "texture": "#1"},
				"down": {"uv": [9, 0.5, 8.25, 1.25], "texture": "#1"}
			}
		},
		{
			"from": [6.5, 9.7, 8],
			"to": [9.5, 12.7, 8],
			"rotation": {"angle": -45, "axis": "y", "origin": [8, 11.95, 8]},
			"faces": {
				"north": {"uv": [0.75, 8.25, 1.5, 9], "texture": "#1"},
				"east": {"uv": [0, 0, 0, 0.75], "texture": "#1"},
				"south": {"uv": [8.25, 1.25, 9, 2], "texture": "#1"},
				"west": {"uv": [0, 0, 0, 0.75], "texture": "#1"},
				"up": {"uv": [0.75, 0, 0, 0], "texture": "#1"},
				"down": {"uv": [0.75, 0, 0, 0], "texture": "#1"}
			}
		},
		{
			"from": [8, 10.7, 6.5],
			"to": [8, 15.7, 9.5],
			"rotation": {"angle": -45, "axis": "y", "origin": [8, 11.95, 8]},
			"faces": {
				"north": {"uv": [0, 0, 0, 1.25], "texture": "#1"},
				"east": {"uv": [7.5, 0.5, 8.25, 1.75], "texture": "#1"},
				"south": {"uv": [0, 0, 0, 1.25], "texture": "#1"},
				"west": {"uv": [7.5, 1.75, 8.25, 3], "texture": "#1"},
				"up": {"uv": [0, 0.75, 0, 0], "texture": "#1"},
				"down": {"uv": [0, 0, 0, 0.75], "texture": "#1"}
			}
		},
		{
			"from": [8, 16.7, 6.5],
			"to": [8, 21.7, 9.5],
			"rotation": {"angle": -45, "axis": "y", "origin": [8, 11.95, 8]},
			"faces": {
				"north": {"uv": [0, 0, 0, 1.25], "texture": "#1"},
				"east": {"uv": [7.5, 6.5, 8.25, 7.75], "texture": "#1"},
				"south": {"uv": [0, 0, 0, 1.25], "texture": "#1"},
				"west": {"uv": [3.75, 7.75, 4.5, 9], "texture": "#1"},
				"up": {"uv": [0, 0.75, 0, 0], "texture": "#1"},
				"down": {"uv": [0, 0, 0, 0.75], "texture": "#1"}
			}
		},
		{
			"from": [8, 13.7, 6.5],
			"to": [8, 18.7, 9.5],
			"rotation": {"angle": 45, "axis": "y", "origin": [8, 14.7, 8]},
			"faces": {
				"north": {"uv": [0, 0, 0, 1.25], "texture": "#1"},
				"east": {"uv": [7.5, 4, 8.25, 5.25], "texture": "#1"},
				"south": {"uv": [0, 0, 0, 1.25], "texture": "#1"},
				"west": {"uv": [7.5, 5.25, 8.25, 6.5], "texture": "#1"},
				"up": {"uv": [0, 0.75, 0, 0], "texture": "#1"},
				"down": {"uv": [0, 0, 0, 0.75], "texture": "#1"}
			}
		}
	],
	"display": {
		"thirdperson_righthand": {
			"rotation": [75, 45, 0],
			"translation": [0, 2.5, 0],
			"scale": [0.375, 0.375, 0.375]
		},
		"thirdperson_lefthand": {
			"rotation": [75, 45, 0],
			"translation": [0, 2.5, 0],
			"scale": [0.375, 0.375, 0.375]
		},
		"firstperson_righthand": {
			"rotation": [0, 45, 0],
			"scale": [0.4, 0.4, 0.4]
		},
		"firstperson_lefthand": {
			"rotation": [0, 225, 0],
			"scale": [0.4, 0.4, 0.4]
		},
		"ground": {
			"translation": [0, 3, 0],
			"scale": [0.25, 0.25, 0.25]
		},
		"gui": {
			"rotation": [30, 225, 0],
			"scale": [0.625, 0.625, 0.625]
		},
		"head": {
			"translation": [0, 7.25, 0],
			"scale": [1.61, 1.61, 1.61]
		},
		"fixed": {
			"scale": [0.5, 0.5, 0.5]
		}
	}
}