{
	"credit": "Made by Geode",
	"texture_size": [32, 32],
	"textures": {
		"5": "andromeda:item/andromeda/pickaxe",
		"6": "andromeda:item/andromeda/jets_3",
		"particle": "andromeda:item/andromeda/pickaxe"
	},
	"elements": [
		{
			"from": [6.99975, 0.83108, 7],
			"to": [8.99975, 12.83108, 9],
			"rotation": {"angle": 0, "axis": "y", "origin": [8, 10.35734, 8]},
			"faces": {
				"north": {"uv": [0, 0, 1, 6], "texture": "#5"},
				"east": {"uv": [1, 0, 2, 6], "texture": "#5"},
				"south": {"uv": [2, 0, 3, 6], "texture": "#5"},
				"west": {"uv": [3, 0, 4, 6], "texture": "#5"},
				"up": {"uv": [12.5, 11.5, 11.5, 10.5], "texture": "#5"},
				"down": {"uv": [12.5, 11.5, 11.5, 12.5], "texture": "#5"}
			}
		},
		{
			"from": [7.99975, 16.23108, 4],
			"to": [7.99975, 24.23108, 12],
			"rotation": {"angle": 0, "axis": "y", "origin": [8, 10.35734, 8]},
			"faces": {
				"north": {"uv": [0, 0, 0, 4], "texture": "#missing"},
				"east": {"uv": [0, 0, 16, 16], "texture": "#6"},
				"south": {"uv": [0, 0, 0, 4], "texture": "#missing"},
				"west": {"uv": [16, 0, 0, 16], "texture": "#6"},
				"up": {"uv": [0, 4, 0, 0], "texture": "#missing"},
				"down": {"uv": [0, 0, 0, 4], "texture": "#missing"}
			}
		},
		{
			"from": [6.74975, 3.64656, 13.70073],
			"to": [9.24975, 4.64656, 14.70073],
			"rotation": {"angle": 45, "axis": "x", "origin": [8, 10.35734, 8]},
			"faces": {
				"north": {"uv": [13.5, 1, 15, 1.5], "texture": "#5"},
				"east": {"uv": [4, 14.5, 4.5, 15], "texture": "#5"},
				"south": {"uv": [1.5, 13.5, 3, 14], "texture": "#5"},
				"west": {"uv": [4.5, 14.5, 5, 15], "texture": "#5"},
				"up": {"uv": [15, 2, 13.5, 1.5], "texture": "#5"},
				"down": {"uv": [15, 2, 13.5, 2.5], "texture": "#5"}
			}
		},
		{
			"from": [7.99975, -1.55994, 3.59475],
			"to": [7.99975, 2.44006, 6.59475],
			"rotation": {"angle": -22.5, "axis": "x", "origin": [8, 10.35734, 8]},
			"faces": {
				"north": {"uv": [0, 0, 0, 2], "texture": "#5"},
				"east": {"uv": [3, 6, 4.5, 8], "texture": "#5"},
				"south": {"uv": [0, 0, 0, 2], "texture": "#5"},
				"west": {"uv": [4.5, 6, 6, 8], "texture": "#5"},
				"up": {"uv": [0, 1.5, 0, 0], "texture": "#5"},
				"down": {"uv": [0, 0, 0, 1.5], "texture": "#5"}
			}
		},
		{
			"from": [7.99975, -1.55994, 9.40525],
			"to": [7.99975, 2.44006, 12.40525],
			"rotation": {"angle": 22.5, "axis": "x", "origin": [8, 10.35734, 8]},
			"faces": {
				"north": {"uv": [0, 0, 0, 2], "texture": "#5"},
				"east": {"uv": [7.5, 6, 9, 8], "texture": "#5"},
				"south": {"uv": [0, 0, 0, 2], "texture": "#5"},
				"west": {"uv": [0, 8, 1.5, 10], "texture": "#5"},
				"up": {"uv": [0, 1.5, 0, 0], "texture": "#5"},
				"down": {"uv": [0, 0, 0, 1.5], "texture": "#5"}
			}
		},
		{
			"from": [6.49975, 2.64656, 13.70073],
			"to": [9.49975, 3.64656, 14.70073],
			"rotation": {"angle": 45, "axis": "x", "origin": [8, 10.35734, 8]},
			"faces": {
				"north": {"uv": [11.5, 13, 13, 13.5], "texture": "#5"},
				"east": {"uv": [4, 11.5, 4.5, 12], "texture": "#5"},
				"south": {"uv": [13, 12.5, 14.5, 13], "texture": "#5"},
				"west": {"uv": [14.5, 0.5, 15, 1], "texture": "#5"},
				"up": {"uv": [14.5, 13.5, 13, 13], "texture": "#5"},
				"down": {"uv": [1.5, 13.5, 0, 14], "texture": "#5"}
			}
		},
		{
			"from": [6.49975, 2.64656, 12.70073],
			"to": [9.49975, 5.64656, 13.70073],
			"rotation": {"angle": 45, "axis": "x", "origin": [8, 10.35734, 8]},
			"faces": {
				"north": {"uv": [7.5, 8, 9, 9.5], "texture": "#5"},
				"east": {"uv": [4.5, 13, 5, 14.5], "texture": "#5"},
				"south": {"uv": [9, 2, 10.5, 3.5], "texture": "#5"},
				"west": {"uv": [13, 4.5, 13.5, 6], "texture": "#5"},
				"up": {"uv": [6.5, 13.5, 5, 13], "texture": "#5"},
				"down": {"uv": [14.5, 6, 13, 6.5], "texture": "#5"}
			}
		},
		{
			"from": [6.49975, 4.64656, 13.70073],
			"to": [9.49975, 5.64656, 14.70073],
			"rotation": {"angle": 45, "axis": "x", "origin": [8, 10.35734, 8]},
			"faces": {
				"north": {"uv": [7.5, 13, 9, 13.5], "texture": "#5"},
				"east": {"uv": [9.5, 5.5, 10, 6], "texture": "#5"},
				"south": {"uv": [13, 8, 14.5, 8.5], "texture": "#5"},
				"west": {"uv": [11, 10.5, 11.5, 11], "texture": "#5"},
				"up": {"uv": [14.5, 9, 13, 8.5], "texture": "#5"},
				"down": {"uv": [10.5, 13, 9, 13.5], "texture": "#5"}
			}
		},
		{
			"from": [6.49975, 2.64656, 14.70073],
			"to": [9.49975, 5.64656, 15.70073],
			"rotation": {"angle": 45, "axis": "x", "origin": [8, 10.35734, 8]},
			"faces": {
				"north": {"uv": [8, 4.5, 9.5, 6], "texture": "#5"},
				"east": {"uv": [7, 12, 7.5, 13.5], "texture": "#5"},
				"south": {"uv": [6, 8, 7.5, 9.5], "texture": "#5"},
				"west": {"uv": [11, 12, 11.5, 13.5], "texture": "#5"},
				"up": {"uv": [14, 7, 12.5, 6.5], "texture": "#5"},
				"down": {"uv": [14, 7, 12.5, 7.5], "texture": "#5"}
			}
		},
		{
			"from": [6.49975, 12.13184, 3.21545],
			"to": [9.49975, 14.13184, 4.21545],
			"rotation": {"angle": 45, "axis": "x", "origin": [8, 10.35734, 8]},
			"faces": {
				"north": {"uv": [0, 10, 1.5, 11], "texture": "#5"},
				"east": {"uv": [11.5, 13.5, 12, 14.5], "texture": "#5"},
				"south": {"uv": [1.5, 10, 3, 11], "texture": "#5"},
				"west": {"uv": [12, 13.5, 12.5, 14.5], "texture": "#5"},
				"up": {"uv": [13, 13, 11.5, 12.5], "texture": "#5"},
				"down": {"uv": [14, 11.5, 12.5, 12], "texture": "#5"}
			}
		},
		{
			"from": [6.49975, 11.13184, 3.21545],
			"to": [9.49975, 12.13184, 7.21545],
			"rotation": {"angle": 45, "axis": "x", "origin": [8, 10.35734, 8]},
			"faces": {
				"north": {"uv": [12.5, 9.5, 14, 10], "texture": "#5"},
				"east": {"uv": [12, 0, 14, 0.5], "texture": "#5"},
				"south": {"uv": [12.5, 10, 14, 10.5], "texture": "#5"},
				"west": {"uv": [12, 0.5, 14, 1], "texture": "#5"},
				"up": {"uv": [7.5, 8, 6, 6], "texture": "#5"},
				"down": {"uv": [8, 0, 6.5, 2], "texture": "#5"}
			}
		},
		{
			"from": [6.74975, 12.13184, 4.21545],
			"to": [9.24975, 14.13184, 6.21545],
			"rotation": {"angle": 45, "axis": "x", "origin": [8, 10.35734, 8]},
			"faces": {
				"north": {"uv": [10, 5.5, 11.5, 6.5], "texture": "#5"},
				"east": {"uv": [12, 1, 13, 2], "texture": "#5"},
				"south": {"uv": [10, 6.5, 11.5, 7.5], "texture": "#5"},
				"west": {"uv": [12, 2, 13, 3], "texture": "#5"},
				"up": {"uv": [11.5, 8.5, 10, 7.5], "texture": "#5"},
				"down": {"uv": [11.5, 8.5, 10, 9.5], "texture": "#5"}
			}
		},
		{
			"from": [6.49975, 12.13184, 6.21545],
			"to": [9.49975, 14.13184, 7.21545],
			"rotation": {"angle": 45, "axis": "x", "origin": [8, 10.35734, 8]},
			"faces": {
				"north": {"uv": [6, 9.5, 7.5, 10.5], "texture": "#5"},
				"east": {"uv": [9, 3.5, 9.5, 4.5], "texture": "#5"},
				"south": {"uv": [7.5, 9.5, 9, 10.5], "texture": "#5"},
				"west": {"uv": [11, 13.5, 11.5, 14.5], "texture": "#5"},
				"up": {"uv": [14, 11, 12.5, 10.5], "texture": "#5"},
				"down": {"uv": [14, 11, 12.5, 11.5], "texture": "#5"}
			}
		},
		{
			"from": [6.49975, 14.13184, 3.21545],
			"to": [9.49975, 15.13184, 7.21545],
			"rotation": {"angle": 45, "axis": "x", "origin": [8, 10.35734, 8]},
			"faces": {
				"north": {"uv": [12.5, 7.5, 14, 8], "texture": "#5"},
				"east": {"uv": [11.5, 4, 13.5, 4.5], "texture": "#5"},
				"south": {"uv": [8.5, 12.5, 10, 13], "texture": "#5"},
				"west": {"uv": [11.5, 9, 13.5, 9.5], "texture": "#5"},
				"up": {"uv": [1.5, 8, 0, 6], "texture": "#5"},
				"down": {"uv": [3, 6, 1.5, 8], "texture": "#5"}
			}
		},
		{
			"from": [6.99925, 12.52525, 1.54424],
			"to": [8.99925, 15.52525, 6.54424],
			"rotation": {"angle": 22.5, "axis": "x", "origin": [8, 10.35734, 8]},
			"faces": {
				"north": {"uv": [9, 10, 10, 11.5], "texture": "#5"},
				"east": {"uv": [4, 0, 6.5, 1.5], "texture": "#5"},
				"south": {"uv": [10, 9.5, 11, 11], "texture": "#5"},
				"west": {"uv": [4, 1.5, 6.5, 3], "texture": "#5"},
				"up": {"uv": [9, 4.5, 8, 2], "texture": "#5"},
				"down": {"uv": [4, 8, 3, 10.5], "texture": "#5"}
			}
		},
		{
			"from": [6.49925, 14.89302, 5.07696],
			"to": [9.49925, 18.89302, 7.07696],
			"rotation": {"angle": -22.5, "axis": "x", "origin": [8, 10.35734, 8]},
			"faces": {
				"north": {"uv": [6.5, 2, 8, 4], "texture": "#5"},
				"east": {"uv": [9, 6, 10, 8], "texture": "#5"},
				"south": {"uv": [6.5, 4, 8, 6], "texture": "#5"},
				"west": {"uv": [9, 8, 10, 10], "texture": "#5"},
				"up": {"uv": [12, 1, 10.5, 0], "texture": "#5"},
				"down": {"uv": [12, 1, 10.5, 2], "texture": "#5"}
			}
		},
		{
			"from": [7.50025, 16.03526, 2.70322],
			"to": [8.50025, 18.03526, 5.70322],
			"rotation": {"angle": -22.5, "axis": "x", "origin": [8, 10.35734, 8]},
			"faces": {
				"north": {"uv": [12.5, 13.5, 13, 14.5], "texture": "#5"},
				"east": {"uv": [10.5, 2, 12, 3], "texture": "#5"},
				"south": {"uv": [13, 13.5, 13.5, 14.5], "texture": "#5"},
				"west": {"uv": [3, 10.5, 4.5, 11.5], "texture": "#5"},
				"up": {"uv": [13.5, 2.5, 13, 1], "texture": "#5"},
				"down": {"uv": [13.5, 2.5, 13, 4], "texture": "#5"}
			}
		},
		{
			"from": [7.00025, 7.62557, -1.55058],
			"to": [9.00025, 8.62557, 1.44942],
			"rotation": {"angle": 45, "axis": "x", "origin": [8, 10.35734, 8]},
			"faces": {
				"north": {"uv": [13.5, 9, 14.5, 9.5], "texture": "#5"},
				"east": {"uv": [12.5, 12, 14, 12.5], "texture": "#5"},
				"south": {"uv": [13.5, 13.5, 14.5, 14], "texture": "#5"},
				"west": {"uv": [3, 13, 4.5, 13.5], "texture": "#5"},
				"up": {"uv": [11.5, 4.5, 10.5, 3], "texture": "#5"},
				"down": {"uv": [5.5, 10.5, 4.5, 12], "texture": "#5"}
			}
		},
		{
			"from": [7.50025, 5.62557, -1.05058],
			"to": [8.50025, 7.62557, 0.94942],
			"rotation": {"angle": 45, "axis": "x", "origin": [8, 10.35734, 8]},
			"faces": {
				"north": {"uv": [0, 14, 0.5, 15], "texture": "#5"},
				"east": {"uv": [4, 12, 5, 13], "texture": "#5"},
				"south": {"uv": [14, 0, 14.5, 1], "texture": "#5"},
				"west": {"uv": [12, 4.5, 13, 5.5], "texture": "#5"},
				"up": {"uv": [1, 15, 0.5, 14], "texture": "#5"},
				"down": {"uv": [1.5, 14, 1, 15], "texture": "#5"}
			}
		},
		{
			"from": [7.50275, 11.99911, -1.74206],
			"to": [8.49875, 13.40767, -0.3335],
			"rotation": {"angle": 0, "axis": "y", "origin": [8, 10.35734, 8]},
			"faces": {
				"north": {"uv": [14.5, 4.5, 15, 5], "texture": "#5"},
				"east": {"uv": [14.5, 5, 15, 5.5], "texture": "#5"},
				"south": {"uv": [14.5, 6, 15, 6.5], "texture": "#5"},
				"west": {"uv": [6.5, 14.5, 7, 15], "texture": "#5"},
				"up": {"uv": [15, 7, 14.5, 6.5], "texture": "#5"},
				"down": {"uv": [15, 7, 14.5, 7.5], "texture": "#5"}
			}
		},
		{
			"from": [7.50025, 16.03526, 10.29678],
			"to": [8.50025, 18.03526, 13.29678],
			"rotation": {"angle": 22.5, "axis": "x", "origin": [8, 10.35734, 8]},
			"faces": {
				"north": {"uv": [8.5, 14, 9, 15], "texture": "#5"},
				"east": {"uv": [11.5, 3, 13, 4], "texture": "#5"},
				"south": {"uv": [9, 14, 9.5, 15], "texture": "#5"},
				"west": {"uv": [11.5, 5.5, 13, 6.5], "texture": "#5"},
				"up": {"uv": [5.5, 15, 5, 13.5], "texture": "#5"},
				"down": {"uv": [6, 13.5, 5.5, 15], "texture": "#5"}
			}
		},
		{
			"from": [7.00025, 16.90792, 9.73177],
			"to": [9.00025, 19.90792, 10.73177],
			"rotation": {"angle": 45, "axis": "x", "origin": [8, 10.35734, 8]},
			"faces": {
				"north": {"uv": [2, 11, 3, 12.5], "texture": "#5"},
				"east": {"uv": [13.5, 3, 14, 4.5], "texture": "#5"},
				"south": {"uv": [3, 11.5, 4, 13], "texture": "#5"},
				"west": {"uv": [13.5, 4.5, 14, 6], "texture": "#5"},
				"up": {"uv": [15, 6, 14, 5.5], "texture": "#5"},
				"down": {"uv": [15, 7.5, 14, 8], "texture": "#5"}
			}
		},
		{
			"from": [7.50025, 17.40792, 10.73177],
			"to": [8.50025, 19.40792, 12.73177],
			"rotation": {"angle": 45, "axis": "x", "origin": [8, 10.35734, 8]},
			"faces": {
				"north": {"uv": [14, 6.5, 14.5, 7.5], "texture": "#5"},
				"east": {"uv": [10, 12, 11, 13], "texture": "#5"},
				"south": {"uv": [7, 14, 7.5, 15], "texture": "#5"},
				"west": {"uv": [0, 12.5, 1, 13.5], "texture": "#5"},
				"up": {"uv": [8, 15, 7.5, 14], "texture": "#5"},
				"down": {"uv": [8.5, 14, 8, 15], "texture": "#5"}
			}
		},
		{
			"from": [7.50275, 11.99911, 16.3335],
			"to": [8.49875, 13.40767, 17.74206],
			"rotation": {"angle": 0, "axis": "y", "origin": [8, 10.35734, 8]},
			"faces": {
				"north": {"uv": [14.5, 10.5, 15, 11], "texture": "#5"},
				"east": {"uv": [11, 14.5, 11.5, 15], "texture": "#5"},
				"south": {"uv": [14.5, 11, 15, 11.5], "texture": "#5"},
				"west": {"uv": [11.5, 14.5, 12, 15], "texture": "#5"},
				"up": {"uv": [15, 12, 14.5, 11.5], "texture": "#5"},
				"down": {"uv": [12.5, 14.5, 12, 15], "texture": "#5"}
			}
		},
		{
			"from": [7.50075, 12.30543, 5.3559],
			"to": [8.49975, 14.30343, 8.3529],
			"rotation": {"angle": -22.5, "axis": "x", "origin": [8, 10.35734, 8]},
			"faces": {
				"north": {"uv": [14, 3.5, 14.5, 4.5], "texture": "#5"},
				"east": {"uv": [11, 9.5, 12.5, 10.5], "texture": "#5"},
				"south": {"uv": [14, 4.5, 14.5, 5.5], "texture": "#5"},
				"west": {"uv": [10, 11, 11.5, 12], "texture": "#5"},
				"up": {"uv": [7, 14.5, 6.5, 13], "texture": "#5"},
				"down": {"uv": [11, 13, 10.5, 14.5], "texture": "#5"}
			}
		},
		{
			"from": [7.00025, 10.24082, 3.1563],
			"to": [9.00025, 11.24082, 6.1563],
			"rotation": {"angle": 22.5, "axis": "x", "origin": [8, 10.35734, 8]},
			"faces": {
				"north": {"uv": [14, 3, 15, 3.5], "texture": "#5"},
				"east": {"uv": [13.5, 2.5, 15, 3], "texture": "#5"},
				"south": {"uv": [3.5, 14, 4.5, 14.5], "texture": "#5"},
				"west": {"uv": [3, 13.5, 4.5, 14], "texture": "#5"},
				"up": {"uv": [1, 12.5, 0, 11], "texture": "#5"},
				"down": {"uv": [2, 11, 1, 12.5], "texture": "#5"}
			}
		},
		{
			"from": [7.50025, 8.24082, 3.6563],
			"to": [8.50025, 10.24082, 5.6563],
			"rotation": {"angle": 22.5, "axis": "x", "origin": [8, 10.35734, 8]},
			"faces": {
				"north": {"uv": [1.5, 14, 2, 15], "texture": "#5"},
				"east": {"uv": [5, 12, 6, 13], "texture": "#5"},
				"south": {"uv": [2, 14, 2.5, 15], "texture": "#5"},
				"west": {"uv": [6, 12, 7, 13], "texture": "#5"},
				"up": {"uv": [3, 15, 2.5, 14], "texture": "#5"},
				"down": {"uv": [3.5, 14, 3, 15], "texture": "#5"}
			}
		},
		{
			"from": [7.50175, 10.5201, 3.43406],
			"to": [8.49875, 11.93008, 4.84403],
			"rotation": {"angle": -22.5, "axis": "x", "origin": [8, 10.35734, 8]},
			"faces": {
				"north": {"uv": [14.5, 8, 15, 8.5], "texture": "#5"},
				"east": {"uv": [14.5, 8.5, 15, 9], "texture": "#5"},
				"south": {"uv": [14.5, 9, 15, 9.5], "texture": "#5"},
				"west": {"uv": [14.5, 9.5, 15, 10], "texture": "#5"},
				"up": {"uv": [15, 10.5, 14.5, 10], "texture": "#5"},
				"down": {"uv": [11, 14.5, 10.5, 15], "texture": "#5"}
			}
		},
		{
			"from": [7.50075, 12.30543, 7.6471],
			"to": [8.49975, 14.30343, 10.6441],
			"rotation": {"angle": 22.5, "axis": "x", "origin": [8, 10.35734, 8]},
			"faces": {
				"north": {"uv": [3.5, 14.5, 4, 15.5], "texture": "#5"},
				"east": {"uv": [11.5, 8, 13, 9], "texture": "#5"},
				"south": {"uv": [14.5, 3.5, 15, 4.5], "texture": "#5"},
				"west": {"uv": [8.5, 11.5, 10, 12.5], "texture": "#5"},
				"up": {"uv": [6.5, 15, 6, 13.5], "texture": "#5"},
				"down": {"uv": [10.5, 13.5, 10, 15], "texture": "#5"}
			}
		},
		{
			"from": [7.00025, 10.24082, 9.8437],
			"to": [9.00025, 11.24082, 12.8437],
			"rotation": {"angle": -22.5, "axis": "x", "origin": [8, 10.35734, 8]},
			"faces": {
				"north": {"uv": [13.5, 14, 14.5, 14.5], "texture": "#5"},
				"east": {"uv": [7, 13.5, 8.5, 14], "texture": "#5"},
				"south": {"uv": [14.5, 0, 15.5, 0.5], "texture": "#5"},
				"west": {"uv": [8.5, 13.5, 10, 14], "texture": "#5"},
				"up": {"uv": [12.5, 8, 11.5, 6.5], "texture": "#5"},
				"down": {"uv": [8.5, 11.5, 7.5, 13], "texture": "#5"}
			}
		},
		{
			"from": [7.50025, 8.24082, 10.3437],
			"to": [8.50025, 10.24082, 12.3437],
			"rotation": {"angle": -22.5, "axis": "x", "origin": [8, 10.35734, 8]},
			"faces": {
				"north": {"uv": [9.5, 14, 10, 15], "texture": "#5"},
				"east": {"uv": [1, 12.5, 2, 13.5], "texture": "#5"},
				"south": {"uv": [14, 9.5, 14.5, 10.5], "texture": "#5"},
				"west": {"uv": [2, 12.5, 3, 13.5], "texture": "#5"},
				"up": {"uv": [14.5, 11.5, 14, 10.5], "texture": "#5"},
				"down": {"uv": [14.5, 11.5, 14, 12.5], "texture": "#5"}
			}
		},
		{
			"from": [7.50175, 10.5201, 11.15597],
			"to": [8.49875, 11.93008, 12.56594],
			"rotation": {"angle": 22.5, "axis": "x", "origin": [8, 10.35734, 8]},
			"faces": {
				"north": {"uv": [14.5, 12, 15, 12.5], "texture": "#5"},
				"east": {"uv": [12.5, 14.5, 13, 15], "texture": "#5"},
				"south": {"uv": [14.5, 12.5, 15, 13], "texture": "#5"},
				"west": {"uv": [13, 14.5, 13.5, 15], "texture": "#5"},
				"up": {"uv": [15, 13.5, 14.5, 13], "texture": "#5"},
				"down": {"uv": [14, 14.5, 13.5, 15], "texture": "#5"}
			}
		},
		{
			"from": [6.99925, 12.52525, 9.45576],
			"to": [8.99925, 15.52525, 14.45576],
			"rotation": {"angle": -22.5, "axis": "x", "origin": [8, 10.35734, 8]},
			"faces": {
				"north": {"uv": [5.5, 10.5, 6.5, 12], "texture": "#5"},
				"east": {"uv": [4, 3, 6.5, 4.5], "texture": "#5"},
				"south": {"uv": [6.5, 10.5, 7.5, 12], "texture": "#5"},
				"west": {"uv": [4, 4.5, 6.5, 6], "texture": "#5"},
				"up": {"uv": [5, 10.5, 4, 8], "texture": "#5"},
				"down": {"uv": [6, 8, 5, 10.5], "texture": "#5"}
			}
		},
		{
			"from": [6.49925, 14.89302, 8.92304],
			"to": [9.49925, 18.89302, 10.92304],
			"rotation": {"angle": 22.5, "axis": "x", "origin": [8, 10.35734, 8]},
			"faces": {
				"north": {"uv": [8, 0, 9.5, 2], "texture": "#5"},
				"east": {"uv": [9.5, 0, 10.5, 2], "texture": "#5"},
				"south": {"uv": [1.5, 8, 3, 10], "texture": "#5"},
				"west": {"uv": [9.5, 3.5, 10.5, 5.5], "texture": "#5"},
				"up": {"uv": [12, 5.5, 10.5, 4.5], "texture": "#5"},
				"down": {"uv": [9, 10.5, 7.5, 11.5], "texture": "#5"}
			}
		}
	],
	"display": {
		"thirdperson_righthand": {
			"translation": [0, 1.5, 2]
		},
		"thirdperson_lefthand": {
			"translation": [0, 1.5, 2]
		},
		"firstperson_righthand": {
			"rotation": [10, 0, 0],
			"translation": [1.25, 4.25, 0],
			"scale": [0.8, 0.8, 0.8]
		},
		"firstperson_lefthand": {
			"rotation": [10, 0, 0],
			"translation": [1.25, 4.25, 0],
			"scale": [0.8, 0.8, 0.8]
		},
		"ground": {
			"translation": [0, 1.75, 0],
			"scale": [0.8, 0.8, 0.8]
		},
		"gui": {
			"rotation": [-90, -45, -90],
			"translation": [-1.25, -1, -0.5],
			"scale": [0.8, 0.8, 0.8]
		},
		"fixed": {
			"rotation": [-90, 45, 90],
			"translation": [1, -1, -0.5],
			"scale": [0.9, 0.9, 0.9]
		}
	},
	"groups": [
		{
			"name": "Handle",
			"origin": [-0.18301, 12.1995, -0.0005],
			"color": 0,
			"children": [
				0,
				1,
				{
					"name": "Pommel",
					"origin": [8.00025, 16.5, 8],
					"color": 0,
					"children": [2, 3, 4, 5, 6, 7, 8]
				},
				9,
				10,
				11,
				12,
				13
			]
		},
		{
			"name": "LeftGuard",
			"origin": [7.81674, 12.1995, 11.05184],
			"color": 0,
			"children": [14, 15, 16, 17, 18, 19, 20, 21, 22, 23, 24, 25, 26, 27, 28, 29, 30, 31]
		},
		{
			"name": "LeftGuard",
			"origin": [7.81674, 12.1995, 11.05184],
			"color": 0,
			"children": [32, 33]
		}
	]
}