{
	"credit": "Made by Geode",
	"texture_size": [64, 64],
	"textures": {
		"6": "andromeda:item/andromeda/jets_3",
		"8": "andromeda:item/andromeda/axe"
	},
	"elements": [
		{
			"from": [6.5, 14.13184, 3.21545],
			"to": [9.5, 15.13184, 7.21545],
			"rotation": {"angle": 45, "axis": "x", "origin": [8.00025, 10.35734, 8]},
			"faces": {
				"north": {"uv": [7.5, 5.5, 8.25, 5.75], "texture": "#8"},
				"east": {"uv": [7, 4.75, 8, 5], "texture": "#8"},
				"south": {"uv": [7.5, 5.75, 8.25, 6], "texture": "#8"},
				"west": {"uv": [7.25, 2.5, 8.25, 2.75], "texture": "#8"},
				"up": {"uv": [3.25, 4, 2.5, 3], "texture": "#8"},
				"down": {"uv": [4, 0, 3.25, 1], "texture": "#8"}
			}
		},
		{
			"from": [6.5, 12.13184, 6.21545],
			"to": [9.5, 14.13184, 7.21545],
			"rotation": {"angle": 45, "axis": "x", "origin": [8.00025, 10.35734, 8]},
			"faces": {
				"north": {"uv": [3, 6.25, 3.75, 6.75], "texture": "#8"},
				"east": {"uv": [7.75, 5, 8, 5.5], "texture": "#8"},
				"south": {"uv": [6.25, 3, 7, 3.5], "texture": "#8"},
				"west": {"uv": [8, 0, 8.25, 0.5], "texture": "#8"},
				"up": {"uv": [8.25, 6.75, 7.5, 6.5], "texture": "#8"},
				"down": {"uv": [8.25, 6.75, 7.5, 7], "texture": "#8"}
			}
		},
		{
			"from": [6.75, 12.13184, 4.21545],
			"to": [9.25, 14.13184, 6.21545],
			"rotation": {"angle": 45, "axis": "x", "origin": [8.00025, 10.35734, 8]},
			"faces": {
				"north": {"uv": [6.25, 4, 7, 4.5], "texture": "#8"},
				"east": {"uv": [4, 7.25, 4.5, 7.75], "texture": "#8"},
				"south": {"uv": [6.25, 4.5, 7, 5], "texture": "#8"},
				"west": {"uv": [7.25, 5, 7.75, 5.5], "texture": "#8"},
				"up": {"uv": [0.75, 7, 0, 6.5], "texture": "#8"},
				"down": {"uv": [1.5, 6.5, 0.75, 7], "texture": "#8"}
			}
		},
		{
			"from": [6.5, 11.13184, 3.21545],
			"to": [9.5, 12.13184, 7.21545],
			"rotation": {"angle": 45, "axis": "x", "origin": [8.00025, 10.35734, 8]},
			"faces": {
				"north": {"uv": [7.5, 6, 8.25, 6.25], "texture": "#8"},
				"east": {"uv": [7.25, 2.75, 8.25, 3], "texture": "#8"},
				"south": {"uv": [7.5, 6.25, 8.25, 6.5], "texture": "#8"},
				"west": {"uv": [3, 7.25, 4, 7.5], "texture": "#8"},
				"up": {"uv": [4, 4, 3.25, 3], "texture": "#8"},
				"down": {"uv": [0.75, 3.75, 0, 4.75], "texture": "#8"}
			}
		},
		{
			"from": [6.5, 12.13184, 3.21545],
			"to": [9.5, 14.13184, 4.21545],
			"rotation": {"angle": 45, "axis": "x", "origin": [8.00025, 10.35734, 8]},
			"faces": {
				"north": {"uv": [6.25, 3.5, 7, 4], "texture": "#8"},
				"east": {"uv": [0.25, 8, 0.5, 8.5], "texture": "#8"},
				"south": {"uv": [3.75, 6.25, 4.5, 6.75], "texture": "#8"},
				"west": {"uv": [0.5, 8, 0.75, 8.5], "texture": "#8"},
				"up": {"uv": [8.25, 7.25, 7.5, 7], "texture": "#8"},
				"down": {"uv": [8, 7.5, 7.25, 7.75], "texture": "#8"}
			}
		},
		{
			"from": [6.75, 3.64656, 13.70073],
			"to": [9.25, 4.64656, 14.70073],
			"rotation": {"angle": 45, "axis": "x", "origin": [8.00025, 10.35734, 8]},
			"faces": {
				"north": {"uv": [7.75, 3.25, 8.5, 3.5], "texture": "#8"},
				"east": {"uv": [0, 8.5, 0.25, 8.75], "texture": "#8"},
				"south": {"uv": [7.75, 3.5, 8.5, 3.75], "texture": "#8"},
				"west": {"uv": [8.5, 0, 8.75, 0.25], "texture": "#8"},
				"up": {"uv": [8.5, 4, 7.75, 3.75], "texture": "#8"},
				"down": {"uv": [8.5, 4, 7.75, 4.25], "texture": "#8"}
			}
		},
		{
			"from": [8, -1.55994, 3.59475],
			"to": [8, 2.44006, 6.59475],
			"rotation": {"angle": -22.5, "axis": "x", "origin": [8.00025, 10.35734, 8]},
			"faces": {
				"north": {"uv": [0, 0, 0, 1], "texture": "#8"},
				"east": {"uv": [3.25, 1, 4, 2], "texture": "#8"},
				"south": {"uv": [0, 0, 0, 1], "texture": "#8"},
				"west": {"uv": [3.25, 2, 4, 3], "texture": "#8"},
				"up": {"uv": [0, 0.75, 0, 0], "texture": "#8"},
				"down": {"uv": [0, 0, 0, 0.75], "texture": "#8"}
			}
		},
		{
			"from": [8, -1.55994, 9.40525],
			"to": [8, 2.44006, 12.40525],
			"rotation": {"angle": 22.5, "axis": "x", "origin": [8.00025, 10.35734, 8]},
			"faces": {
				"north": {"uv": [0, 0, 0, 1], "texture": "#8"},
				"east": {"uv": [4, 0, 4.75, 1], "texture": "#8"},
				"south": {"uv": [0, 0, 0, 1], "texture": "#8"},
				"west": {"uv": [4, 1, 4.75, 2], "texture": "#8"},
				"up": {"uv": [0, 0.75, 0, 0], "texture": "#8"},
				"down": {"uv": [0, 0, 0, 0.75], "texture": "#8"}
			}
		},
		{
			"from": [6.5, 2.64656, 13.70073],
			"to": [9.5, 3.64656, 14.70073],
			"rotation": {"angle": 45, "axis": "x", "origin": [8.00025, 10.35734, 8]},
			"faces": {
				"north": {"uv": [7.75, 1.5, 8.5, 1.75], "texture": "#8"},
				"east": {"uv": [7, 1.25, 7.25, 1.5], "texture": "#8"},
				"south": {"uv": [7.75, 1.75, 8.5, 2], "texture": "#8"},
				"west": {"uv": [8.25, 8.25, 8.5, 8.5], "texture": "#8"},
				"up": {"uv": [8.5, 2.25, 7.75, 2], "texture": "#8"},
				"down": {"uv": [8.5, 3, 7.75, 3.25], "texture": "#8"}
			}
		},
		{
			"from": [6.5, 2.64656, 12.70073],
			"to": [9.5, 5.64656, 13.70073],
			"rotation": {"angle": 45, "axis": "x", "origin": [8.00025, 10.35734, 8]},
			"faces": {
				"north": {"uv": [5.25, 0, 6, 0.75], "texture": "#8"},
				"east": {"uv": [0, 7.75, 0.25, 8.5], "texture": "#8"},
				"south": {"uv": [5.25, 0.75, 6, 1.5], "texture": "#8"},
				"west": {"uv": [7.75, 0, 8, 0.75], "texture": "#8"},
				"up": {"uv": [8.25, 7.5, 7.5, 7.25], "texture": "#8"},
				"down": {"uv": [1, 7.75, 0.25, 8], "texture": "#8"}
			}
		},
		{
			"from": [6.5, 4.64656, 13.70073],
			"to": [9.5, 5.64656, 14.70073],
			"rotation": {"angle": 45, "axis": "x", "origin": [8.00025, 10.35734, 8]},
			"faces": {
				"north": {"uv": [7.75, 0.75, 8.5, 1], "texture": "#8"},
				"east": {"uv": [2.25, 3.75, 2.5, 4], "texture": "#8"},
				"south": {"uv": [1, 7.75, 1.75, 8], "texture": "#8"},
				"west": {"uv": [2, 4.75, 2.25, 5], "texture": "#8"},
				"up": {"uv": [8.5, 1.25, 7.75, 1], "texture": "#8"},
				"down": {"uv": [8.5, 1.25, 7.75, 1.5], "texture": "#8"}
			}
		},
		{
			"from": [6.5, 2.64656, 14.70073],
			"to": [9.5, 5.64656, 15.70073],
			"rotation": {"angle": 45, "axis": "x", "origin": [8.00025, 10.35734, 8]},
			"faces": {
				"north": {"uv": [3, 5, 3.75, 5.75], "texture": "#8"},
				"east": {"uv": [7.5, 0, 7.75, 0.75], "texture": "#8"},
				"south": {"uv": [4.75, 5, 5.5, 5.75], "texture": "#8"},
				"west": {"uv": [5.25, 7.5, 5.5, 8.25], "texture": "#8"},
				"up": {"uv": [8.25, 2.5, 7.5, 2.25], "texture": "#8"},
				"down": {"uv": [8.25, 4.5, 7.5, 4.75], "texture": "#8"}
			}
		},
		{
			"from": [8, 16.23108, 4],
			"to": [8, 24.23108, 12],
			"rotation": {"angle": 0, "axis": "y", "origin": [8.00025, 10.35734, 8]},
			"faces": {
				"north": {"uv": [0, 0, 0, 2], "texture": "#missing"},
				"east": {"uv": [0, 0, 16, 16], "texture": "#6"},
				"south": {"uv": [0, 0, 0, 2], "texture": "#missing"},
				"west": {"uv": [16, 0, 0, 16], "texture": "#6"},
				"up": {"uv": [0, 2, 0, 0], "texture": "#missing"},
				"down": {"uv": [0, 0, 0, 2], "texture": "#missing"}
			}
		},
		{
			"from": [7, 0.83108, 7],
			"to": [9, 12.83108, 9],
			"rotation": {"angle": 0, "axis": "y", "origin": [8.00025, 10.35734, 8]},
			"faces": {
				"north": {"uv": [0, 0, 0.5, 3], "texture": "#8"},
				"east": {"uv": [0.5, 0, 1, 3], "texture": "#8"},
				"south": {"uv": [1, 0, 1.5, 3], "texture": "#8"},
				"west": {"uv": [1.5, 0, 2, 3], "texture": "#8"},
				"up": {"uv": [7.5, 4.75, 7, 4.25], "texture": "#8"},
				"down": {"uv": [2, 7.25, 1.5, 7.75], "texture": "#8"}
			}
		},
		{
			"from": [7.50025, 13.96234, 0.54672],
			"to": [8.50025, 15.96234, 4.54672],
			"rotation": {"angle": -22.5, "axis": "x", "origin": [8.00025, 14.96234, 2.54672]},
			"faces": {
				"north": {"uv": [8, 8, 8.25, 8.5], "texture": "#8"},
				"east": {"uv": [5.5, 5, 6.5, 5.5], "texture": "#8"},
				"south": {"uv": [8.25, 0, 8.5, 0.5], "texture": "#8"},
				"west": {"uv": [5.5, 5.5, 6.5, 6], "texture": "#8"},
				"up": {"uv": [7.5, 7.5, 7.25, 6.5], "texture": "#8"},
				"down": {"uv": [7, 7.25, 6.75, 8.25], "texture": "#8"}
			}
		},
		{
			"from": [7.50075, 10.12336, 0.31727],
			"to": [8.49975, 15.11835, 2.31527],
			"rotation": {"angle": 0, "axis": "y", "origin": [8.00025, 12.62085, 1.31627]},
			"faces": {
				"north": {"uv": [4.5, 7, 4.75, 8.25], "texture": "#8"},
				"east": {"uv": [0, 4.75, 0.5, 6], "texture": "#8"},
				"south": {"uv": [4.75, 7, 5, 8.25], "texture": "#8"},
				"west": {"uv": [4.75, 0, 5.25, 1.25], "texture": "#8"},
				"up": {"uv": [8.25, 5.25, 8, 4.75], "texture": "#8"},
				"down": {"uv": [8.25, 7.5, 8, 8], "texture": "#8"}
			}
		},
		{
			"from": [7.50025, 8.61353, 0.50373],
			"to": [8.50025, 10.61353, 4.50373],
			"rotation": {"angle": 22.5, "axis": "x", "origin": [8.00025, 9.8384, 4.19891]},
			"faces": {
				"north": {"uv": [0.75, 8, 1, 8.5], "texture": "#8"},
				"east": {"uv": [5.25, 3.5, 6.25, 4], "texture": "#8"},
				"south": {"uv": [1, 8, 1.25, 8.5], "texture": "#8"},
				"west": {"uv": [3.75, 5.25, 4.75, 5.75], "texture": "#8"},
				"up": {"uv": [7.5, 6.5, 7.25, 5.5], "texture": "#8"},
				"down": {"uv": [6.25, 7.25, 6, 8.25], "texture": "#8"}
			}
		},
		{
			"from": [6.49925, 14.89302, 4.91854],
			"to": [9.49925, 18.89302, 6.91854],
			"rotation": {"angle": -22.5, "axis": "x", "origin": [8, 10.35734, 7.84157]},
			"faces": {
				"north": {"uv": [0.75, 3.75, 1.5, 4.75], "texture": "#8"},
				"east": {"uv": [5.25, 1.5, 5.75, 2.5], "texture": "#8"},
				"south": {"uv": [1.5, 3.75, 2.25, 4.75], "texture": "#8"},
				"west": {"uv": [5.25, 2.5, 5.75, 3.5], "texture": "#8"},
				"up": {"uv": [7.25, 5.5, 6.5, 5], "texture": "#8"},
				"down": {"uv": [7.25, 5.5, 6.5, 6], "texture": "#8"}
			}
		},
		{
			"from": [6.99925, 12.52525, 1.38581],
			"to": [8.99925, 15.52525, 6.38581],
			"rotation": {"angle": 22.5, "axis": "x", "origin": [8, 10.35734, 7.84157]},
			"faces": {
				"north": {"uv": [4.5, 6.25, 5, 7], "texture": "#8"},
				"east": {"uv": [2, 0, 3.25, 0.75], "texture": "#8"},
				"south": {"uv": [1.5, 6.5, 2, 7.25], "texture": "#8"},
				"west": {"uv": [2, 0.75, 3.25, 1.5], "texture": "#8"},
				"up": {"uv": [4.25, 5.25, 3.75, 4], "texture": "#8"},
				"down": {"uv": [4.75, 4, 4.25, 5.25], "texture": "#8"}
			}
		},
		{
			"from": [7.00025, 8.11353, 4.50373],
			"to": [9.00025, 11.11353, 5.50373],
			"rotation": {"angle": 22.5, "axis": "x", "origin": [8.00025, 9.8384, 4.19891]},
			"faces": {
				"north": {"uv": [5, 6.75, 5.5, 7.5], "texture": "#8"},
				"east": {"uv": [4.25, 7.75, 4.5, 8.5], "texture": "#8"},
				"south": {"uv": [0, 7, 0.5, 7.75], "texture": "#8"},
				"west": {"uv": [7.25, 7.75, 7.5, 8.5], "texture": "#8"},
				"up": {"uv": [8.5, 5.5, 8, 5.25], "texture": "#8"},
				"down": {"uv": [8.75, 2.75, 8.25, 3], "texture": "#8"}
			}
		},
		{
			"from": [7.50075, 7.79973, 4.05809],
			"to": [8.49975, 9.79773, 8.05509],
			"rotation": {"angle": -22.5, "axis": "x", "origin": [8.00025, 9.8384, 4.19891]},
			"faces": {
				"north": {"uv": [8.25, 2.25, 8.5, 2.75], "texture": "#8"},
				"east": {"uv": [3, 5.75, 4, 6.25], "texture": "#8"},
				"south": {"uv": [8.25, 4.25, 8.5, 4.75], "texture": "#8"},
				"west": {"uv": [4, 5.75, 5, 6.25], "texture": "#8"},
				"up": {"uv": [7.25, 8.25, 7, 7.25], "texture": "#8"},
				"down": {"uv": [7.75, 1.25, 7.5, 2.25], "texture": "#8"}
			}
		},
		{
			"from": [7.49975, 13.96234, 11.45328],
			"to": [8.49975, 15.96234, 15.45328],
			"rotation": {"angle": 22.5, "axis": "x", "origin": [7.99975, 14.96234, 13.45328]},
			"faces": {
				"north": {"uv": [8.25, 7.25, 8.5, 7.75], "texture": "#8"},
				"east": {"uv": [6.25, 2, 7.25, 2.5], "texture": "#8"},
				"south": {"uv": [8.25, 7.75, 8.5, 8.25], "texture": "#8"},
				"west": {"uv": [6.25, 2.5, 7.25, 3], "texture": "#8"},
				"up": {"uv": [4, 8.5, 3.75, 7.5], "texture": "#8"},
				"down": {"uv": [5.25, 7.5, 5, 8.5], "texture": "#8"}
			}
		},
		{
			"from": [7.50025, 10.12336, 13.68473],
			"to": [8.49925, 15.11835, 15.68273],
			"rotation": {"angle": 0, "axis": "y", "origin": [7.99975, 12.62085, 14.68373]},
			"faces": {
				"north": {"uv": [7, 6, 7.25, 7.25], "texture": "#8"},
				"east": {"uv": [2, 5, 2.5, 6.25], "texture": "#8"},
				"south": {"uv": [7.25, 1.25, 7.5, 2.5], "texture": "#8"},
				"west": {"uv": [2.5, 5, 3, 6.25], "texture": "#8"},
				"up": {"uv": [8.5, 7.25, 8.25, 6.75], "texture": "#8"},
				"down": {"uv": [7.25, 8.25, 7, 8.75], "texture": "#8"}
			}
		},
		{
			"from": [7.49975, 8.61353, 11.49627],
			"to": [8.49975, 10.61353, 15.49627],
			"rotation": {"angle": -22.5, "axis": "x", "origin": [7.99975, 9.8384, 11.80109]},
			"faces": {
				"north": {"uv": [8.25, 6.25, 8.5, 6.75], "texture": "#8"},
				"east": {"uv": [6.25, 1.5, 7.25, 2], "texture": "#8"},
				"south": {"uv": [6.75, 8.25, 7, 8.75], "texture": "#8"},
				"west": {"uv": [2, 6.25, 3, 6.75], "texture": "#8"},
				"up": {"uv": [3.75, 8.5, 3.5, 7.5], "texture": "#8"},
				"down": {"uv": [7.75, 3.5, 7.5, 4.5], "texture": "#8"}
			}
		},
		{
			"from": [6.99975, 8.11353, 10.49627],
			"to": [8.99975, 11.11353, 11.49627],
			"rotation": {"angle": -22.5, "axis": "x", "origin": [7.99975, 9.8384, 11.80109]},
			"faces": {
				"north": {"uv": [1, 7, 1.5, 7.75], "texture": "#8"},
				"east": {"uv": [7.5, 7.75, 7.75, 8.5], "texture": "#8"},
				"south": {"uv": [7, 3.5, 7.5, 4.25], "texture": "#8"},
				"west": {"uv": [7.75, 7.75, 8, 8.5], "texture": "#8"},
				"up": {"uv": [8.75, 6.25, 8.25, 6], "texture": "#8"},
				"down": {"uv": [6.75, 8.25, 6.25, 8.5], "texture": "#8"}
			}
		},
		{
			"from": [7.50025, 7.79973, 7.94491],
			"to": [8.49925, 9.79773, 11.94191],
			"rotation": {"angle": 22.5, "axis": "x", "origin": [7.99975, 9.8384, 11.80109]},
			"faces": {
				"north": {"uv": [5.75, 8.25, 6, 8.75], "texture": "#8"},
				"east": {"uv": [6, 1, 7, 1.5], "texture": "#8"},
				"south": {"uv": [6, 8.25, 6.25, 8.75], "texture": "#8"},
				"west": {"uv": [6, 6, 7, 6.5], "texture": "#8"},
				"up": {"uv": [3.25, 8.5, 3, 7.5], "texture": "#8"},
				"down": {"uv": [3.5, 7.5, 3.25, 8.5], "texture": "#8"}
			}
		},
		{
			"from": [6.50075, 14.89302, 9.08146],
			"to": [9.50075, 18.89302, 11.08146],
			"rotation": {"angle": 22.5, "axis": "x", "origin": [8, 10.35734, 8.15843]},
			"faces": {
				"north": {"uv": [3, 4, 3.75, 5], "texture": "#8"},
				"east": {"uv": [5, 5.75, 5.5, 6.75], "texture": "#8"},
				"south": {"uv": [4, 3, 4.75, 4], "texture": "#8"},
				"west": {"uv": [5.5, 6, 6, 7], "texture": "#8"},
				"up": {"uv": [7.75, 1.25, 7, 0.75], "texture": "#8"},
				"down": {"uv": [7.75, 3, 7, 3.5], "texture": "#8"}
			}
		},
		{
			"from": [7.00075, 12.52525, 9.61419],
			"to": [9.00075, 15.52525, 14.61419],
			"rotation": {"angle": -22.5, "axis": "x", "origin": [8, 10.35734, 8.15843]},
			"faces": {
				"north": {"uv": [7, 0, 7.5, 0.75], "texture": "#8"},
				"east": {"uv": [0, 3, 1.25, 3.75], "texture": "#8"},
				"south": {"uv": [0.5, 7, 1, 7.75], "texture": "#8"},
				"west": {"uv": [1.25, 3, 2.5, 3.75], "texture": "#8"},
				"up": {"uv": [5.25, 3.75, 4.75, 2.5], "texture": "#8"},
				"down": {"uv": [5.25, 3.75, 4.75, 5], "texture": "#8"}
			}
		}
	],
	"display": {
		"thirdperson_righthand": {
			"translation": [0, 1.5, 2]
		},
		"thirdperson_lefthand": {
			"translation": [0, 1.5, 2]
		},
		"firstperson_righthand": {
			"rotation": [10, 0, 0],
			"translation": [1.25, 4.25, 0],
			"scale": [0.8, 0.8, 0.8]
		},
		"firstperson_lefthand": {
			"rotation": [10, 0, 0],
			"translation": [1.25, 4.25, 0],
			"scale": [0.8, 0.8, 0.8]
		},
		"ground": {
			"translation": [0, 1.75, 0],
			"scale": [0.8, 0.8, 0.8]
		},
		"gui": {
			"rotation": [-90, -45, -90],
			"translation": [-1.25, -1, -0.5],
			"scale": [0.8, 0.8, 0.8]
		},
		"fixed": {
			"rotation": [-90, 45, 90],
			"translation": [1, -1, -0.5],
			"scale": [0.9, 0.9, 0.9]
		}
	}
}