{"textures":{"0":"modelengine:entity/pet_gingerbreadman_variation"},"elements":[{"from":[5.142857,10.238095,7.142857],"to":[10.857143,15.380953,8.857143],"rotation":{"angle":0.0,"axis":"y","origin":[8.0,5.0952377,7.142857]},"faces":{"east":{"uv":[8.0,0.0,9.5,4.5],"rotation":0,"texture":"#0","tintindex":0},"south":{"uv":[0.0,4.5,5.0,9.0],"rotation":0,"texture":"#0","tintindex":0},"north":{"uv":[0.0,0.0,5.0,4.5],"rotation":0,"texture":"#0","tintindex":0},"west":{"uv":[0.0,9.0,1.5,13.5],"rotation":0,"texture":"#0","tintindex":0},"up":{"uv":[10.0,7.5,5.0,6.0],"rotation":0,"texture":"#0","tintindex":0},"down":{"uv":[10.0,7.5,5.0,9.0],"rotation":0,"texture":"#0","tintindex":0}}},{"from":[6.285714,6.8095236,7.142857],"to":[9.714286,10.238095,8.857143],"rotation":{"angle":0.0,"axis":"y","origin":[8.0,5.0952377,7.142857]},"faces":{"east":{"uv":[1.5,9.0,3.0,12.0],"rotation":0,"texture":"#0","tintindex":0},"south":{"uv":[5.0,3.0,8.0,6.0],"rotation":0,"texture":"#0","tintindex":0},"north":{"uv":[5.0,0.0,8.0,3.0],"rotation":0,"texture":"#0","tintindex":0},"west":{"uv":[3.0,9.0,4.5,12.0],"rotation":0,"texture":"#0","tintindex":0},"up":{"uv":[11.0,6.0,8.0,4.5],"rotation":0,"texture":"#0","tintindex":0},"down":{"uv":[7.5,9.0,4.5,10.5],"rotation":0,"texture":"#0","tintindex":0}}},{"from":[4.5714283,8.523809,7.142857],"to":[6.285714,9.666667,8.857143],"rotation":{"angle":0.0,"axis":"y","origin":[8.0,5.0952377,7.142857]},"faces":{"east":{"uv":[10.0,6.0,11.5,7.0],"rotation":0,"texture":"#0","tintindex":0},"south":{"uv":[10.0,7.0,11.5,8.0],"rotation":0,"texture":"#0","tintindex":0},"north":{"uv":[9.5,3.0,11.0,4.0],"rotation":0,"texture":"#0","tintindex":0},"west":{"uv":[10.0,8.0,11.5,9.0],"rotation":0,"texture":"#0","tintindex":0},"up":{"uv":[9.0,10.5,7.5,9.0],"rotation":0,"texture":"#0","tintindex":0},"down":{"uv":[10.5,9.0,9.0,10.5],"rotation":0,"texture":"#0","tintindex":0}}},{"from":[6.285714,5.0952377,7.142857],"to":[7.428571,6.8095236,8.857143],"rotation":{"angle":0.0,"axis":"y","origin":[8.0,5.0952377,7.142857]},"faces":{"east":{"uv":[9.5,0.0,11.0,1.5],"rotation":0,"texture":"#0","tintindex":0},"south":{"uv":[5.5,10.5,6.5,12.0],"rotation":0,"texture":"#0","tintindex":0},"north":{"uv":[4.5,10.5,5.5,12.0],"rotation":0,"texture":"#0","tintindex":0},"west":{"uv":[9.5,1.5,11.0,3.0],"rotation":0,"texture":"#0","tintindex":0},"up":{"uv":[7.5,12.0,6.5,10.5],"rotation":0,"texture":"#0","tintindex":0},"down":{"uv":[8.5,10.5,7.5,12.0],"rotation":0,"texture":"#0","tintindex":0}}},{"from":[9.714286,8.523809,7.142857],"to":[11.428572,9.666667,8.857143],"rotation":{"angle":0.0,"axis":"y","origin":[8.0,5.0952377,7.142857]},"faces":{"east":{"uv":[11.5,8.0,10.0,9.0],"rotation":0,"texture":"#0","tintindex":0},"south":{"uv":[11.5,7.0,10.0,8.0],"rotation":0,"texture":"#0","tintindex":0},"north":{"uv":[11.0,3.0,9.5,4.0],"rotation":0,"texture":"#0","tintindex":0},"west":{"uv":[11.5,6.0,10.0,7.0],"rotation":0,"texture":"#0","tintindex":0},"up":{"uv":[7.5,10.5,9.0,9.0],"rotation":0,"texture":"#0","tintindex":0},"down":{"uv":[9.0,9.0,10.5,10.5],"rotation":0,"texture":"#0","tintindex":0}}},{"from":[8.571428,5.0952377,7.142857],"to":[9.714286,6.8095236,8.857143],"rotation":{"angle":0.0,"axis":"y","origin":[8.0,5.0952377,7.142857]},"faces":{"east":{"uv":[11.0,1.5,9.5,3.0],"rotation":0,"texture":"#0","tintindex":0},"south":{"uv":[6.5,10.5,5.5,12.0],"rotation":0,"texture":"#0","tintindex":0},"north":{"uv":[5.5,10.5,4.5,12.0],"rotation":0,"texture":"#0","tintindex":0},"west":{"uv":[11.0,0.0,9.5,1.5],"rotation":0,"texture":"#0","tintindex":0},"up":{"uv":[6.5,12.0,7.5,10.5],"rotation":0,"texture":"#0","tintindex":0},"down":{"uv":[7.5,10.5,8.5,12.0],"rotation":0,"texture":"#0","tintindex":0}}}],"display":{"head":{"translation":[0.0,-6.4,0.0],"scale":[4.0,4.0,4.0]}}}