{"textures":{"1":"modelengine:entity/pet_santa"},"elements":[{"from":[4.5714283,8.0,7.142857],"to":[8.0,9.142858,8.857143],"rotation":{"angle":0.0,"axis":"y","origin":[10.285714,2.8571424,7.142857]},"faces":{"east":{"uv":[8.525,6.275,9.225,6.725],"rotation":0,"texture":"#1","tintindex":0},"south":{"uv":[8.275,2.275,9.725,2.725],"rotation":0,"texture":"#1","tintindex":0},"north":{"uv":[0.025,8.275,1.475,8.725],"rotation":0,"texture":"#1","tintindex":0},"west":{"uv":[0.025,8.775,0.725,9.225],"rotation":0,"texture":"#1","tintindex":0},"up":{"uv":[5.975,3.975,4.525,3.275],"rotation":0,"texture":"#1","tintindex":0},"down":{"uv":[9.475,1.025,8.025,1.725],"rotation":0,"texture":"#1","tintindex":0}}}],"display":{"head":{"translation":[0.0,-6.4,0.0],"scale":[4.0,4.0,4.0]}}}