{"textures":{"1":"modelengine:entity/pet_santa"},"elements":[{"from":[7.428571,5.142857,7.428571],"to":[8.571428,8.0,8.571428],"rotation":{"angle":0.0,"axis":"y","origin":[6.857143,5.142857,7.428571]},"faces":{"east":{"uv":[6.225,8.525,5.775,9.725],"rotation":0,"texture":"#1","tintindex":0},"south":{"uv":[5.725,8.275,5.275,9.475],"rotation":0,"texture":"#1","tintindex":0},"north":{"uv":[2.975,8.025,2.525,9.225],"rotation":0,"texture":"#1","tintindex":0},"west":{"uv":[5.225,8.275,4.775,9.475],"rotation":0,"texture":"#1","tintindex":0},"up":{"uv":[2.025,3.975,2.475,3.525],"rotation":0,"texture":"#1","tintindex":0},"down":{"uv":[1.525,6.775,1.975,7.225],"rotation":0,"texture":"#1","tintindex":0}}},{"from":[7.428571,5.142857,6.857143],"to":[8.571428,5.714286,7.428571],"rotation":{"angle":0.0,"axis":"y","origin":[6.857143,5.142857,7.428571]},"faces":{"east":{"uv":[5.975,7.525,5.775,7.725],"rotation":0,"texture":"#1","tintindex":0},"south":{"uv":[8.225,8.775,7.775,8.975],"rotation":0,"texture":"#1","tintindex":0},"north":{"uv":[1.225,8.775,0.775,8.975],"rotation":0,"texture":"#1","tintindex":0},"west":{"uv":[5.975,7.275,5.775,7.475],"rotation":0,"texture":"#1","tintindex":0},"up":{"uv":[8.275,8.975,8.725,8.775],"rotation":0,"texture":"#1","tintindex":0},"down":{"uv":[8.775,8.775,9.225,8.975],"rotation":0,"texture":"#1","tintindex":0}}}],"display":{"head":{"translation":[0.0,-6.4,0.0],"scale":[4.0,4.0,4.0]}}}