{"textures":{"0":"modelengine:entity/penguin"},"elements":[{"from":[8.0,4.6285715,6.285714],"to":[8.0,8.057143,9.714286],"rotation":{"angle":22.5,"axis":"z","origin":[8.0,8.057143,8.0]},"faces":{"east":{"uv":[0.0,10.5,1.5,12.0],"rotation":0,"texture":"#0","tintindex":0},"south":{"uv":[0.0,0.0,0.0,1.5],"rotation":0,"texture":"#0","tintindex":0},"north":{"uv":[0.0,0.0,0.0,1.5],"rotation":0,"texture":"#0","tintindex":0},"west":{"uv":[1.5,10.5,0.0,12.0],"rotation":0,"texture":"#0","tintindex":0},"up":{"uv":[0.0,0.0,0.0,1.5],"rotation":0,"texture":"#0","tintindex":0},"down":{"uv":[0.0,0.0,0.0,1.5],"rotation":0,"texture":"#0","tintindex":0}}}],"display":{"head":{"translation":[0.0,-6.4,0.0],"scale":[4.0,4.0,4.0]}}}