{"textures":{"0":"modelengine:entity/penguin"},"elements":[{"from":[6.285714,8.0,4.5714283],"to":[8.0,8.0,8.0],"rotation":{"angle":22.5,"axis":"y","origin":[8.0,8.0,8.0]},"faces":{"east":{"uv":[0.0,0.0,1.5,0.0],"rotation":0,"texture":"#0","tintindex":0},"south":{"uv":[0.0,0.0,0.75,0.0],"rotation":0,"texture":"#0","tintindex":0},"north":{"uv":[0.0,0.0,0.75,0.0],"rotation":0,"texture":"#0","tintindex":0},"west":{"uv":[0.0,0.0,1.5,0.0],"rotation":0,"texture":"#0","tintindex":0},"up":{"uv":[15.25,14.5,16.0,16.0],"rotation":0,"texture":"#0","tintindex":0},"down":{"uv":[15.25,16.0,16.0,14.5],"rotation":0,"texture":"#0","tintindex":0}}}],"display":{"head":{"translation":[0.0,-6.4,0.0],"scale":[4.0,4.0,4.0]}}}