{"textures":{"0":"modelengine:entity/penguin"},"elements":[{"from":[6.857143,8.057143,6.285714],"to":[9.142858,9.771429,8.571428],"rotation":{"angle":0.0,"axis":"y","origin":[8.0,3.485714,8.0]},"faces":{"east":{"uv":[14.25,15.25,15.25,16.0],"rotation":0,"texture":"#0","tintindex":0},"south":{"uv":[15.0,13.75,16.0,14.5],"rotation":0,"texture":"#0","tintindex":0},"north":{"uv":[15.0,13.0,16.0,13.75],"rotation":0,"texture":"#0","tintindex":0},"west":{"uv":[14.25,14.5,15.25,15.25],"rotation":0,"texture":"#0","tintindex":0},"up":{"uv":[12.25,15.0,13.25,16.0],"rotation":0,"texture":"#0","tintindex":0},"down":{"uv":[13.25,15.0,14.25,16.0],"rotation":0,"texture":"#0","tintindex":0}}},{"from":[6.857143,8.6285715,5.142857],"to":[9.142858,8.6285715,6.285714],"rotation":{"angle":0.0,"axis":"y","origin":[8.0,3.485714,8.0]},"faces":{"east":{"uv":[0.0,0.0,0.5,0.0],"rotation":0,"texture":"#0","tintindex":0},"south":{"uv":[0.0,0.0,1.0,0.0],"rotation":0,"texture":"#0","tintindex":0},"north":{"uv":[0.0,0.0,1.0,0.0],"rotation":0,"texture":"#0","tintindex":0},"west":{"uv":[10.75,9.5,11.25,9.5],"rotation":0,"texture":"#0","tintindex":0},"up":{"uv":[15.0,12.5,16.0,13.0],"rotation":0,"texture":"#0","tintindex":0},"down":{"uv":[15.0,12.25,16.0,11.75],"rotation":0,"texture":"#0","tintindex":0}}}],"display":{"head":{"translation":[0.0,-6.4,0.0],"scale":[4.0,4.0,4.0]}}}