{"textures":{"0":"modelengine:entity/penguin"},"elements":[{"from":[6.285714,8.057143,6.857143],"to":[9.714286,12.628572,9.142858],"rotation":{"angle":0.0,"axis":"y","origin":[8.0,8.057143,8.0]},"faces":{"east":{"uv":[2.5,13.0,1.5,15.0],"rotation":0,"texture":"#0","tintindex":0},"south":{"uv":[0.0,14.0,1.5,16.0],"rotation":0,"texture":"#0","tintindex":0},"north":{"uv":[0.0,12.0,1.5,14.0],"rotation":0,"texture":"#0","tintindex":0},"west":{"uv":[1.5,13.0,2.5,15.0],"rotation":0,"texture":"#0","tintindex":0},"up":{"uv":[3.0,15.0,4.5,16.0],"rotation":0,"texture":"#0","tintindex":0},"down":{"uv":[1.5,15.0,3.0,16.0],"rotation":0,"texture":"#0","tintindex":0}}},{"from":[8.0,8.057143,9.142858],"to":[8.0,10.342857,10.857143],"rotation":{"angle":0.0,"axis":"y","origin":[8.0,8.057143,8.0]},"faces":{"east":{"uv":[3.25,14.0,2.5,15.0],"rotation":0,"texture":"#0","tintindex":0},"south":{"uv":[0.0,14.0,0.0,15.0],"rotation":0,"texture":"#0","tintindex":0},"north":{"uv":[0.0,12.0,1.5,14.0],"rotation":0,"texture":"#0","tintindex":0},"west":{"uv":[2.5,14.0,3.25,15.0],"rotation":0,"texture":"#0","tintindex":0},"up":{"uv":[3.0,15.0,4.5,16.0],"rotation":0,"texture":"#0","tintindex":0},"down":{"uv":[1.5,15.0,3.0,16.0],"rotation":0,"texture":"#0","tintindex":0}}}],"display":{"head":{"translation":[0.0,-6.4,0.0],"scale":[4.0,4.0,4.0]}}}