{
	"credit": "Made by PolygonMC",
	"texture_size": [24, 24],
	"textures": {
		"2": "chunky:item/cosmetics/ducky_event/fishing_rod_cast",
		"particle": "chunky:item/cosmetics/ducky_event/fishing_rod_cast"
	},
	"elements": [
		{
			"from": [7.4, -0.1, 7.4],
			"to": [8.6, 1.1, 8.6],
			"rotation": {"angle": -45, "axis": "x", "origin": [8, 0.5, 8]},
			"faces": {
				"north": {"uv": [7.33333, 6, 8, 6.66667], "texture": "#2"},
				"east": {"uv": [6, 9.33333, 6.66667, 10], "texture": "#2"},
				"south": {"uv": [9.33333, 7.33333, 10, 8], "texture": "#2"},
				"west": {"uv": [9.33333, 8, 10, 8.66667], "texture": "#2"},
				"up": {"uv": [10, 9.33333, 9.33333, 8.66667], "texture": "#2"},
				"down": {"uv": [10, 9.33333, 9.33333, 10], "texture": "#2"}
			}
		},
		{
			"from": [7.5, 0.7, 7.5],
			"to": [8.5, 1.7, 8.5],
			"rotation": {"angle": 0, "axis": "x", "origin": [8, 1.2, 8]},
			"faces": {
				"north": {"uv": [10, 0, 10.66667, 0.66667], "texture": "#2"},
				"east": {"uv": [10, 0.66667, 10.66667, 1.33333], "texture": "#2"},
				"south": {"uv": [10, 1.33333, 10.66667, 2], "texture": "#2"},
				"west": {"uv": [10, 2, 10.66667, 2.66667], "texture": "#2"},
				"up": {"uv": [10.66667, 3.33333, 10, 2.66667], "texture": "#2"},
				"down": {"uv": [4, 10, 3.33333, 10.66667], "texture": "#2"}
			}
		},
		{
			"from": [7.5, 3.7, 7.5],
			"to": [8.5, 4.7, 8.5],
			"rotation": {"angle": 0, "axis": "x", "origin": [8, 4.2, 8]},
			"faces": {
				"north": {"uv": [10, 3.33333, 10.66667, 4], "texture": "#2"},
				"east": {"uv": [4, 10, 4.66667, 10.66667], "texture": "#2"},
				"south": {"uv": [10, 4, 10.66667, 4.66667], "texture": "#2"},
				"west": {"uv": [4.66667, 10, 5.33333, 10.66667], "texture": "#2"},
				"up": {"uv": [10.66667, 5.33333, 10, 4.66667], "texture": "#2"},
				"down": {"uv": [6, 10, 5.33333, 10.66667], "texture": "#2"}
			}
		},
		{
			"from": [7.5, 6.7, 7.5],
			"to": [8.5, 7.7, 8.5],
			"rotation": {"angle": 0, "axis": "x", "origin": [8, 3.2, 8]},
			"faces": {
				"north": {"uv": [10, 5.33333, 10.66667, 6], "texture": "#2"},
				"east": {"uv": [6, 10, 6.66667, 10.66667], "texture": "#2"},
				"south": {"uv": [6.66667, 10, 7.33333, 10.66667], "texture": "#2"},
				"west": {"uv": [7.33333, 10, 8, 10.66667], "texture": "#2"},
				"up": {"uv": [10.66667, 8, 10, 7.33333], "texture": "#2"},
				"down": {"uv": [8.66667, 10, 8, 10.66667], "texture": "#2"}
			}
		},
		{
			"from": [7.5, 11.7, 7.5],
			"to": [8.5, 12.7, 8.5],
			"rotation": {"angle": 0, "axis": "x", "origin": [8, 8.2, 8]},
			"faces": {
				"north": {"uv": [10, 8, 10.66667, 8.66667], "texture": "#2"},
				"east": {"uv": [8.66667, 10, 9.33333, 10.66667], "texture": "#2"},
				"south": {"uv": [10, 8.66667, 10.66667, 9.33333], "texture": "#2"},
				"west": {"uv": [9.33333, 10, 10, 10.66667], "texture": "#2"},
				"up": {"uv": [10.66667, 10, 10, 9.33333], "texture": "#2"},
				"down": {"uv": [10.66667, 10, 10, 10.66667], "texture": "#2"}
			}
		},
		{
			"from": [7.6, 1.7, 7.6],
			"to": [8.4, 3.7, 8.4],
			"rotation": {"angle": 0, "axis": "x", "origin": [8, 2.2, 8]},
			"faces": {
				"north": {"uv": [0, 9.33333, 0.66667, 10.66667], "texture": "#2"},
				"east": {"uv": [9.33333, 0, 10, 1.33333], "texture": "#2"},
				"south": {"uv": [0.66667, 9.33333, 1.33333, 10.66667], "texture": "#2"},
				"west": {"uv": [1.33333, 9.33333, 2, 10.66667], "texture": "#2"},
				"up": {"uv": [0.66667, 11.33333, 0, 10.66667], "texture": "#2"},
				"down": {"uv": [11.33333, 0, 10.66667, 0.66667], "texture": "#2"}
			}
		},
		{
			"from": [7.6, 7.7, 7.6],
			"to": [8.4, 11.7, 8.4],
			"rotation": {"angle": 0, "axis": "x", "origin": [8, 8.2, 8]},
			"faces": {
				"north": {"uv": [4, 6.66667, 4.66667, 9.33333], "texture": "#2"},
				"east": {"uv": [4.66667, 6.66667, 5.33333, 9.33333], "texture": "#2"},
				"south": {"uv": [5.33333, 6.66667, 6, 9.33333], "texture": "#2"},
				"west": {"uv": [6, 6.66667, 6.66667, 9.33333], "texture": "#2"}
			}
		},
		{
			"from": [7.6, 12.55, 7.225],
			"to": [8.4, 14.55, 8.025],
			"rotation": {"angle": -22.5, "axis": "x", "origin": [8, 13.7, 8]},
			"faces": {
				"north": {"uv": [10, 2.66667, 9.33333, 4], "texture": "#2"},
				"east": {"uv": [9.33333, 2.66667, 10, 4], "texture": "#2"},
				"south": {"uv": [10, 2.66667, 9.33333, 4], "texture": "#2"},
				"west": {"uv": [9.33333, 2.66667, 10, 4], "texture": "#2"},
				"up": {"uv": [1.33333, 11.33333, 0.66667, 10.66667], "texture": "#2"}
			}
		},
		{
			"from": [7.7, 14.14067, 6.27058],
			"to": [8.3, 16.14067, 6.87058],
			"rotation": {"angle": -45, "axis": "x", "origin": [8, 15.26567, 6.94558]},
			"faces": {
				"north": {"uv": [10.66667, 0.66667, 11, 2], "texture": "#2"},
				"east": {"uv": [1.33333, 10.66667, 1.66667, 12], "texture": "#2"},
				"south": {"uv": [2, 10.66667, 2.33333, 12], "texture": "#2"},
				"west": {"uv": [10.66667, 2, 11, 3.33333], "texture": "#2"},
				"up": {"uv": [6.33333, 11, 6, 10.66667], "texture": "#2"}
			}
		},
		{
			"from": [6.6336, 4.82109, 8.35561],
			"to": [9.3664, 8.92029, 11.08841],
			"rotation": {"angle": 0, "axis": "x", "origin": [8, 7.625, 10.43321]},
			"faces": {
				"north": {"uv": [7, 4, 5.33333, 6.66667], "rotation": 180, "texture": "#2"},
				"east": {"uv": [3.33333, 0, 6, 1.66667], "rotation": 270, "texture": "#2"},
				"south": {"uv": [5, 6.66667, 3.33333, 4], "texture": "#2"},
				"west": {"uv": [3.33333, 2, 6, 3.66667], "rotation": 90, "texture": "#2"},
				"up": {"uv": [6, 0, 7.66667, 1.66667], "rotation": 180, "texture": "#2"},
				"down": {"uv": [6, 2, 7.66667, 3.66667], "texture": "#2"}
			}
		},
		{
			"from": [7.1255, 7.84711, 10.10191],
			"to": [8.8745, 10.12339, 12.18691],
			"rotation": {"angle": 0, "axis": "x", "origin": [8, 7.625, 10.43321]},
			"faces": {
				"north": {"uv": [8.33333, 4, 7.33333, 5.66667], "rotation": 180, "texture": "#2"},
				"east": {"uv": [0, 6.66667, 1.66667, 8], "rotation": 270, "texture": "#2"},
				"south": {"uv": [7.66667, 8.33333, 6.66667, 6.66667], "texture": "#2"},
				"west": {"uv": [2, 6.66667, 3.66667, 8], "rotation": 90, "texture": "#2"},
				"up": {"uv": [0, 8, 1, 9.33333], "rotation": 180, "texture": "#2"},
				"down": {"uv": [8, 0, 9, 1.33333], "texture": "#2"}
			}
		},
		{
			"from": [7.26214, 10.12339, 10.20439],
			"to": [8.73786, 11.1072, 10.86027],
			"rotation": {"angle": 0, "axis": "x", "origin": [8, 7.625, 10.43321]},
			"faces": {
				"north": {"uv": [4.33333, 9.33333, 3.33333, 10], "rotation": 180, "texture": "#2"},
				"east": {"uv": [5.33333, 10.66667, 6, 11], "rotation": 270, "texture": "#2"},
				"south": {"uv": [9.66667, 6, 8.66667, 5.33333], "texture": "#2"},
				"west": {"uv": [10.66667, 5.33333, 11.33333, 5.66667], "rotation": 90, "texture": "#2"},
				"up": {"uv": [10.66667, 4.66667, 11.66667, 5], "rotation": 180, "texture": "#2"}
			}
		},
		{
			"from": [7.1255, 3.8602, 9.30711],
			"to": [8.8745, 5.46449, 10.23626],
			"rotation": {"angle": -22.5, "axis": "x", "origin": [8, 7.625, 10.43321]},
			"faces": {
				"north": {"uv": [9.66667, 4, 8.66667, 5], "rotation": 180, "texture": "#2"},
				"east": {"uv": [4.66667, 9.33333, 5.66667, 10], "rotation": 270, "texture": "#2"},
				"south": {"uv": [9, 8.33333, 8, 7.33333], "texture": "#2"},
				"west": {"uv": [9.33333, 6.66667, 10.33333, 7.33333], "rotation": 90, "texture": "#2"},
				"down": {"uv": [9.33333, 6, 10.33333, 6.66667], "texture": "#2"}
			}
		},
		{
			"from": [7.25, 4.7, 7.25],
			"to": [8.75, 6.7, 8.75],
			"rotation": {"angle": 0, "axis": "y", "origin": [6, 1.4, 6]},
			"faces": {
				"north": {"uv": [1.33333, 8, 2.33333, 9.33333], "texture": "#2"},
				"east": {"uv": [8, 1.33333, 9, 2.66667], "texture": "#2"},
				"south": {"uv": [2.66667, 8, 3.66667, 9.33333], "texture": "#2"},
				"west": {"uv": [8, 2.66667, 9, 4], "texture": "#2"},
				"up": {"uv": [7.66667, 9.66667, 6.66667, 8.66667], "texture": "#2"},
				"down": {"uv": [9, 8.66667, 8, 9.66667], "texture": "#2"}
			}
		},
		{
			"from": [8, 6, 3.1],
			"to": [8, 16, 8.1],
			"rotation": {"angle": 0, "axis": "y", "origin": [8, 0, 0]},
			"faces": {
				"north": {"uv": [0, 0, 0, 6.66667], "texture": "#2"},
				"east": {"uv": [3.33333, 0, 0, 6.66667], "texture": "#2"},
				"south": {"uv": [0, 0, 0, 6.66667], "texture": "#2"},
				"west": {"uv": [0, 0, 3.33333, 6.66667], "texture": "#2"},
				"up": {"uv": [0, 3.33333, 0, 0], "texture": "#2"},
				"down": {"uv": [0, 0, 0, 3.33333], "texture": "#2"}
			}
		},
		{
			"from": [7.25, 8.75, 6.1],
			"to": [8.75, 8.75, 7.6],
			"rotation": {"angle": 0, "axis": "y", "origin": [7.25, 0, 0]},
			"faces": {
				"north": {"uv": [0, 0, 1, 0], "texture": "#2"},
				"east": {"uv": [0, 0, 1, 0], "texture": "#2"},
				"south": {"uv": [0, 0, 1, 0], "texture": "#2"},
				"west": {"uv": [0, 0, 1, 0], "texture": "#2"},
				"up": {"uv": [9, 7, 8, 6], "texture": "#2"},
				"down": {"uv": [8, 6, 9, 7], "texture": "#2"}
			}
		},
		{
			"from": [7.25, 10.75, 6.1],
			"to": [8.75, 10.75, 7.6],
			"rotation": {"angle": 0, "axis": "y", "origin": [7.25, 0, 0]},
			"faces": {
				"north": {"uv": [0, 0, 1, 0], "texture": "#2"},
				"east": {"uv": [0, 0, 1, 0], "texture": "#2"},
				"south": {"uv": [0, 0, 1, 0], "texture": "#2"},
				"west": {"uv": [0, 0, 1, 0], "texture": "#2"},
				"up": {"uv": [9, 7, 8, 6], "texture": "#2"},
				"down": {"uv": [8, 6, 9, 7], "texture": "#2"}
			}
		},
		{
			"from": [7.25, 12.75, 6.1],
			"to": [8.75, 12.75, 7.6],
			"rotation": {"angle": 0, "axis": "y", "origin": [7.25, 0, 0]},
			"faces": {
				"north": {"uv": [0, 0, 1, 0], "texture": "#2"},
				"east": {"uv": [0, 0, 1, 0], "texture": "#2"},
				"south": {"uv": [0, 0, 1, 0], "texture": "#2"},
				"west": {"uv": [0, 0, 1, 0], "texture": "#2"},
				"up": {"uv": [9, 7, 8, 6], "texture": "#2"},
				"down": {"uv": [8, 6, 9, 7], "texture": "#2"}
			}
		},
		{
			"from": [7.25, 13.75, 5.4],
			"to": [8.75, 13.75, 6.9],
			"rotation": {"angle": -45, "axis": "x", "origin": [8, 13.75, 4.85]},
			"faces": {
				"north": {"uv": [0, 0, 1, 0], "texture": "#2"},
				"east": {"uv": [0, 0, 1, 0], "texture": "#2"},
				"south": {"uv": [0, 0, 1, 0], "texture": "#2"},
				"west": {"uv": [0, 0, 1, 0], "texture": "#2"},
				"up": {"uv": [9, 7, 8, 6], "texture": "#2"},
				"down": {"uv": [8, 6, 9, 7], "texture": "#2"}
			}
		}
	],
	"gui_light": "front",
	"display": {
		"thirdperson_righthand": {
			"rotation": [11.25, 0, 0],
			"translation": [0, 3, 2.25]
		},
		"thirdperson_lefthand": {
			"rotation": [11.25, 0, 0],
			"translation": [0, 3, 2.25]
		},
		"firstperson_righthand": {
			"rotation": [-58.58, 5.59, -28.27],
			"translation": [-3.5, 5, 4.5]
		},
		"firstperson_lefthand": {
			"rotation": [-58.58, 5.59, -28.27],
			"translation": [-3.5, 5, 4.5]
		},
		"ground": {
			"translation": [0, 7.5, 0]
		},
		"gui": {
			"rotation": [90, -135, 90],
			"translation": [-0.75, 0.75, -1],
			"scale": [1.23633, 1.23633, 1.23633]
		},
		"head": {
			"scale": [0, 0, 0]
		},
		"fixed": {
			"rotation": [90, -135, 90],
			"translation": [0, 0.25, -1],
			"scale": [1.25781, 1.25781, 1.25781]
		}
	}
}