{"textures":{"0":"modelengine:entity/raccoon"},"elements":[{"from":[6.0,7.012373,3.907629],"to":[9.428572,9.869516,5.621915],"rotation":{"angle":0.0,"axis":"y","origin":[8.0,8.1552305,5.3362007]},"faces":{"east":{"uv":[10.5,9.5,12.0,12.0],"rotation":0,"texture":"#0","tintindex":0},"south":{"uv":[6.5,0.0,9.5,2.5],"rotation":0,"texture":"#0","tintindex":0},"north":{"uv":[0.0,5.0,3.0,7.5],"rotation":0,"texture":"#0","tintindex":0},"west":{"uv":[11.5,0.0,13.0,2.5],"rotation":0,"texture":"#0","tintindex":0},"up":{"uv":[12.0,8.0,9.0,6.5],"rotation":0,"texture":"#0","tintindex":0},"down":{"uv":[12.0,8.0,9.0,9.5],"rotation":0,"texture":"#0","tintindex":0}}},{"from":[6.285714,6.857143,5.428571],"to":[9.142858,9.714286,10.0],"rotation":{"angle":0.0,"axis":"y","origin":[8.0,8.571428,7.428571]},"faces":{"east":{"uv":[0.0,0.0,4.0,2.5],"rotation":0,"texture":"#0","tintindex":0},"south":{"uv":[6.5,5.0,9.0,7.5],"rotation":0,"texture":"#0","tintindex":0},"north":{"uv":[6.5,2.5,9.0,5.0],"rotation":0,"texture":"#0","tintindex":0},"west":{"uv":[0.0,2.5,4.0,5.0],"rotation":0,"texture":"#0","tintindex":0},"up":{"uv":[6.5,4.0,4.0,0.0],"rotation":0,"texture":"#0","tintindex":0},"down":{"uv":[6.5,4.0,4.0,8.0],"rotation":0,"texture":"#0","tintindex":0}}}],"display":{"head":{"translation":[0.0,-6.4,0.0],"scale":[4.0,4.0,4.0]}}}