{"textures":{"0":"modelengine:entity/raccoon"},"elements":[{"from":[7.714286,6.285714,7.142857],"to":[8.857143,8.571428,8.857143],"rotation":{"angle":0.0,"axis":"y","origin":[6.285714,8.0,8.571428]},"faces":{"east":{"uv":[13.5,11.0,12.0,13.0],"rotation":0,"texture":"#0","tintindex":0},"south":{"uv":[14.5,1.5,13.5,3.5],"rotation":0,"texture":"#0","tintindex":0},"north":{"uv":[2.5,13.5,1.5,15.5],"rotation":0,"texture":"#0","tintindex":0},"west":{"uv":[11.5,12.0,10.0,14.0],"rotation":0,"texture":"#0","tintindex":0},"up":{"uv":[14.5,1.5,15.5,0.0],"rotation":0,"texture":"#0","tintindex":0},"down":{"uv":[14.5,1.5,15.5,3.0],"rotation":0,"texture":"#0","tintindex":0}}}],"display":{"head":{"translation":[0.0,-6.4,0.0],"scale":[4.0,4.0,4.0]}}}