{"textures":{"0":"modelengine:entity/raccoon"},"elements":[{"from":[7.142857,6.285714,7.142857],"to":[8.285714,8.571428,8.857143],"rotation":{"angle":0.0,"axis":"y","origin":[9.714286,8.0,8.571428]},"faces":{"east":{"uv":[10.0,12.0,11.5,14.0],"rotation":0,"texture":"#0","tintindex":0},"south":{"uv":[13.5,1.5,14.5,3.5],"rotation":0,"texture":"#0","tintindex":0},"north":{"uv":[1.5,13.5,2.5,15.5],"rotation":0,"texture":"#0","tintindex":0},"west":{"uv":[12.0,11.0,13.5,13.0],"rotation":0,"texture":"#0","tintindex":0},"up":{"uv":[15.5,1.5,14.5,0.0],"rotation":0,"texture":"#0","tintindex":0},"down":{"uv":[15.5,1.5,14.5,3.0],"rotation":0,"texture":"#0","tintindex":0}}}],"display":{"head":{"translation":[0.0,-6.4,0.0],"scale":[4.0,4.0,4.0]}}}