{"textures":{"0":"modelengine:entity/raccoon"},"elements":[{"from":[7.142857,6.285714,7.142857],"to":[8.285714,8.571428,8.857143],"rotation":{"angle":0.0,"axis":"y","origin":[9.714286,8.0,8.571428]},"faces":{"east":{"uv":[12.0,7.0,13.5,9.0],"rotation":0,"texture":"#0","tintindex":0},"south":{"uv":[9.0,13.0,10.0,15.0],"rotation":0,"texture":"#0","tintindex":0},"north":{"uv":[3.0,5.0,4.0,7.0],"rotation":0,"texture":"#0","tintindex":0},"west":{"uv":[12.0,9.0,13.5,11.0],"rotation":0,"texture":"#0","tintindex":0},"up":{"uv":[14.5,8.5,13.5,7.0],"rotation":0,"texture":"#0","tintindex":0},"down":{"uv":[14.5,8.5,13.5,10.0],"rotation":0,"texture":"#0","tintindex":0}}}],"display":{"head":{"translation":[0.0,-6.4,0.0],"scale":[4.0,4.0,4.0]}}}