{"textures":{"0":"modelengine:entity/raccoon"},"elements":[{"from":[7.142857,6.857143,5.428571],"to":[8.857143,6.857143,7.142857],"rotation":{"angle":0.0,"axis":"y","origin":[7.714286,7.428571,7.142857]},"faces":{"east":{"uv":[0.0,0.0,1.5,0.0],"rotation":0,"texture":"#0","tintindex":0},"south":{"uv":[0.0,0.0,1.5,0.0],"rotation":0,"texture":"#0","tintindex":0},"north":{"uv":[0.0,0.0,1.5,0.0],"rotation":0,"texture":"#0","tintindex":0},"west":{"uv":[0.0,0.0,1.5,0.0],"rotation":0,"texture":"#0","tintindex":0},"up":{"uv":[9.0,14.5,7.5,13.0],"rotation":0,"texture":"#0","tintindex":0},"down":{"uv":[9.0,13.0,7.5,14.5],"rotation":0,"texture":"#0","tintindex":0}}},{"from":[7.714286,6.5714283,6.5714283],"to":[8.285714,8.285714,7.714286],"rotation":{"angle":22.5,"axis":"x","origin":[7.714286,7.428571,7.142857]},"faces":{"east":{"uv":[14.0,5.5,15.0,7.0],"rotation":0,"texture":"#0","tintindex":0},"south":{"uv":[14.5,9.0,15.0,10.5],"rotation":0,"texture":"#0","tintindex":0},"north":{"uv":[8.5,14.5,9.0,16.0],"rotation":0,"texture":"#0","tintindex":0},"west":{"uv":[10.0,14.0,11.0,15.5],"rotation":0,"texture":"#0","tintindex":0},"up":{"uv":[13.5,2.5,13.0,1.5],"rotation":0,"texture":"#0","tintindex":0},"down":{"uv":[6.0,13.5,5.5,14.5],"rotation":0,"texture":"#0","tintindex":0}}}],"display":{"head":{"translation":[0.0,-6.4,0.0],"scale":[4.0,4.0,4.0]}}}