{"textures":{"0":"modelengine:entity/raccoon"},"elements":[{"from":[7.142857,6.681964,4.833602],"to":[8.285714,7.824821,5.9764595],"rotation":{"angle":-22.5,"axis":"x","origin":[7.714286,7.2533927,5.4050307]},"faces":{"east":{"uv":[3.5,14.5,4.5,15.5],"rotation":0,"texture":"#0","tintindex":0},"south":{"uv":[4.5,14.5,5.5,15.5],"rotation":0,"texture":"#0","tintindex":0},"north":{"uv":[2.5,14.5,3.5,15.5],"rotation":0,"texture":"#0","tintindex":0},"west":{"uv":[5.5,14.5,6.5,15.5],"rotation":0,"texture":"#0","tintindex":0},"up":{"uv":[7.5,15.5,6.5,14.5],"rotation":0,"texture":"#0","tintindex":0},"down":{"uv":[15.5,7.0,14.5,8.0],"rotation":0,"texture":"#0","tintindex":0}}},{"from":[5.428571,8.571428,7.428571],"to":[7.142857,10.285714,7.428571],"rotation":{"angle":45.0,"axis":"y","origin":[6.285714,9.428572,7.428571]},"faces":{"east":{"uv":[0.0,0.0,0.0,1.5],"rotation":0,"texture":"#0","tintindex":0},"south":{"uv":[6.0,13.0,7.5,14.5],"rotation":0,"texture":"#0","tintindex":0},"north":{"uv":[13.0,0.0,14.5,1.5],"rotation":0,"texture":"#0","tintindex":0},"west":{"uv":[0.0,0.0,0.0,1.5],"rotation":0,"texture":"#0","tintindex":0},"up":{"uv":[1.5,0.0,0.0,0.0],"rotation":0,"texture":"#0","tintindex":0},"down":{"uv":[1.5,0.0,0.0,0.0],"rotation":0,"texture":"#0","tintindex":0}}},{"from":[4.6584234,6.285714,7.2944956],"to":[6.9441376,9.142858,7.2944956],"rotation":{"angle":22.5,"axis":"y","origin":[5.2298517,8.285714,7.2944956]},"faces":{"east":{"uv":[0.0,0.0,0.0,2.5],"rotation":0,"texture":"#0","tintindex":0},"south":{"uv":[2.0,7.5,0.0,10.0],"rotation":0,"texture":"#0","tintindex":0},"north":{"uv":[0.0,7.5,2.0,10.0],"rotation":0,"texture":"#0","tintindex":0},"west":{"uv":[0.0,0.0,0.0,2.5],"rotation":0,"texture":"#0","tintindex":0},"up":{"uv":[2.0,0.0,0.0,0.0],"rotation":0,"texture":"#0","tintindex":0},"down":{"uv":[2.0,0.0,0.0,0.0],"rotation":0,"texture":"#0","tintindex":0}}},{"from":[8.285714,8.571428,7.428571],"to":[10.0,10.285714,7.428571],"rotation":{"angle":-45.0,"axis":"y","origin":[9.142858,9.428572,7.428571]},"faces":{"east":{"uv":[0.0,0.0,0.0,1.5],"rotation":0,"texture":"#0","tintindex":0},"south":{"uv":[7.5,13.0,6.0,14.5],"rotation":0,"texture":"#0","tintindex":0},"north":{"uv":[14.5,0.0,13.0,1.5],"rotation":0,"texture":"#0","tintindex":0},"west":{"uv":[0.0,0.0,0.0,1.5],"rotation":0,"texture":"#0","tintindex":0},"up":{"uv":[0.0,0.0,1.5,0.0],"rotation":0,"texture":"#0","tintindex":0},"down":{"uv":[0.0,0.0,1.5,0.0],"rotation":0,"texture":"#0","tintindex":0}}},{"from":[8.484434,6.285714,7.2944956],"to":[10.770148,9.142858,7.2944956],"rotation":{"angle":-22.5,"axis":"y","origin":[10.198719,8.285714,7.2944956]},"faces":{"east":{"uv":[0.0,0.0,0.0,2.5],"rotation":0,"texture":"#0","tintindex":0},"south":{"uv":[0.0,7.5,2.0,10.0],"rotation":0,"texture":"#0","tintindex":0},"north":{"uv":[2.0,7.5,0.0,10.0],"rotation":0,"texture":"#0","tintindex":0},"west":{"uv":[0.0,0.0,0.0,2.5],"rotation":0,"texture":"#0","tintindex":0},"up":{"uv":[0.0,0.0,2.0,0.0],"rotation":0,"texture":"#0","tintindex":0},"down":{"uv":[0.0,0.0,2.0,0.0],"rotation":0,"texture":"#0","tintindex":0}}},{"from":[6.285714,6.857143,5.714286],"to":[9.142858,9.142858,8.0],"rotation":{"angle":0.0,"axis":"y","origin":[8.0,7.428571,5.714286]},"faces":{"east":{"uv":[9.5,0.0,11.5,2.0],"rotation":0,"texture":"#0","tintindex":0},"south":{"uv":[4.0,8.0,6.5,10.0],"rotation":0,"texture":"#0","tintindex":0},"north":{"uv":[6.5,7.5,9.0,9.5],"rotation":0,"texture":"#0","tintindex":0},"west":{"uv":[6.5,9.5,8.5,11.5],"rotation":0,"texture":"#0","tintindex":0},"up":{"uv":[11.5,4.5,9.0,2.5],"rotation":0,"texture":"#0","tintindex":0},"down":{"uv":[11.5,4.5,9.0,6.5],"rotation":0,"texture":"#0","tintindex":0}}}],"display":{"head":{"translation":[0.0,-6.4,0.0],"scale":[4.0,4.0,4.0]}}}