{"textures":{"0":"modelengine:entity/raccoon"},"elements":[{"from":[6.857143,7.142857,8.0],"to":[9.142858,8.857143,10.285714],"rotation":{"angle":0.0,"axis":"y","origin":[8.285714,8.0,4.285714]},"faces":{"east":{"uv":[11.5,4.0,13.5,5.5],"rotation":0,"texture":"#0","tintindex":0},"south":{"uv":[6.0,11.5,8.0,13.0],"rotation":0,"texture":"#0","tintindex":0},"north":{"uv":[11.5,2.5,13.5,4.0],"rotation":0,"texture":"#0","tintindex":0},"west":{"uv":[8.0,11.5,10.0,13.0],"rotation":0,"texture":"#0","tintindex":0},"up":{"uv":[10.5,11.5,8.5,9.5],"rotation":0,"texture":"#0","tintindex":0},"down":{"uv":[2.0,10.0,0.0,12.0],"rotation":0,"texture":"#0","tintindex":0}}}],"display":{"head":{"translation":[0.0,-6.4,0.0],"scale":[4.0,4.0,4.0]}}}