{"textures":{"0":"modelengine:entity/raccoon"},"elements":[{"from":[6.857143,7.142857,8.0],"to":[9.142858,8.857143,10.285714],"rotation":{"angle":0.0,"axis":"y","origin":[8.285714,8.0,1.9999995]},"faces":{"east":{"uv":[2.0,12.0,4.0,13.5],"rotation":0,"texture":"#0","tintindex":0},"south":{"uv":[4.0,12.0,6.0,13.5],"rotation":0,"texture":"#0","tintindex":0},"north":{"uv":[0.0,12.0,2.0,13.5],"rotation":0,"texture":"#0","tintindex":0},"west":{"uv":[12.0,5.5,14.0,7.0],"rotation":0,"texture":"#0","tintindex":0},"up":{"uv":[4.0,12.0,2.0,10.0],"rotation":0,"texture":"#0","tintindex":0},"down":{"uv":[6.0,10.0,4.0,12.0],"rotation":0,"texture":"#0","tintindex":0}}}],"display":{"head":{"translation":[0.0,-6.4,0.0],"scale":[4.0,4.0,4.0]}}}