{
    "providers": [
        {
            "type": "bitmap",
            "file": "minecraft:custom/text/ranks/byte.png",
            "ascent": 7,
            "height": 7,
            "chars": ["⓵"]
        },
        {"type": "bitmap","file": "chunky:item/ranks/staff.png","ascent": 7,"height": 7,"chars": ["ᢲ"]},
        {"type": "bitmap","file": "chunky:item/ranks/team.png","ascent": 7,"height": 7,"chars": ["ᢳ"]},
        {"type": "bitmap","file": "chunky:item/ranks/admin.png","ascent": 7,"height": 7,"chars": ["ᢴ"]},
        {"type": "bitmap","file": "chunky:item/ranks/owner.png","ascent": 7,"height": 7,"chars": ["䫻"]},
        {"type": "bitmap","file": "chunky:item/ranks/patron.png","ascent": 7,"height": 7,"chars": ["䂦"]},
        {"type": "bitmap","file": "chunky:item/ranks/player.png","ascent": 7,"height": 7,"chars": ["ᢵ"]},
        {"type": "bitmap","file": "chunky:item/ranks/creator.png","ascent": 7,"height": 7,"chars": ["￧"]},
        {"type": "bitmap","file": "chunky:item/ranks/helper.png","ascent": 7,"height": 7,"chars": ["挷"]},
        {"type": "bitmap","file": "chunky:item/logo/logoleft.png","ascent": 7,"height": 50,"chars": ["威"]},
        {"type": "bitmap","file": "chunky:item/logo/logoright.png","ascent": 7,"height": 50,"chars": ["娂"]},
        {"type": "bitmap","file": "chunky:item/logo/logoleft.png","ascent": 7,"height": 50,"chars": ["䫕"]},
        {"type": "bitmap","file": "chunky:item/logo/logoright.png","ascent": 7,"height": 50,"chars": ["䫖"]},
        {"type": "bitmap","file": "chunky:item/logo/logo2left.png","ascent": 7,"height": 50,"chars": ["娐"]},
        {"type": "bitmap","file": "chunky:item/logo/logo2right.png","ascent": 7,"height": 50,"chars": ["娑"]},
        {"type": "bitmap","file": "chunky:item/logo/logoleft.png","ascent": 29,"height": 35,"chars": ["巚"]},
        {"type": "bitmap","file": "chunky:item/logo/logoright.png","ascent": 29,"height": 35,"chars": ["嶶"]},
        {"type": "bitmap","file": "chunky:item/util/spacer.png","ascent": -50000,"height": -250,"chars": ["娏"]}, 
        {"type": "bitmap","file": "chunky:item/util/spacer.png","ascent": -50000,"height": -3,"chars": ["嗻"]}, 
        {"type": "bitmap","file": "chunky:item/util/spacer.png","ascent": -500000,"height": 50,"chars": ["﫿"]},
        {"type": "bitmap","file": "chunky:item/util/spacer.png","ascent": -500000,"height": -250,"chars": ["例"]},
        {"type": "bitmap","file": "chunky:item/util/spacer.png","ascent": -500000,"height": 8,"chars": ["揄"]},
        {"type": "bitmap","file": "chunky:item/util/spacer.png","ascent": -50000,"height": -3,"chars": ["𥉉"]},
        {"type": "bitmap","file": "chunky:item/util/spacer.png","ascent": -50000,"height": 3,"chars": ["﫢"]},
        {"type": "bitmap","file": "chunky:item/icons/green.png","ascent": 7,"height": 7,"chars": ["㰀"]},
        {"type": "bitmap","file": "chunky:item/icons/yellow.png","ascent": 7,"height": 7,"chars": ["㡰"]},
        {"type": "bitmap","file": "chunky:item/icons/gold.png","ascent": 7,"height": 7,"chars": ["㡱"]},
        {"type": "bitmap","file": "chunky:item/icons/red.png","ascent": 7,"height": 7,"chars": ["㡲"]},
        {"type": "bitmap","file": "chunky:item/icons/discord.png","ascent": 7,"height": 7,"chars": ["庘"]},
        {
            "type": "bitmap",
            "file": "minecraft:custom/text/ranks/kilobyte.png",
            "ascent": 7,
            "height": 7,
            "chars": ["⓶"]
        },
        {
            "type": "bitmap",
            "file": "minecraft:custom/text/ranks/megabyte.png",
            "ascent": 7,
            "height": 7,
            "chars": ["⓷"]
        },
        {
            "type": "bitmap",
            "file": "minecraft:custom/text/ranks/gigabyte.png",
            "ascent": 7,
            "height": 7,
            "chars": ["⓸"]
        },
        {
            "type": "bitmap",
            "file": "minecraft:custom/text/ranks/system.png",
            "ascent": 7,
            "height": 7,
            "chars": ["⓾"]
        },
        {
            "type": "bitmap",
            "file": "minecraft:custom/text/ranks/planets.png",
            "ascent": 7,
            "height": 7,
            "chars": ["⓽"]
        },
        {
            "type": "bitmap",
            "file": "minecraft:custom/text/ranks/event.png",
            "ascent": 7,
            "height": 7,
            "chars": ["⓼"]
        },
        {
            "type": "bitmap",
            "file": "minecraft:custom/text/ranks/terabyte.png",
            "ascent": 7,
            "height": 7,
            "chars": ["⓹"]
        },
        {
            "type": "bitmap",
            "file": "minecraft:custom/text/ranks/prestige.png",
            "ascent": 7,
            "height": 7,
            "chars": ["⓺"]
        },
        {
            "type": "bitmap",
            "file": "chunky:item/logo/logo1.png",
            "ascent": 10,
            "height": 50,
            "chars": ["⑴"]
        },
        {
            "type": "bitmap",
            "file": "minecraft:custom/text/menus/main.png",
            "ascent": 19,
            "height": 256,
            "chars": ["⑶"]
        },
        {
            "type": "bitmap",
            "file": "minecraft:custom/text/menus/shop.png",
            "ascent": 19,
            "height": 256,
            "chars": ["⑵"]
        },
        {
            "type": "bitmap",
            "file": "minecraft:custom/text/menus/functions.png",
            "ascent": 19,
            "height": 256,
            "chars": ["⑷"]
        },
        {
            "type": "bitmap",
            "file": "minecraft:custom/text/menus/delete.png",
            "ascent": 19,
            "height": 256,
            "chars": ["⑹"]
        },
        {
            "type": "bitmap",
            "file": "minecraft:custom/text/menus/trade.png",
            "ascent": 19,
            "height": 256,
            "chars": ["➊"]
        },
        {
            "type": "bitmap",
            "file": "minecraft:custom/text/menus/profile.png",
            "ascent": 19,
            "height": 256,
            "chars": ["➋"]
        },
        {
            "type": "bitmap",
            "file": "minecraft:custom/text/menus/prestige.png",
            "ascent": 19,
            "height": 256,
            "chars": ["➌"]
        },
        {
            "type": "bitmap",
            "file": "minecraft:custom/text/menus/farming.png",
            "ascent": 19,
            "height": 256,
            "chars": ["➍"]
        },
        {
            "type": "bitmap",
            "file": "minecraft:custom/text/menus/credits.png",
            "ascent": 19,
            "height": 256,
            "chars": ["⋃"]
        },
        {
            "type": "bitmap",
            "file": "minecraft:custom/text/menus/ranks.png",
            "ascent": 19,
            "height": 256,
            "chars": ["⋄"]
        },
        {
            "type": "bitmap",
            "file": "minecraft:custom/text/menus/packs.png",
            "ascent": 19,
            "height": 256,
            "chars": ["⋁"]
        },
        {
            "type": "bitmap",
            "file": "minecraft:custom/text/misc/bossbar.png",
            "ascent": 8,
            "height": 10,
            "chars": ["⑸"]
        },
        {
            "type": "bitmap",
            "file": "minecraft:custom/text/misc/icon_globe.png",
            "ascent": 7,
            "height": 7,
            "chars": ["⁰"]
        },
        {
            "type": "bitmap",
            "file": "minecraft:custom/text/misc/icon_clock.png",
            "ascent": 7,
            "height": 7,
            "chars": ["¹"]
        },
        {
            "type": "bitmap",
            "file": "minecraft:custom/text/misc/icon_solid.png",
            "ascent": 500,
            "height": 1000,
            "chars": ["²"]
        },





        {
            "type": "bitmap",
            "file": "space:font/space_split.png",
            "ascent": -32768,
            "height": -3,
            "chars": [
                "\uF801"
            ]
        },
        {
            "type": "bitmap",
            "file": "space:font/space_split.png",
            "ascent": -32768,
            "height": -4,
            "chars": [
                "\uF802"
            ]
        },
        {
            "type": "bitmap",
            "file": "space:font/space_split.png",
            "ascent": -32768,
            "height": -5,
            "chars": [
                "\uF803"
            ]
        },
        {
            "type": "bitmap",
            "file": "space:font/space_split.png",
            "ascent": -32768,
            "height": -6,
            "chars": [
                "\uF804"
            ]
        },
        {
            "type": "bitmap",
            "file": "space:font/space_split.png",
            "ascent": -32768,
            "height": -7,
            "chars": [
                "\uF805"
            ]
        },
        {
            "type": "bitmap",
            "file": "space:font/space_split.png",
            "ascent": -32768,
            "height": -8,
            "chars": [
                "\uF806"
            ]
        },
        {
            "type": "bitmap",
            "file": "space:font/space_split.png",
            "ascent": -32768,
            "height": -9,
            "chars": [
                "\uF807"
            ]
        },
        {
            "type": "bitmap",
            "file": "space:font/space_split.png",
            "ascent": -32768,
            "height": -10,
            "chars": [
                "\uF808"
            ]
        },
        {
            "type": "bitmap",
            "file": "space:font/space_split.png",
            "ascent": -32768,
            "height": -18,
            "chars": [
                "\uF809"
            ]
        },
        {
            "type": "bitmap",
            "file": "space:font/space_split.png",
            "ascent": -32768,
            "height": -34,
            "chars": [
                "\uF80A"
            ]
        },
        {
            "type": "bitmap",
            "file": "space:font/space_split.png",
            "ascent": -32768,
            "height": -66,
            "chars": [
                "\uF80B"
            ]
        },
        {
            "type": "bitmap",
            "file": "space:font/space_split.png",
            "ascent": -32768,
            "height": -130,
            "chars": [
                "\uF80C"
            ]
        },
        {
            "type": "bitmap",
            "file": "space:font/space_split.png",
            "ascent": -32768,
            "height": -258,
            "chars": [
                "\uF80D"
            ]
        },
        {
            "type": "bitmap",
            "file": "space:font/space_split.png",
            "ascent": -32768,
            "height": -514,
            "chars": [
                "\uF80E"
            ]
        },
        {
            "type": "bitmap",
            "file": "space:font/space_split.png",
            "ascent": -32768,
            "height": -1026,
            "chars": [
                "\uF80F"
            ]
        },
        {
            "type": "bitmap",
            "file": "space:font/space_split.png",
            "ascent": -65536,
            "height": -32770,
            "chars": [
                "\uF800"
            ]
        },
        {
            "type": "bitmap",
            "file": "space:font/space_split.png",
            "ascent": -32768,
            "height": 0,
            "chars": [
                "\uF821"
            ]
        },
        {
            "type": "bitmap",
            "file": "space:font/space_split.png",
            "ascent": -32768,
            "height": 1,
            "chars": [
                "\uF822"
            ]
        },
        {
            "type": "bitmap",
            "file": "space:font/space_split.png",
            "ascent": -32768,
            "height": 2,
            "chars": [
                "\uF823"
            ]
        },
        {
            "type": "bitmap",
            "file": "space:font/space_split.png",
            "ascent": -32768,
            "height": 3,
            "chars": [
                "\uF824"
            ]
        },
        {
            "type": "bitmap",
            "file": "space:font/space_split.png",
            "ascent": -32768,
            "height": 4,
            "chars": [
                "\uF825"
            ]
        },
        {
            "type": "bitmap",
            "file": "space:font/space_split.png",
            "ascent": -32768,
            "height": 5,
            "chars": [
                "\uF826"
            ]
        },
        {
            "type": "bitmap",
            "file": "space:font/space_split.png",
            "ascent": -32768,
            "height": 6,
            "chars": [
                "\uF827"
            ]
        },
        {
            "type": "bitmap",
            "file": "space:font/space_split.png",
            "ascent": -32768,
            "height": 7,
            "chars": [
                "\uF828"
            ]
        },
        {
            "type": "bitmap",
            "file": "space:font/space_split.png",
            "ascent": -32768,
            "height": 15,
            "chars": [
                "\uF829"
            ]
        },
        {
            "type": "bitmap",
            "file": "space:font/space_split.png",
            "ascent": -32768,
            "height": 31,
            "chars": [
                "\uF82A"
            ]
        },
        {
            "type": "bitmap",
            "file": "space:font/space_split.png",
            "ascent": -32768,
            "height": 63,
            "chars": [
                "\uF82B"
            ]
        },
        {
            "type": "bitmap",
            "file": "space:font/space_split.png",
            "ascent": -32768,
            "height": 127,
            "chars": [
                "\uF82C"
            ]
        },
        {
            "type": "bitmap",
            "file": "space:font/space_split.png",
            "ascent": -32768,
            "height": 255,
            "chars": [
                "\uF82D"
            ]
        },
        {
            "type": "bitmap",
            "file": "space:font/space_split.png",
            "ascent": -32768,
            "height": 511,
            "chars": [
                "\uF82E"
            ]
        },
        {
            "type": "bitmap",
            "file": "space:font/space_split.png",
            "ascent": -32768,
            "height": 1023,
            "chars": [
                "\uF82F"
            ]
        },
        {
            "type": "bitmap",
            "file": "space:font/space_split.png",
            "ascent": -65536,
            "height": 32767,
            "chars": [
                "\uF820"
            ]
        },
        {
            "type": "bitmap",
            "file": "space:font/space_nosplit.png",
            "ascent": -32768,
            "height": -3,
            "chars": [
                "\uF811"
            ]
        },
        {
            "type": "bitmap",
            "file": "space:font/space_nosplit.png",
            "ascent": -32768,
            "height": -4,
            "chars": [
                "\uF812"
            ]
        },
        {
            "type": "bitmap",
            "file": "space:font/space_nosplit.png",
            "ascent": -32768,
            "height": -5,
            "chars": [
                "\uF813"
            ]
        },
        {
            "type": "bitmap",
            "file": "space:font/space_nosplit.png",
            "ascent": -32768,
            "height": -6,
            "chars": [
                "\uF814"
            ]
        },
        {
            "type": "bitmap",
            "file": "space:font/space_nosplit.png",
            "ascent": -32768,
            "height": -7,
            "chars": [
                "\uF815"
            ]
        },
        {
            "type": "bitmap",
            "file": "space:font/space_nosplit.png",
            "ascent": -32768,
            "height": -8,
            "chars": [
                "\uF816"
            ]
        },
        {
            "type": "bitmap",
            "file": "space:font/space_nosplit.png",
            "ascent": -32768,
            "height": -9,
            "chars": [
                "\uF817"
            ]
        },
        {
            "type": "bitmap",
            "file": "space:font/space_nosplit.png",
            "ascent": -32768,
            "height": -10,
            "chars": [
                "\uF818"
            ]
        },
        {
            "type": "bitmap",
            "file": "space:font/space_nosplit.png",
            "ascent": -32768,
            "height": -18,
            "chars": [
                "\uF819"
            ]
        },
        {
            "type": "bitmap",
            "file": "space:font/space_nosplit.png",
            "ascent": -32768,
            "height": -34,
            "chars": [
                "\uF81A"
            ]
        },
        {
            "type": "bitmap",
            "file": "space:font/space_nosplit.png",
            "ascent": -32768,
            "height": -66,
            "chars": [
                "\uF81B"
            ]
        },
        {
            "type": "bitmap",
            "file": "space:font/space_nosplit.png",
            "ascent": -32768,
            "height": -130,
            "chars": [
                "\uF81C"
            ]
        },
        {
            "type": "bitmap",
            "file": "space:font/space_nosplit.png",
            "ascent": -32768,
            "height": -258,
            "chars": [
                "\uF81D"
            ]
        },
        {
            "type": "bitmap",
            "file": "space:font/space_nosplit.png",
            "ascent": -32768,
            "height": -514,
            "chars": [
                "\uF81E"
            ]
        },
        {
            "type": "bitmap",
            "file": "space:font/space_nosplit.png",
            "ascent": -32768,
            "height": -1026,
            "chars": [
                "\uF81F"
            ]
        },
        {
            "type": "bitmap",
            "file": "space:font/space_nosplit.png",
            "ascent": -65536,
            "height": -32770,
            "chars": [
                "\uF810"
            ]
        },
        {
            "type": "bitmap",
            "file": "space:font/space_nosplit.png",
            "ascent": -32768,
            "height": 0,
            "chars": [
                "\uF831"
            ]
        },
        {
            "type": "bitmap",
            "file": "space:font/space_nosplit.png",
            "ascent": -32768,
            "height": 1,
            "chars": [
                "\uF832"
            ]
        },
        {
            "type": "bitmap",
            "file": "space:font/space_nosplit.png",
            "ascent": -32768,
            "height": 2,
            "chars": [
                "\uF833"
            ]
        },
        {
            "type": "bitmap",
            "file": "space:font/space_nosplit.png",
            "ascent": -32768,
            "height": 3,
            "chars": [
                "\uF834"
            ]
        },
        {
            "type": "bitmap",
            "file": "space:font/space_nosplit.png",
            "ascent": -32768,
            "height": 4,
            "chars": [
                "\uF835"
            ]
        },
        {
            "type": "bitmap",
            "file": "space:font/space_nosplit.png",
            "ascent": -32768,
            "height": 5,
            "chars": [
                "\uF836"
            ]
        },
        {
            "type": "bitmap",
            "file": "space:font/space_nosplit.png",
            "ascent": -32768,
            "height": 6,
            "chars": [
                "\uF837"
            ]
        },
        {
            "type": "bitmap",
            "file": "space:font/space_nosplit.png",
            "ascent": -32768,
            "height": 7,
            "chars": [
                "\uF838"
            ]
        },
        {
            "type": "bitmap",
            "file": "space:font/space_nosplit.png",
            "ascent": -32768,
            "height": 15,
            "chars": [
                "\uF839"
            ]
        },
        {
            "type": "bitmap",
            "file": "space:font/space_nosplit.png",
            "ascent": -32768,
            "height": 31,
            "chars": [
                "\uF83A"
            ]
        },
        {
            "type": "bitmap",
            "file": "space:font/space_nosplit.png",
            "ascent": -32768,
            "height": 63,
            "chars": [
                "\uF83B"
            ]
        },
        {
            "type": "bitmap",
            "file": "space:font/space_nosplit.png",
            "ascent": -32768,
            "height": 127,
            "chars": [
                "\uF83C"
            ]
        },
        {
            "type": "bitmap",
            "file": "space:font/space_nosplit.png",
            "ascent": -32768,
            "height": 255,
            "chars": [
                "\uF83D"
            ]
        },
        {
            "type": "bitmap",
            "file": "space:font/space_nosplit.png",
            "ascent": -32768,
            "height": 511,
            "chars": [
                "\uF83E"
            ]
        },
        {
            "type": "bitmap",
            "file": "space:font/space_nosplit.png",
            "ascent": -32768,
            "height": 1023,
            "chars": [
                "\uF83F"
            ]
        },
        {
            "type": "bitmap",
            "file": "space:font/space_nosplit.png",
            "ascent": -65536,
            "height": 32767,
            "chars": [
                "\uF830"
            ]
        }
    ]
}