{
	"credit": "Made by Manning Design",
	"textures": {
		"0": "chunky:item/furniture/st_patricks_event/bs_coin_stack_1_texture",
		"particle": "chunky:item/furniture/st_patricks_event/bs_coin_stack_1_texture"
	},
	"elements": [
		{
			"from": [8.22322, 0, 7.53033],
			"to": [11.22322, 1, 10.53033],
			"rotation": {"angle": 45, "axis": "y", "origin": [9.72322, 0.5, 9.03033]},
			"faces": {
				"north": {"uv": [6, 6, 3, 7], "texture": "#0"},
				"east": {"uv": [6, 3, 9, 4], "texture": "#0"},
				"south": {"uv": [9, 4, 6, 5], "texture": "#0"},
				"west": {"uv": [6, 5, 9, 6], "texture": "#0"},
				"up": {"uv": [3, 3, 0, 0], "texture": "#0"},
				"down": {"uv": [0, 3, 3, 6], "texture": "#0"}
			}
		},
		{
			"from": [4.51956, 7.03576, 8.63152],
			"to": [7.51956, 8.03576, 11.63152],
			"rotation": {"angle": 22.5, "axis": "y", "origin": [5.98389, 5.51788, 10.00449]},
			"faces": {
				"north": {"uv": [12, 1, 9, 2], "texture": "#0"},
				"east": {"uv": [12, 0, 9, 1], "texture": "#0"},
				"south": {"uv": [3, 9, 0, 10], "texture": "#0"},
				"west": {"uv": [9, 8, 6, 9], "texture": "#0"},
				"up": {"uv": [0, 9, 3, 6], "rotation": 270, "texture": "#0"},
				"down": {"uv": [6, 0, 9, 3], "rotation": 90, "texture": "#0"}
			}
		},
		{
			"from": [4.47695, 6, 8.54798],
			"to": [7.47695, 7, 11.54798],
			"rotation": {"angle": -22.5, "axis": "y", "origin": [5.98389, 5.51788, 10.00449]},
			"faces": {
				"north": {"uv": [12, 1, 9, 2], "texture": "#0"},
				"east": {"uv": [12, 0, 9, 1], "texture": "#0"},
				"south": {"uv": [3, 9, 0, 10], "texture": "#0"},
				"west": {"uv": [9, 8, 6, 9], "texture": "#0"},
				"up": {"uv": [0, 9, 3, 6], "rotation": 270, "texture": "#0"},
				"down": {"uv": [6, 0, 9, 3], "rotation": 90, "texture": "#0"}
			}
		},
		{
			"from": [4.44822, 5, 8.53033],
			"to": [7.44822, 6, 11.53033],
			"rotation": {"angle": 22.5, "axis": "y", "origin": [5.98389, 5.51788, 10.00449]},
			"faces": {
				"north": {"uv": [6, 6, 3, 7], "texture": "#0"},
				"east": {"uv": [6, 3, 9, 4], "texture": "#0"},
				"south": {"uv": [9, 4, 6, 5], "texture": "#0"},
				"west": {"uv": [6, 5, 9, 6], "texture": "#0"},
				"up": {"uv": [3, 3, 0, 0], "texture": "#0"},
				"down": {"uv": [0, 3, 3, 6], "texture": "#0"}
			}
		},
		{
			"from": [4.50127, 4, 8.37418],
			"to": [7.50127, 5, 11.37418],
			"rotation": {"angle": 45, "axis": "y", "origin": [5.98389, 5.51788, 10.00449]},
			"faces": {
				"north": {"uv": [9, 6, 6, 7], "texture": "#0"},
				"east": {"uv": [6, 8, 3, 9], "texture": "#0"},
				"south": {"uv": [9, 7, 6, 8], "texture": "#0"},
				"west": {"uv": [6, 7, 3, 8], "texture": "#0"},
				"up": {"uv": [3, 3, 6, 0], "texture": "#0"},
				"down": {"uv": [3, 3, 6, 6], "texture": "#0"}
			}
		},
		{
			"from": [4.47695, 3, 8.54798],
			"to": [7.47695, 4, 11.54798],
			"rotation": {"angle": -22.5, "axis": "y", "origin": [5.98389, 5.51788, 10.00449]},
			"faces": {
				"north": {"uv": [6, 3, 9, 4], "texture": "#0"},
				"east": {"uv": [9, 4, 6, 5], "texture": "#0"},
				"south": {"uv": [6, 5, 9, 6], "texture": "#0"},
				"west": {"uv": [6, 6, 3, 7], "texture": "#0"},
				"up": {"uv": [3, 3, 0, 0], "rotation": 270, "texture": "#0"},
				"down": {"uv": [0, 3, 3, 6], "rotation": 90, "texture": "#0"}
			}
		},
		{
			"from": [0.63815, 0, 6.66128],
			"to": [3.63815, 1, 9.66128],
			"rotation": {"angle": -22.5, "axis": "y", "origin": [1.98815, 0.5, 8.51128]},
			"faces": {
				"north": {"uv": [6, 5, 9, 6], "texture": "#0"},
				"east": {"uv": [6, 6, 3, 7], "texture": "#0"},
				"south": {"uv": [6, 3, 9, 4], "texture": "#0"},
				"west": {"uv": [9, 4, 6, 5], "texture": "#0"},
				"up": {"uv": [3, 3, 0, 0], "rotation": 90, "texture": "#0"},
				"down": {"uv": [0, 3, 3, 6], "rotation": 270, "texture": "#0"}
			}
		},
		{
			"from": [4.47322, 1, 8.53033],
			"to": [7.47322, 2, 11.53033],
			"rotation": {"angle": 0, "axis": "y", "origin": [9.72322, 0.5, 9.03033]},
			"faces": {
				"north": {"uv": [6, 6, 3, 7], "texture": "#0"},
				"east": {"uv": [6, 3, 9, 4], "texture": "#0"},
				"south": {"uv": [9, 4, 6, 5], "texture": "#0"},
				"west": {"uv": [6, 5, 9, 6], "texture": "#0"},
				"up": {"uv": [3, 3, 0, 0], "texture": "#0"},
				"down": {"uv": [0, 3, 3, 6], "texture": "#0"}
			}
		},
		{
			"from": [5.52322, 2, 3.63033],
			"to": [8.52322, 3, 6.63033],
			"rotation": {"angle": 0, "axis": "y", "origin": [7.02322, 2, 5.13033]},
			"faces": {
				"north": {"uv": [12, 1, 9, 2], "texture": "#0"},
				"east": {"uv": [12, 0, 9, 1], "texture": "#0"},
				"south": {"uv": [3, 9, 0, 10], "texture": "#0"},
				"west": {"uv": [9, 8, 6, 9], "texture": "#0"},
				"up": {"uv": [0, 9, 3, 6], "rotation": 270, "texture": "#0"},
				"down": {"uv": [6, 0, 9, 3], "rotation": 90, "texture": "#0"}
			}
		},
		{
			"from": [5.52322, 1, 3.63033],
			"to": [8.52322, 2, 6.63033],
			"rotation": {"angle": 45, "axis": "y", "origin": [7.02322, 2, 5.13033]},
			"faces": {
				"north": {"uv": [6, 6, 3, 7], "texture": "#0"},
				"east": {"uv": [6, 3, 9, 4], "texture": "#0"},
				"south": {"uv": [9, 4, 6, 5], "texture": "#0"},
				"west": {"uv": [6, 5, 9, 6], "texture": "#0"},
				"up": {"uv": [3, 3, 0, 0], "texture": "#0"},
				"down": {"uv": [0, 3, 3, 6], "texture": "#0"}
			}
		},
		{
			"from": [4.4, 0, 7],
			"to": [7.4, 1, 10],
			"rotation": {"angle": 22.5, "axis": "y", "origin": [9.4, 1.5, 9]},
			"faces": {
				"north": {"uv": [9, 6, 6, 7], "texture": "#0"},
				"east": {"uv": [6, 8, 3, 9], "texture": "#0"},
				"south": {"uv": [9, 7, 6, 8], "texture": "#0"},
				"west": {"uv": [6, 7, 3, 8], "texture": "#0"},
				"up": {"uv": [3, 3, 6, 0], "texture": "#0"},
				"down": {"uv": [3, 3, 6, 6], "texture": "#0"}
			}
		},
		{
			"from": [5.54456, 0.03576, 3.63152],
			"to": [8.54456, 1.03576, 6.63152],
			"rotation": {"angle": 0, "axis": "x", "origin": [7.04456, 1.03576, 7.13152]},
			"faces": {
				"north": {"uv": [12, 1, 9, 2], "texture": "#0"},
				"east": {"uv": [12, 0, 9, 1], "texture": "#0"},
				"south": {"uv": [3, 9, 0, 10], "texture": "#0"},
				"west": {"uv": [9, 8, 6, 9], "texture": "#0"},
				"up": {"uv": [0, 9, 3, 6], "rotation": 270, "texture": "#0"},
				"down": {"uv": [6, 0, 9, 3], "rotation": 90, "texture": "#0"}
			}
		},
		{
			"from": [8.27322, 6, 7.63033],
			"to": [11.27322, 7, 10.63033],
			"rotation": {"angle": 0, "axis": "y", "origin": [9.77322, 6, 9.13033]},
			"faces": {
				"north": {"uv": [12, 1, 9, 2], "texture": "#0"},
				"east": {"uv": [12, 0, 9, 1], "texture": "#0"},
				"south": {"uv": [3, 9, 0, 10], "texture": "#0"},
				"west": {"uv": [9, 8, 6, 9], "texture": "#0"},
				"up": {"uv": [0, 9, 3, 6], "rotation": 270, "texture": "#0"},
				"down": {"uv": [6, 0, 9, 3], "rotation": 90, "texture": "#0"}
			}
		},
		{
			"from": [8.27322, 5, 7.63033],
			"to": [11.27322, 6, 10.63033],
			"rotation": {"angle": 45, "axis": "y", "origin": [9.77322, 6, 9.13033]},
			"faces": {
				"north": {"uv": [6, 6, 3, 7], "texture": "#0"},
				"east": {"uv": [6, 3, 9, 4], "texture": "#0"},
				"south": {"uv": [9, 4, 6, 5], "texture": "#0"},
				"west": {"uv": [6, 5, 9, 6], "texture": "#0"},
				"up": {"uv": [3, 3, 0, 0], "texture": "#0"},
				"down": {"uv": [0, 3, 3, 6], "texture": "#0"}
			}
		},
		{
			"from": [8.29456, 4.03576, 7.63152],
			"to": [11.29456, 5.03576, 10.63152],
			"rotation": {"angle": 0, "axis": "y", "origin": [9.79456, 5.03576, 11.13152]},
			"faces": {
				"north": {"uv": [12, 1, 9, 2], "texture": "#0"},
				"east": {"uv": [12, 0, 9, 1], "texture": "#0"},
				"south": {"uv": [3, 9, 0, 10], "texture": "#0"},
				"west": {"uv": [9, 8, 6, 9], "texture": "#0"},
				"up": {"uv": [0, 9, 3, 6], "rotation": 270, "texture": "#0"},
				"down": {"uv": [6, 0, 9, 3], "rotation": 90, "texture": "#0"}
			}
		},
		{
			"from": [4.47322, 2, 8.53033],
			"to": [7.47322, 3, 11.53033],
			"rotation": {"angle": -45, "axis": "y", "origin": [5.97322, 2.5, 10.03033]},
			"faces": {
				"north": {"uv": [12, 1, 9, 2], "texture": "#0"},
				"east": {"uv": [12, 0, 9, 1], "texture": "#0"},
				"south": {"uv": [3, 9, 0, 10], "texture": "#0"},
				"west": {"uv": [9, 8, 6, 9], "texture": "#0"},
				"up": {"uv": [0, 9, 3, 6], "rotation": 270, "texture": "#0"},
				"down": {"uv": [6, 0, 9, 3], "rotation": 90, "texture": "#0"}
			}
		},
		{
			"from": [8.22322, 2, 7.53033],
			"to": [11.22322, 3, 10.53033],
			"rotation": {"angle": 0, "axis": "y", "origin": [13.47322, 1.5, 8.03033]},
			"faces": {
				"north": {"uv": [6, 6, 3, 7], "texture": "#0"},
				"east": {"uv": [6, 3, 9, 4], "texture": "#0"},
				"south": {"uv": [9, 4, 6, 5], "texture": "#0"},
				"west": {"uv": [6, 5, 9, 6], "texture": "#0"},
				"up": {"uv": [3, 3, 0, 0], "texture": "#0"},
				"down": {"uv": [0, 3, 3, 6], "texture": "#0"}
			}
		},
		{
			"from": [1.02322, 3, 11.13033],
			"to": [4.02322, 4, 14.13033],
			"rotation": {"angle": 45, "axis": "y", "origin": [2.52322, 4, 12.63033]},
			"faces": {
				"north": {"uv": [6, 6, 3, 7], "texture": "#0"},
				"east": {"uv": [6, 3, 9, 4], "texture": "#0"},
				"south": {"uv": [9, 4, 6, 5], "texture": "#0"},
				"west": {"uv": [6, 5, 9, 6], "texture": "#0"},
				"up": {"uv": [3, 3, 0, 0], "texture": "#0"},
				"down": {"uv": [0, 3, 3, 6], "texture": "#0"}
			}
		},
		{
			"from": [1.04456, 2.03576, 11.13152],
			"to": [4.04456, 3.03576, 14.13152],
			"rotation": {"angle": 0, "axis": "y", "origin": [2.54456, 3.03576, 14.63152]},
			"faces": {
				"north": {"uv": [12, 1, 9, 2], "texture": "#0"},
				"east": {"uv": [12, 0, 9, 1], "texture": "#0"},
				"south": {"uv": [3, 9, 0, 10], "texture": "#0"},
				"west": {"uv": [9, 8, 6, 9], "texture": "#0"},
				"up": {"uv": [0, 9, 3, 6], "rotation": 270, "texture": "#0"},
				"down": {"uv": [6, 0, 9, 3], "rotation": 90, "texture": "#0"}
			}
		},
		{
			"from": [0.97322, 1, 11.03033],
			"to": [3.97322, 2, 14.03033],
			"rotation": {"angle": -45, "axis": "y", "origin": [2.47322, 1.5, 12.53033]},
			"faces": {
				"north": {"uv": [12, 1, 9, 2], "texture": "#0"},
				"east": {"uv": [12, 0, 9, 1], "texture": "#0"},
				"south": {"uv": [3, 9, 0, 10], "texture": "#0"},
				"west": {"uv": [9, 8, 6, 9], "texture": "#0"},
				"up": {"uv": [0, 9, 3, 6], "rotation": 270, "texture": "#0"},
				"down": {"uv": [6, 0, 9, 3], "rotation": 90, "texture": "#0"}
			}
		},
		{
			"from": [0.97322, 0, 11.03033],
			"to": [3.97322, 1, 14.03033],
			"rotation": {"angle": 0, "axis": "y", "origin": [6.22322, -0.5, 11.53033]},
			"faces": {
				"north": {"uv": [6, 6, 3, 7], "texture": "#0"},
				"east": {"uv": [6, 3, 9, 4], "texture": "#0"},
				"south": {"uv": [9, 4, 6, 5], "texture": "#0"},
				"west": {"uv": [6, 5, 9, 6], "texture": "#0"},
				"up": {"uv": [3, 3, 0, 0], "texture": "#0"},
				"down": {"uv": [0, 3, 3, 6], "texture": "#0"}
			}
		},
		{
			"from": [8.15, 1, 6],
			"to": [11.15, 2, 9],
			"rotation": {"angle": 22.5, "axis": "y", "origin": [13.15, 2.5, 8]},
			"faces": {
				"north": {"uv": [9, 6, 6, 7], "texture": "#0"},
				"east": {"uv": [6, 8, 3, 9], "texture": "#0"},
				"south": {"uv": [9, 7, 6, 8], "texture": "#0"},
				"west": {"uv": [6, 7, 3, 8], "texture": "#0"},
				"up": {"uv": [3, 3, 6, 0], "texture": "#0"},
				"down": {"uv": [3, 3, 6, 6], "texture": "#0"}
			}
		},
		{
			"from": [8.31085, 4, 11.93901],
			"to": [11.31085, 5, 14.93901],
			"rotation": {"angle": 45, "axis": "y", "origin": [9.81085, 4.5, 13.43901]},
			"faces": {
				"north": {"uv": [6, 6, 3, 7], "texture": "#0"},
				"east": {"uv": [6, 3, 9, 4], "texture": "#0"},
				"south": {"uv": [9, 4, 6, 5], "texture": "#0"},
				"west": {"uv": [6, 5, 9, 6], "texture": "#0"},
				"up": {"uv": [3, 3, 0, 0], "texture": "#0"},
				"down": {"uv": [0, 3, 3, 6], "texture": "#0"}
			}
		},
		{
			"from": [8.39924, 3, 11.81526],
			"to": [11.39924, 4, 14.81526],
			"rotation": {"angle": 0, "axis": "y", "origin": [9.89822, 3, 13.27889]},
			"faces": {
				"north": {"uv": [12, 1, 9, 2], "texture": "#0"},
				"east": {"uv": [12, 0, 9, 1], "texture": "#0"},
				"south": {"uv": [3, 9, 0, 10], "texture": "#0"},
				"west": {"uv": [9, 8, 6, 9], "texture": "#0"},
				"up": {"uv": [0, 9, 3, 6], "rotation": 270, "texture": "#0"},
				"down": {"uv": [6, 0, 9, 3], "rotation": 90, "texture": "#0"}
			}
		},
		{
			"from": [8.37322, 2, 11.80533],
			"to": [11.37322, 3, 14.80533],
			"rotation": {"angle": 45, "axis": "y", "origin": [9.89822, 3, 13.27889]},
			"faces": {
				"north": {"uv": [6, 6, 3, 7], "texture": "#0"},
				"east": {"uv": [6, 3, 9, 4], "texture": "#0"},
				"south": {"uv": [9, 4, 6, 5], "texture": "#0"},
				"west": {"uv": [6, 5, 9, 6], "texture": "#0"},
				"up": {"uv": [3, 3, 0, 0], "texture": "#0"},
				"down": {"uv": [0, 3, 3, 6], "texture": "#0"}
			}
		},
		{
			"from": [8.27255, 1, 11.75189],
			"to": [11.27255, 2, 14.75189],
			"rotation": {"angle": -22.5, "axis": "y", "origin": [9.89822, 3, 13.27889]},
			"faces": {
				"north": {"uv": [6, 8, 3, 9], "texture": "#0"},
				"east": {"uv": [9, 7, 6, 8], "texture": "#0"},
				"south": {"uv": [6, 7, 3, 8], "texture": "#0"},
				"west": {"uv": [9, 6, 6, 7], "texture": "#0"},
				"up": {"uv": [3, 3, 6, 0], "rotation": 270, "texture": "#0"},
				"down": {"uv": [3, 3, 6, 6], "rotation": 90, "texture": "#0"}
			}
		},
		{
			"from": [5.52322, 5, 3.63033],
			"to": [8.52322, 6, 6.63033],
			"rotation": {"angle": 0, "axis": "y", "origin": [10.77322, 4.5, 4.13033]},
			"faces": {
				"north": {"uv": [6, 6, 3, 7], "texture": "#0"},
				"east": {"uv": [6, 3, 9, 4], "texture": "#0"},
				"south": {"uv": [9, 4, 6, 5], "texture": "#0"},
				"west": {"uv": [6, 5, 9, 6], "texture": "#0"},
				"up": {"uv": [3, 3, 0, 0], "texture": "#0"},
				"down": {"uv": [0, 3, 3, 6], "texture": "#0"}
			}
		},
		{
			"from": [5.52322, 3, 3.63033],
			"to": [8.52322, 4, 6.63033],
			"rotation": {"angle": 45, "axis": "y", "origin": [7.02322, 3.5, 5.13033]},
			"faces": {
				"north": {"uv": [6, 6, 3, 7], "texture": "#0"},
				"east": {"uv": [6, 3, 9, 4], "texture": "#0"},
				"south": {"uv": [9, 4, 6, 5], "texture": "#0"},
				"west": {"uv": [6, 5, 9, 6], "texture": "#0"},
				"up": {"uv": [3, 3, 0, 0], "texture": "#0"},
				"down": {"uv": [0, 3, 3, 6], "texture": "#0"}
			}
		},
		{
			"from": [9.7, 3, 1.85],
			"to": [12.7, 4, 4.85],
			"rotation": {"angle": 22.5, "axis": "y", "origin": [14.7, 4.5, 3.85]},
			"faces": {
				"north": {"uv": [9, 6, 6, 7], "texture": "#0"},
				"east": {"uv": [6, 8, 3, 9], "texture": "#0"},
				"south": {"uv": [9, 7, 6, 8], "texture": "#0"},
				"west": {"uv": [6, 7, 3, 8], "texture": "#0"},
				"up": {"uv": [3, 3, 6, 0], "texture": "#0"},
				"down": {"uv": [3, 3, 6, 6], "texture": "#0"}
			}
		},
		{
			"from": [9.77322, 2, 3.38033],
			"to": [12.77322, 3, 6.38033],
			"rotation": {"angle": 45, "axis": "y", "origin": [11.27322, 2.5, 4.88033]},
			"faces": {
				"north": {"uv": [6, 6, 3, 7], "texture": "#0"},
				"east": {"uv": [6, 3, 9, 4], "texture": "#0"},
				"south": {"uv": [9, 4, 6, 5], "texture": "#0"},
				"west": {"uv": [6, 5, 9, 6], "texture": "#0"},
				"up": {"uv": [3, 3, 0, 0], "texture": "#0"},
				"down": {"uv": [0, 3, 3, 6], "texture": "#0"}
			}
		},
		{
			"from": [5.45, 4, 2.1],
			"to": [8.45, 5, 5.1],
			"rotation": {"angle": 22.5, "axis": "y", "origin": [10.45, 5.5, 4.1]},
			"faces": {
				"north": {"uv": [9, 6, 6, 7], "texture": "#0"},
				"east": {"uv": [6, 8, 3, 9], "texture": "#0"},
				"south": {"uv": [9, 7, 6, 8], "texture": "#0"},
				"west": {"uv": [6, 7, 3, 8], "texture": "#0"},
				"up": {"uv": [3, 3, 6, 0], "texture": "#0"},
				"down": {"uv": [3, 3, 6, 6], "texture": "#0"}
			}
		},
		{
			"from": [6.65, 0, 10],
			"to": [9.65, 1, 13],
			"rotation": {"angle": 22.5, "axis": "y", "origin": [13.15, 2.5, 8]},
			"faces": {
				"north": {"uv": [9, 6, 6, 7], "texture": "#0"},
				"east": {"uv": [6, 8, 3, 9], "texture": "#0"},
				"south": {"uv": [9, 7, 6, 8], "texture": "#0"},
				"west": {"uv": [6, 7, 3, 8], "texture": "#0"},
				"up": {"uv": [3, 3, 6, 0], "texture": "#0"},
				"down": {"uv": [3, 3, 6, 6], "texture": "#0"}
			}
		},
		{
			"from": [9.72322, 1, 3.28033],
			"to": [12.72322, 2, 6.28033],
			"rotation": {"angle": 0, "axis": "y", "origin": [14.97322, 0.5, 3.78033]},
			"faces": {
				"north": {"uv": [6, 6, 3, 7], "texture": "#0"},
				"east": {"uv": [6, 3, 9, 4], "texture": "#0"},
				"south": {"uv": [9, 4, 6, 5], "texture": "#0"},
				"west": {"uv": [6, 5, 9, 6], "texture": "#0"},
				"up": {"uv": [3, 3, 0, 0], "texture": "#0"},
				"down": {"uv": [0, 3, 3, 6], "texture": "#0"}
			}
		},
		{
			"from": [6.72322, 0.21443, 1.95065],
			"to": [9.72322, 3.21443, 2.95065],
			"rotation": {"angle": 22.5, "axis": "x", "origin": [8.22322, 2.18943, 2.07565]},
			"faces": {
				"north": {"uv": [3, 3, 0, 0], "rotation": 180, "texture": "#0"},
				"east": {"uv": [6, 3, 9, 4], "rotation": 90, "texture": "#0"},
				"south": {"uv": [0, 3, 3, 6], "texture": "#0"},
				"west": {"uv": [6, 5, 9, 6], "rotation": 270, "texture": "#0"},
				"up": {"uv": [9, 4, 6, 5], "texture": "#0"},
				"down": {"uv": [6, 6, 3, 7], "rotation": 180, "texture": "#0"}
			}
		},
		{
			"from": [4.52678, 0.48943, 12.29935],
			"to": [7.52678, 3.48943, 13.29935],
			"rotation": {"angle": -22.5, "axis": "x", "origin": [7.77678, 2.18943, 13.92435]},
			"faces": {
				"north": {"uv": [0, 3, 3, 6], "texture": "#0"},
				"east": {"uv": [6, 5, 9, 6], "rotation": 270, "texture": "#0"},
				"south": {"uv": [3, 3, 0, 0], "rotation": 180, "texture": "#0"},
				"west": {"uv": [6, 3, 9, 4], "rotation": 90, "texture": "#0"},
				"up": {"uv": [6, 5, 9, 4], "texture": "#0"},
				"down": {"uv": [3, 7, 6, 6], "rotation": 180, "texture": "#0"}
			}
		},
		{
			"from": [2.29822, 0.4, 3.28033],
			"to": [5.29822, 1.4, 6.28033],
			"rotation": {"angle": 45, "axis": "z", "origin": [3.22322, 1.5, 4.78033]},
			"faces": {
				"north": {"uv": [6, 3, 9, 4], "texture": "#0"},
				"east": {"uv": [9, 4, 6, 5], "texture": "#0"},
				"south": {"uv": [6, 5, 9, 6], "texture": "#0"},
				"west": {"uv": [6, 6, 3, 7], "texture": "#0"},
				"up": {"uv": [3, 3, 0, 0], "rotation": 270, "texture": "#0"},
				"down": {"uv": [0, 3, 3, 6], "rotation": 90, "texture": "#0"}
			}
		},
		{
			"from": [11.37678, 0.9, 7.28033],
			"to": [14.37678, 1.9, 10.28033],
			"rotation": {"angle": -45, "axis": "z", "origin": [12.77678, 1.5, 4.78033]},
			"faces": {
				"north": {"uv": [9, 3, 6, 4], "texture": "#0"},
				"east": {"uv": [3, 6, 6, 7], "texture": "#0"},
				"south": {"uv": [9, 5, 6, 6], "texture": "#0"},
				"west": {"uv": [6, 4, 9, 5], "texture": "#0"},
				"up": {"uv": [3, 0, 0, 3], "rotation": 270, "texture": "#0"},
				"down": {"uv": [0, 6, 3, 3], "rotation": 90, "texture": "#0"}
			}
		},
		{
			"from": [9.65, 0, 1.75],
			"to": [12.65, 1, 4.75],
			"rotation": {"angle": 22.5, "axis": "y", "origin": [14.65, 1.5, 3.75]},
			"faces": {
				"north": {"uv": [9, 6, 6, 7], "texture": "#0"},
				"east": {"uv": [6, 8, 3, 9], "texture": "#0"},
				"south": {"uv": [9, 7, 6, 8], "texture": "#0"},
				"west": {"uv": [6, 7, 3, 8], "texture": "#0"},
				"up": {"uv": [3, 3, 6, 0], "texture": "#0"},
				"down": {"uv": [3, 3, 6, 6], "texture": "#0"}
			}
		},
		{
			"from": [8.22322, 3, 7.53033],
			"to": [11.22322, 4, 10.53033],
			"rotation": {"angle": -45, "axis": "y", "origin": [9.72322, 3.5, 9.03033]},
			"faces": {
				"north": {"uv": [12, 1, 9, 2], "texture": "#0"},
				"east": {"uv": [12, 0, 9, 1], "texture": "#0"},
				"south": {"uv": [3, 9, 0, 10], "texture": "#0"},
				"west": {"uv": [9, 8, 6, 9], "texture": "#0"},
				"up": {"uv": [0, 9, 3, 6], "rotation": 270, "texture": "#0"},
				"down": {"uv": [6, 0, 9, 3], "rotation": 90, "texture": "#0"}
			}
		},
		{
			"from": [12.59086, 0, 11.39797],
			"to": [15.59086, 1, 14.39797],
			"rotation": {"angle": 45, "axis": "y", "origin": [13.96586, 0.5, 13.27297]},
			"faces": {
				"north": {"uv": [12, 1, 9, 2], "texture": "#0"},
				"east": {"uv": [12, 0, 9, 1], "texture": "#0"},
				"south": {"uv": [3, 9, 0, 10], "texture": "#0"},
				"west": {"uv": [9, 8, 6, 9], "texture": "#0"},
				"up": {"uv": [0, 9, 3, 6], "rotation": 270, "texture": "#0"},
				"down": {"uv": [6, 0, 9, 3], "rotation": 90, "texture": "#0"}
			}
		}
	],
	"display": {
		"thirdperson_righthand": {
			"rotation": [42, -175, 0],
			"translation": [0.25, 3.75, 3.25],
			"scale": [0.57, 0.57, 0.57]
		},
		"thirdperson_lefthand": {
			"rotation": [42, -175, 0],
			"translation": [0.25, 3.75, 3.25],
			"scale": [0.57, 0.57, 0.57]
		},
		"firstperson_righthand": {
			"rotation": [0, 92, 0],
			"translation": [0.5, 6, 0],
			"scale": [0.67, 0.67, 0.67]
		},
		"firstperson_lefthand": {
			"rotation": [0, -176, 0],
			"translation": [1.25, 6, 0.75],
			"scale": [0.67, 0.67, 0.67]
		},
		"ground": {
			"translation": [0, 7.75, 0],
			"scale": [0.65, 0.65, 0.65]
		},
		"gui": {
			"rotation": [26, 135, 0],
			"translation": [-1.25, 4, 0],
			"scale": [0.83, 0.83, 0.83]
		},
		"fixed": {
			"rotation": [-90, 0, 0],
			"translation": [0, 0, -16],
			"scale": [2.01, 2.01, 2.01]
		}
	}
}