{
	"credit": "Made by Manning Design",
	"textures": {
		"0": "chunky:item/furniture/st_patricks_event/bs_coin_stack_1_texture",
		"particle": "chunky:item/furniture/st_patricks_event/bs_coin_stack_1_texture"
	},
	"elements": [
		{
			"from": [8.22322, 0, 7.53033],
			"to": [11.22322, 1, 10.53033],
			"rotation": {"angle": 45, "axis": "y", "origin": [9.72322, 0.5, 9.03033]},
			"faces": {
				"north": {"uv": [6, 6, 3, 7], "texture": "#0"},
				"east": {"uv": [6, 3, 9, 4], "texture": "#0"},
				"south": {"uv": [9, 4, 6, 5], "texture": "#0"},
				"west": {"uv": [6, 5, 9, 6], "texture": "#0"},
				"up": {"uv": [3, 3, 0, 0], "texture": "#0"},
				"down": {"uv": [0, 3, 3, 6], "texture": "#0"}
			}
		},
		{
			"from": [4.4, 0, 7],
			"to": [7.4, 1, 10],
			"rotation": {"angle": 22.5, "axis": "y", "origin": [9.4, 1.5, 9]},
			"faces": {
				"north": {"uv": [9, 6, 6, 7], "texture": "#0"},
				"east": {"uv": [6, 8, 3, 9], "texture": "#0"},
				"south": {"uv": [9, 7, 6, 8], "texture": "#0"},
				"west": {"uv": [6, 7, 3, 8], "texture": "#0"},
				"up": {"uv": [3, 3, 6, 0], "texture": "#0"},
				"down": {"uv": [3, 3, 6, 6], "texture": "#0"}
			}
		},
		{
			"from": [5.54456, 0, 5.73809],
			"to": [8.54456, 1, 8.73809],
			"rotation": {"angle": -22.5, "axis": "x", "origin": [5.54456, 0.5, 5.83809]},
			"faces": {
				"north": {"uv": [12, 1, 9, 2], "texture": "#0"},
				"east": {"uv": [12, 0, 9, 1], "texture": "#0"},
				"south": {"uv": [3, 9, 0, 10], "texture": "#0"},
				"west": {"uv": [9, 8, 6, 9], "texture": "#0"},
				"up": {"uv": [0, 9, 3, 6], "rotation": 270, "texture": "#0"},
				"down": {"uv": [6, 0, 9, 3], "rotation": 90, "texture": "#0"}
			}
		}
	],
	"display": {
		"thirdperson_righthand": {
			"rotation": [42, -28, 0],
			"translation": [0.25, 4.25, 2.25],
			"scale": [0.57, 0.57, 0.57]
		},
		"thirdperson_lefthand": {
			"rotation": [42, 30, 0],
			"translation": [-0.25, 4, 2.25],
			"scale": [0.57, 0.57, 0.57]
		},
		"firstperson_righthand": {
			"rotation": [0, 92, 0],
			"translation": [0.5, 6, 0],
			"scale": [0.67, 0.67, 0.67]
		},
		"firstperson_lefthand": {
			"rotation": [0, -176, 0],
			"translation": [1.25, 6, 0.75],
			"scale": [0.67, 0.67, 0.67]
		},
		"ground": {
			"translation": [0, 7.75, 0],
			"scale": [0.65, 0.65, 0.65]
		},
		"gui": {
			"rotation": [26, 135, 0],
			"translation": [-1.25, 6.25, 0]
		},
		"fixed": {
			"rotation": [-90, 0, 0],
			"translation": [0, 0, -16],
			"scale": [2.01, 2.01, 2.01]
		}
	}
}