{
	"credit": "Made by Manning Design",
	"textures": {
		"0": "chunky:item/furniture/st_patricks_event/bs_coin_stack_1_texture",
		"particle": "chunky:item/furniture/st_patricks_event/bs_coin_stack_1_texture"
	},
	"elements": [
		{
			"from": [4.1, 0, 8],
			"to": [7.1, 1, 11],
			"rotation": {"angle": 0, "axis": "x", "origin": [0.1, 0, 0]},
			"faces": {
				"north": {"uv": [3, 6, 6, 7], "texture": "#0"},
				"east": {"uv": [6, 3, 9, 4], "texture": "#0"},
				"south": {"uv": [6, 4, 9, 5], "texture": "#0"},
				"west": {"uv": [6, 5, 9, 6], "texture": "#0"},
				"up": {"uv": [3, 3, 0, 0], "texture": "#0"},
				"down": {"uv": [3, 3, 0, 6], "texture": "#0"}
			}
		},
		{
			"from": [4.1, 1, 8],
			"to": [7.1, 2, 11],
			"rotation": {"angle": -22.5, "axis": "y", "origin": [6.1, 1.5, 10]},
			"faces": {
				"north": {"uv": [6, 6, 9, 7], "texture": "#0"},
				"east": {"uv": [3, 7, 6, 8], "texture": "#0"},
				"south": {"uv": [6, 7, 9, 8], "texture": "#0"},
				"west": {"uv": [3, 8, 6, 9], "texture": "#0"},
				"up": {"uv": [6, 3, 3, 0], "texture": "#0"},
				"down": {"uv": [6, 3, 3, 6], "texture": "#0"}
			}
		},
		{
			"from": [8.45544, 0, 5.33809],
			"to": [11.45544, 1, 8.33809],
			"rotation": {"angle": -45, "axis": "y", "origin": [9.95544, 0.5, 6.83809]},
			"faces": {
				"north": {"uv": [6, 8, 9, 9], "texture": "#0"},
				"east": {"uv": [0, 9, 3, 10], "texture": "#0"},
				"south": {"uv": [9, 0, 12, 1], "texture": "#0"},
				"west": {"uv": [9, 1, 12, 2], "texture": "#0"},
				"up": {"uv": [3, 9, 0, 6], "texture": "#0"},
				"down": {"uv": [9, 0, 6, 3], "texture": "#0"}
			}
		}
	],
	"display": {
		"thirdperson_righthand": {
			"rotation": [42, -28, 0],
			"translation": [0.25, 3.75, 2.5],
			"scale": [0.57, 0.57, 0.57]
		},
		"thirdperson_lefthand": {
			"rotation": [42, 30, 0],
			"translation": [-0.25, 3.75, 2.5],
			"scale": [0.57, 0.57, 0.57]
		},
		"firstperson_righthand": {
			"rotation": [0, 92, 0],
			"translation": [0.5, 6, 0],
			"scale": [0.67, 0.67, 0.67]
		},
		"firstperson_lefthand": {
			"rotation": [0, -176, 0],
			"translation": [1.25, 6, 0.75],
			"scale": [0.67, 0.67, 0.67]
		},
		"ground": {
			"translation": [0, 7.75, 0],
			"scale": [0.65, 0.65, 0.65]
		},
		"gui": {
			"rotation": [26, 135, 0],
			"translation": [-0.25, 6, 0]
		},
		"fixed": {
			"rotation": [-90, 0, 0],
			"translation": [0, 0, -16],
			"scale": [2.01, 2.01, 2.01]
		}
	}
}