{
	"credit": "Made by Manning Design",
	"texture_size": [32, 32],
	"textures": {
		"0": "chunky:item/furniture/st_patricks_event/bs_ginger_beard_texture",
		"particle": "chunky:item/furniture/st_patricks_event/bs_ginger_beard_texture"
	},
	"elements": [
		{
			"from": [2, -2, 1],
			"to": [14, 4, 5],
			"rotation": {"angle": 22.5, "axis": "x", "origin": [8, 0, 1]},
			"faces": {
				"north": {"uv": [0, 0, 6, 3], "texture": "#0"},
				"east": {"uv": [6, 2, 8, 5], "texture": "#0"},
				"south": {"uv": [0, 3, 6, 6], "texture": "#0"},
				"west": {"uv": [6, 5, 8, 8], "texture": "#0"},
				"up": {"uv": [6, 8, 0, 6], "texture": "#0"},
				"down": {"uv": [12, 0, 6, 2], "texture": "#0"}
			}
		},
		{
			"from": [2, 4, 1],
			"to": [3, 8, 5],
			"rotation": {"angle": 22.5, "axis": "x", "origin": [8, 0, 1]},
			"faces": {
				"north": {"uv": [0, 10, 0.5, 12], "texture": "#0"},
				"east": {"uv": [0, 8, 2, 10], "texture": "#0"},
				"south": {"uv": [0.5, 10, 1, 12], "texture": "#0"},
				"west": {"uv": [2, 8, 4, 10], "texture": "#0"},
				"up": {"uv": [1.5, 12, 1, 10], "texture": "#0"},
				"down": {"uv": [2, 10, 1.5, 12], "texture": "#0"}
			}
		},
		{
			"from": [13, 4, 1],
			"to": [14, 8, 5],
			"rotation": {"angle": 22.5, "axis": "x", "origin": [8, 0, 1]},
			"faces": {
				"north": {"uv": [2, 10, 2.5, 12], "texture": "#0"},
				"east": {"uv": [8, 2, 10, 4], "texture": "#0"},
				"south": {"uv": [10, 2, 10.5, 4], "texture": "#0"},
				"west": {"uv": [4, 8, 6, 10], "texture": "#0"},
				"up": {"uv": [3, 12, 2.5, 10], "texture": "#0"},
				"down": {"uv": [3.5, 10, 3, 12], "texture": "#0"}
			}
		},
		{
			"from": [9, 4, 1],
			"to": [13, 5, 5],
			"rotation": {"angle": 22.5, "axis": "x", "origin": [8, 0, 1]},
			"faces": {
				"north": {"uv": [3.5, 10, 5.5, 10.5], "texture": "#0"},
				"east": {"uv": [10, 4, 12, 4.5], "texture": "#0"},
				"south": {"uv": [5.5, 10, 3.5, 10.5], "texture": "#0"},
				"west": {"uv": [10, 5, 12, 5.5], "texture": "#0"},
				"up": {"uv": [10, 6, 8, 4], "texture": "#0"},
				"down": {"uv": [8, 8, 6, 10], "texture": "#0"}
			}
		},
		{
			"from": [3, 4, 1],
			"to": [7, 5, 5],
			"rotation": {"angle": 22.5, "axis": "x", "origin": [8, 0, 1]},
			"faces": {
				"north": {"uv": [5.5, 10, 7.5, 10.5], "texture": "#0"},
				"east": {"uv": [10, 5.5, 12, 6], "texture": "#0"},
				"south": {"uv": [7.5, 10, 5.5, 10.5], "texture": "#0"},
				"west": {"uv": [10, 6.5, 12, 7], "texture": "#0"},
				"up": {"uv": [10, 8, 8, 6], "texture": "#0"},
				"down": {"uv": [10, 8, 8, 10], "texture": "#0"}
			}
		},
		{
			"from": [5.5, 3, 0],
			"to": [6.5, 4, 3],
			"rotation": {"angle": 22.5, "axis": "y", "origin": [6, 5.5, 3]},
			"faces": {
				"north": {"uv": [10.5, 3, 11, 3.5], "texture": "#0"},
				"east": {"uv": [10.5, 2, 12, 2.5], "texture": "#0"},
				"south": {"uv": [10.5, 3.5, 11, 4], "texture": "#0"},
				"west": {"uv": [10.5, 2.5, 12, 3], "texture": "#0"},
				"up": {"uv": [4, 12, 3.5, 10.5], "texture": "#0"},
				"down": {"uv": [4.5, 10.5, 4, 12], "texture": "#0"}
			}
		},
		{
			"from": [5, 2, -2],
			"to": [7, 4, 0],
			"rotation": {"angle": 22.5, "axis": "y", "origin": [6, 5.5, 3]},
			"faces": {
				"north": {"uv": [10, 7, 11, 8], "texture": "#0"},
				"east": {"uv": [7.5, 10, 8.5, 11], "texture": "#0"},
				"south": {"uv": [10, 8, 11, 9], "texture": "#0"},
				"west": {"uv": [8.5, 10, 9.5, 11], "texture": "#0"},
				"up": {"uv": [11, 10, 10, 9], "texture": "#0"},
				"down": {"uv": [10.5, 10, 9.5, 11], "texture": "#0"}
			}
		}
	],
	"display": {
		"thirdperson_righthand": {
			"rotation": [66, 0, 0],
			"translation": [0, -1.25, 4],
			"scale": [0.63, 0.63, 0.63]
		},
		"thirdperson_lefthand": {
			"rotation": [66, 0, 0],
			"translation": [0, -1.25, 4],
			"scale": [0.63, 0.63, 0.63]
		},
		"firstperson_righthand": {
			"rotation": [0, 121, 0],
			"translation": [0.5, 6.25, 0.5],
			"scale": [0.48, 0.48, 0.48]
		},
		"firstperson_lefthand": {
			"rotation": [0, 121, 0],
			"translation": [0.5, 6.25, 0.5],
			"scale": [0.48, 0.48, 0.48]
		},
		"ground": {
			"rotation": [61, 0, 0],
			"translation": [0, 6, 1.25],
			"scale": [0.43, 0.43, 0.43]
		},
		"gui": {
			"rotation": [25, 135, 0],
			"translation": [1.75, 4.5, 0],
			"scale": [0.65, 0.65, 0.65]
		},
		"head": {
			"rotation": [-4, 0, 0],
			"translation": [0, 0, -0.5],
			"scale": [1.22, 1.22, 1.22]
		},
		"fixed": {
			"translation": [0, 7.5, 2.25],
			"scale": [1.39, 1.39, 1.39]
		}
	}
}