{
	"credit": "Made by Manning Design",
	"texture_size": [64, 64],
	"textures": {
		"1": "chunky:item/furniture/st_patricks_event/bs_shamrock_balloon_texture"
	},
	"elements": [
		{
			"from": [13.70625, 3.38891, 3.5],
			"to": [17.70625, 9.38891, 12.5],
			"rotation": {"angle": 22.5, "axis": "z", "origin": [8, 10.09807, 8]},
			"faces": {
				"north": {"uv": [7, 11, 8, 12.5], "texture": "#1"},
				"east": {"uv": [1.5, 3.75, 3.75, 5.25], "texture": "#1"},
				"south": {"uv": [8, 11, 7, 12.5], "texture": "#1"},
				"west": {"uv": [3.75, 3.75, 6, 5.25], "texture": "#1"},
				"up": {"uv": [4, 11.25, 3, 9], "texture": "#1"},
				"down": {"uv": [5, 9, 4, 11.25], "texture": "#1"}
			}
		},
		{
			"from": [7.70625, 3.38891, 3.5],
			"to": [13.70625, 9.38891, 12.5],
			"rotation": {"angle": 22.5, "axis": "z", "origin": [8, 10.09807, 8]},
			"faces": {
				"north": {"uv": [0, 8.25, 1.5, 9.75], "texture": "#1"},
				"east": {"uv": [0, 2.25, 2.25, 3.75], "texture": "#1"},
				"south": {"uv": [1.5, 8.25, 0, 9.75], "texture": "#1"},
				"west": {"uv": [2.25, 2.25, 4.5, 3.75], "texture": "#1"},
				"up": {"uv": [4.5, 2.25, 3, 0], "texture": "#1"},
				"down": {"uv": [1.5, 3.75, 0, 6], "texture": "#1"}
			}
		},
		{
			"from": [7.70625, -0.61109, 3.5],
			"to": [13.70625, 3.38891, 12.5],
			"rotation": {"angle": 22.5, "axis": "z", "origin": [8, 10.09807, 8]},
			"faces": {
				"north": {"uv": [10.5, 0, 12, 1], "texture": "#1"},
				"east": {"uv": [8.25, 7.5, 10.5, 8.5], "texture": "#1"},
				"south": {"uv": [12, 0, 10.5, 1], "texture": "#1"},
				"west": {"uv": [8.25, 8.5, 10.5, 9.5], "texture": "#1"},
				"up": {"uv": [1.5, 2.25, 0, 0], "texture": "#1"},
				"down": {"uv": [3, 0, 1.5, 2.25], "texture": "#1"}
			}
		},
		{
			"from": [-1.70625, 3.38891, 3.5],
			"to": [2.29375, 9.38891, 12.5],
			"rotation": {"angle": -22.5, "axis": "z", "origin": [8, 10.09807, 8]},
			"faces": {
				"north": {"uv": [5, 11.25, 6, 12.75], "texture": "#1"},
				"east": {"uv": [6, 7.5, 8.25, 9], "texture": "#1"},
				"south": {"uv": [6, 11.25, 5, 12.75], "texture": "#1"},
				"west": {"uv": [8.25, 0, 10.5, 1.5], "texture": "#1"},
				"up": {"uv": [2.5, 12.75, 1.5, 10.5], "texture": "#1"},
				"down": {"uv": [7, 10.5, 6, 12.75], "texture": "#1"}
			}
		},
		{
			"from": [2.29375, 3.38891, 3.5],
			"to": [8.29375, 9.38891, 12.5],
			"rotation": {"angle": -22.5, "axis": "z", "origin": [8, 10.09807, 8]},
			"faces": {
				"north": {"uv": [0, 9.75, 1.5, 11.25], "texture": "#1"},
				"east": {"uv": [7.5, 2.25, 9.75, 3.75], "texture": "#1"},
				"south": {"uv": [1.5, 9.75, 0, 11.25], "texture": "#1"},
				"west": {"uv": [7.5, 3.75, 9.75, 5.25], "texture": "#1"},
				"up": {"uv": [6, 9, 4.5, 6.75], "texture": "#1"},
				"down": {"uv": [9, 5.25, 7.5, 7.5], "texture": "#1"}
			}
		},
		{
			"from": [2.29375, -0.61109, 3.5],
			"to": [8.29375, 3.38891, 12.5],
			"rotation": {"angle": -22.5, "axis": "z", "origin": [8, 10.09807, 8]},
			"faces": {
				"north": {"uv": [11.25, 7, 12.75, 8], "texture": "#1"},
				"east": {"uv": [9.75, 2.5, 12, 3.5], "texture": "#1"},
				"south": {"uv": [12.75, 7, 11.25, 8], "texture": "#1"},
				"west": {"uv": [9.75, 3.5, 12, 4.5], "texture": "#1"},
				"up": {"uv": [3, 9, 1.5, 6.75], "texture": "#1"},
				"down": {"uv": [4.5, 6.75, 3, 9], "texture": "#1"}
			}
		},
		{
			"from": [7.45723, 15.5553, 3.5],
			"to": [13.45723, 19.5553, 12.5],
			"rotation": {"angle": 45, "axis": "z", "origin": [8, 10.09807, 8]},
			"faces": {
				"north": {"uv": [3.5, 11.25, 5, 12.25], "texture": "#1"},
				"east": {"uv": [9, 9.5, 11.25, 10.5], "texture": "#1"},
				"south": {"uv": [5, 11.25, 3.5, 12.25], "texture": "#1"},
				"west": {"uv": [9.75, 1.5, 12, 2.5], "texture": "#1"},
				"up": {"uv": [7.5, 7.5, 6, 5.25], "texture": "#1"},
				"down": {"uv": [8.25, 0, 6.75, 2.25], "texture": "#1"}
			}
		},
		{
			"from": [7.45723, 9.5553, 3.5],
			"to": [13.45723, 15.5553, 12.5],
			"rotation": {"angle": 45, "axis": "z", "origin": [8, 10.09807, 8]},
			"faces": {
				"north": {"uv": [6, 9, 7.5, 10.5], "texture": "#1"},
				"east": {"uv": [1.5, 5.25, 3.75, 6.75], "texture": "#1"},
				"south": {"uv": [7.5, 9, 6, 10.5], "texture": "#1"},
				"west": {"uv": [3.75, 5.25, 6, 6.75], "texture": "#1"},
				"up": {"uv": [1.5, 8.25, 0, 6], "texture": "#1"},
				"down": {"uv": [7.5, 3, 6, 5.25], "texture": "#1"}
			}
		},
		{
			"from": [13.45723, 9.5553, 3.5],
			"to": [17.45723, 15.5553, 12.5],
			"rotation": {"angle": 45, "axis": "z", "origin": [8, 10.09807, 8]},
			"faces": {
				"north": {"uv": [0, 11.25, 1, 12.75], "texture": "#1"},
				"east": {"uv": [4.5, 0, 6.75, 1.5], "texture": "#1"},
				"south": {"uv": [1, 11.25, 0, 12.75], "texture": "#1"},
				"west": {"uv": [4.5, 1.5, 6.75, 3], "texture": "#1"},
				"up": {"uv": [6, 11.25, 5, 9], "texture": "#1"},
				"down": {"uv": [10, 5.25, 9, 7.5], "texture": "#1"}
			}
		},
		{
			"from": [6.5, 0.375, 6],
			"to": [9.5, 9.375, 9],
			"faces": {
				"north": {"uv": [10.5, 6, 11.25, 8.25], "texture": "#1"},
				"east": {"uv": [9, 10.5, 9.75, 12.75], "texture": "#1"},
				"south": {"uv": [9.75, 10.5, 10.5, 12.75], "texture": "#1"},
				"west": {"uv": [10.5, 10.5, 11.25, 12.75], "texture": "#1"},
				"up": {"uv": [5.25, 3.75, 4.5, 3], "texture": "#1"},
				"down": {"uv": [6, 3, 5.25, 3.75], "texture": "#1"}
			}
		}
	],
	"display": {
		"thirdperson_righthand": {
			"scale": [0.57, 0.57, 0.57]
		},
		"thirdperson_lefthand": {
			"scale": [0.52, 0.52, 0.52]
		},
		"firstperson_righthand": {
			"scale": [0.55, 0.55, 0.55]
		},
		"firstperson_lefthand": {
			"scale": [0.55, 0.55, 0.55]
		},
		"ground": {
			"translation": [0, 6.75, 0],
			"scale": [0.54, 0.54, 0.54]
		},
		"gui": {
			"rotation": [35, 135, 0],
			"translation": [0, -0.5, 0],
			"scale": [0.55, 0.55, 0.55]
		},
		"head": {
			"translation": [0, 6.25, 0],
			"scale": [1.71, 1.71, 1.71]
		},
		"fixed": {
			"translation": [0, -1.5, 0],
			"scale": [0.65, 0.65, 0.65]
		}
	},
	"groups": [
		{
			"name": "group",
			"origin": [1.4713, 4.16923, 4],
			"color": 0,
			"nbt": "{}",
			"armAnimationEnabled": false,
			"children": []
		},
		{
			"name": "group",
			"origin": [-9, 2, 7],
			"color": 0,
			"nbt": "{}",
			"armAnimationEnabled": false,
			"children": []
		},
		{
			"name": "group",
			"origin": [14.5287, 4.16923, 4],
			"color": 0,
			"nbt": "{}",
			"armAnimationEnabled": false,
			"children": [0, 1, 2, 3, 4, 5, 6, 7, 8]
		},
		9
	]
}