{
	"credit": "Made with Blockbench",
	"texture_size": [64, 64],
	"textures": {
		"3": "cosmetic_expansion_v1:item/chicken_hat"
	},
	"elements": [
		{
			"from": [5.5, 7, 1],
			"to": [10.5, 11, 3],
			"faces": {
				"north": {"uv": [6.75, 3.5, 8, 4.5], "texture": "#3"},
				"east": {"uv": [4.75, 7, 5.25, 8], "texture": "#3"},
				"south": {"uv": [6.75, 4.5, 8, 5.5], "texture": "#3"},
				"west": {"uv": [5.25, 7, 5.75, 8], "texture": "#3"},
				"up": {"uv": [3.5, 7.5, 2.25, 7], "texture": "#3"},
				"down": {"uv": [4.75, 7, 3.5, 7.5], "texture": "#3"}
			}
		},
		{
			"from": [4.5, 11, -1],
			"to": [11.5, 14, 3],
			"faces": {
				"north": {"uv": [6.75, 2, 8.5, 2.75], "texture": "#3"},
				"east": {"uv": [6.75, 6, 7.75, 6.75], "texture": "#3"},
				"south": {"uv": [6.75, 2.75, 8.5, 3.5], "texture": "#3"},
				"west": {"uv": [6.75, 6.75, 7.75, 7.5], "texture": "#3"},
				"up": {"uv": [8.5, 1, 6.75, 0], "texture": "#3"},
				"down": {"uv": [8.5, 1, 6.75, 2], "texture": "#3"}
			}
		},
		{
			"from": [3.5, 0, 3],
			"to": [12.5, 19, 12],
			"faces": {
				"north": {"uv": [0, 0, 2.25, 4.75], "texture": "#3", "tintindex": 0},
				"east": {"uv": [2.25, 0, 4.5, 4.75], "texture": "#3", "tintindex": 0},
				"south": {"uv": [4.5, 0, 6.75, 4.75], "texture": "#3", "tintindex": 0},
				"west": {"uv": [0, 4.75, 2.25, 9.5], "texture": "#3", "tintindex": 0},
				"up": {"uv": [4.5, 7, 2.25, 4.75], "texture": "#3", "tintindex": 0},
				"down": {"uv": [6.75, 4.75, 4.5, 7], "texture": "#3", "tintindex": 0}
			}
		},
		{
			"from": [3.4, 14, 2.9],
			"to": [12.6, 16, 3.9],
			"faces": {
				"north": {"uv": [6.75, 5.5, 9, 6], "texture": "#3"},
				"east": {"uv": [5.75, 7, 6, 7.5], "texture": "#3"},
				"west": {"uv": [6, 7, 6.25, 7.5], "texture": "#3"}
			}
		}
	],
	"display": {
		"thirdperson_righthand": {
			"rotation": [75, 45, 0],
			"translation": [0, 2.5, 0],
			"scale": [0.375, 0.375, 0.375]
		},
		"thirdperson_lefthand": {
			"rotation": [75, 45, 0],
			"translation": [0, 2.5, 0],
			"scale": [0.375, 0.375, 0.375]
		},
		"firstperson_righthand": {
			"rotation": [0, 45, 0],
			"scale": [0.4, 0.4, 0.4]
		},
		"firstperson_lefthand": {
			"rotation": [0, 225, 0],
			"scale": [0.4, 0.4, 0.4]
		},
		"ground": {
			"translation": [0, 3, 0],
			"scale": [0.25, 0.25, 0.25]
		},
		"gui": {
			"rotation": [30, 225, 0],
			"scale": [0.625, 0.625, 0.625]
		},
		"head": {
			"translation": [0, 2, 1],
			"scale": [1.6, 1.6, 1.6]
		},
		"fixed": {
			"scale": [0.5, 0.5, 0.5]
		}
	},
	"groups": [
		{
			"name": "group",
			"origin": [0, 0, 0],
			"color": 0,
			"children": [0, 1, 2, 3]
		}
	]
}