{
	"credit": "Made with Blockbench",
	"texture_size": [64, 64],
	"textures": {
		"2": "cosmetic_expansion_v1:item/cyber_visor",
		"4": "cosmetic_expansion_v1:item/cyber_visor_animations",
		"particle": "cosmetic_expansion_v1:item/cyber_visor_animations"
	},
	"elements": [
		{
			"from": [4, 2, 3],
			"to": [12, 9, 11],
			"rotation": {"angle": 0, "axis": "y", "origin": [0, 1, 0]},
			"faces": {
				"north": {"uv": [2, 0, 4, 1.75], "texture": "#2"},
				"east": {"uv": [2, 1.75, 4, 3.5], "texture": "#2"},
				"south": {"uv": [2, 3.5, 4, 5.25], "texture": "#2"},
				"west": {"uv": [0, 4, 2, 5.75], "texture": "#2"},
				"up": {"uv": [2, 2, 0, 0], "texture": "#2"},
				"down": {"uv": [2, 2, 0, 4], "texture": "#2"}
			}
		},
		{
			"from": [3, 5, 2],
			"to": [13, 7, 5],
			"rotation": {"angle": 0, "axis": "y", "origin": [0, 1, 0]},
			"faces": {
				"north": {"uv": [5.5, 5.25, 8, 5.75], "texture": "#2", "tintindex": 0},
				"east": {"uv": [6.5, 1.5, 7.25, 2], "texture": "#2", "tintindex": 0},
				"south": {"uv": [5.5, 5.75, 8, 6.25], "texture": "#2", "tintindex": 0},
				"west": {"uv": [6.5, 2, 7.25, 2.5], "texture": "#2", "tintindex": 0},
				"up": {"uv": [6.5, 0.75, 4, 0], "texture": "#2", "tintindex": 0},
				"down": {"uv": [6.5, 0.75, 4, 1.5], "texture": "#2", "tintindex": 0}
			}
		},
		{
			"from": [12, 4, 7],
			"to": [13, 7, 14],
			"rotation": {"angle": -22.5, "axis": "x", "origin": [8, 5, 6.5]},
			"faces": {
				"north": {"uv": [2.25, 6.5, 2.5, 7.25], "texture": "#2"},
				"east": {"uv": [2, 5.25, 3.75, 6], "texture": "#2"},
				"south": {"uv": [4.75, 6.5, 5, 7.25], "texture": "#2"},
				"west": {"uv": [5.5, 3, 7.25, 3.75], "texture": "#2"},
				"up": {"uv": [4, 7, 3.75, 5.25], "texture": "#2"},
				"down": {"uv": [3.5, 6, 3.25, 7.75], "texture": "#2"}
			}
		},
		{
			"from": [4, 4.5, 12],
			"to": [12, 6.5, 14],
			"rotation": {"angle": -22.5, "axis": "x", "origin": [8, 5, 6.5]},
			"faces": {
				"north": {"uv": [0, 0, 8, 2], "texture": "#4", "tintindex": 0},
				"south": {"uv": [8, 2, 0, 4], "texture": "#4", "tintindex": 0},
				"up": {"uv": [8, 6, 0, 4], "texture": "#4", "tintindex": 0},
				"down": {"uv": [8, 6, 0, 8], "texture": "#4", "tintindex": 0}
			}
		},
		{
			"name": "cube_outline",
			"from": [12.2, 6.7, 14.2],
			"to": [3.8, 4.3, 11.8],
			"rotation": {"angle": -22.5, "axis": "x", "origin": [8, 5, 6.5]},
			"faces": {
				"north": {"uv": [0, 6.5, 2, 7], "texture": "#2"},
				"south": {"uv": [6.5, 0, 8.5, 0.5], "texture": "#2"},
				"up": {"uv": [8.5, 1, 6.5, 0.5], "texture": "#2"},
				"down": {"uv": [8.5, 1, 6.5, 1.5], "texture": "#2"}
			}
		},
		{
			"from": [3, 4, 7],
			"to": [4, 7, 14],
			"rotation": {"angle": -22.5, "axis": "x", "origin": [8, 5, 6.5]},
			"faces": {
				"north": {"uv": [5, 6.5, 5.25, 7.25], "texture": "#2"},
				"east": {"uv": [5.5, 3.75, 7.25, 4.5], "texture": "#2"},
				"south": {"uv": [5.25, 6.5, 5.5, 7.25], "texture": "#2"},
				"west": {"uv": [5.5, 4.5, 7.25, 5.25], "texture": "#2"},
				"up": {"uv": [3.75, 7.75, 3.5, 6], "texture": "#2"},
				"down": {"uv": [2.25, 6.5, 2, 8.25], "texture": "#2"}
			}
		},
		{
			"from": [6.5, -1, 2],
			"to": [9.5, 6, 5],
			"rotation": {"angle": 22.5, "axis": "x", "origin": [8, 2.5, 0.5]},
			"faces": {
				"north": {"uv": [4, 3, 4.75, 4.75], "texture": "#2"},
				"east": {"uv": [4.75, 3, 5.5, 4.75], "texture": "#2"},
				"south": {"uv": [4, 4.75, 4.75, 6.5], "texture": "#2"},
				"west": {"uv": [4.75, 4.75, 5.5, 6.5], "texture": "#2"},
				"down": {"uv": [3.25, 6, 2.5, 6.75], "texture": "#2"}
			}
		},
		{
			"name": "cube_outline",
			"from": [13.2, 7.2, 5.2],
			"to": [2.8, 4.8, 1.8],
			"rotation": {"angle": 0, "axis": "y", "origin": [0, 1, 0]},
			"faces": {
				"north": {"uv": [0, 6, 2.5, 6.5], "texture": "#2"},
				"east": {"uv": [6.5, 2.5, 7.25, 3], "texture": "#2"},
				"south": {"uv": [5.5, 6.25, 8, 6.75], "texture": "#2"},
				"west": {"uv": [4, 6.5, 4.75, 7], "texture": "#2"},
				"up": {"uv": [6.5, 2.25, 4, 1.5], "texture": "#2"},
				"down": {"uv": [6.5, 2.25, 4, 3], "texture": "#2"}
			}
		}
	],
	"display": {
		"thirdperson_righthand": {
			"rotation": [75, 45, 0],
			"translation": [0, 2.5, 0],
			"scale": [0.375, 0.375, 0.375]
		},
		"thirdperson_lefthand": {
			"rotation": [75, 45, 0],
			"translation": [0, 2.5, 0],
			"scale": [0.375, 0.375, 0.375]
		},
		"firstperson_righthand": {
			"rotation": [0, 45, 0],
			"scale": [0.4, 0.4, 0.4]
		},
		"firstperson_lefthand": {
			"rotation": [0, 225, 0],
			"scale": [0.4, 0.4, 0.4]
		},
		"ground": {
			"translation": [0, 3, 0],
			"scale": [0.25, 0.25, 0.25]
		},
		"gui": {
			"rotation": [30, 225, 0],
			"translation": [0, 2.75, 0],
			"scale": [0.9, 0.9, 0.9]
		},
		"head": {
			"translation": [0, 5.5, 2],
			"scale": [2, 2, 2]
		},
		"fixed": {
			"scale": [0.5, 0.5, 0.5]
		}
	},
	"groups": [
		0,
		1,
		{
			"name": "group",
			"origin": [8, 5, 6.5],
			"color": 0,
			"children": [2, 3, 4, 5]
		},
		6,
		7
	]
}