{
	"credit": "Made with Blockbench",
	"texture_size": [64, 64],
	"textures": {
		"1": "cosmetic_expansion_v1:item/phantom_king_crown_animation",
		"2": "cosmetic_expansion_v1:item/phantom_septer",
		"particle": "cosmetic_expansion_v1:item/phantom_king_crown_animation"
	},
	"elements": [
		{
			"from": [6, -15, 6],
			"to": [10, -12, 10],
			"faces": {
				"north": {"uv": [6.75, 9.25, 7.75, 10], "texture": "#2"},
				"east": {"uv": [9.5, 0, 10.5, 0.75], "texture": "#2"},
				"south": {"uv": [9.5, 0.75, 10.5, 1.5], "texture": "#2"},
				"west": {"uv": [9.5, 1.5, 10.5, 2.25], "texture": "#2"},
				"up": {"uv": [5, 10, 4, 9], "texture": "#2"},
				"down": {"uv": [10, 4.5, 9, 5.5], "texture": "#2"}
			}
		},
		{
			"from": [7, -12, 7],
			"to": [9, 13, 9],
			"faces": {
				"north": {"uv": [4.25, 0, 4.75, 6.25], "texture": "#2"},
				"east": {"uv": [4.75, 0, 5.25, 6.25], "texture": "#2"},
				"south": {"uv": [5.25, 0, 5.75, 6.25], "texture": "#2"},
				"west": {"uv": [5.75, 0, 6.25, 6.25], "texture": "#2"}
			}
		},
		{
			"from": [6, 13, 6],
			"to": [10, 18, 10],
			"faces": {
				"north": {"uv": [3, 8, 4, 9.25], "texture": "#2", "tintindex": 0},
				"east": {"uv": [7.75, 8.25, 8.75, 9.5], "texture": "#2", "tintindex": 0},
				"south": {"uv": [8.5, 0, 9.5, 1.25], "texture": "#2", "tintindex": 0},
				"west": {"uv": [8.5, 1.25, 9.5, 2.5], "texture": "#2", "tintindex": 0},
				"up": {"uv": [6, 10, 5, 9], "texture": "#2", "tintindex": 0},
				"down": {"uv": [10, 5.5, 9, 6.5], "texture": "#2", "tintindex": 0}
			}
		},
		{
			"from": [5, 7, 4],
			"to": [11, 12, 7],
			"faces": {
				"north": {"uv": [0, 6.5, 1.5, 7.75], "texture": "#2"},
				"east": {"uv": [6, 9, 6.75, 10.25], "texture": "#2"},
				"south": {"uv": [1.5, 6.5, 3, 7.75], "texture": "#2"},
				"west": {"uv": [2.75, 9.25, 3.5, 10.5], "texture": "#2"},
				"up": {"uv": [10.25, 9.5, 8.75, 8.75], "texture": "#2"},
				"down": {"uv": [2.75, 9, 1.25, 9.75], "texture": "#2"}
			}
		},
		{
			"from": [5.5, 9, 3.75],
			"to": [10.5, 10, 3.75],
			"faces": {
				"north": {"uv": [9.75, 3.75, 11, 4], "texture": "#2", "tintindex": 0},
				"east": {"uv": [0, 0, 0, 0.25], "texture": "#2"},
				"south": {"uv": [9.75, 4, 11, 4.25], "texture": "#2"},
				"west": {"uv": [0, 0, 0, 0.25], "texture": "#2"},
				"up": {"uv": [1.25, 0, 0, 0], "texture": "#2"},
				"down": {"uv": [1.25, 0, 0, 0], "texture": "#2"}
			}
		},
		{
			"from": [6, 6, 4],
			"to": [10, 7, 7],
			"faces": {
				"north": {"uv": [10, 4.5, 11, 4.75], "texture": "#2"},
				"east": {"uv": [5, 10, 5.75, 10.25], "texture": "#2"},
				"south": {"uv": [10, 4.75, 11, 5], "texture": "#2"},
				"west": {"uv": [10, 5, 10.75, 5.25], "texture": "#2"},
				"down": {"uv": [8.75, 9.5, 7.75, 10.25], "texture": "#2"}
			}
		},
		{
			"from": [3, 10, 8],
			"to": [7, 22, 8],
			"faces": {
				"north": {"uv": [6.25, 0, 7.25, 3], "texture": "#2"},
				"east": {"uv": [0, 0, 0, 3], "texture": "#2"},
				"south": {"uv": [6.25, 3, 7.25, 6], "texture": "#2"},
				"west": {"uv": [0, 0, 0, 3], "texture": "#2"},
				"up": {"uv": [1, 0, 0, 0], "texture": "#2"},
				"down": {"uv": [1, 0, 0, 0], "texture": "#2"}
			}
		},
		{
			"from": [9, 10, 8],
			"to": [13, 22, 8],
			"rotation": {"angle": 0, "axis": "y", "origin": [16, 0, 0]},
			"faces": {
				"north": {"uv": [7.25, 0, 6.25, 3], "texture": "#2"},
				"east": {"uv": [0, 0, 0, 3], "texture": "#2"},
				"south": {"uv": [7.25, 3, 6.25, 6], "texture": "#2"},
				"west": {"uv": [0, 0, 0, 3], "texture": "#2"},
				"up": {"uv": [0, 0, 1, 0], "texture": "#2"},
				"down": {"uv": [0, 0, 1, 0], "texture": "#2"}
			}
		},
		{
			"name": "cube_outline",
			"from": [10.8, 10.3, 4.05],
			"to": [5.2, 8.7, 3.45],
			"faces": {
				"north": {"uv": [8.75, 9.5, 10.25, 10], "texture": "#2", "tintindex": 0},
				"east": {"uv": [7.25, 5.5, 7.5, 6], "texture": "#2", "tintindex": 0},
				"south": {"uv": [0, 9.75, 1.5, 10.25], "texture": "#2", "tintindex": 0},
				"west": {"uv": [7.5, 5.5, 7.75, 6], "texture": "#2", "tintindex": 0},
				"up": {"uv": [7.75, 6.25, 6.25, 6], "texture": "#2", "tintindex": 0},
				"down": {"uv": [10.5, 6.5, 9, 6.75], "texture": "#2", "tintindex": 0}
			}
		},
		{
			"name": "cube_outline",
			"from": [10.3, -11.7, 10.3],
			"to": [5.7, -15.3, 5.7],
			"faces": {
				"north": {"uv": [8.5, 2.5, 9.75, 3.5], "texture": "#2", "tintindex": 0},
				"east": {"uv": [8.5, 3.5, 9.75, 4.5], "texture": "#2", "tintindex": 0},
				"south": {"uv": [0, 8.75, 1.25, 9.75], "texture": "#2", "tintindex": 0},
				"west": {"uv": [8.75, 6.75, 10, 7.75], "texture": "#2", "tintindex": 0},
				"up": {"uv": [3, 9, 1.75, 7.75], "texture": "#2", "tintindex": 0},
				"down": {"uv": [5.5, 7.75, 4.25, 9], "texture": "#2", "tintindex": 0}
			}
		},
		{
			"name": "cube_outline",
			"from": [9.3, 13.3, 9.3],
			"to": [6.7, -12.3, 6.7],
			"faces": {
				"north": {"uv": [0, 0, 0.75, 6.5], "texture": "#2", "tintindex": 0},
				"east": {"uv": [0.75, 0, 1.5, 6.5], "texture": "#2", "tintindex": 0},
				"south": {"uv": [1.5, 0, 2.25, 6.5], "texture": "#2", "tintindex": 0},
				"west": {"uv": [2.25, 0, 3, 6.5], "texture": "#2", "tintindex": 0}
			}
		},
		{
			"name": "cube_outline",
			"from": [7.3, 22.3, 8.3],
			"to": [2.7, 9.7, 7.7],
			"faces": {
				"north": {"uv": [3, 0, 4.25, 3.25], "texture": "#2", "tintindex": 0},
				"east": {"uv": [3.5, 9.25, 3.75, 12.5], "texture": "#2", "tintindex": 0},
				"south": {"uv": [3, 3.25, 4.25, 6.5], "texture": "#2", "tintindex": 0},
				"up": {"uv": [11, 4.5, 9.75, 4.25], "texture": "#2", "tintindex": 0},
				"down": {"uv": [5, 10, 3.75, 10.25], "texture": "#2", "tintindex": 0}
			}
		},
		{
			"name": "cube_outline",
			"from": [13.3, 22.3, 8.3],
			"to": [8.7, 9.7, 7.7],
			"rotation": {"angle": 0, "axis": "y", "origin": [16, 0, 0]},
			"faces": {
				"north": {"uv": [4.25, 0, 3, 3.25], "texture": "#2", "tintindex": 0},
				"south": {"uv": [4.25, 3.25, 3, 6.5], "texture": "#2", "tintindex": 0},
				"west": {"uv": [3.75, 9.25, 3.5, 12.5], "texture": "#2", "tintindex": 0},
				"up": {"uv": [9.75, 4.5, 11, 4.25], "texture": "#2", "tintindex": 0},
				"down": {"uv": [3.75, 10, 5, 10.25], "texture": "#2", "tintindex": 0}
			}
		},
		{
			"name": "cube_outline",
			"from": [10.3, 18.3, 10.3],
			"to": [5.7, 12.7, 5.7],
			"faces": {
				"north": {"uv": [3, 6.5, 4.25, 8], "texture": "#2", "tintindex": 0},
				"east": {"uv": [7.25, 0, 8.5, 1.5], "texture": "#2", "tintindex": 0},
				"south": {"uv": [7.25, 1.5, 8.5, 3], "texture": "#2", "tintindex": 0},
				"west": {"uv": [7.25, 3, 8.5, 4.5], "texture": "#2", "tintindex": 0},
				"up": {"uv": [6.75, 9, 5.5, 7.75], "texture": "#2", "tintindex": 0},
				"down": {"uv": [9, 5.5, 7.75, 6.75], "texture": "#2", "tintindex": 0}
			}
		},
		{
			"name": "cube_outline",
			"from": [11.3, 12.3, 7.3],
			"to": [4.7, 6.7, 3.7],
			"faces": {
				"north": {"uv": [4.25, 6.25, 6, 7.75], "texture": "#2", "tintindex": 0},
				"east": {"uv": [6.75, 7.75, 7.75, 9.25], "texture": "#2", "tintindex": 0},
				"south": {"uv": [6, 6.25, 7.75, 7.75], "texture": "#2", "tintindex": 0},
				"west": {"uv": [7.75, 6.75, 8.75, 8.25], "texture": "#2", "tintindex": 0},
				"up": {"uv": [9, 5.5, 7.25, 4.5], "texture": "#2", "tintindex": 0},
				"down": {"uv": [1.75, 7.75, 0, 8.75], "texture": "#2", "tintindex": 0}
			}
		},
		{
			"name": "cube_outline",
			"from": [10.3, 7.3, 7.3],
			"to": [5.7, 5.7, 3.7],
			"faces": {
				"north": {"uv": [1.5, 9.75, 2.75, 10.25], "texture": "#2", "tintindex": 0},
				"east": {"uv": [9.75, 2.75, 10.75, 3.25], "texture": "#2", "tintindex": 0},
				"south": {"uv": [9.75, 2.25, 11, 2.75], "texture": "#2", "tintindex": 0},
				"west": {"uv": [9.75, 3.25, 10.75, 3.75], "texture": "#2", "tintindex": 0},
				"up": {"uv": [10, 8.75, 8.75, 7.75], "texture": "#2", "tintindex": 0}
			}
		},
		{
			"from": [6, 18, 10],
			"to": [10, 27, 10],
			"rotation": {"angle": 45, "axis": "x", "origin": [8, 18.5, 10]},
			"faces": {
				"north": {"uv": [0, 0, 4, 9.25], "texture": "#1", "tintindex": 0},
				"east": {"uv": [0, 0, 0, 2.25], "texture": "#missing"},
				"south": {"uv": [0, 0, 4, 9.25], "texture": "#1", "tintindex": 0},
				"west": {"uv": [0, 0, 0, 2.25], "texture": "#missing"},
				"up": {"uv": [0, 0, 1, 0], "texture": "#missing"},
				"down": {"uv": [0, 0, 1, 0], "texture": "#missing"}
			}
		}
	],
	"display": {
		"thirdperson_righthand": {
			"translation": [0, 4, 2]
		},
		"gui": {
			"rotation": [-131.15, -21.38, -146.9],
			"translation": [1.75, 1.5, 0],
			"scale": [0.625, 0.625, 0.625]
		}
	},
	"groups": [
		0,
		1,
		2,
		3,
		4,
		5,
		6,
		7,
		{
			"name": "group",
			"origin": [0, 0, 0],
			"color": 0,
			"children": [8, 9, 10, 11, 12, 13, 14, 15]
		},
		16
	]
}