{
	"credit": "Made with Blockbench",
	"texture_size": [128, 128],
	"textures": {
		"1": "cosmetic_expansion_v1:item/phantom_king_crown_animation",
		"2": "cosmetic_expansion_v1:item/phantom_king_crown_animation_2",
		"3": "cosmetic_expansion_v1:item/phantom_king_shield",
		"particle": "cosmetic_expansion_v1:item/phantom_king_crown_animation"
	},
	"elements": [
		{
			"from": [2, 0, 7],
			"to": [14, 16, 9],
			"faces": {
				"north": {"uv": [0, 4.125, 1.5, 6.125], "texture": "#3"},
				"east": {"uv": [2.375, 6.125, 2.625, 8.125], "texture": "#3"},
				"south": {"uv": [1.5, 4.125, 3, 6.125], "texture": "#3"},
				"west": {"uv": [2.625, 6.125, 2.875, 8.125], "texture": "#3"},
				"up": {"uv": [7.875, 2.5, 6.375, 2.25], "texture": "#3"},
				"down": {"uv": [7.875, 2.5, 6.375, 2.75], "texture": "#3"}
			}
		},
		{
			"from": [7, 6, 9],
			"to": [9, 10, 11],
			"faces": {
				"east": {"uv": [6.5, 4.25, 6.75, 4.75], "texture": "#3"},
				"south": {"uv": [6.5, 4.75, 6.75, 5.25], "texture": "#3"},
				"west": {"uv": [6.5, 5.25, 6.75, 5.75], "texture": "#3"},
				"up": {"uv": [6.75, 6, 6.5, 5.75], "texture": "#3"},
				"down": {"uv": [6.75, 6, 6.5, 6.25], "texture": "#3"}
			}
		},
		{
			"from": [0.75, 0, 6.75],
			"to": [15.25, 16, 6.75],
			"faces": {
				"north": {"uv": [0, 2.125, 1.875, 4.125], "texture": "#3"},
				"east": {"uv": [0, 0, 0, 2], "texture": "#3"},
				"south": {"uv": [1.875, 2.125, 3.75, 4.125], "texture": "#3"},
				"west": {"uv": [0, 0, 0, 2], "texture": "#3"}
			}
		},
		{
			"from": [0.75, 0, 6.75],
			"to": [0.75, 16, 10.75],
			"faces": {
				"north": {"uv": [0, 0, 0, 2], "texture": "#3"},
				"east": {"uv": [5.375, 2.25, 5.875, 4.25], "texture": "#3"},
				"west": {"uv": [5.5, 5.5, 6, 7.5], "texture": "#3"}
			}
		},
		{
			"from": [15.25, 0, 6.75],
			"to": [15.25, 16, 10.75],
			"faces": {
				"north": {"uv": [0, 0, 0, 2], "texture": "#3"},
				"east": {"uv": [5.875, 2.25, 6.375, 4.25], "texture": "#3"},
				"west": {"uv": [6, 4.25, 6.5, 6.25], "texture": "#3"}
			}
		},
		{
			"from": [3, -9, 8],
			"to": [13, 0, 8],
			"faces": {
				"north": {"uv": [5.375, 0, 6.625, 1.125], "texture": "#3", "tintindex": 0},
				"east": {"uv": [0, 0, 0, 1.125], "texture": "#3", "tintindex": 0},
				"south": {"uv": [5.375, 1.125, 6.625, 2.25], "texture": "#3", "tintindex": 0},
				"west": {"uv": [0, 0, 0, 1.125], "texture": "#3", "tintindex": 0},
				"up": {"uv": [1.25, 0, 0, 0], "texture": "#3", "tintindex": 0},
				"down": {"uv": [1.25, 0, 0, 0], "texture": "#3", "tintindex": 0}
			}
		},
		{
			"name": "cube_outline",
			"from": [14.3, 16.3, 9.3],
			"to": [1.7, -0.3, 6.7],
			"faces": {
				"north": {"uv": [3.75, 0, 5.375, 2.125], "texture": "#3", "tintindex": 0},
				"east": {"uv": [0, 6.125, 0.375, 8.25], "texture": "#3", "tintindex": 0},
				"south": {"uv": [3.75, 2.125, 5.375, 4.25], "texture": "#3", "tintindex": 0},
				"west": {"uv": [0.375, 6.125, 0.75, 8.25], "texture": "#3", "tintindex": 0},
				"up": {"uv": [2.375, 6.5, 0.75, 6.125], "texture": "#3", "tintindex": 0},
				"down": {"uv": [7.625, 6.25, 6, 6.625], "texture": "#3", "tintindex": 0}
			}
		},
		{
			"name": "cube_outline",
			"from": [9.3, 10.3, 11.3],
			"to": [6.7, 5.7, 8.7],
			"faces": {
				"north": {"uv": [6.375, 2.75, 6.75, 3.375], "texture": "#3", "tintindex": 0},
				"east": {"uv": [6.375, 3.375, 6.75, 4], "texture": "#3", "tintindex": 0},
				"west": {"uv": [1.125, 6.5, 1.5, 7.125], "texture": "#3", "tintindex": 0},
				"up": {"uv": [1.875, 6.875, 1.5, 6.5], "texture": "#3", "tintindex": 0},
				"down": {"uv": [2.25, 6.5, 1.875, 6.875], "texture": "#3", "tintindex": 0}
			}
		},
		{
			"name": "cube_outline",
			"from": [13.3, 0.3, 8.3],
			"to": [2.7, -9.3, 7.7],
			"faces": {
				"north": {"uv": [3, 4.25, 4.375, 5.5], "texture": "#3", "tintindex": 0},
				"east": {"uv": [5.75, 4.25, 5.875, 5.5], "texture": "#3"},
				"south": {"uv": [4.375, 4.25, 5.75, 5.5], "texture": "#3"},
				"west": {"uv": [5.875, 4.25, 6, 5.5], "texture": "#3"},
				"up": {"uv": [7.75, 4.125, 6.375, 4], "texture": "#3"},
				"down": {"uv": [7.75, 4.125, 6.375, 4.25], "texture": "#3"}
			}
		},
		{
			"name": "cube_outline",
			"from": [15.55, 16.3, 7.05],
			"to": [0.45, -0.3, 6.45],
			"faces": {
				"north": {"uv": [0, 0, 1.875, 2.125], "texture": "#3", "tintindex": 0},
				"east": {"uv": [2.875, 6.125, 3, 8.25], "texture": "#3"},
				"south": {"uv": [1.875, 0, 3.75, 2.125], "texture": "#3"},
				"west": {"uv": [0.75, 6.5, 0.875, 8.625], "texture": "#3"}
			}
		},
		{
			"name": "cube_outline",
			"from": [1.05, 16.3, 11.05],
			"to": [0.45, -0.3, 6.45],
			"faces": {
				"east": {"uv": [3, 5.5, 3.625, 7.625], "texture": "#3", "tintindex": 0},
				"south": {"uv": [0.875, 6.5, 1, 8.625], "texture": "#3", "tintindex": 0},
				"west": {"uv": [3.625, 5.5, 4.25, 7.625], "texture": "#3", "tintindex": 0}
			}
		},
		{
			"name": "cube_outline",
			"from": [15.55, 16.3, 11.05],
			"to": [14.95, -0.3, 6.45],
			"faces": {
				"east": {"uv": [4.25, 5.5, 4.875, 7.625], "texture": "#3", "tintindex": 0},
				"south": {"uv": [1, 6.5, 1.125, 8.625], "texture": "#3", "tintindex": 0},
				"west": {"uv": [4.875, 5.5, 5.5, 7.625], "texture": "#3", "tintindex": 0}
			}
		},
		{
			"from": [13, -7, 8],
			"to": [22, -3, 8],
			"faces": {
				"north": {"uv": [0, 0, 4, 9.125], "rotation": 270, "texture": "#1", "tintindex": 0},
				"east": {"uv": [0, 0, 0.5, 0], "rotation": 90, "texture": "#missing"},
				"south": {"uv": [0, 0, 4, 9.125], "rotation": 90, "texture": "#1", "tintindex": 0},
				"west": {"uv": [0, 0, 0.5, 0], "rotation": 90, "texture": "#missing"},
				"up": {"uv": [0, 0, 0, 1.125], "rotation": 90, "texture": "#missing"},
				"down": {"uv": [0, 0, 0, 1.125], "rotation": 90, "texture": "#missing"}
			}
		},
		{
			"from": [13.9, 13, 8.9],
			"to": [22.9, 17, 8.9],
			"faces": {
				"north": {"uv": [0, 0, 4, 9.125], "rotation": 270, "texture": "#1", "tintindex": 0},
				"east": {"uv": [0, 0, 0.5, 0], "rotation": 90, "texture": "#missing"},
				"south": {"uv": [0, 0, 4, 9.125], "rotation": 90, "texture": "#1", "tintindex": 0},
				"west": {"uv": [0, 0, 0.5, 0], "rotation": 90, "texture": "#missing"},
				"up": {"uv": [0, 0, 0, 1.125], "rotation": 90, "texture": "#missing"},
				"down": {"uv": [0, 0, 0, 1.125], "rotation": 90, "texture": "#missing"}
			}
		},
		{
			"from": [14.8, 1.7, 11],
			"to": [23.8, 5.7, 11],
			"faces": {
				"north": {"uv": [0, 0, 4, 9.125], "rotation": 270, "texture": "#2", "tintindex": 0},
				"east": {"uv": [0, 0, 0.5, 0], "rotation": 90, "texture": "#missing"},
				"south": {"uv": [0, 0, 4, 9.125], "rotation": 90, "texture": "#2", "tintindex": 0},
				"west": {"uv": [0, 0, 0.5, 0], "rotation": 90, "texture": "#missing"},
				"up": {"uv": [0, 0, 0, 1.125], "rotation": 90, "texture": "#missing"},
				"down": {"uv": [0, 0, 0, 1.125], "rotation": 90, "texture": "#missing"}
			}
		}
	],
	"display": {
		"thirdperson_righthand": {
			"rotation": [9.5, -90, 0],
			"translation": [1.75, 0, 2]
		},
		"gui": {
			"rotation": [30, 225, 0],
			"scale": [0.625, 0.625, 0.625]
		},
		"head": {
			"rotation": [0, 180, 51],
			"translation": [3.75, -52.5, 7.5],
			"scale": [1.2, 1.2, 1.2]
		}
	},
	"groups": [
		0,
		1,
		{
			"name": "group",
			"origin": [0, 0, 0],
			"color": 0,
			"nbt": "{}",
			"children": [2, 3, 4]
		},
		5,
		{
			"name": "group",
			"origin": [0, 0, 0],
			"color": 0,
			"nbt": "{}",
			"children": [6, 7, 8, 9, 10, 11]
		},
		12,
		13,
		14
	]
}