{
	"credit": "Made with Blockbench",
	"texture_size": [64, 64],
	"textures": {
		"1": "cosmetic_expansion_v1:item/phantom_king_crown_animation",
		"2": "cosmetic_expansion_v1:item/phantom_king_crown_animation_2",
		"3": "cosmetic_expansion_v1:item/phantom_king_crown",
		"particle": "cosmetic_expansion_v1:item/phantom_king_crown_animation"
	},
	"elements": [
		{
			"from": [3.75, -1, 3.75],
			"to": [12.25, 7.25, 12.25],
			"faces": {
				"north": {"uv": [0, 7, 2.25, 9], "texture": "#3", "tintindex": 0},
				"east": {"uv": [7.75, 0, 10, 2], "texture": "#3", "tintindex": 0},
				"south": {"uv": [7.75, 2, 10, 4], "texture": "#3", "tintindex": 0},
				"west": {"uv": [7.75, 4, 10, 6], "texture": "#3", "tintindex": 0},
				"up": {"uv": [2.25, 7, 0, 4.75], "texture": "#3", "tintindex": 0}
			}
		},
		{
			"from": [3, 6, 3],
			"to": [13, 13, 3],
			"faces": {
				"north": {"uv": [0, 9, 2.5, 10.75], "texture": "#3"},
				"east": {"uv": [0, 0, 0, 1.75], "texture": "#3"},
				"south": {"uv": [2.5, 9, 5, 10.75], "texture": "#3"},
				"west": {"uv": [0, 0, 0, 1.75], "texture": "#3"},
				"up": {"uv": [2.5, 0, 0, 0], "texture": "#3"},
				"down": {"uv": [2.5, 0, 0, 0], "texture": "#3"}
			}
		},
		{
			"from": [7, 7, 2.9],
			"to": [9, 10, 3.1],
			"faces": {
				"north": {"uv": [2.25, 4.75, 2.75, 5.5], "texture": "#3", "tintindex": 0},
				"south": {"uv": [4.5, 6, 5, 6.75], "texture": "#3", "tintindex": 0}
			}
		},
		{
			"from": [7, 7, 12.9],
			"to": [9, 10, 13.1],
			"faces": {
				"north": {"uv": [2.25, 4.75, 2.75, 5.5], "texture": "#3", "tintindex": 0},
				"south": {"uv": [4.5, 6, 5, 6.75], "texture": "#3", "tintindex": 0}
			}
		},
		{
			"from": [13, 6, 3],
			"to": [13, 11, 13],
			"faces": {
				"north": {"uv": [0, 0, 0, 1.25], "texture": "#3"},
				"east": {"uv": [9, 7.75, 11.5, 9], "texture": "#3"},
				"south": {"uv": [0, 0, 0, 1.25], "texture": "#3"},
				"west": {"uv": [9.5, 9, 12, 10.25], "texture": "#3"},
				"up": {"uv": [0, 2.5, 0, 0], "texture": "#3"},
				"down": {"uv": [0, 0, 0, 2.5], "texture": "#3"}
			}
		},
		{
			"from": [3, 6, 13],
			"to": [13, 13, 13],
			"faces": {
				"north": {"uv": [5, 9, 7.5, 10.75], "texture": "#3"},
				"east": {"uv": [0, 0, 0, 1.75], "texture": "#3"},
				"south": {"uv": [9, 6, 11.5, 7.75], "texture": "#3"},
				"west": {"uv": [0, 0, 0, 1.75], "texture": "#3"},
				"up": {"uv": [2.5, 0, 0, 0], "texture": "#3"},
				"down": {"uv": [2.5, 0, 0, 0], "texture": "#3"}
			}
		},
		{
			"from": [3, 6, 3],
			"to": [3, 11, 13],
			"faces": {
				"north": {"uv": [0, 0, 0, 1.25], "texture": "#3"},
				"east": {"uv": [10, 0, 12.5, 1.25], "texture": "#3"},
				"south": {"uv": [0, 0, 0, 1.25], "texture": "#3"},
				"west": {"uv": [10, 1.25, 12.5, 2.5], "texture": "#3"},
				"up": {"uv": [0, 2.5, 0, 0], "texture": "#3"},
				"down": {"uv": [0, 0, 0, 2.5], "texture": "#3"}
			}
		},
		{
			"from": [2.95, 7, 7],
			"to": [3.05, 9, 9],
			"faces": {
				"east": {"uv": [2.25, 5.5, 2.75, 6], "texture": "#3", "tintindex": 0},
				"west": {"uv": [5, 6, 5.5, 6.5], "texture": "#3", "tintindex": 0}
			}
		},
		{
			"from": [12.95, 7, 7],
			"to": [13.05, 9, 9],
			"faces": {
				"east": {"uv": [2.25, 5.5, 2.75, 6], "texture": "#3", "tintindex": 0},
				"west": {"uv": [5, 6, 5.5, 6.5], "texture": "#3", "tintindex": 0}
			}
		},
		{
			"from": [3.9, 0.1, 3.9],
			"to": [12.1, 6.3, 12.1],
			"faces": {
				"north": {"uv": [10, 2.5, 12, 4], "texture": "#3"},
				"east": {"uv": [10, 4, 12, 5.5], "texture": "#3"},
				"south": {"uv": [9.5, 10.25, 11.5, 11.75], "texture": "#3"},
				"west": {"uv": [0, 10.75, 2, 12.25], "texture": "#3"},
				"down": {"uv": [9.5, 9, 7.5, 11], "texture": "#3"}
			}
		},
		{
			"name": "cube_outline",
			"from": [12.55, 7.55, 12.55],
			"to": [3.45, -1.3, 3.45],
			"faces": {
				"north": {"uv": [5.5, 0, 7.75, 2.25], "texture": "#3", "tintindex": 0},
				"east": {"uv": [5.5, 2.25, 7.75, 4.5], "texture": "#3", "tintindex": 0},
				"south": {"uv": [5.5, 4.5, 7.75, 6.75], "texture": "#3", "tintindex": 0},
				"west": {"uv": [2.25, 6, 4.5, 8.25], "texture": "#3", "tintindex": 0},
				"up": {"uv": [6.75, 9, 4.5, 6.75], "texture": "#3", "tintindex": 0},
				"down": {"uv": [9, 6.75, 6.75, 9], "texture": "#3", "tintindex": 0}
			}
		},
		{
			"from": [13.3, 13.15, 13.3],
			"to": [2.7, 5.55, 2.7],
			"faces": {
				"north": {"uv": [0, 2.75, 2.75, 4.75], "texture": "#3", "tintindex": 0},
				"east": {"uv": [2.75, 0, 5.5, 2], "texture": "#3", "tintindex": 0},
				"south": {"uv": [2.75, 2, 5.5, 4], "texture": "#3", "tintindex": 0},
				"west": {"uv": [2.75, 4, 5.5, 6], "texture": "#3", "tintindex": 0},
				"up": {"uv": [2.75, 2.75, 0, 0], "texture": "#3", "tintindex": 0}
			}
		},
		{
			"from": [5, 3, 3.75],
			"to": [11, 4, 3.75],
			"faces": {
				"north": {"uv": [2.25, 8.25, 3.75, 8.5], "texture": "#3", "tintindex": 0},
				"east": {"uv": [0, 0, 0, 0.25], "texture": "#3", "tintindex": 0},
				"west": {"uv": [0, 0, 0, 0.25], "texture": "#3", "tintindex": 0},
				"up": {"uv": [1.5, 0, 0, 0], "texture": "#3", "tintindex": 0},
				"down": {"uv": [1.5, 0, 0, 0], "texture": "#3", "tintindex": 0}
			}
		},
		{
			"from": [7.5, 12, 13.25],
			"to": [11.5, 21, 13.25],
			"faces": {
				"north": {"uv": [0, 0, 4, 9], "texture": "#1", "tintindex": 0},
				"east": {"uv": [0, 0, 0, 9], "texture": "#1", "tintindex": 0},
				"west": {"uv": [0, 0, 0, 9], "texture": "#1"},
				"up": {"uv": [4, 0, 0, 0], "texture": "#1"},
				"down": {"uv": [4, 0, 0, 0], "texture": "#1"}
			}
		},
		{
			"from": [13.25, 11, 4.5],
			"to": [13.25, 20, 8.5],
			"faces": {
				"north": {"uv": [0, 0, 0, 9], "texture": "#1"},
				"south": {"uv": [0, 0, 0, 9], "texture": "#1"},
				"west": {"uv": [0, 0, 4, 9], "texture": "#2", "tintindex": 0},
				"up": {"uv": [4, 0, 0, 0], "rotation": 270, "texture": "#1"},
				"down": {"uv": [4, 0, 0, 0], "rotation": 90, "texture": "#1"}
			}
		},
		{
			"from": [2.75, 11, 7.5],
			"to": [2.75, 20, 11.5],
			"rotation": {"angle": 0, "axis": "y", "origin": [16, 0, 0]},
			"faces": {
				"north": {"uv": [0, 0, 0, 9], "texture": "#1"},
				"east": {"uv": [4, 0, 0, 9], "texture": "#2", "tintindex": 0},
				"south": {"uv": [0, 0, 0, 9], "texture": "#1"},
				"up": {"uv": [4, 0, 0, 0], "rotation": 270, "texture": "#1"},
				"down": {"uv": [4, 0, 0, 0], "rotation": 90, "texture": "#1"}
			}
		},
		{
			"from": [4.5, 13, 2.75],
			"to": [8.5, 22, 2.75],
			"rotation": {"angle": 0, "axis": "y", "origin": [0, 0, 16]},
			"faces": {
				"east": {"uv": [0, 0, 0, 9], "texture": "#1", "tintindex": 0},
				"south": {"uv": [4, 0, 0, 9], "texture": "#1", "tintindex": 0},
				"west": {"uv": [0, 0, 0, 9], "texture": "#1"},
				"up": {"uv": [4, 0, 0, 0], "texture": "#1"},
				"down": {"uv": [4, 0, 0, 0], "texture": "#1"}
			}
		}
	],
	"display": {
		"thirdperson_righthand": {
			"rotation": [75, 45, 0],
			"translation": [0, 2.5, 0],
			"scale": [0.375, 0.375, 0.375]
		},
		"thirdperson_lefthand": {
			"rotation": [75, 45, 0],
			"translation": [0, 2.5, 0],
			"scale": [0.375, 0.375, 0.375]
		},
		"firstperson_righthand": {
			"rotation": [0, 45, 0],
			"scale": [0.4, 0.4, 0.4]
		},
		"firstperson_lefthand": {
			"rotation": [0, 225, 0],
			"scale": [0.4, 0.4, 0.4]
		},
		"ground": {
			"translation": [0, 3, 0],
			"scale": [0.25, 0.25, 0.25]
		},
		"gui": {
			"rotation": [30, 225, 0],
			"scale": [0.625, 0.625, 0.625]
		},
		"head": {
			"translation": [0, 6, 0],
			"scale": [1.7, 1.7, 1.7]
		},
		"fixed": {
			"scale": [0.5, 0.5, 0.5]
		}
	},
	"groups": [
		0,
		{
			"name": "group",
			"origin": [0, 0, 0],
			"color": 0,
			"children": [1, 2, 3, 4, 5, 6, 7, 8]
		},
		9,
		10,
		11,
		12,
		13,
		14,
		15,
		16
	]
}