{
	"credit": "Made with Blockbench",
	"texture_size": [64, 64],
	"textures": {
		"1": "cosmetic_expansion_v1:item/shadow_dragon_wings",
		"particle": "cosmetic_expansion_v1:item/shadow_dragon_wings"
	},
	"elements": [
		{
			"from": [-1.35445, 12.91862, 8.5],
			"to": [1.64555, 23.91862, 11.5],
			"rotation": {"angle": 45, "axis": "z", "origin": [2.14555, 21.41862, 10]},
			"faces": {
				"north": {"uv": [2.5, 6.25, 3.25, 9], "texture": "#1"},
				"east": {"uv": [3.25, 6.25, 4, 9], "texture": "#1"},
				"south": {"uv": [2.5, 6.25, 3.25, 9], "texture": "#1"},
				"west": {"uv": [3.25, 6.25, 4, 9], "texture": "#1"},
				"up": {"uv": [7.25, 4.25, 6.5, 3.5], "texture": "#1"},
				"down": {"uv": [7.25, 4.25, 6.5, 5], "texture": "#1"}
			}
		},
		{
			"from": [-16, 20, 9],
			"to": [-1, 22, 11],
			"faces": {
				"north": {"uv": [6, 2, 9.75, 2.5], "texture": "#1"},
				"south": {"uv": [6, 2.5, 9.75, 3], "texture": "#1"},
				"west": {"uv": [6.5, 5, 7, 5.5], "texture": "#1"},
				"up": {"uv": [9.75, 3.5, 6, 3], "texture": "#1"},
				"down": {"uv": [9.25, 6.25, 5.5, 6.75], "texture": "#1"}
			}
		},
		{
			"from": [-2.5, 6.5, 9.1],
			"to": [-0.5, 21.5, 10.9],
			"rotation": {"angle": -22.5, "axis": "z", "origin": [-1.5, 21, 10]},
			"faces": {
				"north": {"uv": [5.5, 6.75, 6, 10.5], "texture": "#1"},
				"east": {"uv": [7.5, 6.75, 7, 10.5], "texture": "#1"},
				"south": {"uv": [6.5, 6.75, 7, 10.5], "texture": "#1"},
				"west": {"uv": [7, 6.75, 7.5, 10.5], "texture": "#1"},
				"down": {"uv": [7, 5.5, 6.5, 6], "texture": "#1"}
			}
		},
		{
			"from": [-2.5, 6.5, 10],
			"to": [9.5, 20.5, 10],
			"rotation": {"angle": -22.5, "axis": "z", "origin": [-1.5, 21, 10]},
			"faces": {
				"north": {"uv": [0, 0, 3, 3.5], "texture": "#1", "tintindex": 0},
				"east": {"uv": [0, 0, 0, 3.5], "texture": "#1", "tintindex": 0},
				"south": {"uv": [3, 0, 0, 3.5], "texture": "#1", "tintindex": 0},
				"west": {"uv": [0, 0, 0, 3.5], "texture": "#1", "tintindex": 0},
				"down": {"uv": [3, 0, 0, 0], "texture": "#1", "tintindex": 0}
			}
		},
		{
			"from": [-16, 9, 10],
			"to": [-3, 20, 10],
			"faces": {
				"north": {"uv": [0, 3.5, 3.25, 6.25], "texture": "#1", "tintindex": 0},
				"south": {"uv": [3.25, 3.5, 0, 6.25], "texture": "#1", "tintindex": 0},
				"west": {"uv": [0, 0, 0, 2.75], "texture": "#1", "tintindex": 0},
				"up": {"uv": [3.25, 0, 0, 0], "texture": "#1", "tintindex": 0},
				"down": {"uv": [3.25, 0, 0, 0], "texture": "#1", "tintindex": 0}
			}
		},
		{
			"from": [12, 12, 10],
			"to": [22, 20, 10],
			"rotation": {"angle": 45, "axis": "z", "origin": [0, 0, 0]},
			"faces": {
				"north": {"uv": [6, 0, 8.5, 2], "texture": "#1"},
				"east": {"uv": [0, 0, 0, 2], "texture": "#1"},
				"south": {"uv": [0, 6.25, 2.5, 8.25], "texture": "#1"},
				"west": {"uv": [0, 0, 0, 2], "texture": "#1"},
				"up": {"uv": [2.5, 0, 0, 0], "texture": "#1"},
				"down": {"uv": [2.5, 0, 0, 0], "texture": "#1"}
			}
		},
		{
			"from": [14.35445, 12.91862, 8.5],
			"to": [17.35445, 23.91862, 11.5],
			"rotation": {"angle": -45, "axis": "z", "origin": [13.85445, 21.41862, 10]},
			"faces": {
				"north": {"uv": [3.25, 6.25, 2.5, 9], "texture": "#1"},
				"east": {"uv": [4, 6.25, 3.25, 9], "texture": "#1"},
				"south": {"uv": [3.25, 6.25, 2.5, 9], "texture": "#1"},
				"west": {"uv": [4, 6.25, 3.25, 9], "texture": "#1"},
				"up": {"uv": [6.5, 4.25, 7.25, 3.5], "texture": "#1"},
				"down": {"uv": [6.5, 4.25, 7.25, 5], "texture": "#1"}
			}
		},
		{
			"from": [17, 20, 9],
			"to": [32, 22, 11],
			"rotation": {"angle": 0, "axis": "y", "origin": [16, 0, 0]},
			"faces": {
				"north": {"uv": [9.75, 2, 6, 2.5], "texture": "#1"},
				"east": {"uv": [7, 5, 6.5, 5.5], "texture": "#1"},
				"south": {"uv": [9.75, 2.5, 6, 3], "texture": "#1"},
				"up": {"uv": [6, 3.5, 9.75, 3], "texture": "#1"},
				"down": {"uv": [5.5, 6.25, 9.25, 6.75], "texture": "#1"}
			}
		},
		{
			"from": [16.5, 6.5, 9.1],
			"to": [18.5, 21.5, 10.9],
			"rotation": {"angle": 22.5, "axis": "z", "origin": [17.5, 21, 10]},
			"faces": {
				"north": {"uv": [6, 6.75, 5.5, 10.5], "texture": "#1"},
				"east": {"uv": [7.5, 6.75, 7, 10.5], "texture": "#1"},
				"south": {"uv": [7, 6.75, 6.5, 10.5], "texture": "#1"},
				"west": {"uv": [7, 6.75, 7.5, 10.5], "texture": "#1"},
				"down": {"uv": [6.5, 5.5, 7, 6], "texture": "#1"}
			}
		},
		{
			"from": [6.5, 6.5, 10],
			"to": [18.5, 20.5, 10],
			"rotation": {"angle": 22.5, "axis": "z", "origin": [17.5, 21, 10]},
			"faces": {
				"north": {"uv": [3, 0, 0, 3.5], "texture": "#1", "tintindex": 0},
				"east": {"uv": [0, 0, 0, 3.5], "texture": "#1", "tintindex": 0},
				"south": {"uv": [0, 0, 3, 3.5], "texture": "#1", "tintindex": 0},
				"west": {"uv": [0, 0, 0, 3.5], "texture": "#1", "tintindex": 0},
				"down": {"uv": [0, 0, 3, 0], "texture": "#1", "tintindex": 0}
			}
		},
		{
			"from": [19, 9, 10],
			"to": [32, 20, 10],
			"rotation": {"angle": 0, "axis": "y", "origin": [16, 0, 0]},
			"faces": {
				"north": {"uv": [3.25, 3.5, 0, 6.25], "texture": "#1", "tintindex": 0},
				"east": {"uv": [0, 0, 0, 2.75], "texture": "#1", "tintindex": 0},
				"south": {"uv": [0, 3.5, 3.25, 6.25], "texture": "#1", "tintindex": 0},
				"up": {"uv": [0, 0, 3.25, 0], "texture": "#1", "tintindex": 0},
				"down": {"uv": [0, 0, 3.25, 0], "texture": "#1", "tintindex": 0}
			}
		},
		{
			"from": [-6, 12, 10],
			"to": [4, 20, 10],
			"rotation": {"angle": -45, "axis": "z", "origin": [16, 0, 0]},
			"faces": {
				"north": {"uv": [8.5, 0, 6, 2], "texture": "#1"},
				"east": {"uv": [0, 0, 0, 2], "texture": "#1"},
				"south": {"uv": [2.5, 6.25, 0, 8.25], "texture": "#1"},
				"west": {"uv": [0, 0, 0, 2], "texture": "#1"},
				"up": {"uv": [0, 0, 2.5, 0], "texture": "#1"},
				"down": {"uv": [0, 0, 2.5, 0], "texture": "#1"}
			}
		}
	],
	"display": {
		"thirdperson_righthand": {
			"rotation": [103.25, 0, 0],
			"translation": [-6, -3.25, 4.25]
		},
		"gui": {
			"rotation": [30, 225, 0],
			"scale": [0.625, 0.625, 0.625]
		},
		"head": {
			"rotation": [22, 0, 0],
			"translation": [0, -57.5, -1],
			"scale": [1.45, 1.45, 1.45]
		}
	},
	"groups": [
		{
			"name": "group",
			"origin": [0, 0, 0],
			"color": 0,
			"nbt": "{}",
			"children": [0, 1, 2, 3, 4, 5]
		},
		{
			"name": "group",
			"origin": [0, 0, 0],
			"color": 0,
			"nbt": "{}",
			"children": [6, 7, 8, 9, 10, 11]
		}
	]
}