{
	"credit": "Made with Blockbench",
	"textures": {
		"1": "cosmetic_expansion_v1:item/shadow_dragon_claw_animations",
		"2": "cosmetic_expansion_v1:item/shadow_dragon_claw",
		"3": "cosmetic_expansion_v1:item/shadow_dragon_claw_animations_2",
		"particle": "cosmetic_expansion_v1:item/shadow_dragon_claw"
	},
	"elements": [
		{
			"from": [5, 5, 6],
			"to": [10, 9, 11],
			"faces": {
				"north": {"uv": [5, 5, 7.5, 7], "texture": "#2"},
				"east": {"uv": [0, 7, 2.5, 9], "texture": "#2"},
				"south": {"uv": [2.5, 7, 5, 9], "texture": "#2"},
				"west": {"uv": [5, 7, 7.5, 9], "texture": "#2"},
				"up": {"uv": [7.5, 2.5, 5, 0], "texture": "#2"},
				"down": {"uv": [7.5, 2.5, 5, 5], "texture": "#2"}
			}
		},
		{
			"from": [5, -2, 7],
			"to": [10, 5, 7],
			"rotation": {"angle": 0, "axis": "z", "origin": [7.5, 5.5, 9.5]},
			"faces": {
				"north": {"uv": [0, 3.5, 2.5, 7], "texture": "#2"},
				"east": {"uv": [0, 0, 0, 3.5], "texture": "#2"},
				"south": {"uv": [2.5, 3.5, 5, 7], "texture": "#2"},
				"west": {"uv": [0, 0, 0, 3.5], "texture": "#2"},
				"up": {"uv": [2.5, 0, 0, 0], "texture": "#2"},
				"down": {"uv": [2.5, 0, 0, 0], "texture": "#2"}
			}
		},
		{
			"from": [5, -2, 10],
			"to": [10, 5, 10],
			"rotation": {"angle": 0, "axis": "z", "origin": [7.5, 5.5, 9.5]},
			"faces": {
				"north": {"uv": [0, 3.5, 2.5, 7], "texture": "#2", "tintindex": 0},
				"east": {"uv": [0, 0, 0, 3.5], "texture": "#2"},
				"south": {"uv": [2.5, 3.5, 5, 7], "texture": "#2"},
				"west": {"uv": [0, 0, 0, 3.5], "texture": "#2"},
				"up": {"uv": [2.5, 0, 0, 0], "texture": "#2"},
				"down": {"uv": [2.5, 0, 0, 0], "texture": "#2"}
			}
		},
		{
			"from": [10.5, 1, 1],
			"to": [10.5, 8, 6],
			"rotation": {"angle": -45, "axis": "y", "origin": [8.5, 4.5, 4.5]},
			"faces": {
				"north": {"uv": [0, 0, 0, 3.5], "texture": "#2"},
				"east": {"uv": [0, 0, 2.5, 3.5], "texture": "#2"},
				"south": {"uv": [0, 0, 0, 3.5], "texture": "#2"},
				"west": {"uv": [2.5, 0, 5, 3.5], "texture": "#2"},
				"up": {"uv": [0, 2.5, 0, 0], "texture": "#2"},
				"down": {"uv": [0, 0, 0, 2.5], "texture": "#2"}
			}
		},
		{
			"from": [4.75, 4.75, 8],
			"to": [10.25, 4.75, 9],
			"faces": {
				"north": {"uv": [0, 0, 5, 0], "texture": "#1"},
				"east": {"uv": [0, 0, 1, 0], "texture": "#1"},
				"south": {"uv": [0, 0, 5, 0], "texture": "#1"},
				"west": {"uv": [0, 0, 1, 0], "texture": "#1"},
				"up": {"uv": [7, 2, 2, 1], "texture": "#1", "tintindex": 0},
				"down": {"uv": [7, 1, 2, 2], "texture": "#1", "tintindex": 0}
			}
		},
		{
			"from": [4.75, 4.75, 6],
			"to": [10.25, 4.75, 7],
			"faces": {
				"north": {"uv": [0, 0, 5, 0], "texture": "#1"},
				"east": {"uv": [0, 0, 1, 0], "texture": "#1"},
				"south": {"uv": [0, 0, 5, 0], "texture": "#1"},
				"west": {"uv": [0, 0, 1, 0], "texture": "#1"},
				"up": {"uv": [7, 2, 2, 1], "texture": "#1", "tintindex": 0},
				"down": {"uv": [7, 1, 2, 2], "texture": "#1", "tintindex": 0}
			}
		},
		{
			"from": [4.75, 4.75, 10],
			"to": [10.25, 4.75, 11],
			"faces": {
				"north": {"uv": [0, 0, 5, 0], "texture": "#1"},
				"east": {"uv": [0, 0, 1, 0], "texture": "#1"},
				"south": {"uv": [0, 0, 5, 0], "texture": "#1"},
				"west": {"uv": [0, 0, 1, 0], "texture": "#1"},
				"up": {"uv": [7, 2, 2, 1], "texture": "#1", "tintindex": 0},
				"down": {"uv": [7, 1, 2, 2], "texture": "#1"}
			}
		},
		{
			"from": [4.75, 4.75, 8],
			"to": [4.75, 15.75, 9],
			"faces": {
				"north": {"uv": [0, 0, 0, 11], "texture": "#1"},
				"east": {"uv": [0, 0, 1, 11], "texture": "#1", "tintindex": 0},
				"south": {"uv": [0, 0, 0, 11], "texture": "#1"},
				"west": {"uv": [0, 0, 1, 11], "texture": "#1", "tintindex": 0},
				"up": {"uv": [0, 1, 0, 0], "texture": "#1"},
				"down": {"uv": [0, 0, 0, 1], "texture": "#1"}
			}
		},
		{
			"from": [8, 4.75, 5.75],
			"to": [9, 15.75, 5.75],
			"faces": {
				"north": {"uv": [0, 0, 1, 11], "texture": "#1", "tintindex": 0},
				"east": {"uv": [0, 0, 0, 11], "texture": "#1"},
				"south": {"uv": [0, 0, 1, 11], "texture": "#1", "tintindex": 0},
				"west": {"uv": [0, 0, 0, 11], "texture": "#1"},
				"up": {"uv": [0, 1, 0, 0], "rotation": 90, "texture": "#1"},
				"down": {"uv": [0, 0, 0, 1], "rotation": 270, "texture": "#1"}
			}
		},
		{
			"from": [4.75, 4.75, 10],
			"to": [4.75, 15.75, 11],
			"faces": {
				"north": {"uv": [0, 0, 0, 11], "texture": "#1"},
				"east": {"uv": [0, 0, 1, 11], "texture": "#3", "tintindex": 0},
				"south": {"uv": [0, 0, 0, 11], "texture": "#1"},
				"west": {"uv": [0, 0, 1, 11], "texture": "#3", "tintindex": 0},
				"up": {"uv": [0, 1, 0, 0], "texture": "#1"},
				"down": {"uv": [0, 0, 0, 1], "texture": "#1"}
			}
		},
		{
			"from": [4.75, 4.75, 6],
			"to": [4.75, 15.75, 7],
			"faces": {
				"north": {"uv": [0, 0, 0, 11], "texture": "#1"},
				"east": {"uv": [0, 0, 1, 11], "texture": "#3", "tintindex": 0},
				"south": {"uv": [0, 0, 0, 11], "texture": "#1"},
				"west": {"uv": [0, 0, 1, 11], "texture": "#3", "tintindex": 0},
				"up": {"uv": [0, 1, 0, 0], "texture": "#1"},
				"down": {"uv": [0, 0, 0, 1], "texture": "#1"}
			}
		},
		{
			"from": [10.25, 4.75, 10],
			"to": [10.25, 15.75, 11],
			"rotation": {"angle": 0, "axis": "y", "origin": [16, 0, 0]},
			"faces": {
				"north": {"uv": [0, 0, 0, 11], "texture": "#1"},
				"east": {"uv": [1, 0, 0, 11], "texture": "#1", "tintindex": 0},
				"south": {"uv": [0, 0, 0, 11], "texture": "#1"},
				"west": {"uv": [1, 0, 0, 11], "texture": "#1", "tintindex": 0},
				"up": {"uv": [0, 1, 0, 0], "texture": "#1"},
				"down": {"uv": [0, 0, 0, 1], "texture": "#1"}
			}
		},
		{
			"from": [10.25, 4.75, 8],
			"to": [10.25, 15.75, 9],
			"rotation": {"angle": 0, "axis": "y", "origin": [16, 0, 0]},
			"faces": {
				"north": {"uv": [0, 0, 0, 11], "texture": "#1"},
				"east": {"uv": [1, 0, 0, 11], "texture": "#3", "tintindex": 0},
				"south": {"uv": [0, 0, 0, 11], "texture": "#1"},
				"west": {"uv": [1, 0, 0, 11], "texture": "#3", "tintindex": 0},
				"up": {"uv": [0, 1, 0, 0], "texture": "#1"},
				"down": {"uv": [0, 0, 0, 1], "texture": "#1"}
			}
		},
		{
			"from": [10.25, 4.75, 6],
			"to": [10.25, 15.75, 7],
			"rotation": {"angle": 0, "axis": "y", "origin": [16, 0, 0]},
			"faces": {
				"north": {"uv": [0, 0, 0, 11], "texture": "#1"},
				"east": {"uv": [1, 0, 0, 11], "texture": "#1", "tintindex": 0},
				"south": {"uv": [0, 0, 0, 11], "texture": "#1"},
				"west": {"uv": [1, 0, 0, 11], "texture": "#1", "tintindex": 0},
				"up": {"uv": [0, 1, 0, 0], "texture": "#1"},
				"down": {"uv": [0, 0, 0, 1], "texture": "#1"}
			}
		},
		{
			"from": [4.75, 4.75, 8],
			"to": [4.75, 15.75, 9],
			"faces": {
				"north": {"uv": [0, 0, 0, 11], "texture": "#1"},
				"east": {"uv": [0, 0, 1, 11], "texture": "#1"},
				"south": {"uv": [0, 0, 0, 11], "texture": "#1"},
				"west": {"uv": [0, 0, 1, 11], "texture": "#1"},
				"up": {"uv": [0, 1, 0, 0], "texture": "#1"},
				"down": {"uv": [0, 0, 0, 1], "texture": "#1"}
			}
		}
	],
	"display": {
		"thirdperson_righthand": {
			"rotation": [90, 180, 0],
			"translation": [-0.5, -2.5, 2]
		},
		"thirdperson_lefthand": {
			"rotation": [90, 0, 0],
			"translation": [-0.5, -1.5, 2]
		}
	}
}