{"textures":{"0":"modelengine:entity/bear"},"elements":[{"from":[2.8571424,1.2075,-12.99205],"to":[13.142858,12.064644,-4.992052],"rotation":{"angle":-22.5,"axis":"x","origin":[8.0,7.778929,-9.56348]},"faces":{"east":{"uv":[5.375,2.25,4.5,3.4375],"rotation":0,"texture":"#0","tintindex":0},"south":{"uv":[1.125,2.875,2.25,4.0625],"rotation":0,"texture":"#0","tintindex":0},"north":{"uv":[0.0,2.875,1.125,4.0625],"rotation":0,"texture":"#0","tintindex":0},"west":{"uv":[4.5,2.25,5.375,3.4375],"rotation":0,"texture":"#0","tintindex":0},"up":{"uv":[6.25,0.875,5.125,0.0],"rotation":0,"texture":"#0","tintindex":0},"down":{"uv":[6.25,0.875,5.125,1.75],"rotation":0,"texture":"#0","tintindex":0}}},{"from":[2.8571424,13.254378,-15.542309],"to":[13.142858,13.254378,-9.828022],"rotation":{"angle":-45.0,"axis":"x","origin":[8.0,13.254378,-11.542309]},"faces":{"east":{"uv":[0.0,0.0,0.625,0.0],"rotation":0,"texture":"#0","tintindex":0},"south":{"uv":[0.0,0.0,1.125,0.0],"rotation":0,"texture":"#0","tintindex":0},"north":{"uv":[0.0,0.0,1.125,0.0],"rotation":0,"texture":"#0","tintindex":0},"west":{"uv":[0.0,0.0,0.625,0.0],"rotation":0,"texture":"#0","tintindex":0},"up":{"uv":[6.375,5.125,5.25,4.5],"rotation":0,"texture":"#0","tintindex":0},"down":{"uv":[5.25,4.5,6.375,5.125],"rotation":0,"texture":"#0","tintindex":0}}},{"from":[2.8571424,1.2075,4.150806],"to":[13.142858,12.064644,13.865091],"rotation":{"angle":22.5,"axis":"x","origin":[8.0,7.778929,8.722235]},"faces":{"east":{"uv":[2.125,4.0625,1.0625,5.25],"rotation":0,"texture":"#0","tintindex":0},"south":{"uv":[3.375,2.875,4.5,4.0625],"rotation":0,"texture":"#0","tintindex":0},"north":{"uv":[2.25,2.875,3.375,4.0625],"rotation":0,"texture":"#0","tintindex":0},"west":{"uv":[1.0625,4.0625,2.125,5.25],"rotation":0,"texture":"#0","tintindex":0},"up":{"uv":[3.25,5.125,2.125,4.0625],"rotation":0,"texture":"#0","tintindex":0},"down":{"uv":[4.375,4.0625,3.25,5.125],"rotation":0,"texture":"#0","tintindex":0}}},{"from":[6.0,9.778929,12.150806],"to":[10.0,12.636072,16.150806],"rotation":{"angle":22.5,"axis":"x","origin":[7.714286,7.778929,8.722235]},"faces":{"east":{"uv":[4.5625,7.75,5.0,8.0625],"rotation":0,"texture":"#0","tintindex":0},"south":{"uv":[7.8125,2.9375,8.25,3.25],"rotation":0,"texture":"#0","tintindex":0},"north":{"uv":[7.75,4.3125,8.1875,4.625],"rotation":0,"texture":"#0","tintindex":0},"west":{"uv":[7.8125,3.25,8.25,3.5625],"rotation":0,"texture":"#0","tintindex":0},"up":{"uv":[8.125,2.9375,7.6875,2.5],"rotation":0,"texture":"#0","tintindex":0},"down":{"uv":[5.4375,7.6875,5.0,8.125],"rotation":0,"texture":"#0","tintindex":0}}},{"from":[1.7142854,2.0592513,-6.9801035],"to":[14.285715,15.202108,6.162755],"rotation":{"angle":0.0,"axis":"y","origin":[8.0,9.202108,-3.5515318]},"faces":{"east":{"uv":[1.4375,1.4375,0.0,2.875],"rotation":0,"texture":"#0","tintindex":0},"south":{"uv":[1.4375,1.4375,2.8125,2.875],"rotation":0,"texture":"#0","tintindex":0},"north":{"uv":[1.4375,0.0,2.8125,1.4375],"rotation":0,"texture":"#0","tintindex":0},"west":{"uv":[0.0,1.4375,1.4375,2.875],"rotation":0,"texture":"#0","tintindex":0},"up":{"uv":[4.1875,1.4375,2.8125,0.0],"rotation":0,"texture":"#0","tintindex":0},"down":{"uv":[4.1875,1.4375,2.8125,2.875],"rotation":0,"texture":"#0","tintindex":0}}},{"from":[1.7142854,16.4043,-7.21912],"to":[14.285715,16.4043,-0.9334059],"rotation":{"angle":-22.5,"axis":"x","origin":[8.0,16.4043,-4.0762625]},"faces":{"east":{"uv":[0.0,0.0,0.6875,0.0],"rotation":0,"texture":"#0","tintindex":0},"south":{"uv":[0.0,0.0,1.375,0.0],"rotation":0,"texture":"#0","tintindex":0},"north":{"uv":[0.0,0.0,1.375,0.0],"rotation":0,"texture":"#0","tintindex":0},"west":{"uv":[0.0,0.0,0.6875,0.0],"rotation":0,"texture":"#0","tintindex":0},"up":{"uv":[3.5,5.8125,2.125,5.125],"rotation":0,"texture":"#0","tintindex":0},"down":{"uv":[2.125,5.125,3.5,5.8125],"rotation":0,"texture":"#0","tintindex":0}}},{"from":[5.714286,3.142857,-14.285715],"to":[10.285714,9.428572,-9.714287],"rotation":{"angle":22.5,"axis":"x","origin":[8.0,6.285714,-12.0]},"faces":{"east":{"uv":[5.6875,6.8125,6.1875,7.5],"rotation":0,"texture":"#0","tintindex":0},"south":{"uv":[6.8125,5.75,7.3125,6.4375],"rotation":0,"texture":"#0","tintindex":0},"north":{"uv":[6.8125,3.625,7.3125,4.3125],"rotation":0,"texture":"#0","tintindex":0},"west":{"uv":[0.0,6.875,0.5,7.5625],"rotation":0,"texture":"#0","tintindex":0},"up":{"uv":[7.8125,6.4375,7.3125,5.9375],"rotation":0,"texture":"#0","tintindex":0},"down":{"uv":[6.6875,7.375,6.1875,7.875],"rotation":0,"texture":"#0","tintindex":0}}},{"from":[8.0,-0.2857151,-13.1428585],"to":[8.0,3.142857,-6.285715],"rotation":{"angle":22.5,"axis":"x","origin":[8.0,6.285714,-12.0]},"faces":{"east":{"uv":[7.75,4.3125,7.0,4.6875],"rotation":0,"texture":"#0","tintindex":0},"south":{"uv":[0.0,0.0,0.0,0.375],"rotation":0,"texture":"#0","tintindex":0},"north":{"uv":[0.0,0.0,0.0,0.375],"rotation":0,"texture":"#0","tintindex":0},"west":{"uv":[7.0,4.3125,7.75,4.6875],"rotation":0,"texture":"#0","tintindex":0},"up":{"uv":[0.0,0.75,0.0,0.0],"rotation":0,"texture":"#0","tintindex":0},"down":{"uv":[0.0,0.0,0.0,0.75],"rotation":0,"texture":"#0","tintindex":0}}}],"display":{"head":{"translation":[0.0,-6.4,0.0],"scale":[4.0,4.0,4.0]}}}