{"textures":{"0":"modelengine:entity/bear"},"elements":[{"from":[9.212183,-0.6407547,4.8571424],"to":[9.212183,2.7878165,11.142858],"rotation":{"angle":45.0,"axis":"z","origin":[9.212183,1.0735307,8.0]},"faces":{"east":{"uv":[8.0,5.5625,7.3125,5.9375],"rotation":0,"texture":"#0","tintindex":0},"south":{"uv":[0.0,0.0,0.0,0.375],"rotation":0,"texture":"#0","tintindex":0},"north":{"uv":[0.0,0.0,0.0,0.375],"rotation":0,"texture":"#0","tintindex":0},"west":{"uv":[7.3125,5.5625,8.0,5.9375],"rotation":0,"texture":"#0","tintindex":0},"up":{"uv":[0.0,0.6875,0.0,0.0],"rotation":0,"texture":"#0","tintindex":0},"down":{"uv":[0.0,0.0,0.0,0.6875],"rotation":0,"texture":"#0","tintindex":0}}},{"from":[8.0,2.2857141,4.8571424],"to":[11.428572,8.0,11.142858],"rotation":{"angle":0.0,"axis":"y","origin":[10.0,11.714286,8.0]},"faces":{"east":{"uv":[6.25,0.8125,6.9375,1.4375],"rotation":0,"texture":"#0","tintindex":0},"south":{"uv":[0.375,7.6875,0.75,8.3125],"rotation":0,"texture":"#0","tintindex":0},"north":{"uv":[6.6875,7.625,7.0625,8.25],"rotation":0,"texture":"#0","tintindex":0},"west":{"uv":[1.3125,6.3125,2.0,6.9375],"rotation":0,"texture":"#0","tintindex":0},"up":{"uv":[7.6875,7.8125,7.3125,7.125],"rotation":0,"texture":"#0","tintindex":0},"down":{"uv":[1.4375,7.375,1.0625,8.0625],"rotation":0,"texture":"#0","tintindex":0}}},{"from":[9.714286,1.1428566,6.0],"to":[13.142858,4.0,6.0],"rotation":{"angle":22.5,"axis":"x","origin":[11.428572,2.5714283,6.0]},"faces":{"east":{"uv":[0.0,0.0,0.0,0.3125],"rotation":0,"texture":"#0","tintindex":0},"south":{"uv":[8.0,0.5,8.375,0.8125],"rotation":0,"texture":"#0","tintindex":0},"north":{"uv":[8.375,0.5,8.0,0.8125],"rotation":0,"texture":"#0","tintindex":0},"west":{"uv":[0.0,0.0,0.0,0.3125],"rotation":0,"texture":"#0","tintindex":0},"up":{"uv":[0.375,0.0,0.0,0.0],"rotation":0,"texture":"#0","tintindex":0},"down":{"uv":[0.375,0.0,0.0,0.0],"rotation":0,"texture":"#0","tintindex":0}}},{"from":[9.714286,1.1428566,7.714286],"to":[13.142858,4.0,7.714286],"rotation":{"angle":0.0,"axis":"y","origin":[11.428572,2.5714283,6.0]},"faces":{"east":{"uv":[0.0,0.0,0.0,0.3125],"rotation":0,"texture":"#0","tintindex":0},"south":{"uv":[8.0,0.5,8.375,0.8125],"rotation":0,"texture":"#0","tintindex":0},"north":{"uv":[8.375,0.5,8.0,0.8125],"rotation":0,"texture":"#0","tintindex":0},"west":{"uv":[0.0,0.0,0.0,0.3125],"rotation":0,"texture":"#0","tintindex":0},"up":{"uv":[0.375,0.0,0.0,0.0],"rotation":0,"texture":"#0","tintindex":0},"down":{"uv":[0.375,0.0,0.0,0.0],"rotation":0,"texture":"#0","tintindex":0}}},{"from":[9.714286,1.1428566,9.428572],"to":[13.142858,4.0,9.428572],"rotation":{"angle":-22.5,"axis":"x","origin":[11.428572,2.5714283,9.428572]},"faces":{"east":{"uv":[0.0,0.0,0.0,0.3125],"rotation":0,"texture":"#0","tintindex":0},"south":{"uv":[8.0,0.5,8.375,0.8125],"rotation":0,"texture":"#0","tintindex":0},"north":{"uv":[8.375,0.5,8.0,0.8125],"rotation":0,"texture":"#0","tintindex":0},"west":{"uv":[0.0,0.0,0.0,0.3125],"rotation":0,"texture":"#0","tintindex":0},"up":{"uv":[0.375,0.0,0.0,0.0],"rotation":0,"texture":"#0","tintindex":0},"down":{"uv":[0.375,0.0,0.0,0.0],"rotation":0,"texture":"#0","tintindex":0}}}],"display":{"head":{"translation":[0.0,-6.4,0.0],"scale":[4.0,4.0,4.0]}}}