{"textures":{"0":"modelengine:entity/bear"},"elements":[{"from":[6.857143,3.7142854,7.428571],"to":[9.714286,11.142858,12.0],"rotation":{"angle":22.5,"axis":"x","origin":[14.285715,13.714286,2.2857141]},"faces":{"east":{"uv":[6.3125,5.75,6.8125,6.5625],"rotation":0,"texture":"#0","tintindex":0},"south":{"uv":[1.4375,7.375,1.75,8.1875],"rotation":0,"texture":"#0","tintindex":0},"north":{"uv":[2.3125,7.3125,2.625,8.125],"rotation":0,"texture":"#0","tintindex":0},"west":{"uv":[6.375,1.4375,6.875,2.25],"rotation":0,"texture":"#0","tintindex":0},"up":{"uv":[1.0625,8.1875,0.75,7.6875],"rotation":0,"texture":"#0","tintindex":0},"down":{"uv":[8.0,7.0,7.6875,7.5],"rotation":0,"texture":"#0","tintindex":0}}}],"display":{"head":{"translation":[0.0,-6.4,0.0],"scale":[4.0,4.0,4.0]}}}