{"textures":{"0":"modelengine:entity/bear"},"elements":[{"from":[6.0,3.142857,2.5714283],"to":[12.285715,12.857143,10.571428],"rotation":{"angle":0.0,"axis":"y","origin":[12.857143,7.428571,4.8571424]},"faces":{"east":{"uv":[6.125,3.4375,5.25,4.5],"rotation":0,"texture":"#0","tintindex":0},"south":{"uv":[5.0625,5.25,4.375,6.3125],"rotation":0,"texture":"#0","tintindex":0},"north":{"uv":[2.0625,5.25,1.375,6.3125],"rotation":0,"texture":"#0","tintindex":0},"west":{"uv":[4.375,5.125,3.5,6.1875],"rotation":0,"texture":"#0","tintindex":0},"up":{"uv":[2.625,6.6875,3.3125,5.8125],"rotation":0,"texture":"#0","tintindex":0},"down":{"uv":[5.0625,5.875,5.75,6.75],"rotation":0,"texture":"#0","tintindex":0}}},{"from":[13.051081,3.142857,10.419188],"to":[13.051081,12.857143,14.419188],"rotation":{"angle":22.5,"axis":"y","origin":[13.051081,8.0,12.419188]},"faces":{"east":{"uv":[6.5625,2.8125,6.125,3.875],"rotation":0,"texture":"#0","tintindex":0},"south":{"uv":[0.0,0.0,0.0,1.0625],"rotation":0,"texture":"#0","tintindex":0},"north":{"uv":[0.0,0.0,0.0,1.0625],"rotation":0,"texture":"#0","tintindex":0},"west":{"uv":[6.125,2.8125,6.5625,3.875],"rotation":0,"texture":"#0","tintindex":0},"up":{"uv":[0.0,0.4375,0.0,0.0],"rotation":0,"texture":"#0","tintindex":0},"down":{"uv":[0.0,0.0,0.0,0.4375],"rotation":0,"texture":"#0","tintindex":0}}},{"from":[7.142857,-1.4285717,4.285714],"to":[12.285715,3.142857,10.571428],"rotation":{"angle":0.0,"axis":"y","origin":[12.857143,7.428571,4.8571424]},"faces":{"east":{"uv":[4.5625,6.875,3.875,7.375],"rotation":0,"texture":"#0","tintindex":0},"south":{"uv":[7.3125,7.125,6.75,7.625],"rotation":0,"texture":"#0","tintindex":0},"north":{"uv":[7.6875,2.6875,7.125,3.1875],"rotation":0,"texture":"#0","tintindex":0},"west":{"uv":[7.5625,1.4375,6.875,1.9375],"rotation":0,"texture":"#0","tintindex":0},"up":{"uv":[6.5625,2.9375,7.125,2.25],"rotation":0,"texture":"#0","tintindex":0},"down":{"uv":[6.5625,2.9375,7.125,3.625],"rotation":0,"texture":"#0","tintindex":0}}},{"from":[10.46744,-1.4285717,9.8182745],"to":[10.46744,3.142857,14.961132],"rotation":{"angle":-45.0,"axis":"y","origin":[10.46744,0.5714283,12.389704]},"faces":{"east":{"uv":[3.1875,7.25,2.625,7.75],"rotation":0,"texture":"#0","tintindex":0},"south":{"uv":[0.0,0.0,0.0,0.5],"rotation":0,"texture":"#0","tintindex":0},"north":{"uv":[0.0,0.0,0.0,0.5],"rotation":0,"texture":"#0","tintindex":0},"west":{"uv":[2.625,7.25,3.1875,7.75],"rotation":0,"texture":"#0","tintindex":0},"up":{"uv":[0.0,0.5625,0.0,0.0],"rotation":0,"texture":"#0","tintindex":0},"down":{"uv":[0.0,0.0,0.0,0.5625],"rotation":0,"texture":"#0","tintindex":0}}}],"display":{"head":{"translation":[0.0,-6.4,0.0],"scale":[4.0,4.0,4.0]}}}