{
	"credit": "Made by Manning Design",
	"texture_size": [32, 32],
	"textures": {
		"0": "chunky:item/furniture/cottagecore_cozyhome/bs_hanging_farmer_hat_texture",
		"particle": "chunky:item/furniture/cottagecore_cozyhome/bs_hanging_farmer_hat_texture"
	},
	"elements": [
		{
			"from": [6.5, 26, 15],
			"to": [9.5, 30, 16],
			"faces": {
				"north": {"uv": [11, 9, 12.5, 11], "texture": "#0"},
				"east": {"uv": [7, 12, 7.5, 14], "texture": "#0"},
				"south": {"uv": [11, 11, 12.5, 13], "texture": "#0"},
				"west": {"uv": [7.5, 12, 8, 14], "texture": "#0"},
				"up": {"uv": [9.5, 12.5, 8, 12], "texture": "#0"},
				"down": {"uv": [11, 12, 9.5, 12.5], "texture": "#0"}
			}
		},
		{
			"from": [8, 26, 12],
			"to": [8, 31, 15],
			"faces": {
				"north": {"uv": [0, 0, 0, 2.5], "texture": "#0"},
				"east": {"uv": [11, 4, 12.5, 6.5], "texture": "#0"},
				"south": {"uv": [0, 0, 0, 2.5], "texture": "#0"},
				"west": {"uv": [11, 6.5, 12.5, 9], "texture": "#0"},
				"up": {"uv": [0, 1.5, 0, 0], "texture": "#0"},
				"down": {"uv": [0, 0, 0, 1.5], "texture": "#0"}
			}
		},
		{
			"from": [1, 18, 14],
			"to": [15, 32, 14],
			"faces": {
				"north": {"uv": [0, 0, 7, 7], "texture": "#0"},
				"east": {"uv": [0, 0, 0, 7], "texture": "#0"},
				"south": {"uv": [7, 0, 0, 7], "texture": "#0"},
				"west": {"uv": [0, 0, 0, 7], "texture": "#0"},
				"up": {"uv": [7, 0, 0, 0], "texture": "#0"},
				"down": {"uv": [7, 0, 0, 0], "texture": "#0"}
			}
		},
		{
			"from": [4, 21, 10],
			"to": [12, 29, 14],
			"faces": {
				"north": {"uv": [7, 0, 11, 4], "texture": "#0"},
				"east": {"uv": [7, 8, 9, 12], "texture": "#0"},
				"south": {"uv": [7, 4, 11, 8], "texture": "#0"},
				"west": {"uv": [9, 8, 11, 12], "texture": "#0"},
				"up": {"uv": [15, 2, 11, 0], "texture": "#0"},
				"down": {"uv": [15, 2, 11, 4], "texture": "#0"}
			}
		}
	],
	"display": {
		"thirdperson_righthand": {
			"translation": [-0.25, -11.25, -3.5],
			"scale": [0.57, 0.57, 0.57]
		},
		"thirdperson_lefthand": {
			"translation": [0, -11.5, -2],
			"scale": [0.57, 0.57, 0.57]
		},
		"firstperson_righthand": {
			"rotation": [0, 130, 0],
			"translation": [-1.5, -5, 2],
			"scale": [0.54, 0.54, 0.54]
		},
		"firstperson_lefthand": {
			"rotation": [0, 121, 0],
			"translation": [-1.75, -4.25, 2.25],
			"scale": [0.54, 0.54, 0.54]
		},
		"ground": {
			"translation": [0, 2.25, 0],
			"scale": [0.43, 0.43, 0.43]
		},
		"gui": {
			"rotation": [30, 141, 0],
			"translation": [-2, -4.75, 0],
			"scale": [0.5, 0.5, 0.5]
		},
		"fixed": {
			"translation": [0, -30.25, -16],
			"scale": [2.01, 2.01, 2.01]
		}
	}
}