{
	"credit": "Made by Manning Design",
	"texture_size": [32, 32],
	"textures": {
		"0": "chunky:item/furniture/cottagecore_cozyhome/bs_hanging_apron_white_texture",
		"particle": "chunky:item/furniture/cottagecore_cozyhome/bs_hanging_apron_white_texture"
	},
	"elements": [
		{
			"from": [6.5, 26, 15],
			"to": [9.5, 30, 16],
			"faces": {
				"north": {"uv": [1.5, 12, 3, 14], "texture": "#0"},
				"east": {"uv": [3, 12, 3.5, 14], "texture": "#0"},
				"south": {"uv": [12, 2.5, 13.5, 4.5], "texture": "#0"},
				"west": {"uv": [3.5, 12, 4, 14], "texture": "#0"},
				"up": {"uv": [5.5, 12.5, 4, 12], "texture": "#0"},
				"down": {"uv": [13.5, 4.5, 12, 5], "texture": "#0"}
			}
		},
		{
			"from": [8, 26, 12],
			"to": [8, 31, 15],
			"faces": {
				"north": {"uv": [0, 0, 0, 2.5], "texture": "#0"},
				"east": {"uv": [0, 12, 1.5, 14.5], "texture": "#0"},
				"south": {"uv": [0, 0, 0, 2.5], "texture": "#0"},
				"west": {"uv": [12, 0, 13.5, 2.5], "texture": "#0"},
				"up": {"uv": [0, 1.5, 0, 0], "texture": "#0"},
				"down": {"uv": [0, 0, 0, 1.5], "texture": "#0"}
			}
		},
		{
			"from": [2, 3, 14.5],
			"to": [14, 29, 14.5],
			"faces": {
				"north": {"uv": [6, 0, 12, 13], "texture": "#0"},
				"east": {"uv": [0, 0, 0, 12], "texture": "#0"},
				"south": {"uv": [6, 0, 12, 13], "texture": "#0"},
				"west": {"uv": [0, 0, 0, 12], "texture": "#0"},
				"up": {"uv": [6, 0, 0, 0], "texture": "#0"},
				"down": {"uv": [6, 0, 0, 0], "texture": "#0"}
			}
		}
	],
	"gui_light": "front",
	"display": {
		"thirdperson_righthand": {
			"translation": [0, -3.25, -4],
			"scale": [0.57, 0.57, 0.57]
		},
		"thirdperson_lefthand": {
			"translation": [2.5, -0.25, -3.75],
			"scale": [0.57, 0.57, 0.57]
		},
		"firstperson_righthand": {
			"rotation": [0, 121, 0],
			"translation": [-1, 0, 1.5],
			"scale": [0.54, 0.54, 0.54]
		},
		"firstperson_lefthand": {
			"rotation": [0, 112, 0],
			"translation": [-1.5, 0, 1],
			"scale": [0.54, 0.54, 0.54]
		},
		"ground": {
			"translation": [0, 2.25, 0],
			"scale": [0.43, 0.43, 0.43]
		},
		"gui": {
			"rotation": [26, 135, 0],
			"translation": [-2.25, -4.5, 0],
			"scale": [0.45, 0.45, 0.45]
		},
		"fixed": {
			"translation": [0, -30.25, -16],
			"scale": [2.01, 2.01, 2.01]
		}
	}
}