{"textures":{"0":"modelengine:entity/bs_heart_pet_texture2"},"elements":[{"from":[9.428572,4.310465,5.714286],"to":[12.285715,7.1676083,8.0],"rotation":{"angle":45.0,"axis":"z","origin":[8.0,2.8818936,7.142857]},"faces":{"east":{"uv":[6.0,5.0,8.0,7.5],"rotation":0,"texture":"#0","tintindex":0},"south":{"uv":[6.0,2.5,8.5,5.0],"rotation":0,"texture":"#0","tintindex":0},"north":{"uv":[6.0,0.0,8.5,2.5],"rotation":0,"texture":"#0","tintindex":0},"west":{"uv":[6.0,7.5,8.0,10.0],"rotation":0,"texture":"#0","tintindex":0},"up":{"uv":[2.5,10.0,0.0,8.0],"rotation":0,"texture":"#0","tintindex":0},"down":{"uv":[5.0,8.0,2.5,10.0],"rotation":0,"texture":"#0","tintindex":0}}},{"from":[9.428572,7.1676083,5.714286],"to":[12.285715,8.881894,8.0],"rotation":{"angle":45.0,"axis":"z","origin":[8.0,2.8818936,7.142857]},"faces":{"east":{"uv":[7.0,10.0,9.0,11.5],"rotation":0,"texture":"#0","tintindex":0},"south":{"uv":[10.0,4.0,12.5,5.5],"rotation":0,"texture":"#0","tintindex":0},"north":{"uv":[3.0,10.0,5.5,11.5],"rotation":0,"texture":"#0","tintindex":0},"west":{"uv":[10.0,7.5,12.0,9.0],"rotation":0,"texture":"#0","tintindex":0},"up":{"uv":[11.0,2.0,8.5,0.0],"rotation":0,"texture":"#0","tintindex":0},"down":{"uv":[11.0,2.0,8.5,4.0],"rotation":0,"texture":"#0","tintindex":0}}},{"from":[12.285715,4.310465,5.714286],"to":[14.0,7.1676083,8.0],"rotation":{"angle":45.0,"axis":"z","origin":[8.0,2.8818936,7.142857]},"faces":{"east":{"uv":[8.0,5.0,10.0,7.5],"rotation":0,"texture":"#0","tintindex":0},"south":{"uv":[1.5,10.0,3.0,12.5],"rotation":0,"texture":"#0","tintindex":0},"north":{"uv":[0.0,10.0,1.5,12.5],"rotation":0,"texture":"#0","tintindex":0},"west":{"uv":[8.0,7.5,10.0,10.0],"rotation":0,"texture":"#0","tintindex":0},"up":{"uv":[7.0,12.0,5.5,10.0],"rotation":0,"texture":"#0","tintindex":0},"down":{"uv":[11.5,5.5,10.0,7.5],"rotation":0,"texture":"#0","tintindex":0}}}],"display":{"head":{"translation":[0.0,-6.4,0.0],"scale":[4.0,4.0,4.0]}}}