{"textures":{"0":"modelengine:entity/bs_heart_pet_texture2"},"elements":[{"from":[4.9186764,5.714286,8.613646],"to":[8.347248,10.285714,8.613646],"rotation":{"angle":22.5,"axis":"y","origin":[6.6329618,9.142858,9.185074]},"faces":{"east":{"uv":[0.0,0.0,0.0,4.0],"rotation":0,"texture":"#0","tintindex":0},"south":{"uv":[3.0,4.0,6.0,8.0],"rotation":0,"texture":"#0","tintindex":0},"north":{"uv":[6.0,4.0,3.0,8.0],"rotation":0,"texture":"#0","tintindex":0},"west":{"uv":[0.0,0.0,0.0,4.0],"rotation":0,"texture":"#0","tintindex":0},"up":{"uv":[3.0,0.0,0.0,0.0],"rotation":0,"texture":"#0","tintindex":0},"down":{"uv":[3.0,0.0,0.0,0.0],"rotation":0,"texture":"#0","tintindex":0}}}],"display":{"head":{"translation":[0.0,-6.4,0.0],"scale":[4.0,4.0,4.0]}}}