{"credit":"MadebyPolygonMC","texture_size":[24,24],"textures":{"0":"littlepenguinset:item/backpack","particle":"littlepenguinset:item/backpack"},"elements":[{"from":[5.06,4.21756,5.51],"to":[10.94,8.41756,9.71],"rotation":{"angle":0,"axis":"y","origin":[5.06,3.37756,5.51]},"faces":{"north":{"uv":[0,0,4,2.66667],"texture":"#0"},"east":{"uv":[8,0,10.66667,2.66667],"texture":"#0"},"south":{"uv":[0,2.66667,4,5.33333],"texture":"#0"},"west":{"uv":[8,2.66667,10.66667,5.33333],"texture":"#0"},"up":{"uv":[8,2.66667,4,0],"texture":"#0"},"down":{"uv":[8,2.66667,4,5.33333],"texture":"#0"}}},{"from":[5.06,8.41756,5.51],"to":[10.94,11.77756,9.18],"rotation":{"angle":0,"axis":"y","origin":[5.06,8.41756,5.51]},"faces":{"north":{"uv":[0,5.33333,4,7.66667],"texture":"#0"},"east":{"uv":[4,8,6.33333,10.33333],"texture":"#0"},"south":{"uv":[4,5.33333,8,7.66667],"texture":"#0"},"west":{"uv":[8,5.33333,10.33333,7.66667],"texture":"#0"},"up":{"uv":[4,10.33333,0,8],"texture":"#0"}}},{"from":[3.28,3.84756,6.56],"to":[3.7,7.20756,8.66],"rotation":{"angle":-22.5,"axis":"z","origin":[3.28,3.00756,5.93]},"faces":{"north":{"uv":[6,10.66667,6.33333,13],"texture":"#0"},"east":{"uv":[8,8,9.33333,10.33333],"texture":"#0"},"south":{"uv":[10.66667,6.66667,11,9],"texture":"#0"},"west":{"uv":[9.33333,8,10.66667,10.33333],"texture":"#0"},"up":{"uv":[11.66667,8,11.33333,6.66667],"texture":"#0"},"down":{"uv":[8.33333,11.33333,8,12.66667],"texture":"#0"}}},{"from":[12.3,3.84756,6.56],"to":[12.72,7.20756,8.66],"rotation":{"angle":22.5,"axis":"z","origin":[12.72,3.00756,5.93]},"faces":{"north":{"uv":[6.33333,10.66667,6,13],"texture":"#0"},"east":{"uv":[10.66667,8,9.33333,10.33333],"texture":"#0"},"south":{"uv":[11,6.66667,10.66667,9],"texture":"#0"},"west":{"uv":[9.33333,8,8,10.33333],"texture":"#0"},"up":{"uv":[11.33333,8,11.66667,6.66667],"texture":"#0"},"down":{"uv":[8,11.33333,8.33333,12.66667],"texture":"#0"}}},{"from":[5.9,9.34756,9.18],"to":[10.1,11.02756,10.23],"rotation":{"angle":0,"axis":"y","origin":[5.48,9.34756,9.39]},"faces":{"east":{"uv":[10.66667,10,11.33333,11],"texture":"#0"},"south":{"uv":[0,10.66667,2.66667,11.66667],"texture":"#0"},"west":{"uv":[2.66667,11.33333,3.33333,12.33333],"texture":"#0"},"up":{"uv":[5.33333,11.33333,2.66667,10.66667],"texture":"#0"},"down":{"uv":[13.33333,3.33333,10.66667,4],"texture":"#0"}}},{"from":[7.15,5.23756,9.71],"to":[8.85,6.16756,10.76],"rotation":{"angle":0,"axis":"y","origin":[6.73,5.48756,9.92]},"faces":{"east":{"uv":[4.66667,11.33333,5.33333,12],"texture":"#0"},"south":{"uv":[8,10.66667,9,11.33333],"texture":"#0"},"west":{"uv":[11.33333,6,12,6.66667],"texture":"#0"},"up":{"uv":[10.33333,11.33333,9.33333,10.66667],"texture":"#0"},"down":{"uv":[11.66667,9.33333,10.66667,10],"texture":"#0"}}},{"from":[4.025,9.34756,6.3],"to":[5.075,11.02756,8.4],"rotation":{"angle":0,"axis":"y","origin":[4.865,9.34756,5.88]},"faces":{"north":{"uv":[3.33333,11.33333,4,12.33333],"texture":"#0"},"south":{"uv":[4,11.33333,4.66667,12.33333],"texture":"#0"},"west":{"uv":[10.66667,4,12,5],"texture":"#0"},"up":{"uv":[6,12,5.33333,10.66667],"texture":"#0"},"down":{"uv":[11.33333,5.33333,10.66667,6.66667],"texture":"#0"}}},{"from":[10.925,9.34756,6.3],"to":[11.975,11.02756,8.4],"rotation":{"angle":0,"axis":"y","origin":[11.135,9.34756,5.88]},"faces":{"north":{"uv":[4,11.33333,3.33333,12.33333],"texture":"#0"},"east":{"uv":[12,4,10.66667,5],"texture":"#0"},"south":{"uv":[4.66667,11.33333,4,12.33333],"texture":"#0"},"up":{"uv":[5.33333,12,6,10.66667],"texture":"#0"},"down":{"uv":[10.66667,5.33333,11.33333,6.66667],"texture":"#0"}}},{"from":[5.56,11.77756,5.51],"to":[7.01,12.77756,5.51],"rotation":{"angle":0,"axis":"x","origin":[5.56,13.77756,5.51]},"faces":{"north":{"uv":[11.33333,5.33333,12.33333,6],"texture":"#0"},"east":{"uv":[0,0,0,0.66667],"texture":"#0"},"south":{"uv":[11.33333,5.33333,12.33333,6],"texture":"#0"},"west":{"uv":[0,0,0,0.66667],"texture":"#0"},"up":{"uv":[1,0,0,0],"texture":"#0"},"down":{"uv":[1,0,0,0],"texture":"#0"}}},{"from":[5.56,6.77756,2.76],"to":[7.01,12.77756,2.76],"rotation":{"angle":0,"axis":"x","origin":[-2.44,5.77756,-4.99]},"faces":{"north":{"uv":[6.66667,8,7.66667,12],"texture":"#0"},"east":{"uv":[0,0,0,4],"texture":"#0"},"south":{"uv":[6.66667,8,7.66667,12],"texture":"#0"},"west":{"uv":[0,0,0,4],"texture":"#0"},"up":{"uv":[1,0,0,0],"texture":"#0"},"down":{"uv":[1,0,0,0],"texture":"#0"}}},{"from":[5.56,12.77656,2.76],"to":[7.01,12.77656,5.51],"rotation":{"angle":0,"axis":"x","origin":[5.56,12.77656,3.51]},"faces":{"north":{"uv":[0,0,1,0],"texture":"#0"},"east":{"uv":[0,0,2,0],"texture":"#0"},"south":{"uv":[0,0,1,0],"texture":"#0"},"west":{"uv":[0,0,2,0],"texture":"#0"},"up":{"uv":[11.66667,2,10.66667,0],"texture":"#0"},"down":{"uv":[11.66667,0,10.66667,2],"texture":"#0"}}},{"from":[5.56,6.77656,2.76],"to":[7.01,6.77656,5.51],"rotation":{"angle":0,"axis":"x","origin":[5.56,6.77656,3.51]},"faces":{"north":{"uv":[0,0,1,0],"texture":"#0"},"east":{"uv":[0,0,2,0],"texture":"#0"},"south":{"uv":[0,0,1,0],"texture":"#0"},"west":{"uv":[0,0,2,0],"texture":"#0"},"up":{"uv":[11.66667,2,10.66667,0],"texture":"#0"},"down":{"uv":[11.66667,0,10.66667,2],"texture":"#0"}}},{"from":[8.99,11.77756,5.51],"to":[10.44,12.77756,5.51],"rotation":{"angle":0,"axis":"x","origin":[10.44,13.77756,5.51]},"faces":{"north":{"uv":[12.33333,5.33333,11.33333,6],"texture":"#0"},"east":{"uv":[0,0,0,0.66667],"texture":"#0"},"south":{"uv":[12.33333,5.33333,11.33333,6],"texture":"#0"},"west":{"uv":[0,0,0,0.66667],"texture":"#0"},"up":{"uv":[0,0,1,0],"texture":"#0"},"down":{"uv":[0,0,1,0],"texture":"#0"}}},{"from":[8.99,12.77656,2.76],"to":[10.44,12.77656,5.51],"rotation":{"angle":0,"axis":"x","origin":[10.44,12.77656,3.51]},"faces":{"north":{"uv":[1,0,0,0],"texture":"#0"},"east":{"uv":[2,0,0,0],"texture":"#0"},"south":{"uv":[1,0,0,0],"texture":"#0"},"west":{"uv":[2,0,0,0],"texture":"#0"},"up":{"uv":[10.66667,2,11.66667,0],"texture":"#0"},"down":{"uv":[10.66667,0,11.66667,2],"texture":"#0"}}},{"from":[8.99,6.77756,2.76],"to":[10.44,12.77756,2.76],"rotation":{"angle":0,"axis":"x","origin":[18.44,5.77756,-4.99]},"faces":{"north":{"uv":[7.66667,8,6.66667,12],"texture":"#0"},"east":{"uv":[0,0,0,4],"texture":"#0"},"south":{"uv":[7.66667,8,6.66667,12],"texture":"#0"},"west":{"uv":[0,0,0,4],"texture":"#0"},"up":{"uv":[0,0,1,0],"texture":"#0"},"down":{"uv":[0,0,1,0],"texture":"#0"}}},{"from":[8.99,6.77656,2.76],"to":[10.44,6.77656,5.51],"rotation":{"angle":0,"axis":"x","origin":[10.44,6.77656,3.51]},"faces":{"north":{"uv":[1,0,0,0],"texture":"#0"},"east":{"uv":[2,0,0,0],"texture":"#0"},"south":{"uv":[1,0,0,0],"texture":"#0"},"west":{"uv":[2,0,0,0],"texture":"#0"},"up":{"uv":[10.66667,2,11.66667,0],"texture":"#0"},"down":{"uv":[10.66667,0,11.66667,2],"texture":"#0"}}},{"from":[6.5,11.77756,7.325],"to":[9.5,13.27756,7.325],"rotation":{"angle":0,"axis":"y","origin":[6.5,11.77756,7.325]},"faces":{"north":{"uv":[10.66667,2,12.66667,3],"texture":"#0"},"east":{"uv":[0,0,0,1],"texture":"#0"},"south":{"uv":[10.66667,2,12.66667,3],"texture":"#0"},"west":{"uv":[0,0,0,1],"texture":"#0"},"up":{"uv":[2,0,0,0],"texture":"#0"},"down":{"uv":[2,0,0,0],"texture":"#0"}}}],"gui_light":"front","display":{"thirdperson_righthand":{"rotation":[-121,0,-180],"translation":[0,-0.5,-5],"scale":[1.26953,1.26953,1.26953]},"thirdperson_lefthand":{"rotation":[67.5,0,0],"translation":[-5.5,-9.5,7.5],"scale":[1.54688,1.54688,1.54688]},"firstperson_righthand":{"rotation":[-20.5,0,0],"translation":[-2.75,5.75,2.75]},"firstperson_lefthand":{"rotation":[-20.5,0,0],"translation":[-2.75,5.75,2.75],"scale":[0,0,0]},"ground":{"rotation":[-40,0,0],"translation":[0,5,0],"scale":[1.22266,1.22266,1.22266]},"gui":{"rotation":[0,-42,0],"translation":[-1.5,-0.75,0],"scale":[1.60352,1.60352,1.60352]},"head":{"translation":[0,-53.5,9.5],"scale":[2.4707,2.4707,2.4707]},"fixed":{"rotation":[-90,180,0],"translation":[0,-4.75,-11.5],"scale":[3,3,3]}}}