{"credit":"MadebyPolygonMC","texture_size":[40,40],"textures":{"2":"littlepenguinset:item/chest","particle":"littlepenguinset:item/chest"},"elements":[{"from":[3.5,5.5,3.5],"to":[12.5,9.5,12.5],"rotation":{"angle":45,"axis":"x","origin":[8,5.5,12.5]},"faces":{"north":{"uv":[7.2,4,10.8,5.6],"texture":"#2"},"east":{"uv":[7.2,5.6,10.8,7.2],"texture":"#2"},"south":{"uv":[7.2,7.2,10.8,8.8],"texture":"#2"},"west":{"uv":[7.2,8.8,10.8,10.4],"texture":"#2"},"up":{"uv":[7.2,3.6,3.6,0],"texture":"#2"},"down":{"uv":[7.2,3.6,3.6,7.2],"texture":"#2"}}},{"from":[6.13,9.47278,5.6506],"to":[9.87,12.53278,10.4106],"rotation":{"angle":45,"axis":"x","origin":[8,5.5,12.5]},"faces":{"north":{"uv":[3.2,10.4,4.6,11.6],"texture":"#2"},"east":{"uv":[3.2,9.2,5.2,10.4],"texture":"#2"},"south":{"uv":[4.8,10.4,6.2,11.6],"texture":"#2"},"west":{"uv":[5.2,9.2,7.2,10.4],"texture":"#2"},"up":{"uv":[1.4,11.2,0,9.2],"texture":"#2"},"down":{"uv":[3,9.2,1.6,11.2],"texture":"#2"}}},{"from":[6.81,11.94967,15.9955],"to":[9.19,11.94967,17.3555],"rotation":{"angle":0,"axis":"x","origin":[8,5.5,12.5]},"faces":{"north":{"uv":[0,0,1,0],"texture":"#2"},"east":{"uv":[0,0,0.6,0],"texture":"#2"},"south":{"uv":[0,0,1,0],"texture":"#2"},"west":{"uv":[0,0,0.6,0],"texture":"#2"},"up":{"uv":[12.2,10.6,11.2,10],"texture":"#2"},"down":{"uv":[12.2,10.8,11.2,11.4],"texture":"#2"}}},{"from":[5.8032,9.81278,6.15183],"to":[6.1772,12.19278,9.55183],"rotation":{"angle":45,"axis":"x","origin":[9.9,5.5,12.5]},"faces":{"north":{"uv":[10.8,11.6,11,12.6],"texture":"#2"},"east":{"uv":[9.6,10.4,11,11.4],"texture":"#2"},"south":{"uv":[11.2,11.6,11.4,12.6],"texture":"#2"},"west":{"uv":[10.8,0,12.2,1],"texture":"#2"},"up":{"uv":[9.8,13,9.6,11.6],"texture":"#2"},"down":{"uv":[10.2,11.6,10,13],"texture":"#2"}}},{"from":[6.3,11.04528,3.5681],"to":[9.7,13.76528,6.7981],"rotation":{"angle":45,"axis":"x","origin":[8,5.5,12.5]},"faces":{"north":{"uv":[10.8,1.2,12.2,2.2],"texture":"#2"},"east":{"uv":[10.8,3.6,12,4.6],"texture":"#2"},"south":{"uv":[10.8,2.4,12.2,3.4],"texture":"#2"},"west":{"uv":[10.8,4.8,12,5.8],"texture":"#2"},"up":{"uv":[7.8,11.6,6.4,10.4],"texture":"#2"},"down":{"uv":[9.4,10.4,8,11.6],"texture":"#2"}}},{"from":[7.388,11.40228,2.5481],"to":[8.612,12.29828,3.5681],"rotation":{"angle":45,"axis":"x","origin":[8,5.5,12.5]},"faces":{"north":{"uv":[1.2,12,1.6,12.4],"texture":"#2"},"east":{"uv":[1.6,12,2,12.4],"texture":"#2"},"west":{"uv":[2,12,2.4,12.4],"texture":"#2"},"up":{"uv":[2.8,12.4,2.4,12],"texture":"#2"},"down":{"uv":[3.2,12,2.8,12.4],"texture":"#2"}}},{"from":[6.64,11.55628,12.72688],"to":[7.41,11.55628,13.83688],"rotation":{"angle":22.5,"axis":"x","origin":[8,5.5,12.5]},"faces":{"north":{"uv":[0,0,0.4,0],"texture":"#2"},"east":{"uv":[0,0,0.4,0],"texture":"#2"},"south":{"uv":[0,0,0.4,0],"texture":"#2"},"west":{"uv":[0,0,0.4,0],"texture":"#2"},"up":{"uv":[12.4,4,12,3.6],"texture":"#2"},"down":{"uv":[4.4,12,4,12.4],"texture":"#2"}}},{"from":[6.64,10.58368,16.05274],"to":[7.41,10.58368,17.41274],"rotation":{"angle":0,"axis":"x","origin":[8,5.5,12.5]},"faces":{"north":{"uv":[0,0,0.4,0],"texture":"#2"},"east":{"uv":[0,0,0.6,0],"texture":"#2"},"south":{"uv":[0,0,0.4,0],"texture":"#2"},"west":{"uv":[0,0,0.6,0],"texture":"#2"},"up":{"uv":[12,9.4,11.6,8.8],"texture":"#2"},"down":{"uv":[10.8,11.6,10.4,12.2],"texture":"#2"}}},{"from":[12,9,5],"to":[13,10,7],"rotation":{"angle":45,"axis":"x","origin":[8,5.5,12.5]},"faces":{"north":{"uv":[12,12,11.6,11.6],"texture":"#2"},"east":{"uv":[12.4,6.8,11.6,6.4],"texture":"#2"},"south":{"uv":[0.4,12.4,0,12],"texture":"#2"},"west":{"uv":[7.2,12,6.4,11.6],"texture":"#2"},"up":{"uv":[7.2,12.4,7.6,11.6],"texture":"#2"},"down":{"uv":[11.6,6.8,12,7.6],"texture":"#2"}}},{"from":[9,9,3],"to":[11,10,4],"rotation":{"angle":45,"axis":"x","origin":[8,5.5,12.5]},"faces":{"north":{"uv":[4.8,12,4,11.6],"texture":"#2"},"east":{"uv":[12,10,11.6,9.6],"texture":"#2"},"south":{"uv":[5.6,12,4.8,11.6],"texture":"#2"},"west":{"uv":[11.2,10.4,10.8,10],"texture":"#2"},"up":{"uv":[11.6,6.4,12.4,6],"texture":"#2"},"down":{"uv":[5.6,11.6,6.4,12],"texture":"#2"}}},{"from":[11,8,3],"to":[13,10,5],"rotation":{"angle":45,"axis":"x","origin":[8,5.5,12.5]},"faces":{"north":{"uv":[11.6,9.2,10.8,8.4],"texture":"#2"},"east":{"uv":[1.6,12,0.8,11.2],"texture":"#2"},"south":{"uv":[0.8,12,0,11.2],"texture":"#2"},"west":{"uv":[11.6,10,10.8,9.2],"texture":"#2"},"up":{"uv":[2.4,12,3.2,11.2],"texture":"#2"},"down":{"uv":[1.6,11.2,2.4,12],"texture":"#2"}}},{"from":[12,9,9],"to":[13,10,11],"rotation":{"angle":45,"axis":"x","origin":[8,5.5,12.5]},"faces":{"north":{"uv":[0,12.4,0.4,12],"texture":"#2"},"east":{"uv":[11.6,6.8,12.4,6.4],"texture":"#2"},"south":{"uv":[11.6,12,12,11.6],"texture":"#2"},"west":{"uv":[6.4,12,7.2,11.6],"texture":"#2"},"up":{"uv":[7.2,11.6,7.6,12.4],"texture":"#2"},"down":{"uv":[11.6,7.6,12,6.8],"texture":"#2"}}},{"from":[11,8,11],"to":[13,10,13],"rotation":{"angle":45,"axis":"x","origin":[8,5.5,12.5]},"faces":{"north":{"uv":[0,12,0.8,11.2],"texture":"#2"},"east":{"uv":[0.8,12,1.6,11.2],"texture":"#2"},"south":{"uv":[10.8,9.2,11.6,8.4],"texture":"#2"},"west":{"uv":[10.8,10,11.6,9.2],"texture":"#2"},"up":{"uv":[2.4,11.2,3.2,12],"texture":"#2"},"down":{"uv":[1.6,12,2.4,11.2],"texture":"#2"}}},{"from":[9,9,12],"to":[11,10,13],"rotation":{"angle":45,"axis":"x","origin":[8,5.5,12.5]},"faces":{"north":{"uv":[4.8,12,5.6,11.6],"texture":"#2"},"east":{"uv":[11.6,10,12,9.6],"texture":"#2"},"south":{"uv":[4,12,4.8,11.6],"texture":"#2"},"west":{"uv":[10.8,10.4,11.2,10],"texture":"#2"},"up":{"uv":[11.6,6,12.4,6.4],"texture":"#2"},"down":{"uv":[5.6,12,6.4,11.6],"texture":"#2"}}},{"from":[5,9,12],"to":[7,10,13],"rotation":{"angle":45,"axis":"x","origin":[8,5.5,12.5]},"faces":{"north":{"uv":[5.6,12,4.8,11.6],"texture":"#2"},"east":{"uv":[11.2,10.4,10.8,10],"texture":"#2"},"south":{"uv":[4.8,12,4,11.6],"texture":"#2"},"west":{"uv":[12,10,11.6,9.6],"texture":"#2"},"up":{"uv":[12.4,6,11.6,6.4],"texture":"#2"},"down":{"uv":[6.4,12,5.6,11.6],"texture":"#2"}}},{"from":[3,8,11],"to":[5,10,13],"rotation":{"angle":45,"axis":"x","origin":[8,5.5,12.5]},"faces":{"north":{"uv":[0.8,12,0,11.2],"texture":"#2"},"east":{"uv":[11.6,10,10.8,9.2],"texture":"#2"},"south":{"uv":[11.6,9.2,10.8,8.4],"texture":"#2"},"west":{"uv":[1.6,12,0.8,11.2],"texture":"#2"},"up":{"uv":[3.2,11.2,2.4,12],"texture":"#2"},"down":{"uv":[2.4,12,1.6,11.2],"texture":"#2"}}},{"from":[3,9,9],"to":[4,10,11],"rotation":{"angle":45,"axis":"x","origin":[8,5.5,12.5]},"faces":{"north":{"uv":[0.4,12.4,0,12],"texture":"#2"},"east":{"uv":[7.2,12,6.4,11.6],"texture":"#2"},"south":{"uv":[12,12,11.6,11.6],"texture":"#2"},"west":{"uv":[12.4,6.8,11.6,6.4],"texture":"#2"},"up":{"uv":[7.6,11.6,7.2,12.4],"texture":"#2"},"down":{"uv":[12,7.6,11.6,6.8],"texture":"#2"}}},{"from":[3,9,5],"to":[4,10,7],"rotation":{"angle":45,"axis":"x","origin":[8,5.5,12.5]},"faces":{"north":{"uv":[11.6,12,12,11.6],"texture":"#2"},"east":{"uv":[6.4,12,7.2,11.6],"texture":"#2"},"south":{"uv":[0,12.4,0.4,12],"texture":"#2"},"west":{"uv":[11.6,6.8,12.4,6.4],"texture":"#2"},"up":{"uv":[7.6,12.4,7.2,11.6],"texture":"#2"},"down":{"uv":[12,6.8,11.6,7.6],"texture":"#2"}}},{"from":[5,9,3],"to":[7,10,4],"rotation":{"angle":45,"axis":"x","origin":[8,5.5,12.5]},"faces":{"north":{"uv":[4,12,4.8,11.6],"texture":"#2"},"east":{"uv":[10.8,10.4,11.2,10],"texture":"#2"},"south":{"uv":[4.8,12,5.6,11.6],"texture":"#2"},"west":{"uv":[11.6,10,12,9.6],"texture":"#2"},"up":{"uv":[12.4,6.4,11.6,6],"texture":"#2"},"down":{"uv":[6.4,11.6,5.6,12],"texture":"#2"}}},{"from":[3,8,3],"to":[5,10,5],"rotation":{"angle":45,"axis":"x","origin":[8,5.5,12.5]},"faces":{"north":{"uv":[10.8,9.2,11.6,8.4],"texture":"#2"},"east":{"uv":[10.8,10,11.6,9.2],"texture":"#2"},"south":{"uv":[0,12,0.8,11.2],"texture":"#2"},"west":{"uv":[0.8,12,1.6,11.2],"texture":"#2"},"up":{"uv":[3.2,12,2.4,11.2],"texture":"#2"},"down":{"uv":[2.4,11.2,1.6,12],"texture":"#2"}}},{"from":[9.8228,9.81278,6.15183],"to":[10.1968,12.19278,9.55183],"rotation":{"angle":45,"axis":"x","origin":[6.1,5.5,12.5]},"faces":{"north":{"uv":[11,11.6,10.8,12.6],"texture":"#2"},"east":{"uv":[12.2,0,10.8,1],"texture":"#2"},"south":{"uv":[11.4,11.6,11.2,12.6],"texture":"#2"},"west":{"uv":[11,10.4,9.6,11.4],"texture":"#2"},"up":{"uv":[9.6,13,9.8,11.6],"texture":"#2"},"down":{"uv":[10,11.6,10.2,13],"texture":"#2"}}},{"from":[8.59,11.55628,12.72688],"to":[9.36,11.55628,13.83688],"rotation":{"angle":22.5,"axis":"x","origin":[8,5.5,12.5]},"faces":{"north":{"uv":[0.4,0,0,0],"texture":"#2"},"east":{"uv":[0.4,0,0,0],"texture":"#2"},"south":{"uv":[0.4,0,0,0],"texture":"#2"},"west":{"uv":[0.4,0,0,0],"texture":"#2"},"up":{"uv":[12,4,12.4,3.6],"texture":"#2"},"down":{"uv":[4,12,4.4,12.4],"texture":"#2"}}},{"from":[8.59,10.58368,16.05274],"to":[9.36,10.58368,17.41274],"rotation":{"angle":0,"axis":"x","origin":[8,5.5,12.5]},"faces":{"north":{"uv":[0.4,0,0,0],"texture":"#2"},"east":{"uv":[0.6,0,0,0],"texture":"#2"},"south":{"uv":[0.4,0,0,0],"texture":"#2"},"west":{"uv":[0.6,0,0,0],"texture":"#2"},"up":{"uv":[11.6,9.4,12,8.8],"texture":"#2"},"down":{"uv":[10.4,11.6,10.8,12.2],"texture":"#2"}}},{"from":[7,4,3],"to":[9,7,4],"rotation":{"angle":0,"axis":"y","origin":[7,4,3]},"faces":{"north":{"uv":[10.8,6,11.6,7.2],"texture":"#2"},"east":{"uv":[3.2,11.6,3.6,12.8],"texture":"#2"},"south":{"uv":[10.8,7.2,11.6,8.4],"texture":"#2"},"west":{"uv":[3.6,11.6,4,12.8],"texture":"#2"},"up":{"uv":[12.4,8.8,11.6,8.4],"texture":"#2"},"down":{"uv":[9.6,11.6,8.8,12],"texture":"#2"}}},{"from":[3,0,3],"to":[5,2,5],"rotation":{"angle":0,"axis":"y","origin":[3,0,3]},"faces":{"north":{"uv":[10.8,8.4,11.6,9.2],"texture":"#2"},"east":{"uv":[10.8,9.2,11.6,10],"texture":"#2"},"south":{"uv":[0,11.2,0.8,12],"texture":"#2"},"west":{"uv":[0.8,11.2,1.6,12],"texture":"#2"},"up":{"uv":[2.4,12,1.6,11.2],"texture":"#2"},"down":{"uv":[3.2,11.2,2.4,12],"texture":"#2"}}},{"from":[3,4,3],"to":[4,6,4],"rotation":{"angle":0,"axis":"y","origin":[3,4,3]},"faces":{"north":{"uv":[7.6,11.6,8,12.4],"texture":"#2"},"east":{"uv":[11.6,7.6,12,8.4],"texture":"#2"},"south":{"uv":[8,11.6,8.4,12.4],"texture":"#2"},"west":{"uv":[8.4,11.6,8.8,12.4],"texture":"#2"},"up":{"uv":[0.8,12.4,0.4,12],"texture":"#2"},"down":{"uv":[1.2,12,0.8,12.4],"texture":"#2"}}},{"from":[12,4,3],"to":[13,6,4],"rotation":{"angle":0,"axis":"y","origin":[13,4,3]},"faces":{"north":{"uv":[8,11.6,7.6,12.4],"texture":"#2"},"east":{"uv":[8.8,11.6,8.4,12.4],"texture":"#2"},"south":{"uv":[8.4,11.6,8,12.4],"texture":"#2"},"west":{"uv":[12,7.6,11.6,8.4],"texture":"#2"},"up":{"uv":[0.4,12.4,0.8,12],"texture":"#2"},"down":{"uv":[0.8,12,1.2,12.4],"texture":"#2"}}},{"from":[12,4,12],"to":[13,6,13],"rotation":{"angle":0,"axis":"y","origin":[13,4,13]},"faces":{"north":{"uv":[8,11.6,8.4,12.4],"texture":"#2"},"east":{"uv":[8.4,11.6,8.8,12.4],"texture":"#2"},"south":{"uv":[7.6,11.6,8,12.4],"texture":"#2"},"west":{"uv":[11.6,7.6,12,8.4],"texture":"#2"},"up":{"uv":[0.4,12,0.8,12.4],"texture":"#2"},"down":{"uv":[0.8,12.4,1.2,12],"texture":"#2"}}},{"from":[3,4,12],"to":[4,6,13],"rotation":{"angle":0,"axis":"y","origin":[3,4,13]},"faces":{"north":{"uv":[8.4,11.6,8,12.4],"texture":"#2"},"east":{"uv":[12,7.6,11.6,8.4],"texture":"#2"},"south":{"uv":[8,11.6,7.6,12.4],"texture":"#2"},"west":{"uv":[8.8,11.6,8.4,12.4],"texture":"#2"},"up":{"uv":[0.8,12,0.4,12.4],"texture":"#2"},"down":{"uv":[1.2,12.4,0.8,12],"texture":"#2"}}},{"from":[3.5,0.5,3.5],"to":[12.5,5.5,12.5],"rotation":{"angle":0,"axis":"y","origin":[3.5,0.5,3.5]},"faces":{"north":{"uv":[0,7.2,3.6,9.2],"texture":"#2"},"east":{"uv":[7.2,0,10.8,2],"texture":"#2"},"south":{"uv":[7.2,2,10.8,4],"texture":"#2"},"west":{"uv":[3.6,7.2,7.2,9.2],"texture":"#2"},"up":{"uv":[3.6,3.6,0,0],"texture":"#2"},"down":{"uv":[3.6,3.6,0,7.2],"texture":"#2"}}},{"from":[5,0,3],"to":[7,1,4],"rotation":{"angle":0,"axis":"y","origin":[5,0,3]},"faces":{"north":{"uv":[4,11.6,4.8,12],"texture":"#2"},"east":{"uv":[10.8,10,11.2,10.4],"texture":"#2"},"south":{"uv":[4.8,11.6,5.6,12],"texture":"#2"},"west":{"uv":[11.6,9.6,12,10],"texture":"#2"},"up":{"uv":[6.4,12,5.6,11.6],"texture":"#2"},"down":{"uv":[12.4,6,11.6,6.4],"texture":"#2"}}},{"from":[3,0,5],"to":[4,1,7],"rotation":{"angle":0,"axis":"y","origin":[3,0,5]},"faces":{"north":{"uv":[11.6,11.6,12,12],"texture":"#2"},"east":{"uv":[6.4,11.6,7.2,12],"texture":"#2"},"south":{"uv":[0,12,0.4,12.4],"texture":"#2"},"west":{"uv":[11.6,6.4,12.4,6.8],"texture":"#2"},"up":{"uv":[12,7.6,11.6,6.8],"texture":"#2"},"down":{"uv":[7.6,11.6,7.2,12.4],"texture":"#2"}}},{"from":[11,0,3],"to":[13,2,5],"rotation":{"angle":0,"axis":"y","origin":[13,0,3]},"faces":{"north":{"uv":[11.6,8.4,10.8,9.2],"texture":"#2"},"east":{"uv":[1.6,11.2,0.8,12],"texture":"#2"},"south":{"uv":[0.8,11.2,0,12],"texture":"#2"},"west":{"uv":[11.6,9.2,10.8,10],"texture":"#2"},"up":{"uv":[1.6,12,2.4,11.2],"texture":"#2"},"down":{"uv":[2.4,11.2,3.2,12],"texture":"#2"}}},{"from":[9,0,3],"to":[11,1,4],"rotation":{"angle":0,"axis":"y","origin":[11,0,3]},"faces":{"north":{"uv":[4.8,11.6,4,12],"texture":"#2"},"east":{"uv":[12,9.6,11.6,10],"texture":"#2"},"south":{"uv":[5.6,11.6,4.8,12],"texture":"#2"},"west":{"uv":[11.2,10,10.8,10.4],"texture":"#2"},"up":{"uv":[5.6,12,6.4,11.6],"texture":"#2"},"down":{"uv":[11.6,6,12.4,6.4],"texture":"#2"}}},{"from":[12,0,5],"to":[13,1,7],"rotation":{"angle":0,"axis":"y","origin":[13,0,5]},"faces":{"north":{"uv":[12,11.6,11.6,12],"texture":"#2"},"east":{"uv":[12.4,6.4,11.6,6.8],"texture":"#2"},"south":{"uv":[0.4,12,0,12.4],"texture":"#2"},"west":{"uv":[7.2,11.6,6.4,12],"texture":"#2"},"up":{"uv":[11.6,7.6,12,6.8],"texture":"#2"},"down":{"uv":[7.2,11.6,7.6,12.4],"texture":"#2"}}},{"from":[11,0,11],"to":[13,2,13],"rotation":{"angle":0,"axis":"y","origin":[13,0,13]},"faces":{"north":{"uv":[0,11.2,0.8,12],"texture":"#2"},"east":{"uv":[0.8,11.2,1.6,12],"texture":"#2"},"south":{"uv":[10.8,8.4,11.6,9.2],"texture":"#2"},"west":{"uv":[10.8,9.2,11.6,10],"texture":"#2"},"up":{"uv":[1.6,11.2,2.4,12],"texture":"#2"},"down":{"uv":[2.4,12,3.2,11.2],"texture":"#2"}}},{"from":[9,0,12],"to":[11,1,13],"rotation":{"angle":0,"axis":"y","origin":[11,0,13]},"faces":{"north":{"uv":[4.8,11.6,5.6,12],"texture":"#2"},"east":{"uv":[11.6,9.6,12,10],"texture":"#2"},"south":{"uv":[4,11.6,4.8,12],"texture":"#2"},"west":{"uv":[10.8,10,11.2,10.4],"texture":"#2"},"up":{"uv":[5.6,11.6,6.4,12],"texture":"#2"},"down":{"uv":[11.6,6.4,12.4,6],"texture":"#2"}}},{"from":[12,0,9],"to":[13,1,11],"rotation":{"angle":0,"axis":"y","origin":[13,0,11]},"faces":{"north":{"uv":[0,12,0.4,12.4],"texture":"#2"},"east":{"uv":[11.6,6.4,12.4,6.8],"texture":"#2"},"south":{"uv":[11.6,11.6,12,12],"texture":"#2"},"west":{"uv":[6.4,11.6,7.2,12],"texture":"#2"},"up":{"uv":[11.6,6.8,12,7.6],"texture":"#2"},"down":{"uv":[7.2,12.4,7.6,11.6],"texture":"#2"}}},{"from":[5,0,12],"to":[7,1,13],"rotation":{"angle":0,"axis":"y","origin":[5,0,13]},"faces":{"north":{"uv":[5.6,11.6,4.8,12],"texture":"#2"},"east":{"uv":[11.2,10,10.8,10.4],"texture":"#2"},"south":{"uv":[4.8,11.6,4,12],"texture":"#2"},"west":{"uv":[12,9.6,11.6,10],"texture":"#2"},"up":{"uv":[6.4,11.6,5.6,12],"texture":"#2"},"down":{"uv":[12.4,6.4,11.6,6],"texture":"#2"}}},{"from":[3,0,11],"to":[5,2,13],"rotation":{"angle":0,"axis":"y","origin":[3,0,13]},"faces":{"north":{"uv":[0.8,11.2,0,12],"texture":"#2"},"east":{"uv":[11.6,9.2,10.8,10],"texture":"#2"},"south":{"uv":[11.6,8.4,10.8,9.2],"texture":"#2"},"west":{"uv":[1.6,11.2,0.8,12],"texture":"#2"},"up":{"uv":[2.4,11.2,1.6,12],"texture":"#2"},"down":{"uv":[3.2,12,2.4,11.2],"texture":"#2"}}},{"from":[3,0,9],"to":[4,1,11],"rotation":{"angle":0,"axis":"y","origin":[3,0,11]},"faces":{"north":{"uv":[0.4,12,0,12.4],"texture":"#2"},"east":{"uv":[7.2,11.6,6.4,12],"texture":"#2"},"south":{"uv":[12,11.6,11.6,12],"texture":"#2"},"west":{"uv":[12.4,6.4,11.6,6.8],"texture":"#2"},"up":{"uv":[12,6.8,11.6,7.6],"texture":"#2"},"down":{"uv":[7.6,12.4,7.2,11.6],"texture":"#2"}}}],"gui_light":"front","display":{"thirdperson_righthand":{"rotation":[64.5,0,0],"translation":[0,4.5,4.5],"scale":[0.86719,0.86719,0.86719]},"thirdperson_lefthand":{"rotation":[64.5,0,0],"translation":[0,4.5,4.5],"scale":[0.86719,0.86719,0.86719]},"firstperson_righthand":{"rotation":[-5,180,0],"translation":[-1.5,5.5,-2]},"firstperson_lefthand":{"rotation":[-5,180,0],"translation":[-1.5,5.5,-2]},"ground":{"translation":[0,9.75,0.75]},"gui":{"rotation":[0,135,0],"translation":[0.25,1.25,0]},"head":{"rotation":[0,180,0],"translation":[0,-23.25,0],"scale":[2.5,2.5,2.5]},"fixed":{"rotation":[-90,0,0],"translation":[0,0,-24.25],"scale":[3.17578,3.17578,3.17578]}},"groups":[{"name":"group","origin":[9.24207,17.00795,7.4782],"color":0,"children":[0,1,2,3,4,5,6,7,8,9,10,11,12,13,14,15,16,17,18,19,20,21,22]},{"name":"group","origin":[3,0,11],"color":0,"children":[23,24,25,26,27,28,29,30,31,32,33,34,35,36,37,38,39,40]}]}