{
	"credit": "Made by PolygonMC",
	"texture_size": [24, 24],
	"textures": {
		"2": "littlepenguinset:item/crossbow",
		"particle": "littlepenguinset:item/crossbow"
	},
	"elements": [
		{
			"from": [7.5, 7.25, 2],
			"to": [8.5, 8.75, 6],
			"rotation": {"angle": 0, "axis": "y", "origin": [7.5, 6.75, 4]},
			"faces": {
				"north": {"uv": [1.33333, 12.66667, 2, 13.66667], "texture": "#2"},
				"east": {"uv": [8.66667, 6, 11.33333, 7], "texture": "#2"},
				"south": {"uv": [12.66667, 1.33333, 13.33333, 2.33333], "texture": "#2"},
				"west": {"uv": [10.66667, 0, 13.33333, 1], "texture": "#2"},
				"up": {"uv": [4.66667, 13.33333, 4, 10.66667], "texture": "#2"},
				"down": {"uv": [5.33333, 10.66667, 4.66667, 13.33333], "texture": "#2"}
			}
		},
		{
			"from": [7.575, 7.05607, 1.575],
			"to": [8.425, 8.90607, 2.575],
			"rotation": {"angle": 0, "axis": "z", "origin": [8, 7.98107, 1.825]},
			"faces": {
				"north": {"uv": [3.33333, 12, 4, 13.33333], "texture": "#2"},
				"east": {"uv": [12, 5.33333, 12.66667, 6.66667], "texture": "#2"},
				"south": {"uv": [8.66667, 12, 9.33333, 13.33333], "texture": "#2"},
				"west": {"uv": [12, 8.66667, 12.66667, 10], "texture": "#2"},
				"up": {"uv": [14, 4, 13.33333, 3.33333], "texture": "#2"},
				"down": {"uv": [4.66667, 13.33333, 4, 14], "texture": "#2"}
			}
		},
		{
			"from": [7.75, 6.75, 6.5],
			"to": [8.25, 7, 8],
			"rotation": {"angle": 0, "axis": "y", "origin": [7.5, 5, 4]},
			"faces": {
				"north": {"uv": [14, 14, 14.33333, 14.33333], "texture": "#2"},
				"east": {"uv": [13.33333, 10.66667, 14.33333, 11], "texture": "#2"},
				"south": {"uv": [0, 14.66667, 0.33333, 15], "texture": "#2"},
				"west": {"uv": [13.33333, 11.33333, 14.33333, 11.66667], "texture": "#2"},
				"up": {"uv": [13.66667, 13, 13.33333, 12], "texture": "#2"},
				"down": {"uv": [13, 13.33333, 12.66667, 14.33333], "texture": "#2"}
			}
		},
		{
			"from": [7.75, 7.24372, 5.80806],
			"to": [8.25, 7.49372, 6.80806],
			"rotation": {"angle": 45, "axis": "x", "origin": [8, 7.36872, 6.05806]},
			"faces": {
				"north": {"uv": [14.66667, 0, 15, 0.33333], "texture": "#2"},
				"east": {"uv": [14, 7.33333, 14.66667, 7.66667], "texture": "#2"},
				"south": {"uv": [0.66667, 14.66667, 1, 15], "texture": "#2"},
				"west": {"uv": [8, 14, 8.66667, 14.33333], "texture": "#2"},
				"up": {"uv": [9, 14.66667, 8.66667, 14], "texture": "#2"},
				"down": {"uv": [14.33333, 8.66667, 14, 9.33333], "texture": "#2"}
			}
		},
		{
			"from": [7.5, 6.75, 8],
			"to": [8.5, 8.75, 10],
			"rotation": {"angle": 0, "axis": "y", "origin": [7.5, 6.75, 8]},
			"faces": {
				"north": {"uv": [11.33333, 11.33333, 12, 12.66667], "texture": "#2"},
				"east": {"uv": [7.33333, 4, 8.66667, 5.33333], "texture": "#2"},
				"south": {"uv": [12, 1.33333, 12.66667, 2.66667], "texture": "#2"},
				"west": {"uv": [10.66667, 8.66667, 12, 10], "texture": "#2"},
				"up": {"uv": [2.66667, 13.33333, 2, 12], "texture": "#2"},
				"down": {"uv": [3.33333, 12, 2.66667, 13.33333], "texture": "#2"}
			}
		},
		{
			"from": [7.5, 5.425, 8.2],
			"to": [8.5, 5.925, 9.3],
			"rotation": {"angle": 0, "axis": "y", "origin": [7.5, 4.925, 7.3]},
			"faces": {
				"north": {"uv": [14, 6, 14.66667, 6.33333], "texture": "#2"},
				"east": {"uv": [6.66667, 14, 7.33333, 14.33333], "texture": "#2"},
				"south": {"uv": [14, 6.66667, 14.66667, 7], "texture": "#2"},
				"west": {"uv": [7.33333, 14, 8, 14.33333], "texture": "#2"},
				"up": {"uv": [3.33333, 14, 2.66667, 13.33333], "texture": "#2"},
				"down": {"uv": [4, 13.33333, 3.33333, 14], "texture": "#2"}
			}
		},
		{
			"from": [7.525, 5.575, 7.8],
			"to": [8.475, 8.075, 8.75],
			"rotation": {"angle": -22.5, "axis": "x", "origin": [8, 7.075, 8.275]},
			"faces": {
				"north": {"uv": [6, 11.33333, 6.66667, 13], "texture": "#2"},
				"east": {"uv": [6.66667, 11.33333, 7.33333, 13], "texture": "#2"},
				"south": {"uv": [7.33333, 11.33333, 8, 13], "texture": "#2"},
				"west": {"uv": [8, 11.33333, 8.66667, 13], "texture": "#2"}
			}
		},
		{
			"from": [7.505, 6.4021, 9.50314],
			"to": [8.495, 8.2521, 12.50314],
			"rotation": {"angle": 22.5, "axis": "x", "origin": [8.005, 7.2521, 11.00314]},
			"faces": {
				"east": {"uv": [2, 10.66667, 4, 12], "texture": "#2"},
				"south": {"uv": [12, 2.66667, 12.66667, 4], "texture": "#2"},
				"west": {"uv": [10.66667, 7.33333, 12.66667, 8.66667], "texture": "#2"},
				"up": {"uv": [6, 13.33333, 5.33333, 11.33333], "texture": "#2"},
				"down": {"uv": [12, 5.33333, 11.33333, 7.33333], "texture": "#2"}
			}
		},
		{
			"from": [7.605, 6.5021, 12.50314],
			"to": [8.395, 8.1521, 12.75314],
			"rotation": {"angle": 22.5, "axis": "x", "origin": [8.005, 7.2521, 11.00314]},
			"faces": {
				"east": {"uv": [10, 13.33333, 10.33333, 14.33333], "texture": "#2"},
				"south": {"uv": [12.66667, 2.66667, 13.33333, 3.66667], "texture": "#2"},
				"west": {"uv": [10.66667, 13.33333, 11, 14.33333], "texture": "#2"},
				"up": {"uv": [14.66667, 5.66667, 14, 5.33333], "texture": "#2"},
				"down": {"uv": [6.66667, 14, 6, 14.33333], "texture": "#2"}
			}
		},
		{
			"from": [7.5, 7.75, 6],
			"to": [8.5, 8.75, 8],
			"rotation": {"angle": 0, "axis": "y", "origin": [7.5, 6.75, 6]},
			"faces": {
				"east": {"uv": [10.66667, 1.33333, 12, 2], "texture": "#2"},
				"west": {"uv": [8.66667, 11.33333, 10, 12], "texture": "#2"},
				"up": {"uv": [10.66667, 12.66667, 10, 11.33333], "texture": "#2"},
				"down": {"uv": [11.33333, 11.33333, 10.66667, 12.66667], "texture": "#2"}
			}
		},
		{
			"from": [6.89645, 7.55, 1.625],
			"to": [7.39645, 9.05, 2.375],
			"rotation": {"angle": 45, "axis": "z", "origin": [7.64645, 8.3, 1.875]},
			"faces": {
				"north": {"uv": [2.66667, 14, 3, 15], "texture": "#2"},
				"east": {"uv": [12.66667, 5.33333, 13.33333, 6.33333], "texture": "#2"},
				"south": {"uv": [14, 2.66667, 14.33333, 3.66667], "texture": "#2"},
				"west": {"uv": [12.66667, 7.33333, 13.33333, 8.33333], "texture": "#2"},
				"up": {"uv": [14.33333, 10, 14, 9.33333], "texture": "#2"}
			}
		},
		{
			"from": [6.58579, 8.3, 1.63],
			"to": [7.08579, 9.8, 2.37],
			"rotation": {"angle": 0, "axis": "z", "origin": [7.33579, 9.05, 1.88]},
			"faces": {
				"north": {"uv": [13.33333, 13.33333, 13.66667, 14.33333], "texture": "#2"},
				"east": {"uv": [14, 0, 14.33333, 1], "texture": "#2"},
				"south": {"uv": [1.33333, 14, 1.66667, 15], "texture": "#2"},
				"west": {"uv": [14, 1.33333, 14.33333, 2.33333], "texture": "#2"},
				"up": {"uv": [15, 1, 14.66667, 0.66667], "texture": "#2"}
			}
		},
		{
			"from": [5.08579, 8.7, 1.745],
			"to": [6.58579, 9.7, 2.245],
			"rotation": {"angle": 0, "axis": "y", "origin": [4.58579, 8.7, 1.745]},
			"faces": {
				"north": {"uv": [12.66667, 8.66667, 13.66667, 9.33333], "texture": "#2"},
				"south": {"uv": [12.66667, 9.33333, 13.66667, 10], "texture": "#2"},
				"up": {"uv": [4.33333, 14.33333, 3.33333, 14], "texture": "#2"},
				"down": {"uv": [15, 4, 14, 4.33333], "texture": "#2"}
			}
		},
		{
			"from": [3.75758, 8.7, 2.10865],
			"to": [5.25758, 9.7, 2.60865],
			"rotation": {"angle": 22.5, "axis": "y", "origin": [4.25758, 9.2, 2.35865]},
			"faces": {
				"north": {"uv": [12, 6.66667, 13, 7.33333], "texture": "#2"},
				"south": {"uv": [0, 12.66667, 1, 13.33333], "texture": "#2"},
				"up": {"uv": [9, 13.66667, 8, 13.33333], "texture": "#2"},
				"down": {"uv": [14.33333, 8, 13.33333, 8.33333], "texture": "#2"}
			}
		},
		{
			"from": [2.66964, 8.7, 2.95291],
			"to": [4.16964, 9.7, 3.45291],
			"rotation": {"angle": 45, "axis": "y", "origin": [3.16964, 9.2, 3.20291]},
			"faces": {
				"north": {"uv": [10, 12.66667, 11, 13.33333], "texture": "#2"},
				"east": {"uv": [14, 10, 14.33333, 10.66667], "texture": "#2"},
				"south": {"uv": [12.66667, 10, 13.66667, 10.66667], "texture": "#2"},
				"west": {"uv": [11.33333, 14, 11.66667, 14.66667], "texture": "#2"},
				"up": {"uv": [5.66667, 14.33333, 4.66667, 14], "texture": "#2"},
				"down": {"uv": [15, 4.66667, 14, 5], "texture": "#2"}
			}
		},
		{
			"from": [9.41421, 8.7, 1.745],
			"to": [10.91421, 9.7, 2.245],
			"rotation": {"angle": 0, "axis": "y", "origin": [11.41421, 8.7, 1.745]},
			"faces": {
				"north": {"uv": [13.66667, 8.66667, 12.66667, 9.33333], "texture": "#2"},
				"south": {"uv": [13.66667, 9.33333, 12.66667, 10], "texture": "#2"},
				"up": {"uv": [3.33333, 14.33333, 4.33333, 14], "texture": "#2"},
				"down": {"uv": [14, 4, 15, 4.33333], "texture": "#2"}
			}
		},
		{
			"from": [10.74242, 8.7, 2.10865],
			"to": [12.24242, 9.7, 2.60865],
			"rotation": {"angle": -22.5, "axis": "y", "origin": [11.74242, 9.2, 2.35865]},
			"faces": {
				"north": {"uv": [13, 6.66667, 12, 7.33333], "texture": "#2"},
				"south": {"uv": [1, 12.66667, 0, 13.33333], "texture": "#2"},
				"up": {"uv": [8, 13.66667, 9, 13.33333], "texture": "#2"},
				"down": {"uv": [13.33333, 8, 14.33333, 8.33333], "texture": "#2"}
			}
		},
		{
			"from": [11.83036, 8.7, 2.95291],
			"to": [13.33036, 9.7, 3.45291],
			"rotation": {"angle": -45, "axis": "y", "origin": [12.83036, 9.2, 3.20291]},
			"faces": {
				"north": {"uv": [11, 12.66667, 10, 13.33333], "texture": "#2"},
				"east": {"uv": [11.66667, 14, 11.33333, 14.66667], "texture": "#2"},
				"south": {"uv": [13.66667, 10, 12.66667, 10.66667], "texture": "#2"},
				"west": {"uv": [14.33333, 10, 14, 10.66667], "texture": "#2"},
				"up": {"uv": [4.66667, 14.33333, 5.66667, 14], "texture": "#2"},
				"down": {"uv": [14, 4.66667, 15, 5], "texture": "#2"}
			}
		},
		{
			"from": [8.91421, 8.3, 1.63],
			"to": [9.41421, 9.8, 2.37],
			"rotation": {"angle": 0, "axis": "z", "origin": [8.66421, 9.05, 1.88]},
			"faces": {
				"north": {"uv": [13.66667, 13.33333, 13.33333, 14.33333], "texture": "#2"},
				"east": {"uv": [14.33333, 1.33333, 14, 2.33333], "texture": "#2"},
				"south": {"uv": [1.66667, 14, 1.33333, 15], "texture": "#2"},
				"west": {"uv": [14.33333, 0, 14, 1], "texture": "#2"},
				"up": {"uv": [14.66667, 1, 15, 0.66667], "texture": "#2"}
			}
		},
		{
			"from": [8.60355, 7.55, 1.625],
			"to": [9.10355, 9.05, 2.375],
			"rotation": {"angle": -45, "axis": "z", "origin": [8.35355, 8.3, 1.875]},
			"faces": {
				"north": {"uv": [3, 14, 2.66667, 15], "texture": "#2"},
				"east": {"uv": [13.33333, 7.33333, 12.66667, 8.33333], "texture": "#2"},
				"south": {"uv": [14.33333, 2.66667, 14, 3.66667], "texture": "#2"},
				"west": {"uv": [13.33333, 5.33333, 12.66667, 6.33333], "texture": "#2"},
				"up": {"uv": [14, 10, 14.33333, 9.33333], "texture": "#2"}
			}
		},
		{
			"from": [6.13, 7.87278, 9.1506],
			"to": [9.87, 10.93278, 13.9106],
			"rotation": {"angle": 0, "axis": "y", "origin": [6.75793, 10.40795, 10.9782]},
			"faces": {
				"north": {"uv": [7.33333, 2, 9.66667, 4], "texture": "#2"},
				"east": {"uv": [5.33333, 5.33333, 8.66667, 7.33333], "texture": "#2"},
				"south": {"uv": [5.33333, 7.33333, 7.66667, 9.33333], "texture": "#2"},
				"west": {"uv": [7.33333, 0, 10.66667, 2], "texture": "#2"},
				"up": {"uv": [2.33333, 8.66667, 0, 5.33333], "texture": "#2"},
				"down": {"uv": [5, 5.33333, 2.66667, 8.66667], "texture": "#2"}
			}
		},
		{
			"from": [6.81, 8.70486, 13.42283],
			"to": [9.19, 8.70486, 14.78283],
			"rotation": {"angle": -45, "axis": "x", "origin": [6.75793, 10.40795, 10.9782]},
			"faces": {
				"north": {"uv": [0, 0, 1.66667, 0], "texture": "#2"},
				"east": {"uv": [0, 0, 1, 0], "texture": "#2"},
				"south": {"uv": [0, 0, 1.66667, 0], "texture": "#2"},
				"west": {"uv": [0, 0, 1, 0], "texture": "#2"},
				"up": {"uv": [12.33333, 11, 10.66667, 10], "texture": "#2"},
				"down": {"uv": [13, 4, 11.33333, 5], "texture": "#2"}
			}
		},
		{
			"from": [5.44384, 8.21278, 9.80287],
			"to": [5.81784, 10.59278, 13.20287],
			"rotation": {"angle": -22.5, "axis": "y", "origin": [5.63084, 9.40278, 11.50287]},
			"faces": {
				"north": {"uv": [13.33333, 1.33333, 13.66667, 3], "texture": "#2"},
				"east": {"uv": [2.66667, 8.66667, 5, 10.33333], "texture": "#2"},
				"south": {"uv": [2, 13.33333, 2.33333, 15], "texture": "#2"},
				"west": {"uv": [8.66667, 4, 11, 5.66667], "texture": "#2"},
				"up": {"uv": [9.66667, 14.33333, 9.33333, 12], "texture": "#2"},
				"down": {"uv": [12.33333, 11.33333, 12, 13.66667], "texture": "#2"}
			}
		},
		{
			"from": [10.18216, 8.21278, 9.80287],
			"to": [10.55616, 10.59278, 13.20287],
			"rotation": {"angle": 22.5, "axis": "y", "origin": [10.36916, 9.40278, 11.50287]},
			"faces": {
				"north": {"uv": [13.66667, 1.33333, 13.33333, 3], "texture": "#2"},
				"east": {"uv": [11, 4, 8.66667, 5.66667], "texture": "#2"},
				"south": {"uv": [2.33333, 13.33333, 2, 15], "texture": "#2"},
				"west": {"uv": [5, 8.66667, 2.66667, 10.33333], "texture": "#2"},
				"up": {"uv": [9.33333, 14.33333, 9.66667, 12], "texture": "#2"},
				"down": {"uv": [12, 11.33333, 12.33333, 13.66667], "texture": "#2"}
			}
		},
		{
			"from": [6.3, 9.44528, 7.0681],
			"to": [9.7, 12.16528, 10.2981],
			"rotation": {"angle": 0, "axis": "y", "origin": [6.75793, 10.40795, 10.9782]},
			"faces": {
				"north": {"uv": [5.33333, 9.33333, 7.66667, 11], "texture": "#2"},
				"east": {"uv": [10, 2, 12, 3.66667], "texture": "#2"},
				"south": {"uv": [8, 9.33333, 10.33333, 11], "texture": "#2"},
				"west": {"uv": [0, 10.66667, 2, 12.33333], "texture": "#2"},
				"up": {"uv": [10.33333, 9.33333, 8, 7.33333], "texture": "#2"},
				"down": {"uv": [2.33333, 8.66667, 0, 10.66667], "texture": "#2"}
			}
		},
		{
			"from": [7.388, 9.80228, 6.0481],
			"to": [8.612, 10.69828, 7.0681],
			"rotation": {"angle": 0, "axis": "y", "origin": [6.75793, 10.40795, 10.9782]},
			"faces": {
				"north": {"uv": [13.33333, 4, 14, 4.66667], "texture": "#2"},
				"east": {"uv": [4.66667, 13.33333, 5.33333, 14], "texture": "#2"},
				"west": {"uv": [13.33333, 4.66667, 14, 5.33333], "texture": "#2"},
				"up": {"uv": [6, 14, 5.33333, 13.33333], "texture": "#2"},
				"down": {"uv": [14, 5.33333, 13.33333, 6], "texture": "#2"}
			}
		},
		{
			"from": [6.64, 8.52991, 13.35413],
			"to": [7.41, 8.52991, 14.46413],
			"rotation": {"angle": -22.5, "axis": "x", "origin": [6.75793, 10.40795, 10.9782]},
			"faces": {
				"north": {"uv": [0, 0, 0.66667, 0], "texture": "#2"},
				"east": {"uv": [0, 0, 0.66667, 0], "texture": "#2"},
				"south": {"uv": [0, 0, 0.66667, 0], "texture": "#2"},
				"west": {"uv": [0, 0, 0.66667, 0], "texture": "#2"},
				"up": {"uv": [6.66667, 14, 6, 13.33333], "texture": "#2"},
				"down": {"uv": [14, 6, 13.33333, 6.66667], "texture": "#2"}
			}
		},
		{
			"from": [6.64, 7.33887, 13.48007],
			"to": [7.41, 7.33887, 14.84007],
			"rotation": {"angle": -45, "axis": "x", "origin": [6.75793, 10.40795, 10.9782]},
			"faces": {
				"north": {"uv": [0, 0, 0.66667, 0], "texture": "#2"},
				"east": {"uv": [0, 0, 1, 0], "texture": "#2"},
				"south": {"uv": [0, 0, 0.66667, 0], "texture": "#2"},
				"west": {"uv": [0, 0, 1, 0], "texture": "#2"},
				"up": {"uv": [13.33333, 11.66667, 12.66667, 10.66667], "texture": "#2"},
				"down": {"uv": [12, 12.66667, 11.33333, 13.66667], "texture": "#2"}
			}
		},
		{
			"from": [8.59, 8.52991, 13.35413],
			"to": [9.36, 8.52991, 14.46413],
			"rotation": {"angle": -22.5, "axis": "x", "origin": [9.24207, 10.40795, 10.9782]},
			"faces": {
				"north": {"uv": [0.66667, 0, 0, 0], "texture": "#2"},
				"east": {"uv": [0.66667, 0, 0, 0], "texture": "#2"},
				"south": {"uv": [0.66667, 0, 0, 0], "texture": "#2"},
				"west": {"uv": [0.66667, 0, 0, 0], "texture": "#2"},
				"up": {"uv": [6, 14, 6.66667, 13.33333], "texture": "#2"},
				"down": {"uv": [13.33333, 6, 14, 6.66667], "texture": "#2"}
			}
		},
		{
			"from": [8.59, 7.33887, 13.48007],
			"to": [9.36, 7.33887, 14.84007],
			"rotation": {"angle": -45, "axis": "x", "origin": [9.24207, 10.40795, 10.9782]},
			"faces": {
				"north": {"uv": [0.66667, 0, 0, 0], "texture": "#2"},
				"east": {"uv": [1, 0, 0, 0], "texture": "#2"},
				"south": {"uv": [0.66667, 0, 0, 0], "texture": "#2"},
				"west": {"uv": [1, 0, 0, 0], "texture": "#2"},
				"up": {"uv": [12.66667, 11.66667, 13.33333, 10.66667], "texture": "#2"},
				"down": {"uv": [11.33333, 12.66667, 12, 13.66667], "texture": "#2"}
			}
		},
		{
			"from": [7.5, 6.75, 2.25],
			"to": [8.5, 7.25, 3.25],
			"rotation": {"angle": 0, "axis": "y", "origin": [7.5, 6.75, 2.25]},
			"faces": {
				"north": {"uv": [12, 14, 12.66667, 14.33333], "texture": "#2"},
				"east": {"uv": [14, 12, 14.66667, 12.33333], "texture": "#2"},
				"south": {"uv": [14, 12.66667, 14.66667, 13], "texture": "#2"},
				"west": {"uv": [14, 13.33333, 14.66667, 13.66667], "texture": "#2"},
				"up": {"uv": [7.33333, 14, 6.66667, 13.33333], "texture": "#2"},
				"down": {"uv": [14, 6.66667, 13.33333, 7.33333], "texture": "#2"}
			}
		},
		{
			"from": [7.6, 4.75, 2.35],
			"to": [8.4, 6.25, 3.15],
			"rotation": {"angle": 0, "axis": "y", "origin": [7.5, 5.75, 2.25]},
			"faces": {
				"north": {"uv": [12.66667, 12, 13.33333, 13], "texture": "#2"},
				"east": {"uv": [0, 13.33333, 0.66667, 14.33333], "texture": "#2"},
				"south": {"uv": [13.33333, 0, 14, 1], "texture": "#2"},
				"west": {"uv": [0.66667, 13.33333, 1.33333, 14.33333], "texture": "#2"},
				"up": {"uv": [8, 14, 7.33333, 13.33333], "texture": "#2"},
				"down": {"uv": [14, 7.33333, 13.33333, 8], "texture": "#2"}
			}
		},
		{
			"from": [7.675, 6.25, 2.45],
			"to": [8.325, 6.75, 3.05],
			"rotation": {"angle": 0, "axis": "y", "origin": [7.5, 6.25, 2.25]},
			"faces": {
				"north": {"uv": [14.66667, 1.33333, 15, 1.66667], "texture": "#2"},
				"east": {"uv": [14.66667, 2, 15, 2.33333], "texture": "#2"},
				"south": {"uv": [14.66667, 2.66667, 15, 3], "texture": "#2"},
				"west": {"uv": [3.33333, 14.66667, 3.66667, 15], "texture": "#2"}
			}
		},
		{
			"from": [2.75, 9.1, 3.4],
			"to": [13.25, 9.1, 9.15],
			"rotation": {"angle": 0, "axis": "y", "origin": [4.5, 9.1, 3.4]},
			"faces": {
				"north": {"uv": [0, 0, 7, 0], "texture": "#2"},
				"east": {"uv": [0, 0, 4, 0], "texture": "#2"},
				"south": {"uv": [0, 0, 7, 0], "texture": "#2"},
				"west": {"uv": [0, 0, 4, 0], "texture": "#2"},
				"up": {"uv": [7, 4, 0, 0], "texture": "#2"},
				"down": {"uv": [7, 0, 0, 4], "texture": "#2"}
			}
		},
		{
			"from": [8, 8.1, -7.55],
			"to": [8, 10.1, 3.7],
			"rotation": {"angle": 45, "axis": "z", "origin": [8, 9.1, -1.925]},
			"faces": {
				"north": {"uv": [0, 0, 0, 1.33333], "texture": "#2"},
				"east": {"uv": [7.33333, 4, 0, 5.33333], "texture": "#2"},
				"south": {"uv": [0, 0, 0, 1.33333], "texture": "#2"},
				"west": {"uv": [0, 4, 7.33333, 5.33333], "texture": "#2"},
				"up": {"uv": [0, 0, 0, 6], "texture": "#2"},
				"down": {"uv": [0, 0, 0, 6], "texture": "#2"}
			}
		},
		{
			"from": [8, 8.1, -7.55],
			"to": [8, 10.1, 3.7],
			"rotation": {"angle": -45, "axis": "z", "origin": [8, 9.1, -1.925]},
			"faces": {
				"north": {"uv": [0, 0, 0, 1.33333], "texture": "#2"},
				"east": {"uv": [7.33333, 4, 0, 5.33333], "texture": "#2"},
				"south": {"uv": [0, 0, 0, 1.33333], "texture": "#2"},
				"west": {"uv": [0, 4, 7.33333, 5.33333], "texture": "#2"},
				"up": {"uv": [0, 0, 0, 6], "texture": "#2"},
				"down": {"uv": [0, 0, 0, 6], "texture": "#2"}
			}
		}
	],
	"gui_light": "front",
	"display": {
		"thirdperson_righthand": {
			"translation": [0, 0.25, 0.75],
			"scale": [0.86719, 0.86719, 0.86719]
		},
		"thirdperson_lefthand": {
			"translation": [0, 0.25, 0.75],
			"scale": [0.86719, 0.86719, 0.86719]
		},
		"firstperson_righthand": {
			"rotation": [0.71, -9.74, 0.17],
			"translation": [5.5, 2, 3.25]
		},
		"firstperson_lefthand": {
			"rotation": [0, -10.5, 0],
			"translation": [5, 2.25, 3.6]
		},
		"ground": {
			"rotation": [40, 0, 0],
			"translation": [0, 6.25, 0.5]
		},
		"gui": {
			"rotation": [89, 45, 0],
			"translation": [0.25, -0.25, 0]
		},
		"head": {
			"scale": [0, 0, 0]
		},
		"fixed": {
			"rotation": [-90, 0, 0],
			"translation": [0, 0, -2.75],
			"scale": [1.17188, 1.17188, 1.17188]
		}
	},
	"groups": [
		0,
		1,
		2,
		3,
		4,
		5,
		6,
		7,
		8,
		9,
		10,
		11,
		12,
		13,
		14,
		15,
		16,
		17,
		18,
		19,
		{
			"name": "group",
			"origin": [10.48415, 10.20454, 11.47302],
			"color": 0,
			"children": [20, 21, 22, 23, 24, 25, 26, 27, 28, 29]
		},
		30,
		31,
		32,
		33,
		34,
		35
	]
}