{
	"credit": "MadebyPolygonMC",
	"texture_size": [40, 40],
	"textures": {
		"2": "littlepenguinset:item/shield",
		"particle": "littlepenguinset:item/shield"
	},
	"elements": [
		{
			"from": [7.25, 4.175, 10.25],
			"to": [8.75, 5.675, 11.75],
			"rotation": {"angle": -45, "axis": "x", "origin": [8, 4.925, 11]},
			"faces": {
				"north": {"uv": [8.8, 6.4, 9.4, 7], "texture": "#2"},
				"east": {"uv": [9.2, 1.6, 9.8, 2.2], "texture": "#2"},
				"south": {"uv": [9.2, 2.4, 9.8, 3], "texture": "#2"},
				"west": {"uv": [9.2, 3.2, 9.8, 3.8], "texture": "#2"},
				"up": {"uv": [4.6, 9.8, 4, 9.2], "texture": "#2"},
				"down": {"uv": [9.8, 4, 9.2, 4.6], "texture": "#2"}
			}
		},
		{
			"from": [7.5, 5.425, 10.5],
			"to": [8.5, 6.425, 11.5],
			"rotation": {"angle": 0, "axis": "y", "origin": [6.5, 5.425, 9.5]},
			"faces": {
				"north": {"uv": [9.6, 7.2, 10, 7.6], "texture": "#2"},
				"east": {"uv": [9.6, 7.6, 10, 8], "texture": "#2"},
				"south": {"uv": [9.6, 9.6, 10, 10], "texture": "#2"},
				"west": {"uv": [10, 1.6, 10.4, 2], "texture": "#2"},
				"up": {"uv": [2.4, 10.4, 2, 10], "texture": "#2"}
			}
		},
		{
			"from": [7.5, 9.425, 10.5],
			"to": [8.5, 10.425, 11.5],
			"rotation": {"angle": 0, "axis": "y", "origin": [6.5, 9.425, 9.5]},
			"faces": {
				"north": {"uv": [10, 2, 10.4, 2.4], "texture": "#2"},
				"east": {"uv": [2.4, 10, 2.8, 10.4], "texture": "#2"},
				"south": {"uv": [10, 2.4, 10.4, 2.8], "texture": "#2"},
				"west": {"uv": [10, 2.8, 10.4, 3.2], "texture": "#2"},
				"up": {"uv": [10.4, 3.6, 10, 3.2], "texture": "#2"}
			}
		},
		{
			"from": [7.6, 6.925, 10.6],
			"to": [8.4, 8.925, 11.4],
			"rotation": {"angle": 0, "axis": "y", "origin": [6.5, 6.925, 9.5]},
			"faces": {
				"north": {"uv": [7.2, 9.2, 7.6, 10], "texture": "#2"},
				"east": {"uv": [9.2, 7.2, 9.6, 8], "texture": "#2"},
				"south": {"uv": [7.6, 9.2, 8, 10], "texture": "#2"},
				"west": {"uv": [8, 9.2, 8.4, 10], "texture": "#2"},
				"up": {"uv": [10.4, 4, 10, 3.6], "texture": "#2"}
			}
		},
		{
			"from": [7.4, 6.425, 10.4],
			"to": [8.6, 6.925, 11.6],
			"rotation": {"angle": 0, "axis": "y", "origin": [7, 0.925, 10]},
			"faces": {
				"north": {"uv": [7.2, 10, 7.6, 10.2], "texture": "#2"},
				"east": {"uv": [10, 7.2, 10.4, 7.4], "texture": "#2"},
				"south": {"uv": [7.6, 10, 8, 10.2], "texture": "#2"},
				"west": {"uv": [10, 7.6, 10.4, 7.8], "texture": "#2"},
				"up": {"uv": [4.4, 10.4, 4, 10], "texture": "#2"},
				"down": {"uv": [10.4, 4, 10, 4.4], "texture": "#2"}
			}
		},
		{
			"from": [7.4, 8.925, 10.4],
			"to": [8.6, 9.425, 11.6],
			"rotation": {"angle": 0, "axis": "y", "origin": [7, 3.425, 10]},
			"faces": {
				"north": {"uv": [8, 10, 8.4, 10.2], "texture": "#2"},
				"east": {"uv": [10, 8.4, 10.4, 8.6], "texture": "#2"},
				"south": {"uv": [10, 8.8, 10.4, 9], "texture": "#2"},
				"west": {"uv": [9.2, 10, 9.6, 10.2], "texture": "#2"},
				"up": {"uv": [4.8, 10.4, 4.4, 10], "texture": "#2"},
				"down": {"uv": [10.4, 4.4, 10, 4.8], "texture": "#2"}
			}
		},
		{
			"from": [7.25, 10.175, 10],
			"to": [8.75, 12.175, 12],
			"rotation": {"angle": -45, "axis": "x", "origin": [8, 11.175, 11]},
			"faces": {
				"north": {"uv": [8.4, 1.6, 9, 2.4], "texture": "#2"},
				"east": {"uv": [6.4, 4.8, 7.2, 5.6], "texture": "#2"},
				"south": {"uv": [8.4, 2.4, 9, 3.2], "texture": "#2"},
				"west": {"uv": [4, 8, 4.8, 8.8], "texture": "#2"},
				"up": {"uv": [9, 4, 8.4, 3.2], "texture": "#2"},
				"down": {"uv": [9, 4, 8.4, 4.8], "texture": "#2"}
			}
		},
		{
			"from": [7, 10.425, 10.25],
			"to": [9, 11.925, 11.75],
			"rotation": {"angle": -45, "axis": "x", "origin": [8, 11.175, 11]},
			"faces": {
				"north": {"uv": [7.2, 8.4, 8, 9], "texture": "#2"},
				"east": {"uv": [4.8, 9.2, 5.4, 9.8], "texture": "#2"},
				"south": {"uv": [8.4, 7.2, 9.2, 7.8], "texture": "#2"},
				"west": {"uv": [5.6, 9.2, 6.2, 9.8], "texture": "#2"},
				"up": {"uv": [8.8, 9, 8, 8.4], "texture": "#2"},
				"down": {"uv": [0.8, 8.8, 0, 9.4], "texture": "#2"}
			}
		},
		{
			"from": [6.13, 14.47279, 5.6506],
			"to": [9.87, 17.53279, 10.4106],
			"rotation": {"angle": 0, "axis": "y", "origin": [8, 17.00796, 7.47819]},
			"faces": {
				"north": {"uv": [6.4, 0, 7.8, 1.2], "texture": "#2"},
				"east": {"uv": [3.2, 5.6, 5.2, 6.8], "texture": "#2"},
				"south": {"uv": [6.4, 1.2, 7.8, 2.4], "texture": "#2"},
				"west": {"uv": [5.2, 5.6, 7.2, 6.8], "texture": "#2"},
				"up": {"uv": [1.4, 7.6, 0, 5.6], "texture": "#2"},
				"down": {"uv": [3, 5.6, 1.6, 7.6], "texture": "#2"}
			}
		},
		{
			"from": [6.81, 19.45259, 9.18129],
			"to": [9.19, 20.81259, 9.18129],
			"rotation": {"angle": 45, "axis": "x", "origin": [8, 17.00796, 7.47819]},
			"faces": {
				"north": {"uv": [4.8, 8, 5.8, 8.6], "texture": "#2"},
				"east": {"uv": [0, 0, 0, 0.6], "texture": "#2"},
				"south": {"uv": [6, 8, 7, 8.6], "texture": "#2"},
				"west": {"uv": [0, 0, 0, 0.6], "texture": "#2"},
				"up": {"uv": [1, 0, 0, 0], "texture": "#2"},
				"down": {"uv": [1, 0, 0, 0], "texture": "#2"}
			}
		},
		{
			"from": [5.56846, 14.81279, 6.86094],
			"to": [5.94246, 17.19279, 10.26094],
			"rotation": {"angle": -22.5, "axis": "y", "origin": [8, 17.00796, 7.47819]},
			"faces": {
				"north": {"uv": [9.6, 8.4, 9.8, 9.4], "texture": "#2"},
				"east": {"uv": [4, 6.8, 5.4, 7.8], "texture": "#2"},
				"south": {"uv": [8.8, 9.6, 9, 10.6], "texture": "#2"},
				"west": {"uv": [5.6, 6.8, 7, 7.8], "texture": "#2"},
				"up": {"uv": [8.6, 10.6, 8.4, 9.2], "texture": "#2"},
				"down": {"uv": [9.4, 8.4, 9.2, 9.8], "texture": "#2"}
			}
		},
		{
			"from": [10.05754, 14.81279, 6.86094],
			"to": [10.43154, 17.19279, 10.26094],
			"rotation": {"angle": 22.5, "axis": "y", "origin": [8, 17.00796, 7.47819]},
			"faces": {
				"north": {"uv": [9.8, 8.4, 9.6, 9.4], "texture": "#2"},
				"east": {"uv": [7, 6.8, 5.6, 7.8], "texture": "#2"},
				"south": {"uv": [9, 9.6, 8.8, 10.6], "texture": "#2"},
				"west": {"uv": [5.4, 6.8, 4, 7.8], "texture": "#2"},
				"up": {"uv": [8.4, 10.6, 8.6, 9.2], "texture": "#2"},
				"down": {"uv": [9.2, 8.4, 9.4, 9.8], "texture": "#2"}
			}
		},
		{
			"from": [6.3, 16.04529, 3.5681],
			"to": [9.7, 18.76529, 6.7981],
			"rotation": {"angle": 0, "axis": "y", "origin": [8, 17.00796, 7.47819]},
			"faces": {
				"north": {"uv": [7.2, 4.8, 8.6, 5.8], "texture": "#2"},
				"east": {"uv": [7.2, 7.2, 8.4, 8.2], "texture": "#2"},
				"south": {"uv": [7.2, 6, 8.6, 7], "texture": "#2"},
				"west": {"uv": [0, 7.6, 1.2, 8.6], "texture": "#2"},
				"up": {"uv": [7.8, 3.6, 6.4, 2.4], "texture": "#2"},
				"down": {"uv": [7.8, 3.6, 6.4, 4.8], "texture": "#2"}
			}
		},
		{
			"from": [7.388, 16.40229, 2.5481],
			"to": [8.612, 17.29829, 3.5681],
			"rotation": {"angle": 0, "axis": "y", "origin": [8, 17.00796, 7.47819]},
			"faces": {
				"north": {"uv": [4.8, 10, 5.2, 10.4], "texture": "#2"},
				"east": {"uv": [10, 4.8, 10.4, 5.2], "texture": "#2"},
				"west": {"uv": [5.2, 10, 5.6, 10.4], "texture": "#2"},
				"up": {"uv": [10.4, 5.6, 10, 5.2], "texture": "#2"},
				"down": {"uv": [6, 10, 5.6, 10.4], "texture": "#2"}
			}
		},
		{
			"from": [6.64, 15.12992, 9.85413],
			"to": [7.41, 15.12992, 10.96413],
			"rotation": {"angle": -22.5, "axis": "x", "origin": [8, 17.00796, 7.47819]},
			"faces": {
				"north": {"uv": [0, 0, 0.4, 0], "texture": "#2"},
				"east": {"uv": [0, 0, 0.4, 0], "texture": "#2"},
				"south": {"uv": [0, 0, 0.4, 0], "texture": "#2"},
				"west": {"uv": [0, 0, 0.4, 0], "texture": "#2"},
				"up": {"uv": [10.4, 6, 10, 5.6], "texture": "#2"},
				"down": {"uv": [6.4, 10, 6, 10.4], "texture": "#2"}
			}
		},
		{
			"from": [6.64, 19.50983, 10.54728],
			"to": [7.41, 20.86983, 10.54728],
			"rotation": {"angle": 45, "axis": "x", "origin": [8, 17.00796, 7.47819]},
			"faces": {
				"north": {"uv": [0, 9.6, 0.4, 10.2], "texture": "#2"},
				"east": {"uv": [0, 0, 0, 0.6], "texture": "#2"},
				"south": {"uv": [0.4, 9.6, 0.8, 10.2], "texture": "#2"},
				"west": {"uv": [0, 0, 0, 0.6], "texture": "#2"},
				"up": {"uv": [0.4, 0, 0, 0], "texture": "#2"},
				"down": {"uv": [0.4, 0, 0, 0], "texture": "#2"}
			}
		},
		{
			"from": [8.59, 19.50983, 10.54728],
			"to": [9.36, 20.86983, 10.54728],
			"rotation": {"angle": 45, "axis": "x", "origin": [8, 17.00796, 7.47819]},
			"faces": {
				"north": {"uv": [0.4, 9.6, 0, 10.2], "texture": "#2"},
				"east": {"uv": [0, 0, 0, 0.6], "texture": "#2"},
				"south": {"uv": [0.8, 9.6, 0.4, 10.2], "texture": "#2"},
				"west": {"uv": [0, 0, 0, 0.6], "texture": "#2"},
				"up": {"uv": [0, 0, 0.4, 0], "texture": "#2"},
				"down": {"uv": [0, 0, 0.4, 0], "texture": "#2"}
			}
		},
		{
			"from": [8.59, 15.12992, 9.85413],
			"to": [9.36, 15.12992, 10.96413],
			"rotation": {"angle": -22.5, "axis": "x", "origin": [8, 17.00796, 7.47819]},
			"faces": {
				"north": {"uv": [0.4, 0, 0, 0], "texture": "#2"},
				"east": {"uv": [0.4, 0, 0, 0], "texture": "#2"},
				"south": {"uv": [0.4, 0, 0, 0], "texture": "#2"},
				"west": {"uv": [0.4, 0, 0, 0], "texture": "#2"},
				"up": {"uv": [10, 6, 10.4, 5.6], "texture": "#2"},
				"down": {"uv": [6, 10, 6.4, 10.4], "texture": "#2"}
			}
		},
		{
			"from": [4, 1, 7.5],
			"to": [12, 15, 8],
			"rotation": {"angle": 0, "axis": "y", "origin": [7, 7, 7.5]},
			"faces": {
				"north": {"uv": [0, 0, 3.2, 5.6], "texture": "#2"},
				"east": {"uv": [1.2, 7.6, 1.4, 13.2], "texture": "#2"},
				"south": {"uv": [3.2, 0, 6.4, 5.6], "texture": "#2"},
				"west": {"uv": [1.6, 7.6, 1.8, 13.2], "texture": "#2"},
				"up": {"uv": [11.6, 1, 8.4, 0.8], "texture": "#2"},
				"down": {"uv": [11.6, 1.2, 8.4, 1.4], "texture": "#2"}
			}
		},
		{
			"from": [5, 0.13373, 7.67231],
			"to": [11, 1.13373, 8.17231],
			"rotation": {"angle": -22.5, "axis": "x", "origin": [8, 0.63373, 7.92231]},
			"faces": {
				"north": {"uv": [8, 0, 10.4, 0.4], "texture": "#2"},
				"east": {"uv": [10, 9.2, 10.2, 9.6], "texture": "#2"},
				"south": {"uv": [8, 0.4, 10.4, 0.8], "texture": "#2"},
				"west": {"uv": [9.6, 10, 9.8, 10.4], "texture": "#2"},
				"up": {"uv": [10.8, 8.2, 8.4, 8], "texture": "#2"},
				"down": {"uv": [6.4, 8.8, 4, 9], "texture": "#2"}
			}
		},
		{
			"from": [6.5, -0.60066, 8.16301],
			"to": [9.5, 0.39934, 8.66301],
			"rotation": {"angle": -45, "axis": "x", "origin": [8, -0.10066, 8.41301]},
			"faces": {
				"north": {"uv": [8.8, 4.8, 10, 5.2], "texture": "#2"},
				"east": {"uv": [10, 9.6, 10.2, 10], "texture": "#2"},
				"south": {"uv": [8.8, 5.2, 10, 5.6], "texture": "#2"},
				"west": {"uv": [10, 10, 10.2, 10.4], "texture": "#2"},
				"up": {"uv": [10.8, 6.6, 9.6, 6.4], "texture": "#2"},
				"down": {"uv": [10.8, 6.8, 9.6, 7], "texture": "#2"}
			}
		},
		{
			"from": [11.86627, 3, 7.67231],
			"to": [12.86627, 13, 8.17231],
			"rotation": {"angle": -22.5, "axis": "y", "origin": [12.36627, 8, 7.92231]},
			"faces": {
				"north": {"uv": [3.2, 6.8, 3.6, 10.8], "texture": "#2"},
				"east": {"uv": [2.8, 7.6, 3, 11.6], "texture": "#2"},
				"south": {"uv": [3.6, 6.8, 4, 10.8], "texture": "#2"},
				"west": {"uv": [8, 0.8, 8.2, 4.8], "texture": "#2"},
				"up": {"uv": [0.8, 10.6, 0.4, 10.4], "texture": "#2"},
				"down": {"uv": [10.8, 0.4, 10.4, 0.6], "texture": "#2"}
			}
		},
		{
			"from": [12.60066, 5, 8.16301],
			"to": [13.60066, 11, 8.66301],
			"rotation": {"angle": -45, "axis": "y", "origin": [13.10066, 8, 8.41301]},
			"faces": {
				"north": {"uv": [2, 7.6, 2.4, 10], "texture": "#2"},
				"east": {"uv": [0.8, 8.8, 1, 11.2], "texture": "#2"},
				"south": {"uv": [2.4, 7.6, 2.8, 10], "texture": "#2"},
				"west": {"uv": [6.4, 8.8, 6.6, 11.2], "texture": "#2"},
				"up": {"uv": [0.4, 10.6, 0, 10.4], "texture": "#2"},
				"down": {"uv": [10.8, 0, 10.4, 0.2], "texture": "#2"}
			}
		},
		{
			"from": [3.13373, 3, 7.67231],
			"to": [4.13373, 13, 8.17231],
			"rotation": {"angle": 22.5, "axis": "y", "origin": [3.63373, 8, 7.92231]},
			"faces": {
				"north": {"uv": [3.6, 6.8, 3.2, 10.8], "texture": "#2"},
				"east": {"uv": [8.2, 0.8, 8, 4.8], "texture": "#2"},
				"south": {"uv": [4, 6.8, 3.6, 10.8], "texture": "#2"},
				"west": {"uv": [3, 7.6, 2.8, 11.6], "texture": "#2"},
				"up": {"uv": [0.4, 10.6, 0.8, 10.4], "texture": "#2"},
				"down": {"uv": [10.4, 0.4, 10.8, 0.6], "texture": "#2"}
			}
		},
		{
			"from": [2.39934, 5, 8.16301],
			"to": [3.39934, 11, 8.66301],
			"rotation": {"angle": 45, "axis": "y", "origin": [2.89934, 8, 8.41301]},
			"faces": {
				"north": {"uv": [2.4, 7.6, 2, 10], "texture": "#2"},
				"east": {"uv": [6.6, 8.8, 6.4, 11.2], "texture": "#2"},
				"south": {"uv": [2.8, 7.6, 2.4, 10], "texture": "#2"},
				"west": {"uv": [1, 8.8, 0.8, 11.2], "texture": "#2"},
				"up": {"uv": [0, 10.6, 0.4, 10.4], "texture": "#2"},
				"down": {"uv": [10.4, 0, 10.8, 0.2], "texture": "#2"}
			}
		},
		{
			"from": [7.5, 10.5, 8],
			"to": [8.5, 11.5, 10.55],
			"rotation": {"angle": 0, "axis": "y", "origin": [7.5, 10.5, 8]},
			"faces": {
				"north": {"uv": [10, 6, 10.4, 6.4], "texture": "#2"},
				"east": {"uv": [8.8, 5.6, 9.8, 6], "texture": "#2"},
				"south": {"uv": [6.8, 10, 7.2, 10.4], "texture": "#2"},
				"west": {"uv": [8.8, 6, 9.8, 6.4], "texture": "#2"},
				"up": {"uv": [7.2, 9.8, 6.8, 8.8], "texture": "#2"},
				"down": {"uv": [9.2, 8.4, 8.8, 9.4], "texture": "#2"}
			}
		},
		{
			"from": [7.5, 4.5, 8],
			"to": [8.5, 5.5, 10.55],
			"rotation": {"angle": 0, "axis": "y", "origin": [7.5, 4.5, 8]},
			"faces": {
				"north": {"uv": [10, 6, 10.4, 6.4], "texture": "#2"},
				"east": {"uv": [8.8, 5.6, 9.8, 6], "texture": "#2"},
				"south": {"uv": [6.8, 10, 7.2, 10.4], "texture": "#2"},
				"west": {"uv": [8.8, 6, 9.8, 6.4], "texture": "#2"},
				"up": {"uv": [7.2, 9.8, 6.8, 8.8], "texture": "#2"},
				"down": {"uv": [9.2, 8.4, 8.8, 9.4], "texture": "#2"}
			}
		}
	],
	"gui_light": "front",
	"display": {
		"thirdperson_righthand": {
			"rotation": [0, -90, 0],
			"translation": [2.5, -2, 1.25],
			"scale": [0.86719, 0.86719, 0.86719]
		},
		"thirdperson_lefthand": {
			"rotation": [0, -90, 0],
			"translation": [2.5, -2, 1.25],
			"scale": [0.86719, 0.86719, 0.86719]
		},
		"firstperson_righthand": {
			"rotation": [0, 0, 10],
			"translation": [-2, 1.25, 1.75]
		},
		"firstperson_lefthand": {
			"rotation": [0, 0, 10],
			"translation": [2.75, 0.5, 1.75]
		},
		"ground": {
			"rotation": [45, 0, 0],
			"translation": [0, 6.25, -0.75]
		},
		"gui": {
			"rotation": [0, 180, 0],
			"translation": [0.25, -0.75, 0],
			"scale": [0.82031, 0.82031, 0.82031]
		},
		"head": {
			"scale": [0, 0, 0]
		},
		"fixed": {
			"translation": [0, -1, -3]
		}
	},
	"groups": [
		{
			"name": "group",
			"origin": [10.48415, 10.20454, 11.47302],
			"color": 0,
			"children": []
		},
		0,
		1,
		2,
		3,
		4,
		5,
		6,
		7,
		{
			"name": "group",
			"origin": [10.48415, 10.20454, 11.47302],
			"color": 0,
			"children": [8, 9, 10, 11, 12, 13, 14, 15, 16, 17]
		},
		18,
		19,
		20,
		21,
		22,
		23,
		24,
		25,
		26
	]
}