{"credit":"MadebyPolygonMC","texture_size":[24,24],"textures":{"2":"littlepenguinset:item/spear","particle":"littlepenguinset:item/spear"},"elements":[{"from":[7.25,0.25,7.25],"to":[8.75,1.75,8.75],"rotation":{"angle":-45,"axis":"x","origin":[8,1,8]},"faces":{"north":{"uv":[2.66667,12,3.66667,13],"texture":"#2"},"east":{"uv":[12,2.66667,13,3.66667],"texture":"#2"},"south":{"uv":[12,4,13,5],"texture":"#2"},"west":{"uv":[12,5.33333,13,6.33333],"texture":"#2"},"up":{"uv":[13,7.66667,12,6.66667],"texture":"#2"},"down":{"uv":[9,12,8,13],"texture":"#2"}}},{"from":[7.5,1.5,7.5],"to":[8.5,2.5,8.5],"rotation":{"angle":0,"axis":"y","origin":[6.5,1.5,6.5]},"faces":{"north":{"uv":[2,6,2.66667,6.66667],"texture":"#2"},"east":{"uv":[4.66667,6.66667,5.33333,7.33333],"texture":"#2"},"south":{"uv":[10,1.33333,10.66667,2],"texture":"#2"},"west":{"uv":[8,10,8.66667,10.66667],"texture":"#2"},"up":{"uv":[4.66667,11.33333,4,10.66667],"texture":"#2"}}},{"from":[7.5,5.5,7.5],"to":[8.5,6.5,8.5],"rotation":{"angle":0,"axis":"y","origin":[6.5,5.5,6.5]},"faces":{"north":{"uv":[13.33333,0,14,0.66667],"texture":"#2"},"east":{"uv":[0.66667,13.33333,1.33333,14],"texture":"#2"},"south":{"uv":[13.33333,0.66667,14,1.33333],"texture":"#2"},"west":{"uv":[1.33333,13.33333,2,14],"texture":"#2"},"up":{"uv":[14,2,13.33333,1.33333],"texture":"#2"}}},{"from":[7.6,3,7.6],"to":[8.4,5,8.4],"rotation":{"angle":0,"axis":"y","origin":[6.5,3,6.5]},"faces":{"north":{"uv":[2,4.66667,2.66667,6],"texture":"#2"},"east":{"uv":[7.33333,2,8,3.33333],"texture":"#2"},"south":{"uv":[8,6,8.66667,7.33333],"texture":"#2"},"west":{"uv":[12,12,12.66667,13.33333],"texture":"#2"},"up":{"uv":[14,2.66667,13.33333,2],"texture":"#2"}}},{"from":[7.4,2.5,7.4],"to":[8.6,3,8.6],"rotation":{"angle":0,"axis":"y","origin":[7,-3,7]},"faces":{"north":{"uv":[2.66667,14,3.33333,14.33333],"texture":"#2"},"east":{"uv":[14,2.66667,14.66667,3],"texture":"#2"},"south":{"uv":[3.33333,14,4,14.33333],"texture":"#2"},"west":{"uv":[14,3.33333,14.66667,3.66667],"texture":"#2"},"up":{"uv":[3.33333,14,2.66667,13.33333],"texture":"#2"},"down":{"uv":[14,2.66667,13.33333,3.33333],"texture":"#2"}}},{"from":[7.4,5,7.4],"to":[8.6,5.5,8.6],"rotation":{"angle":0,"axis":"y","origin":[7,-0.5,7]},"faces":{"north":{"uv":[4,14,4.66667,14.33333],"texture":"#2"},"east":{"uv":[14,4,14.66667,4.33333],"texture":"#2"},"south":{"uv":[4.66667,14,5.33333,14.33333],"texture":"#2"},"west":{"uv":[14,4.66667,14.66667,5],"texture":"#2"},"up":{"uv":[4,14,3.33333,13.33333],"texture":"#2"},"down":{"uv":[14,3.33333,13.33333,4],"texture":"#2"}}},{"from":[7.5,12,7.5],"to":[8.5,13,8.5],"rotation":{"angle":0,"axis":"y","origin":[6.5,5.5,6.5]},"faces":{"north":{"uv":[13.33333,4,14,4.66667],"texture":"#2"},"east":{"uv":[13.33333,4.66667,14,5.33333],"texture":"#2"},"south":{"uv":[13.33333,5.33333,14,6],"texture":"#2"},"west":{"uv":[13.33333,6,14,6.66667],"texture":"#2"},"up":{"uv":[14,7.33333,13.33333,6.66667],"texture":"#2"}}},{"from":[7.5,21,7.5],"to":[8.5,22,8.5],"rotation":{"angle":0,"axis":"y","origin":[6.5,14.5,6.5]},"faces":{"north":{"uv":[14,0.66667,14.66667,1.33333],"texture":"#2"},"east":{"uv":[1.33333,14,2,14.66667],"texture":"#2"},"south":{"uv":[14,1.33333,14.66667,2],"texture":"#2"},"west":{"uv":[2,14,2.66667,14.66667],"texture":"#2"},"up":{"uv":[14.66667,2.66667,14,2],"texture":"#2"}}},{"from":[7.4,11.5,7.4],"to":[8.6,12,8.6],"rotation":{"angle":0,"axis":"y","origin":[7,-0.5,7]},"faces":{"north":{"uv":[5.33333,14,6,14.33333],"texture":"#2"},"east":{"uv":[14,5.33333,14.66667,5.66667],"texture":"#2"},"south":{"uv":[14,6,14.66667,6.33333],"texture":"#2"},"west":{"uv":[14,6.66667,14.66667,7],"texture":"#2"},"up":{"uv":[14,8,13.33333,7.33333],"texture":"#2"},"down":{"uv":[8.66667,13.33333,8,14],"texture":"#2"}}},{"from":[7.6,9.5,7.6],"to":[8.4,11.5,8.4],"rotation":{"angle":0,"axis":"y","origin":[6.5,3,6.5]},"faces":{"north":{"uv":[12.66667,0,13.33333,1.33333],"texture":"#2"},"east":{"uv":[4,12.66667,4.66667,14],"texture":"#2"},"south":{"uv":[4.66667,12.66667,5.33333,14],"texture":"#2"},"west":{"uv":[5.33333,12.66667,6,14],"texture":"#2"},"up":{"uv":[14,8.66667,13.33333,8],"texture":"#2"}}},{"from":[7.4,9,7.4],"to":[8.6,9.5,8.6],"rotation":{"angle":0,"axis":"y","origin":[7,-3,7]},"faces":{"north":{"uv":[7.33333,14,8,14.33333],"texture":"#2"},"east":{"uv":[14,7.33333,14.66667,7.66667],"texture":"#2"},"south":{"uv":[8,14,8.66667,14.33333],"texture":"#2"},"west":{"uv":[14,8,14.66667,8.33333],"texture":"#2"},"up":{"uv":[9.33333,14,8.66667,13.33333],"texture":"#2"},"down":{"uv":[14,8.66667,13.33333,9.33333],"texture":"#2"}}},{"from":[7.5,8,7.5],"to":[8.5,9,8.5],"rotation":{"angle":0,"axis":"y","origin":[6.5,1.5,6.5]},"faces":{"north":{"uv":[9.33333,13.33333,10,14],"texture":"#2"},"east":{"uv":[13.33333,9.33333,14,10],"texture":"#2"},"south":{"uv":[10,13.33333,10.66667,14],"texture":"#2"},"west":{"uv":[13.33333,10,14,10.66667],"texture":"#2"},"up":{"uv":[11.33333,14,10.66667,13.33333],"texture":"#2"}}},{"from":[7.4,13,7.4],"to":[8.6,21,8.6],"rotation":{"angle":0,"axis":"y","origin":[6.5,6.5,6.5]},"faces":{"north":{"uv":[2.66667,8.66667,2,14],"texture":"#2"},"east":{"uv":[2,8.66667,2.66667,14],"texture":"#2"},"south":{"uv":[2.66667,8.66667,2,14],"texture":"#2"},"west":{"uv":[2,8.66667,2.66667,14],"texture":"#2"},"up":{"uv":[14.66667,0.66667,14,0],"texture":"#2"},"down":{"uv":[1.33333,14,0.66667,14.66667],"texture":"#2"}}},{"from":[7.25,6.25,7],"to":[8.75,8.25,9],"rotation":{"angle":-45,"axis":"x","origin":[8,7.25,8]},"faces":{"north":{"uv":[10,9.33333,11,10.66667],"texture":"#2"},"east":{"uv":[8.66667,8,10,9.33333],"texture":"#2"},"south":{"uv":[10.66667,1.33333,11.66667,2.66667],"texture":"#2"},"west":{"uv":[8.66667,9.33333,10,10.66667],"texture":"#2"},"up":{"uv":[3.66667,12,2.66667,10.66667],"texture":"#2"},"down":{"uv":[11.66667,2.66667,10.66667,4],"texture":"#2"}}},{"from":[7,6.5,7.25],"to":[9,8,8.75],"rotation":{"angle":-45,"axis":"x","origin":[8,7.25,8]},"faces":{"north":{"uv":[10.66667,4,12,5],"texture":"#2"},"east":{"uv":[12,8,13,9],"texture":"#2"},"south":{"uv":[10.66667,5.33333,12,6.33333],"texture":"#2"},"west":{"uv":[9.33333,12,10.33333,13],"texture":"#2"},"up":{"uv":[12,7.66667,10.66667,6.66667],"texture":"#2"},"down":{"uv":[9.33333,10.66667,8,11.66667],"texture":"#2"}}},{"from":[7.25,21.75,7],"to":[8.75,23.75,9],"rotation":{"angle":-45,"axis":"x","origin":[8,22.75,8]},"faces":{"north":{"uv":[5.33333,11.33333,6.33333,12.66667],"texture":"#2"},"east":{"uv":[10,0,11.33333,1.33333],"texture":"#2"},"south":{"uv":[6.66667,11.33333,7.66667,12.66667],"texture":"#2"},"west":{"uv":[4.66667,10,6,11.33333],"texture":"#2"},"up":{"uv":[12.33333,10.66667,11.33333,9.33333],"texture":"#2"},"down":{"uv":[13,1.33333,12,2.66667],"texture":"#2"}}},{"from":[7,22,7.25],"to":[9,23.5,8.75],"rotation":{"angle":-45,"axis":"x","origin":[8,22.75,8]},"faces":{"north":{"uv":[9.33333,10.66667,10.66667,11.66667],"texture":"#2"},"east":{"uv":[10.66667,12,11.66667,13],"texture":"#2"},"south":{"uv":[10.66667,10.66667,12,11.66667],"texture":"#2"},"west":{"uv":[12,10.66667,13,11.66667],"texture":"#2"},"up":{"uv":[12.66667,1,11.33333,0],"texture":"#2"},"down":{"uv":[5.33333,11.33333,4,12.33333],"texture":"#2"}}},{"from":[6.13,16.32555,8.44302],"to":[9.87,21.08555,11.50302],"rotation":{"angle":0,"axis":"y","origin":[8,19.25796,10.97819]},"faces":{"north":{"uv":[2.66667,0,5,3.33333],"texture":"#2"},"east":{"uv":[0,4.66667,2,8],"texture":"#2"},"south":{"uv":[2.66667,3.33333,5,6.66667],"texture":"#2"},"west":{"uv":[5.33333,0,7.33333,3.33333],"texture":"#2"},"up":{"uv":[7.66667,5.33333,5.33333,3.33333],"texture":"#2"},"down":{"uv":[7.66667,5.33333,5.33333,7.33333],"texture":"#2"}}},{"from":[6.81,17.55486,13.42282],"to":[9.19,17.55486,14.78282],"rotation":{"angle":45,"axis":"x","origin":[8,19.25796,10.97819]},"faces":{"north":{"uv":[0,0,1.66667,0],"texture":"#2"},"east":{"uv":[0,0,1,0],"texture":"#2"},"south":{"uv":[0,0,1.66667,0],"texture":"#2"},"west":{"uv":[0,0,1,0],"texture":"#2"},"up":{"uv":[7.66667,11,6,10],"texture":"#2"},"down":{"uv":[11.66667,8,10,9],"texture":"#2"}}},{"from":[5.32497,17.41658,8.78302],"to":[5.69897,20.81658,11.16302],"rotation":{"angle":-22.5,"axis":"z","origin":[5.51197,19.11658,9.97302]},"faces":{"north":{"uv":[6,12.66667,6.33333,15],"texture":"#2"},"east":{"uv":[4.66667,7.33333,6.33333,9.66667],"texture":"#2"},"south":{"uv":[6.66667,12.66667,7,15],"texture":"#2"},"west":{"uv":[6.66667,7.33333,8.33333,9.66667],"texture":"#2"},"up":{"uv":[13,13.66667,12.66667,12],"texture":"#2"},"down":{"uv":[0.33333,13.33333,0,15],"texture":"#2"}}},{"from":[10.30103,17.41658,8.78302],"to":[10.67503,20.81658,11.16302],"rotation":{"angle":22.5,"axis":"z","origin":[10.48803,19.11658,9.97302]},"faces":{"north":{"uv":[6.33333,12.66667,6,15],"texture":"#2"},"east":{"uv":[8.33333,7.33333,6.66667,9.66667],"texture":"#2"},"south":{"uv":[7,12.66667,6.66667,15],"texture":"#2"},"west":{"uv":[6.33333,7.33333,4.66667,9.66667],"texture":"#2"},"up":{"uv":[12.66667,13.66667,13,12],"texture":"#2"},"down":{"uv":[0,13.33333,0.33333,15],"texture":"#2"}}},{"from":[6.3,19.93805,10.01552],"to":[9.7,23.16805,12.73552],"rotation":{"angle":0,"axis":"y","origin":[8,19.25796,10.97819]},"faces":{"north":{"uv":[2,6.66667,4.33333,8.66667],"texture":"#2"},"east":{"uv":[2.66667,8.66667,4.33333,10.66667],"texture":"#2"},"south":{"uv":[7.33333,0,9.66667,2],"texture":"#2"},"west":{"uv":[8.66667,6,10.33333,8],"texture":"#2"},"up":{"uv":[10.33333,3.66667,8,2],"texture":"#2"},"down":{"uv":[10.33333,4,8,5.66667],"texture":"#2"}}},{"from":[7.388,23.16805,10.37252],"to":[8.612,24.18805,11.26852],"rotation":{"angle":0,"axis":"y","origin":[8,19.25796,10.97819]},"faces":{"north":{"uv":[13.33333,10.66667,14,11.33333],"texture":"#2"},"east":{"uv":[11.33333,13.33333,12,14],"texture":"#2"},"south":{"uv":[13.33333,11.33333,14,12],"texture":"#2"},"west":{"uv":[12,13.33333,12.66667,14],"texture":"#2"},"up":{"uv":[14,12.66667,13.33333,12],"texture":"#2"}}},{"from":[6.64,15.77202,9.10015],"to":[7.41,16.88202,9.10015],"rotation":{"angle":-22.5,"axis":"x","origin":[8,19.25796,10.97819]},"faces":{"north":{"uv":[13.33333,12.66667,14,13.33333],"texture":"#2"},"east":{"uv":[0,0,0,0.66667],"texture":"#2"},"south":{"uv":[13.33333,13.33333,14,14],"texture":"#2"},"west":{"uv":[0,0,0,0.66667],"texture":"#2"},"up":{"uv":[0.66667,0,0,0],"texture":"#2"},"down":{"uv":[0.66667,0,0,0],"texture":"#2"}}},{"from":[6.64,16.18887,13.48006],"to":[7.41,16.18887,14.84006],"rotation":{"angle":45,"axis":"x","origin":[8,19.25796,10.97819]},"faces":{"north":{"uv":[0,0,0.66667,0],"texture":"#2"},"east":{"uv":[0,0,1,0],"texture":"#2"},"south":{"uv":[0,0,0.66667,0],"texture":"#2"},"west":{"uv":[0,0,1,0],"texture":"#2"},"up":{"uv":[8,13.66667,7.33333,12.66667],"texture":"#2"},"down":{"uv":[13.33333,9.33333,12.66667,10.33333],"texture":"#2"}}},{"from":[8.59,15.77202,9.10015],"to":[9.36,16.88202,9.10015],"rotation":{"angle":-22.5,"axis":"x","origin":[8,19.25796,10.97819]},"faces":{"north":{"uv":[14,12.66667,13.33333,13.33333],"texture":"#2"},"east":{"uv":[0,0,0,0.66667],"texture":"#2"},"south":{"uv":[14,13.33333,13.33333,14],"texture":"#2"},"west":{"uv":[0,0,0,0.66667],"texture":"#2"},"up":{"uv":[0,0,0.66667,0],"texture":"#2"},"down":{"uv":[0,0,0.66667,0],"texture":"#2"}}},{"from":[8.59,16.18887,13.48006],"to":[9.36,16.18887,14.84006],"rotation":{"angle":45,"axis":"x","origin":[8,19.25796,10.97819]},"faces":{"north":{"uv":[0.66667,0,0,0],"texture":"#2"},"east":{"uv":[1,0,0,0],"texture":"#2"},"south":{"uv":[0.66667,0,0,0],"texture":"#2"},"west":{"uv":[1,0,0,0],"texture":"#2"},"up":{"uv":[7.33333,13.66667,8,12.66667],"texture":"#2"},"down":{"uv":[12.66667,9.33333,13.33333,10.33333],"texture":"#2"}}},{"from":[8,23,6.25],"to":[8,30,9.75],"rotation":{"angle":0,"axis":"y","origin":[8,23,6.25]},"faces":{"north":{"uv":[0,0,0,4.66667],"texture":"#2"},"east":{"uv":[2.33333,0,0,4.66667],"texture":"#2"},"south":{"uv":[0,0,0,4.66667],"texture":"#2"},"west":{"uv":[0,0,2.33333,4.66667],"texture":"#2"},"up":{"uv":[0,2.33333,0,0],"texture":"#2"},"down":{"uv":[0,0,0,2.33333],"texture":"#2"}}}],"gui_light":"front","display":{"thirdperson_righthand":{"translation":[0,-4.25,0.75],"scale":[0.86719,0.86719,0.86719]},"thirdperson_lefthand":{"translation":[0,-4.25,0.75],"scale":[0.86719,0.86719,0.86719]},"firstperson_righthand":{"rotation":[-40,20,0],"translation":[-2,1.25,5.5]},"firstperson_lefthand":{"rotation":[-40,20,0],"translation":[-2,1.25,5.5]},"ground":{"rotation":[-45,0,0],"translation":[0,6.25,4.25]},"gui":{"rotation":[-90,45,90],"translation":[4,-4,0],"scale":[0.82031,0.82031,0.82031]},"head":{"scale":[0,0,0]},"fixed":{"rotation":[90,-135,90],"translation":[-5,-5.25,-1.25]}},"groups":[{"name":"group","origin":[10.48415,10.20454,11.47302],"color":0,"children":[]},0,1,2,3,4,5,6,7,8,9,10,11,12,13,14,15,16,{"name":"group","origin":[10.48415,10.20454,11.47302],"color":0,"children":[17,18,19,20,21,22,23,24,25,26,27]}]}