{"credit":"MadebyPolygonMC","texture_size":[24,24],"textures":{"1":"littlepenguinset:item/staff"},"elements":[{"from":[7.25,0.25,7.25],"to":[8.75,1.75,8.75],"rotation":{"angle":-45,"axis":"x","origin":[8,1,8]},"faces":{"north":{"uv":[1.33333,12,2.33333,13],"texture":"#1"},"east":{"uv":[3.33333,12,4.33333,13],"texture":"#1"},"south":{"uv":[12,4,13,5],"texture":"#1"},"west":{"uv":[12,6.66667,13,7.66667],"texture":"#1"},"up":{"uv":[8.33333,13,7.33333,12],"texture":"#1"},"down":{"uv":[13,8,12,9],"texture":"#1"}}},{"from":[7.5,1.5,7.5],"to":[8.5,2.5,8.5],"rotation":{"angle":0,"axis":"y","origin":[6.5,1.5,6.5]},"faces":{"north":{"uv":[5.33333,6.66667,6,7.33333],"texture":"#1"},"east":{"uv":[4.66667,10.66667,5.33333,11.33333],"texture":"#1"},"south":{"uv":[10.66667,10,11.33333,10.66667],"texture":"#1"},"west":{"uv":[1.33333,11.33333,2,12],"texture":"#1"},"up":{"uv":[12,7.33333,11.33333,6.66667],"texture":"#1"}}},{"from":[7.5,5.5,7.5],"to":[8.5,6.5,8.5],"rotation":{"angle":0,"axis":"y","origin":[6.5,5.5,6.5]},"faces":{"north":{"uv":[12,9.33333,12.66667,10],"texture":"#1"},"east":{"uv":[13.33333,1.33333,14,2],"texture":"#1"},"south":{"uv":[2,13.33333,2.66667,14],"texture":"#1"},"west":{"uv":[13.33333,2,14,2.66667],"texture":"#1"},"up":{"uv":[14,3.33333,13.33333,2.66667],"texture":"#1"}}},{"from":[7.6,3,7.6],"to":[8.4,5,8.4],"rotation":{"angle":0,"axis":"y","origin":[6.5,3,6.5]},"faces":{"north":{"uv":[8.66667,2,9.33333,3.33333],"texture":"#1"},"east":{"uv":[12.66667,1.33333,13.33333,2.66667],"texture":"#1"},"south":{"uv":[2.66667,12.66667,3.33333,14],"texture":"#1"},"west":{"uv":[12.66667,2.66667,13.33333,4],"texture":"#1"},"up":{"uv":[4,14,3.33333,13.33333],"texture":"#1"}}},{"from":[7.4,2.5,7.4],"to":[8.6,3,8.6],"rotation":{"angle":0,"axis":"y","origin":[7,-3,7]},"faces":{"north":{"uv":[14,3.33333,14.66667,3.66667],"texture":"#1"},"east":{"uv":[4,14,4.66667,14.33333],"texture":"#1"},"south":{"uv":[14,4,14.66667,4.33333],"texture":"#1"},"west":{"uv":[4.66667,14,5.33333,14.33333],"texture":"#1"},"up":{"uv":[14,4,13.33333,3.33333],"texture":"#1"},"down":{"uv":[4.66667,13.33333,4,14],"texture":"#1"}}},{"from":[7.4,5,7.4],"to":[8.6,5.5,8.6],"rotation":{"angle":0,"axis":"y","origin":[7,-0.5,7]},"faces":{"north":{"uv":[14,4.66667,14.66667,5],"texture":"#1"},"east":{"uv":[5.33333,14,6,14.33333],"texture":"#1"},"south":{"uv":[14,5.33333,14.66667,5.66667],"texture":"#1"},"west":{"uv":[6,14,6.66667,14.33333],"texture":"#1"},"up":{"uv":[14,4.66667,13.33333,4],"texture":"#1"},"down":{"uv":[14,4.66667,13.33333,5.33333],"texture":"#1"}}},{"from":[7.5,12,7.5],"to":[8.5,13,8.5],"rotation":{"angle":0,"axis":"y","origin":[6.5,5.5,6.5]},"faces":{"north":{"uv":[13.33333,5.33333,14,6],"texture":"#1"},"east":{"uv":[13.33333,6,14,6.66667],"texture":"#1"},"south":{"uv":[13.33333,6.66667,14,7.33333],"texture":"#1"},"west":{"uv":[7.33333,13.33333,8,14],"texture":"#1"},"up":{"uv":[14,8,13.33333,7.33333],"texture":"#1"}}},{"from":[7.5,16,7.5],"to":[8.5,17,8.5],"rotation":{"angle":0,"axis":"y","origin":[6.5,9.5,6.5]},"faces":{"north":{"uv":[8,13.33333,8.66667,14],"texture":"#1"},"east":{"uv":[13.33333,8,14,8.66667],"texture":"#1"},"south":{"uv":[8.66667,13.33333,9.33333,14],"texture":"#1"},"west":{"uv":[13.33333,8.66667,14,9.33333],"texture":"#1"},"up":{"uv":[10,14,9.33333,13.33333],"texture":"#1"}}},{"from":[7.4,11.5,7.4],"to":[8.6,12,8.6],"rotation":{"angle":0,"axis":"y","origin":[7,-0.5,7]},"faces":{"north":{"uv":[14,6,14.66667,6.33333],"texture":"#1"},"east":{"uv":[14,6.66667,14.66667,7],"texture":"#1"},"south":{"uv":[7.33333,14,8,14.33333],"texture":"#1"},"west":{"uv":[14,7.33333,14.66667,7.66667],"texture":"#1"},"up":{"uv":[14,10,13.33333,9.33333],"texture":"#1"},"down":{"uv":[10.66667,13.33333,10,14],"texture":"#1"}}},{"from":[7.6,9.5,7.6],"to":[8.4,11.5,8.4],"rotation":{"angle":0,"axis":"y","origin":[6.5,3,6.5]},"faces":{"north":{"uv":[4.66667,12.66667,5.33333,14],"texture":"#1"},"east":{"uv":[5.33333,12.66667,6,14],"texture":"#1"},"south":{"uv":[12.66667,5.33333,13.33333,6.66667],"texture":"#1"},"west":{"uv":[6,12.66667,6.66667,14],"texture":"#1"},"up":{"uv":[14,10.66667,13.33333,10],"texture":"#1"}}},{"from":[7.4,9,7.4],"to":[8.6,9.5,8.6],"rotation":{"angle":0,"axis":"y","origin":[7,-3,7]},"faces":{"north":{"uv":[8,14,8.66667,14.33333],"texture":"#1"},"east":{"uv":[14,8,14.66667,8.33333],"texture":"#1"},"south":{"uv":[8.66667,14,9.33333,14.33333],"texture":"#1"},"west":{"uv":[14,8.66667,14.66667,9],"texture":"#1"},"up":{"uv":[11.33333,14,10.66667,13.33333],"texture":"#1"},"down":{"uv":[14,10.66667,13.33333,11.33333],"texture":"#1"}}},{"from":[7.5,8,7.5],"to":[8.5,9,8.5],"rotation":{"angle":0,"axis":"y","origin":[6.5,1.5,6.5]},"faces":{"north":{"uv":[13.33333,11.33333,14,12],"texture":"#1"},"east":{"uv":[13.33333,12,14,12.66667],"texture":"#1"},"south":{"uv":[13.33333,12.66667,14,13.33333],"texture":"#1"},"west":{"uv":[13.33333,13.33333,14,14],"texture":"#1"},"up":{"uv":[0.66667,14.66667,0,14],"texture":"#1"}}},{"from":[7.4,13,7.4],"to":[8.6,16,8.6],"rotation":{"angle":0,"axis":"y","origin":[6.5,6.5,6.5]},"faces":{"north":{"uv":[3.33333,10.66667,2.66667,12.66667],"texture":"#1"},"east":{"uv":[2.66667,10.66667,3.33333,12.66667],"texture":"#1"},"south":{"uv":[3.33333,10.66667,2.66667,12.66667],"texture":"#1"},"west":{"uv":[2.66667,10.66667,3.33333,12.66667],"texture":"#1"},"up":{"uv":[14.66667,0.66667,14,0],"texture":"#1"},"down":{"uv":[1.33333,14,0.66667,14.66667],"texture":"#1"}}},{"from":[7.25,6.25,7],"to":[8.75,8.25,9],"rotation":{"angle":-45,"axis":"x","origin":[8,7.25,8]},"faces":{"north":{"uv":[3.33333,10.66667,4.33333,12],"texture":"#1"},"east":{"uv":[4.66667,3.33333,6,4.66667],"texture":"#1"},"south":{"uv":[10.66667,4,11.66667,5.33333],"texture":"#1"},"west":{"uv":[7.33333,2,8.66667,3.33333],"texture":"#1"},"up":{"uv":[8.33333,12,7.33333,10.66667],"texture":"#1"},"down":{"uv":[11.66667,7.33333,10.66667,8.66667],"texture":"#1"}}},{"from":[7,6.5,7.25],"to":[9,8,8.75],"rotation":{"angle":-45,"axis":"x","origin":[8,7.25,8]},"faces":{"north":{"uv":[8.66667,10.66667,10,11.66667],"texture":"#1"},"east":{"uv":[8.66667,12,9.66667,13],"texture":"#1"},"south":{"uv":[10.66667,8.66667,12,9.66667],"texture":"#1"},"west":{"uv":[10,12,11,13],"texture":"#1"},"up":{"uv":[11.33333,11.66667,10,10.66667],"texture":"#1"},"down":{"uv":[1.33333,11.33333,0,12.33333],"texture":"#1"}}},{"from":[7.25,16.75,7],"to":[8.75,18.75,9],"rotation":{"angle":-45,"axis":"x","origin":[8,17.75,8]},"faces":{"north":{"uv":[11.33333,0,12.33333,1.33333],"texture":"#1"},"east":{"uv":[9.33333,4,10.66667,5.33333],"texture":"#1"},"south":{"uv":[11.33333,1.33333,12.33333,2.66667],"texture":"#1"},"west":{"uv":[7.33333,9.33333,8.66667,10.66667],"texture":"#1"},"up":{"uv":[12.33333,4,11.33333,2.66667],"texture":"#1"},"down":{"uv":[5.66667,11.33333,4.66667,12.66667],"texture":"#1"}}},{"from":[7,17.02977,7.25],"to":[9,18.52977,8.75],"rotation":{"angle":45,"axis":"x","origin":[8,17.77977,8]},"faces":{"north":{"uv":[11.33333,5.33333,12.66667,6.33333],"texture":"#1"},"east":{"uv":[0,12.66667,1,13.66667],"texture":"#1"},"south":{"uv":[6,11.33333,7.33333,12.33333],"texture":"#1"},"west":{"uv":[12.66667,0,13.66667,1],"texture":"#1"},"up":{"uv":[12.66667,11,11.33333,10],"texture":"#1"},"down":{"uv":[12.66667,11.33333,11.33333,12.33333],"texture":"#1"}}},{"from":[6.13,18.47279,5.6506],"to":[9.87,21.53279,10.4106],"rotation":{"angle":0,"axis":"y","origin":[8,21.00796,7.47819]},"faces":{"north":{"uv":[6,5.33333,8.33333,7.33333],"texture":"#1"},"east":{"uv":[2.66667,4.66667,6,6.66667],"texture":"#1"},"south":{"uv":[2.66667,6.66667,5,8.66667],"texture":"#1"},"west":{"uv":[6,3.33333,9.33333,5.33333],"texture":"#1"},"up":{"uv":[2.33333,8,0,4.66667],"texture":"#1"},"down":{"uv":[7,0,4.66667,3.33333],"texture":"#1"}}},{"from":[6.81,23.45259,9.18129],"to":[9.19,24.81259,9.18129],"rotation":{"angle":45,"axis":"x","origin":[8,21.00796,7.47819]},"faces":{"north":{"uv":[8.66667,9.33333,10.33333,10.33333],"texture":"#1"},"east":{"uv":[0,0,0,1],"texture":"#1"},"south":{"uv":[0,10,1.66667,11],"texture":"#1"},"west":{"uv":[0,0,0,1],"texture":"#1"},"up":{"uv":[1.66667,0,0,0],"texture":"#1"},"down":{"uv":[1.66667,0,0,0],"texture":"#1"}}},{"from":[5.56846,18.81279,6.86094],"to":[5.94246,21.19279,10.26094],"rotation":{"angle":-22.5,"axis":"y","origin":[8,21.00796,7.47819]},"faces":{"north":{"uv":[12.66667,12,13,13.66667],"texture":"#1"},"east":{"uv":[0,8,2.33333,9.66667],"texture":"#1"},"south":{"uv":[1.33333,13.33333,1.66667,15],"texture":"#1"},"west":{"uv":[8,7.33333,10.33333,9],"texture":"#1"},"up":{"uv":[7,15,6.66667,12.66667],"texture":"#1"},"down":{"uv":[13,9.33333,12.66667,11.66667],"texture":"#1"}}},{"from":[10.05754,18.81279,6.86094],"to":[10.43154,21.19279,10.26094],"rotation":{"angle":22.5,"axis":"y","origin":[8,21.00796,7.47819]},"faces":{"north":{"uv":[13,12,12.66667,13.66667],"texture":"#1"},"east":{"uv":[10.33333,7.33333,8,9],"texture":"#1"},"south":{"uv":[1.66667,13.33333,1.33333,15],"texture":"#1"},"west":{"uv":[2.33333,8,0,9.66667],"texture":"#1"},"up":{"uv":[6.66667,15,7,12.66667],"texture":"#1"},"down":{"uv":[12.66667,9.33333,13,11.66667],"texture":"#1"}}},{"from":[6.3,20.04529,3.5681],"to":[9.7,22.76529,6.7981],"rotation":{"angle":0,"axis":"y","origin":[8,21.00796,7.47819]},"faces":{"north":{"uv":[2.66667,8.66667,5,10.33333],"texture":"#1"},"east":{"uv":[9.33333,2,11.33333,3.66667],"texture":"#1"},"south":{"uv":[8.66667,5.33333,11,7],"texture":"#1"},"west":{"uv":[5.33333,9.33333,7.33333,11],"texture":"#1"},"up":{"uv":[9.66667,2,7.33333,0],"texture":"#1"},"down":{"uv":[7.66667,7.33333,5.33333,9.33333],"texture":"#1"}}},{"from":[7.388,20.40229,2.5481],"to":[8.612,21.29829,3.5681],"rotation":{"angle":0,"axis":"y","origin":[8,21.00796,7.47819]},"faces":{"north":{"uv":[14,0.66667,14.66667,1.33333],"texture":"#1"},"east":{"uv":[14,1.33333,14.66667,2],"texture":"#1"},"west":{"uv":[2,14,2.66667,14.66667],"texture":"#1"},"up":{"uv":[14.66667,2.66667,14,2],"texture":"#1"},"down":{"uv":[3.33333,14,2.66667,14.66667],"texture":"#1"}}},{"from":[6.64,19.12992,9.85413],"to":[7.41,19.12992,10.96413],"rotation":{"angle":-22.5,"axis":"x","origin":[8,21.00796,7.47819]},"faces":{"north":{"uv":[0,0,0.66667,0],"texture":"#1"},"east":{"uv":[0,0,0.66667,0],"texture":"#1"},"south":{"uv":[0,0,0.66667,0],"texture":"#1"},"west":{"uv":[0,0,0.66667,0],"texture":"#1"},"up":{"uv":[14.66667,3.33333,14,2.66667],"texture":"#1"},"down":{"uv":[4,14,3.33333,14.66667],"texture":"#1"}}},{"from":[6.64,23.50983,10.54728],"to":[7.41,24.86983,10.54728],"rotation":{"angle":45,"axis":"x","origin":[8,21.00796,7.47819]},"faces":{"north":{"uv":[11.33333,12.66667,12,13.66667],"texture":"#1"},"east":{"uv":[0,0,0,1],"texture":"#1"},"south":{"uv":[12,12.66667,12.66667,13.66667],"texture":"#1"},"west":{"uv":[0,0,0,1],"texture":"#1"},"up":{"uv":[0.66667,0,0,0],"texture":"#1"},"down":{"uv":[0.66667,0,0,0],"texture":"#1"}}},{"from":[8.59,19.12992,9.85413],"to":[9.36,19.12992,10.96413],"rotation":{"angle":-22.5,"axis":"x","origin":[8,21.00796,7.47819]},"faces":{"north":{"uv":[0.66667,0,0,0],"texture":"#1"},"east":{"uv":[0.66667,0,0,0],"texture":"#1"},"south":{"uv":[0.66667,0,0,0],"texture":"#1"},"west":{"uv":[0.66667,0,0,0],"texture":"#1"},"up":{"uv":[14,3.33333,14.66667,2.66667],"texture":"#1"},"down":{"uv":[3.33333,14,4,14.66667],"texture":"#1"}}},{"from":[8.59,23.50983,10.54728],"to":[9.36,24.86983,10.54728],"rotation":{"angle":45,"axis":"x","origin":[8,21.00796,7.47819]},"faces":{"north":{"uv":[12,12.66667,11.33333,13.66667],"texture":"#1"},"east":{"uv":[0,0,0,1],"texture":"#1"},"south":{"uv":[12.66667,12.66667,12,13.66667],"texture":"#1"},"west":{"uv":[0,0,0,1],"texture":"#1"},"up":{"uv":[0,0,0.66667,0],"texture":"#1"},"down":{"uv":[0,0,0.66667,0],"texture":"#1"}}},{"from":[4.75,23,8],"to":[11.25,29.5,8],"rotation":{"angle":0,"axis":"y","origin":[8,26.25,8]},"faces":{"north":{"uv":[0,0,4.33333,4.33333],"texture":"#1"},"east":{"uv":[0,0,0,4.33333],"texture":"#1"},"south":{"uv":[0,0,4.33333,4.33333],"texture":"#1"},"west":{"uv":[0,0,0,4.33333],"texture":"#1"},"up":{"uv":[0,4.33333,0,0],"rotation":90,"texture":"#1"},"down":{"uv":[0,0,0,4.33333],"rotation":270,"texture":"#1"}}},{"from":[8,23,4.75],"to":[8,29.5,11.25],"rotation":{"angle":0,"axis":"y","origin":[8,26.25,8]},"faces":{"north":{"uv":[0,0,0,4.33333],"texture":"#1"},"east":{"uv":[0,0,4.33333,4.33333],"texture":"#1"},"south":{"uv":[0,0,0,4.33333],"texture":"#1"},"west":{"uv":[0,0,4.33333,4.33333],"texture":"#1"},"up":{"uv":[0,4.33333,0,0],"texture":"#1"},"down":{"uv":[0,0,0,4.33333],"texture":"#1"}}}],"gui_light":"front","display":{"thirdperson_righthand":{"translation":[0,-4.25,0.75],"scale":[0.86719,0.86719,0.86719]},"thirdperson_lefthand":{"translation":[0,-4.25,0.75],"scale":[0.86719,0.86719,0.86719]},"firstperson_righthand":{"rotation":[-5,0,0],"translation":[0,-4,0]},"firstperson_lefthand":{"rotation":[-5,0,0],"translation":[0,-4,0]},"ground":{"rotation":[-45,0,0],"translation":[0,6.25,4.25]},"gui":{"rotation":[-90,45,90],"translation":[4,-4,0],"scale":[0.82031,0.82031,0.82031]},"head":{"scale":[0,0,0]},"fixed":{"rotation":[90,-135,90],"translation":[-5,-5.25,-1.25]}},"groups":[{"name":"group","origin":[10.48415,10.20454,11.47302],"color":0,"children":[]},0,1,2,3,4,5,6,7,8,9,10,11,12,13,14,15,16,{"name":"group","origin":[10.48415,10.20454,11.47302],"color":0,"children":[17,18,19,20,21,22,23,24,25,26]},27,28]}