{"credit":"MadebyPolygonMC","texture_size":[32,32],"textures":{"2":"littlepenguinset:item/sword","particle":"littlepenguinset:item/sword"},"elements":[{"from":[7.25,0.25,7.25],"to":[8.75,1.75,8.75],"rotation":{"angle":-45,"axis":"x","origin":[8,1,8]},"faces":{"north":{"uv":[9,7.5,9.75,8.25],"texture":"#2"},"east":{"uv":[9.5,0,10.25,0.75],"texture":"#2"},"south":{"uv":[1,9.5,1.75,10.25],"texture":"#2"},"west":{"uv":[2,9.5,2.75,10.25],"texture":"#2"},"up":{"uv":[10.25,4.25,9.5,3.5],"texture":"#2"},"down":{"uv":[10.25,4.5,9.5,5.25],"texture":"#2"}}},{"from":[7.5,1.5,7.5],"to":[8.5,2.5,8.5],"rotation":{"angle":0,"axis":"y","origin":[6.5,1.5,6.5]},"faces":{"north":{"uv":[1.5,10.5,2,11],"texture":"#2"},"east":{"uv":[10.5,1.5,11,2],"texture":"#2"},"south":{"uv":[2,10.5,2.5,11],"texture":"#2"},"west":{"uv":[2.5,10.5,3,11],"texture":"#2"},"up":{"uv":[11,3,10.5,2.5],"texture":"#2"}}},{"from":[7.5,5.5,7.5],"to":[8.5,6.5,8.5],"rotation":{"angle":0,"axis":"y","origin":[6.5,5.5,6.5]},"faces":{"north":{"uv":[10.5,5.5,11,6],"texture":"#2"},"east":{"uv":[10.5,6,11,6.5],"texture":"#2"},"south":{"uv":[6.5,10.5,7,11],"texture":"#2"},"west":{"uv":[10.5,6.5,11,7],"texture":"#2"},"up":{"uv":[7.5,11,7,10.5],"texture":"#2"}}},{"from":[7.6,3,7.6],"to":[8.4,5,8.4],"rotation":{"angle":0,"axis":"y","origin":[6.5,3,6.5]},"faces":{"north":{"uv":[9,9.5,8.5,10.5],"texture":"#2"},"east":{"uv":[8.5,9.5,9,10.5],"texture":"#2"},"south":{"uv":[9,9.5,8.5,10.5],"texture":"#2"},"west":{"uv":[8.5,9.5,9,10.5],"texture":"#2"},"up":{"uv":[11,4.5,10.5,4],"texture":"#2"}}},{"from":[7.4,2.5,7.4],"to":[8.6,3,8.6],"rotation":{"angle":0,"axis":"y","origin":[7,-3,7]},"faces":{"north":{"uv":[10.5,10.5,11,10.75],"texture":"#2"},"east":{"uv":[11,0,11.5,0.25],"texture":"#2"},"south":{"uv":[0.5,11,1,11.25],"texture":"#2"},"west":{"uv":[11,0.5,11.5,0.75],"texture":"#2"},"up":{"uv":[11,3.5,10.5,3],"texture":"#2"},"down":{"uv":[11,3.5,10.5,4],"texture":"#2"}}},{"from":[7.4,5,7.4],"to":[8.6,5.5,8.6],"rotation":{"angle":0,"axis":"y","origin":[7,-0.5,7]},"faces":{"north":{"uv":[10.5,10.5,11,10.75],"texture":"#2"},"east":{"uv":[11,0,11.5,0.25],"texture":"#2"},"south":{"uv":[0.5,11,1,11.25],"texture":"#2"},"west":{"uv":[11,0.5,11.5,0.75],"texture":"#2"},"up":{"uv":[11,3.5,10.5,3],"texture":"#2"},"down":{"uv":[11,3.5,10.5,4],"texture":"#2"}}},{"from":[7.25,6.25,7],"to":[8.75,8.25,9],"rotation":{"angle":-45,"axis":"x","origin":[8,7.25,8]},"faces":{"north":{"uv":[8,7.5,8.75,8.5],"texture":"#2"},"east":{"uv":[0,8,1,9],"texture":"#2"},"south":{"uv":[1,8.5,1.75,9.5],"texture":"#2"},"west":{"uv":[8,4.5,9,5.5],"texture":"#2"},"up":{"uv":[2.75,9.5,2,8.5],"texture":"#2"},"down":{"uv":[7.25,8.5,6.5,9.5],"texture":"#2"}}},{"from":[7,6.5,7.25],"to":[9,8,8.75],"rotation":{"angle":-45,"axis":"x","origin":[8,7.25,8]},"faces":{"north":{"uv":[7.5,8.5,8.5,9.25],"texture":"#2"},"east":{"uv":[9.5,5.5,10.25,6.25],"texture":"#2"},"south":{"uv":[8.5,8.5,9.5,9.25],"texture":"#2"},"west":{"uv":[6.5,9.5,7.25,10.25],"texture":"#2"},"up":{"uv":[1,9.75,0,9],"texture":"#2"},"down":{"uv":[10,1.5,9,2.25],"texture":"#2"}}},{"from":[7.5,7.25,6.75],"to":[8.5,8.25,9.5],"rotation":{"angle":-22.5,"axis":"x","origin":[7.5,7.25,6.75]},"faces":{"north":{"uv":[10.5,7,11,7.5],"texture":"#2"},"east":{"uv":[9,2.5,10.5,3],"texture":"#2"},"south":{"uv":[7.5,10.5,8,11],"texture":"#2"},"west":{"uv":[9,3,10.5,3.5],"texture":"#2"},"up":{"uv":[3.5,10,3,8.5],"texture":"#2"},"down":{"uv":[9.5,3.5,9,5],"texture":"#2"}}},{"from":[7.5,15.34527,8.99778],"to":[8.5,16.34527,10.49778],"rotation":{"angle":-45,"axis":"x","origin":[7.5,15.34527,8.99778]},"faces":{"north":{"uv":[10.5,8,11,8.5],"texture":"#2"},"east":{"uv":[5.5,4.5,6.25,5],"texture":"#2"},"south":{"uv":[8.5,10.5,9,11],"texture":"#2"},"west":{"uv":[10,2,10.75,2.5],"texture":"#2"},"up":{"uv":[3.5,10.75,3,10],"texture":"#2"},"down":{"uv":[10.5,6.5,10,7.25],"texture":"#2"}}},{"from":[7.475,8.30238,8.29067],"to":[8.525,16.05238,9.29067],"rotation":{"angle":0,"axis":"x","origin":[-0.5,-1.64524,3.83134]},"faces":{"north":{"uv":[3.5,7.5,4,11.5],"texture":"#2"},"east":{"uv":[4,7.5,4.5,11.5],"texture":"#2"},"south":{"uv":[4.5,7.5,5,11.5],"texture":"#2"},"west":{"uv":[5,7.5,5.5,11.5],"texture":"#2"},"up":{"uv":[11,8,10.5,7.5],"texture":"#2"},"down":{"uv":[8.5,10.5,8,11],"texture":"#2"}}},{"from":[7.75,8.25,7.5],"to":[8.25,19.25,9.25],"rotation":{"angle":0,"axis":"y","origin":[6.25,8.25,7.75]},"faces":{"north":{"uv":[5.5,7.5,5.75,13],"texture":"#2"},"east":{"uv":[1.5,0,2.5,5.5],"texture":"#2"},"south":{"uv":[6,7.5,6.25,13],"texture":"#2"},"west":{"uv":[2.5,0,3.5,5.5],"texture":"#2"},"up":{"uv":[10.75,9.5,10.5,8.5],"texture":"#2"},"down":{"uv":[9.25,10.5,9,11.5],"texture":"#2"}}},{"from":[7.755,19.07322,7.42678],"to":[8.245,21.07322,8.66478],"rotation":{"angle":45,"axis":"x","origin":[6.255,19.07322,7.67678]},"faces":{"north":{"uv":[10.5,9.5,10.75,10.5],"texture":"#2"},"east":{"uv":[9.5,8.5,10,9.5],"texture":"#2"},"south":{"uv":[10,10.5,10.25,11.5],"texture":"#2"},"west":{"uv":[9,9.5,9.5,10.5],"texture":"#2"},"up":{"uv":[2.25,11.5,2,11],"texture":"#2"},"down":{"uv":[11.25,2,11,2.5],"texture":"#2"}}},{"from":[6.13,8.82555,8.94302],"to":[9.87,13.58555,12.00302],"rotation":{"angle":0,"axis":"y","origin":[6.64,8.82555,9.62302]},"faces":{"north":{"uv":[3.5,0,5.25,2.5],"texture":"#2"},"east":{"uv":[3.5,5,5,7.5],"texture":"#2"},"south":{"uv":[3.5,2.5,5.25,5],"texture":"#2"},"west":{"uv":[5,5,6.5,7.5],"texture":"#2"},"up":{"uv":[7.25,1.5,5.5,0],"texture":"#2"},"down":{"uv":[3.25,5.5,1.5,7],"texture":"#2"}}},{"from":[6.81,8.10382,11.70379],"to":[9.19,8.10382,13.06379],"rotation":{"angle":45,"axis":"x","origin":[8,8.10382,12.72379]},"faces":{"north":{"uv":[0,0,1.25,0],"texture":"#2"},"east":{"uv":[0,0,0.75,0],"texture":"#2"},"south":{"uv":[0,0,1.25,0],"texture":"#2"},"west":{"uv":[0,0,0.75,0],"texture":"#2"},"up":{"uv":[9.25,6.25,8,5.5],"texture":"#2"},"down":{"uv":[9.25,6.5,8,7.25],"texture":"#2"}}},{"from":[5.32885,10.00454,9.28302],"to":[5.70285,13.40454,11.66302],"rotation":{"angle":-22.5,"axis":"z","origin":[5.51585,11.70454,10.47302]},"faces":{"north":{"uv":[9.5,9.5,9.75,11.25],"texture":"#2"},"east":{"uv":[6.5,4.5,7.75,6.25],"texture":"#2"},"south":{"uv":[0,10,0.25,11.75],"texture":"#2"},"west":{"uv":[6.5,6.5,7.75,8.25],"texture":"#2"},"up":{"uv":[10.25,8.75,10,7.5],"texture":"#2"},"down":{"uv":[10.25,9,10,10.25],"texture":"#2"}}},{"from":[10.29715,10.00454,9.28302],"to":[10.67115,13.40454,11.66302],"rotation":{"angle":22.5,"axis":"z","origin":[10.48415,11.70454,10.47302]},"faces":{"north":{"uv":[9.75,9.5,9.5,11.25],"texture":"#2"},"east":{"uv":[7.75,6.5,6.5,8.25],"texture":"#2"},"south":{"uv":[0.25,10,0,11.75],"texture":"#2"},"west":{"uv":[7.75,4.5,6.5,6.25],"texture":"#2"},"up":{"uv":[10,8.75,10.25,7.5],"texture":"#2"},"down":{"uv":[10,9,10.25,10.25],"texture":"#2"}}},{"from":[6.3,12.43805,10.51552],"to":[9.7,15.66805,13.23552],"rotation":{"angle":0,"axis":"x","origin":[8,15.11555,11.53552]},"faces":{"north":{"uv":[5.5,1.5,7.25,3],"texture":"#2"},"east":{"uv":[7.5,1.5,8.75,3],"texture":"#2"},"south":{"uv":[5.5,3,7.25,4.5],"texture":"#2"},"west":{"uv":[7.5,3,8.75,4.5],"texture":"#2"},"up":{"uv":[3.25,8.25,1.5,7],"texture":"#2"},"down":{"uv":[9.25,0,7.5,1.25],"texture":"#2"}}},{"from":[7.388,15.66805,10.87252],"to":[8.612,16.68805,11.76852],"rotation":{"angle":0,"axis":"x","origin":[8,15.11555,11.78552]},"faces":{"north":{"uv":[1,8,1.5,8.5],"texture":"#2"},"east":{"uv":[9,5,9.5,5.5],"texture":"#2"},"south":{"uv":[9.5,1,10,1.5],"texture":"#2"},"west":{"uv":[10.5,0,11,0.5],"texture":"#2"},"up":{"uv":[11,1,10.5,0.5],"texture":"#2"}}},{"from":[6.64,7.88555,11.15302],"to":[7.41,8.99555,11.15302],"rotation":{"angle":-22.5,"axis":"x","origin":[8,7.66131,11.28316]},"faces":{"north":{"uv":[1,10.5,1.5,11],"texture":"#2"},"east":{"uv":[0,0,0,0.5],"texture":"#2"},"south":{"uv":[10.5,1,11,1.5],"texture":"#2"},"west":{"uv":[0,0,0,0.5],"texture":"#2"},"up":{"uv":[0.5,0,0,0],"texture":"#2"},"down":{"uv":[0.5,0,0,0],"texture":"#2"}}},{"from":[6.64,6.55825,11.05721],"to":[7.41,7.91825,11.05721],"rotation":{"angle":-45,"axis":"x","origin":[8,7.8925,11.18734]},"faces":{"north":{"uv":[0.5,10,1,10.75],"texture":"#2"},"east":{"uv":[0,0,0,0.75],"texture":"#2"},"south":{"uv":[10,1,10.5,1.75],"texture":"#2"},"west":{"uv":[0,0,0,0.75],"texture":"#2"},"up":{"uv":[0.5,0,0,0],"texture":"#2"},"down":{"uv":[0.5,0,0,0],"texture":"#2"}}},{"from":[8.59,7.88555,11.15302],"to":[9.36,8.99555,11.15302],"rotation":{"angle":-22.5,"axis":"x","origin":[8,7.66131,11.28316]},"faces":{"north":{"uv":[1.5,10.5,1,11],"texture":"#2"},"east":{"uv":[0,0,0,0.5],"texture":"#2"},"south":{"uv":[11,1,10.5,1.5],"texture":"#2"},"west":{"uv":[0,0,0,0.5],"texture":"#2"},"up":{"uv":[0,0,0.5,0],"texture":"#2"},"down":{"uv":[0,0,0.5,0],"texture":"#2"}}},{"from":[8.59,6.55825,11.05721],"to":[9.36,7.91825,11.05721],"rotation":{"angle":-45,"axis":"x","origin":[8,7.8925,11.18734]},"faces":{"north":{"uv":[1,10,0.5,10.75],"texture":"#2"},"east":{"uv":[0,0,0,0.75],"texture":"#2"},"south":{"uv":[10.5,1,10,1.75],"texture":"#2"},"west":{"uv":[0,0,0,0.75],"texture":"#2"},"up":{"uv":[0,0,0.5,0],"texture":"#2"},"down":{"uv":[0,0,0.5,0],"texture":"#2"}}},{"from":[8,8,6.5],"to":[8,24,9.5],"rotation":{"angle":0,"axis":"y","origin":[8,8,5.5]},"faces":{"north":{"uv":[0,0,0,8],"texture":"#2"},"east":{"uv":[1.5,0,0,8],"texture":"#2"},"south":{"uv":[0,0,0,8],"texture":"#2"},"west":{"uv":[0,0,1.5,8],"texture":"#2"},"up":{"uv":[0,1.5,0,0],"texture":"#2"},"down":{"uv":[0,0,0,1.5],"texture":"#2"}}}],"gui_light":"front","display":{"thirdperson_righthand":{"translation":[0,1.75,0.75],"scale":[0.86719,0.86719,0.86719]},"thirdperson_lefthand":{"translation":[0,1.75,0.75],"scale":[0.86719,0.86719,0.86719]},"firstperson_righthand":{"rotation":[-5,0,0],"translation":[-2.75,2.25,1]},"firstperson_lefthand":{"rotation":[-5,0,0],"translation":[-2.75,2.25,1]},"ground":{"rotation":[-40,0,0],"translation":[0,6.25,1.25]},"gui":{"rotation":[-90,45,90],"translation":[2.5,-3,0]},"head":{"scale":[0,0,0]},"fixed":{"rotation":[90,-135,90],"translation":[-2.5,-3.25,-1.25]}},"groups":[0,1,2,3,4,5,6,7,8,9,10,11,12,{"name":"group","origin":[10.48415,10.20454,11.47302],"color":0,"children":[13,14,15,16,17,18,19,20,21,22]},23]}