{"credit":"Made with Blockbench by yungwilder","texture_size":[32,32],"textures":{"1":"chunky:item/warden_set/items/hanging_details","3":"chunky:item/warden_set/items/warden_hoe","particle":"chunky:item/warden_set/items/warden_sword"},"elements":[{"from":[6.5,0,6.75],"to":[9.5,3,9.25],"rotation":{"angle":45,"axis":"z","origin":[8,1.5,8]},"faces":{"north":{"uv":[6.5,0,8,1.5],"texture":"#3"},"east":{"uv":[1,6.5,2.5,8],"texture":"#3"},"south":{"uv":[6.5,1.5,8,3],"texture":"#3"},"west":{"uv":[2.5,6.5,4,8],"texture":"#3"},"up":{"uv":[8,4.5,6.5,3],"texture":"#3"},"down":{"uv":[8,4.5,6.5,6],"texture":"#3"}}},{"from":[7,2.5,7],"to":[9,9.5,9],"rotation":{"angle":0,"axis":"y","origin":[8,1.5,8]},"faces":{"north":{"uv":[1.5,3,2.5,6.5],"texture":"#3"},"east":{"uv":[2.5,3,3.5,6.5],"texture":"#3"},"south":{"uv":[3.5,3,4.5,6.5],"texture":"#3"},"west":{"uv":[4.5,0,5.5,3.5],"texture":"#3"},"up":{"uv":[9,4,8,3],"texture":"#3"},"down":{"uv":[9,4,8,5],"texture":"#3"}}},{"from":[7,9.5,7],"to":[9,16.5,9],"rotation":{"angle":0,"axis":"y","origin":[8,1.5,8]},"faces":{"north":{"uv":[4.5,3.5,5.5,7],"texture":"#3"},"east":{"uv":[5.5,0,6.5,3.5],"texture":"#3"},"south":{"uv":[5.5,3.5,6.5,7],"texture":"#3"},"west":{"uv":[0,6,1,9.5],"texture":"#3"},"up":{"uv":[9,6,8,5],"texture":"#3"},"down":{"uv":[9,6,8,7],"texture":"#3"}}},{"from":[6.5,16.5,6.5],"to":[9.5,22.5,9.5],"faces":{"north":{"uv":[0,0,1.5,3],"texture":"#3"},"east":{"uv":[1.5,0,3,3],"texture":"#3"},"south":{"uv":[0,3,1.5,6],"texture":"#3"},"west":{"uv":[3,0,4.5,3],"texture":"#3"},"up":{"uv":[8,7.5,6.5,6],"texture":"#3"},"down":{"uv":[5.5,7,4,8.5],"texture":"#3"}}},{"from":[9.5,18.5,7],"to":[11.5,21.5,9],"rotation":{"angle":0,"axis":"y","origin":[9,19,8]},"faces":{"north":{"uv":[5.5,7,6.5,8.5],"texture":"#3"},"east":{"uv":[6.5,7.5,7.5,9],"texture":"#3"},"south":{"uv":[7.5,7.5,8.5,9],"texture":"#3"},"west":{"uv":[8,0,9,1.5],"texture":"#3"},"up":{"uv":[5,9.5,4,8.5],"texture":"#3"},"down":{"uv":[6,8.5,5,9.5],"texture":"#3"}}},{"from":[4.5,19.5,7],"to":[6.5,21.5,9],"faces":{"north":{"uv":[8.5,7,9.5,8],"texture":"#3"},"east":{"uv":[8.5,8,9.5,9],"texture":"#3"},"south":{"uv":[9,0,10,1],"texture":"#3"},"west":{"uv":[9,1,10,2],"texture":"#3"},"up":{"uv":[10,3,9,2],"texture":"#3"},"down":{"uv":[10,3,9,4],"texture":"#3"}}},{"from":[10.96508,17.81075,7.025],"to":[12.96508,20.81075,8.975],"rotation":{"angle":-22.5,"axis":"z","origin":[12.96508,19.81075,8]},"faces":{"north":{"uv":[1,8,2,9.5],"texture":"#3"},"east":{"uv":[8,1.5,9,3],"texture":"#3"},"south":{"uv":[2,8,3,9.5],"texture":"#3"},"west":{"uv":[3,8,4,9.5],"texture":"#3"},"up":{"uv":[2,10.5,1,9.5],"texture":"#3"},"down":{"uv":[3,9.5,2,10.5],"texture":"#3"}}},{"from":[12.96508,18.81075,7.025],"to":[14.96508,20.81075,8.975],"rotation":{"angle":-22.5,"axis":"z","origin":[12.96508,19.81075,8]},"faces":{"north":{"uv":[9,4,10,5],"texture":"#3"},"east":{"uv":[9,5,10,6],"texture":"#3"},"south":{"uv":[6,9,7,10],"texture":"#3"},"west":{"uv":[9,6,10,7],"texture":"#3"},"up":{"uv":[8,10,7,9],"texture":"#3"},"down":{"uv":[9,9,8,10],"texture":"#3"}}},{"from":[14.96508,19.81075,7.025],"to":[16.96508,20.81075,8.975],"rotation":{"angle":-22.5,"axis":"z","origin":[12.96508,19.81075,8]},"faces":{"north":{"uv":[3,9.5,4,10],"texture":"#3"},"east":{"uv":[4,9.5,5,10],"texture":"#3"},"south":{"uv":[5,9.5,6,10],"texture":"#3"},"west":{"uv":[9.5,7,10.5,7.5],"texture":"#3"},"up":{"uv":[10,10,9,9],"texture":"#3"},"down":{"uv":[1,9.5,0,10.5],"texture":"#3"}}},{"from":[6,16.75,6.25],"to":[10,22.75,9.75],"faces":{"north":{"uv":[1.5,3,3.5,6],"texture":"#1"},"south":{"uv":[2,0,4,3],"texture":"#1"},"up":{"uv":[6.5,0,8.5,1.5],"texture":"#1"}}},{"from":[9.5,15.75,6.75],"to":[11.5,21.75,9.25],"rotation":{"angle":0,"axis":"y","origin":[11,19.75,8]},"faces":{"north":{"uv":[4,4,5,7],"texture":"#1"},"south":{"uv":[0,0.5,1,3.5],"texture":"#1"},"up":{"uv":[2.5,3,3.5,4],"texture":"#1"}}},{"from":[9.5,15.75,9.25],"to":[11.5,21.75,6.75],"rotation":{"angle":0,"axis":"y","origin":[10.5,18.75,8]},"faces":{"north":{"uv":[5,4,4,7],"texture":"#1"},"south":{"uv":[1,0.5,0,3.5],"texture":"#1"},"up":{"uv":[2.5,4,3.5,3],"rotation":180,"texture":"#1"}}},{"from":[6,16.75,9.75],"to":[10,22.75,6.25],"rotation":{"angle":0,"axis":"y","origin":[8,19.75,8]},"faces":{"north":{"uv":[4,0,2,3],"texture":"#1"},"south":{"uv":[3.5,3,1.5,6],"texture":"#1"},"up":{"uv":[8.5,0,6.5,1.5],"rotation":180,"texture":"#1"}}}],"gui_light":"front","display":{"thirdperson_righthand":{"rotation":[0,90,0],"translation":[0,-1,1],"scale":[0.9,0.9,0.9]},"thirdperson_lefthand":{"rotation":[0,-90,0],"translation":[0,-1,1],"scale":[0.9,0.9,0.9]},"firstperson_righthand":{"rotation":[-15,90,0],"translation":[0,2,0],"scale":[0.7,0.7,0.7]},"firstperson_lefthand":{"rotation":[-15,-90,0],"translation":[0,2,0],"scale":[0.7,0.7,0.7]},"ground":{"rotation":[45,0,0],"scale":[0.35,0.35,0.35]},"gui":{"rotation":[20,-20,-45],"translation":[-2.5,-2.5,0],"scale":[0.75,0.75,0.75]},"head":{"rotation":[-180,0,115],"translation":[20,8,0]},"fixed":{"rotation":[-180,0,135],"translation":[3.5,-2.5,-1],"scale":[0.9,0.9,0.9]}},"groups":[{"name":"warden_hoe","origin":[8,8,8],"color":0,"children":[0,1,2,3,4,5,6,7,8,9,10,11,12]}]}