{"credit":"Made with Blockbench by yungwilder","texture_size":[32,32],"textures":{"1":"chunky:item/warden_set/items/hanging_details","2":"chunky:item/warden_set/items/warden_axe","particle":"chunky:item/warden_set/items/warden_sword"},"elements":[{"from":[6.5,0,6.75],"to":[9.5,3,9.25],"rotation":{"angle":45,"axis":"z","origin":[8,1.5,8]},"faces":{"north":{"uv":[1,7,2.5,8.5],"texture":"#2"},"east":{"uv":[4.5,7,6,8.5],"texture":"#2"},"south":{"uv":[7.5,0,9,1.5],"texture":"#2"},"west":{"uv":[7.5,1.5,9,3],"texture":"#2"},"up":{"uv":[9,4.5,7.5,3],"texture":"#2"},"down":{"uv":[9,4.5,7.5,6],"texture":"#2"}}},{"from":[7,2.5,7],"to":[9,9.5,9],"rotation":{"angle":0,"axis":"y","origin":[8,1.5,8]},"faces":{"north":{"uv":[3.5,3,4.5,6.5],"texture":"#2"},"east":{"uv":[4.5,0,5.5,3.5],"texture":"#2"},"south":{"uv":[4.5,3.5,5.5,7],"texture":"#2"},"west":{"uv":[5.5,0,6.5,3.5],"texture":"#2"},"up":{"uv":[10,5,9,4],"texture":"#2"},"down":{"uv":[10,5,9,6],"texture":"#2"}}},{"from":[7,9.5,7],"to":[9,16.5,9],"rotation":{"angle":0,"axis":"y","origin":[8,1.5,8]},"faces":{"north":{"uv":[5.5,3.5,6.5,7],"texture":"#2"},"east":{"uv":[0,6,1,9.5],"texture":"#2"},"south":{"uv":[6.5,0,7.5,3.5],"texture":"#2"},"west":{"uv":[3.5,6.5,4.5,10],"texture":"#2"},"up":{"uv":[10,7,9,6],"texture":"#2"},"down":{"uv":[10,7,9,8],"texture":"#2"}}},{"from":[6.5,16.5,6.5],"to":[9.5,22.5,9.5],"faces":{"north":{"uv":[0,0,1.5,3],"texture":"#2"},"east":{"uv":[1.5,0,3,3],"texture":"#2"},"south":{"uv":[0,3,1.5,6],"texture":"#2"},"west":{"uv":[3,0,4.5,3],"texture":"#2"},"up":{"uv":[9,7.5,7.5,6],"texture":"#2"},"down":{"uv":[9,7.5,7.5,9],"texture":"#2"}}},{"from":[4.5,17.5,7],"to":[6.5,21.5,9],"rotation":{"angle":0,"axis":"y","origin":[7,19,8]},"faces":{"north":{"uv":[2.5,7,3.5,9],"texture":"#2"},"east":{"uv":[1,8.5,2,10.5],"texture":"#2"},"south":{"uv":[4.5,8.5,5.5,10.5],"texture":"#2"},"west":{"uv":[5.5,8.5,6.5,10.5],"texture":"#2"},"up":{"uv":[8.5,10,7.5,9],"texture":"#2"},"down":{"uv":[10,8,9,9],"texture":"#2"}}},{"from":[3.5,15.5,7.5],"to":[5.5,21.5,8.5],"rotation":{"angle":22.5,"axis":"z","origin":[3.5,19,8]},"faces":{"north":{"uv":[6.5,3.5,7.5,6.5],"texture":"#2"},"east":{"uv":[2.5,9,3,12],"texture":"#2"},"south":{"uv":[6.5,6.5,7.5,9.5],"texture":"#2"},"west":{"uv":[3,9,3.5,12],"texture":"#2"},"up":{"uv":[9.5,9.5,8.5,9],"texture":"#2"},"down":{"uv":[1,9.5,0,10],"texture":"#2"}}},{"from":[1.5,13.5,7.5],"to":[3.5,21.5,8.5],"rotation":{"angle":22.5,"axis":"z","origin":[3.5,19,8]},"faces":{"north":{"uv":[1.5,3,2.5,7],"texture":"#2"},"east":{"uv":[2,8.5,2.5,12.5],"texture":"#2"},"south":{"uv":[2.5,3,3.5,7],"texture":"#2"},"west":{"uv":[9,0,9.5,4],"texture":"#2"},"up":{"uv":[10.5,0.5,9.5,0],"texture":"#2"},"down":{"uv":[10.5,0.5,9.5,1],"texture":"#2"}}},{"from":[10.5,15.5,7.5],"to":[12.5,21.5,8.5],"rotation":{"angle":-22.5,"axis":"z","origin":[12.5,19,8]},"faces":{"north":{"uv":[7.5,3.5,6.5,6.5],"texture":"#2"},"east":{"uv":[3.5,9,3,12],"texture":"#2"},"south":{"uv":[7.5,6.5,6.5,9.5],"texture":"#2"},"west":{"uv":[3,9,2.5,12],"texture":"#2"},"up":{"uv":[8.5,9.5,9.5,9],"texture":"#2"},"down":{"uv":[0,9.5,1,10],"texture":"#2"}}},{"from":[9.5,17.5,7],"to":[11.5,21.5,9],"rotation":{"angle":0,"axis":"y","origin":[9,19,8]},"faces":{"north":{"uv":[3.5,7,2.5,9],"texture":"#2"},"east":{"uv":[6.5,8.5,5.5,10.5],"texture":"#2"},"south":{"uv":[5.5,8.5,4.5,10.5],"texture":"#2"},"west":{"uv":[2,8.5,1,10.5],"texture":"#2"},"up":{"uv":[7.5,10,8.5,9],"texture":"#2"},"down":{"uv":[9,8,10,9],"texture":"#2"}}},{"from":[12.5,13.5,7.5],"to":[14.5,21.5,8.5],"rotation":{"angle":-22.5,"axis":"z","origin":[12.5,19,8]},"faces":{"north":{"uv":[2.5,3,1.5,7],"texture":"#2"},"east":{"uv":[9.5,0,9,4],"texture":"#2"},"south":{"uv":[3.5,3,2.5,7],"texture":"#2"},"west":{"uv":[2.5,8.5,2,12.5],"texture":"#2"},"up":{"uv":[9.5,0.5,10.5,0],"texture":"#2"},"down":{"uv":[9.5,0.5,10.5,1],"texture":"#2"}}},{"from":[5,16.75,6.25],"to":[11,22.75,9.75],"faces":{"north":{"uv":[1,3,4,6],"texture":"#1"},"east":{"uv":[0,0,0.5,0.5],"texture":"#1"},"south":{"uv":[1,0,4,3],"texture":"#1"},"west":{"uv":[0,0,0.5,0.5],"texture":"#1"},"up":{"uv":[1,0,4,1.5],"texture":"#1"},"down":{"uv":[0,0,0.5,0.5],"texture":"#1"}}},{"from":[1,15.25,7.25],"to":[4,21.25,8.75],"rotation":{"angle":22.5,"axis":"z","origin":[2,19.75,8]},"faces":{"north":{"uv":[2.5,0,4,3],"texture":"#1"},"east":{"uv":[0,0,0.5,0.5],"texture":"#1"},"south":{"uv":[2.5,3,4,6],"texture":"#1"},"west":{"uv":[0,0,0.5,0.5],"texture":"#1"},"up":{"uv":[2,3,3.5,3.5],"texture":"#1"},"down":{"uv":[0,0,0.5,0.5],"texture":"#1"}}},{"from":[1,15.25,8.75],"to":[4,21.25,7.25],"rotation":{"angle":22.5,"axis":"z","origin":[2,19.75,8]},"faces":{"north":{"uv":[4,3,2.5,6],"texture":"#1"},"east":{"uv":[0.5,0,0,0.5],"texture":"#1"},"south":{"uv":[4,0,2.5,3],"texture":"#1"},"west":{"uv":[0.5,0,0,0.5],"texture":"#1"},"up":{"uv":[2,3.5,3.5,3],"texture":"#1"},"down":{"uv":[0,0.5,0.5,0],"texture":"#1"}}},{"from":[12,15.25,7.25],"to":[15,21.25,8.75],"rotation":{"angle":-22.5,"axis":"z","origin":[14,19.75,8]},"faces":{"north":{"uv":[1.5,0,3,3],"texture":"#1"},"east":{"uv":[0.5,0,0,0.5],"texture":"#1"},"south":{"uv":[4.5,0,3,3],"texture":"#1"},"west":{"uv":[0.5,0,0,0.5],"texture":"#1"},"up":{"uv":[3.5,3,2,3.5],"texture":"#1"},"down":{"uv":[0.5,0,0,0.5],"texture":"#1"}}},{"from":[12,15.25,8.75],"to":[15,21.25,7.25],"rotation":{"angle":-22.5,"axis":"z","origin":[14,19.75,8]},"faces":{"north":{"uv":[3,0,4.5,3],"texture":"#1"},"east":{"uv":[0,0,0.5,0.5],"texture":"#1"},"south":{"uv":[3,0,1.5,3],"texture":"#1"},"west":{"uv":[0,0,0.5,0.5],"texture":"#1"},"up":{"uv":[3.5,3.5,2,3],"texture":"#1"},"down":{"uv":[0.5,0.5,0,0],"texture":"#1"}}},{"from":[5,16.75,9.75],"to":[11,22.75,6.25],"rotation":{"angle":0,"axis":"y","origin":[8,19.75,8]},"faces":{"north":{"uv":[4,0,1,3],"texture":"#1"},"east":{"uv":[0.5,0,0,0.5],"texture":"#1"},"south":{"uv":[4,3,1,6],"texture":"#1"},"west":{"uv":[0.5,0,0,0.5],"texture":"#1"},"up":{"uv":[9,0,6,2],"rotation":180,"texture":"#1"},"down":{"uv":[0.5,0,0,0.5],"rotation":180,"texture":"#1"}}}],"gui_light":"front","display":{"thirdperson_righthand":{"rotation":[0,90,0],"translation":[0,-1,1],"scale":[0.9,0.9,0.9]},"thirdperson_lefthand":{"rotation":[0,-90,0],"translation":[0,-1,1],"scale":[0.9,0.9,0.9]},"firstperson_righthand":{"rotation":[-15,90,0],"translation":[0,2,0],"scale":[0.7,0.7,0.7]},"firstperson_lefthand":{"rotation":[-15,90,0],"translation":[0,2,0],"scale":[0.7,0.7,0.7]},"ground":{"rotation":[45,0,0],"scale":[0.35,0.35,0.35]},"gui":{"rotation":[20,-20,-45],"translation":[-2.5,-2.5,0],"scale":[0.75,0.75,0.75]},"head":{"rotation":[0,0,65],"translation":[20,8,0]},"fixed":{"rotation":[0,0,45],"translation":[3.5,-3.5,-1],"scale":[0.9,0.9,0.9]}},"groups":[{"name":"warden_axe","origin":[8,8,8],"color":0,"children":[0,1,2,3,4,5,6,7,8,9,10,11,12,13,14,15]}]}