{"textures":{"0":"modelengine:entity/bs_lny_dog_texture","1":"modelengine:entity/bs_lny_dog_texture2"},"elements":[{"from":[7.428571,4.5714283,7.428571],"to":[8.571428,8.571428,8.571428],"rotation":{"angle":0.0,"axis":"y","origin":[6.285714,4.5714283,5.142857]},"faces":{"east":{"uv":[0.0,5.75,0.5,7.5],"rotation":0,"texture":"#0","tintindex":0},"south":{"uv":[0.5,5.75,1.0,7.5],"rotation":0,"texture":"#0","tintindex":0},"north":{"uv":[3.75,5.5,4.25,7.25],"rotation":0,"texture":"#0","tintindex":0},"west":{"uv":[1.0,5.75,1.5,7.5],"rotation":0,"texture":"#0","tintindex":0},"up":{"uv":[0.75,8.0,0.25,7.5],"rotation":0,"texture":"#0","tintindex":0},"down":{"uv":[8.0,0.5,7.5,1.0],"rotation":0,"texture":"#0","tintindex":0}}},{"from":[7.257143,4.3999996,7.257143],"to":[8.742857,8.742857,8.742857],"rotation":{"angle":0.0,"axis":"y","origin":[6.285714,4.5714283,5.142857]},"faces":{"east":{"uv":[10.0,7.0,11.0,10.5],"rotation":0,"texture":"#1","tintindex":0},"south":{"uv":[10.0,10.5,11.0,14.0],"rotation":0,"texture":"#1","tintindex":0},"north":{"uv":[10.0,3.5,11.0,7.0],"rotation":0,"texture":"#1","tintindex":0},"west":{"uv":[11.0,0.0,12.0,3.5],"rotation":0,"texture":"#1","tintindex":0},"up":{"uv":[13.0,10.0,12.0,9.0],"rotation":0,"texture":"#1","tintindex":0},"down":{"uv":[13.0,10.0,12.0,11.0],"rotation":0,"texture":"#1","tintindex":0}}}],"display":{"head":{"translation":[0.0,-6.4,0.0],"scale":[4.0,4.0,4.0]}}}