{"textures":{"0":"modelengine:entity/bs_lny_dog_texture","1":"modelengine:entity/bs_lny_dog_texture2"},"elements":[{"from":[7.428571,4.5714283,7.428571],"to":[8.571428,8.571428,8.571428],"rotation":{"angle":0.0,"axis":"y","origin":[9.714286,4.5714283,5.142857]},"faces":{"east":{"uv":[2.0,5.75,2.5,7.5],"rotation":0,"texture":"#0","tintindex":0},"south":{"uv":[5.75,2.5,6.25,4.25],"rotation":0,"texture":"#0","tintindex":0},"north":{"uv":[1.5,5.75,2.0,7.5],"rotation":0,"texture":"#0","tintindex":0},"west":{"uv":[5.75,4.25,6.25,6.0],"rotation":0,"texture":"#0","tintindex":0},"up":{"uv":[1.25,8.0,0.75,7.5],"rotation":0,"texture":"#0","tintindex":0},"down":{"uv":[8.0,1.0,7.5,1.5],"rotation":0,"texture":"#0","tintindex":0}}},{"from":[7.257143,4.3999996,7.257143],"to":[8.742857,8.742857,8.742857],"rotation":{"angle":0.0,"axis":"y","origin":[9.714286,4.5714283,5.142857]},"faces":{"east":{"uv":[9.0,5.0,10.0,8.5],"rotation":0,"texture":"#1","tintindex":0},"south":{"uv":[9.0,8.5,10.0,12.0],"rotation":0,"texture":"#1","tintindex":0},"north":{"uv":[5.0,9.0,6.0,12.5],"rotation":0,"texture":"#1","tintindex":0},"west":{"uv":[10.0,0.0,11.0,3.5],"rotation":0,"texture":"#1","tintindex":0},"up":{"uv":[13.0,7.0,12.0,6.0],"rotation":0,"texture":"#1","tintindex":0},"down":{"uv":[13.0,7.0,12.0,8.0],"rotation":0,"texture":"#1","tintindex":0}}}],"display":{"head":{"translation":[0.0,-6.4,0.0],"scale":[4.0,4.0,4.0]}}}