{"textures":{"0":"modelengine:entity/bs_lny_dog_texture","1":"modelengine:entity/bs_lny_dog_texture2"},"elements":[{"from":[6.0,9.428572,5.714286],"to":[10.0,12.857143,9.142858],"rotation":{"angle":0.0,"axis":"y","origin":[8.0,7.428571,8.0]},"faces":{"east":{"uv":[0.0,3.0,1.5,4.5],"rotation":0,"texture":"#0","tintindex":0},"south":{"uv":[0.0,1.5,1.75,3.0],"rotation":0,"texture":"#0","tintindex":0},"north":{"uv":[0.0,0.0,1.75,1.5],"rotation":0,"texture":"#0","tintindex":0},"west":{"uv":[1.5,3.0,3.0,4.5],"rotation":0,"texture":"#0","tintindex":0},"up":{"uv":[3.5,1.5,1.75,0.0],"rotation":0,"texture":"#0","tintindex":0},"down":{"uv":[3.5,1.5,1.75,3.0],"rotation":0,"texture":"#0","tintindex":0}}},{"from":[6.285714,9.714286,9.142858],"to":[9.714286,12.571428,12.0],"rotation":{"angle":0.0,"axis":"y","origin":[8.0,7.428571,8.0]},"faces":{"east":{"uv":[4.5,5.0,5.75,6.25],"rotation":0,"texture":"#0","tintindex":0},"south":{"uv":[3.5,0.0,5.0,1.25],"rotation":0,"texture":"#0","tintindex":0},"north":{"uv":[3.0,3.0,4.5,4.25],"rotation":0,"texture":"#0","tintindex":0},"west":{"uv":[2.5,5.5,3.75,6.75],"rotation":0,"texture":"#0","tintindex":0},"up":{"uv":[5.0,2.5,3.5,1.25],"rotation":0,"texture":"#0","tintindex":0},"down":{"uv":[4.5,4.25,3.0,5.5],"rotation":0,"texture":"#0","tintindex":0}}},{"from":[5.8285713,9.257143,5.542857],"to":[10.171429,13.028572,9.314285],"rotation":{"angle":0.0,"axis":"y","origin":[8.0,7.428571,8.0]},"faces":{"east":{"uv":[0.0,6.0,3.0,9.0],"rotation":0,"texture":"#1","tintindex":0},"south":{"uv":[0.0,3.0,3.5,6.0],"rotation":0,"texture":"#1","tintindex":0},"north":{"uv":[0.0,0.0,3.5,3.0],"rotation":0,"texture":"#1","tintindex":0},"west":{"uv":[3.0,6.0,6.0,9.0],"rotation":0,"texture":"#1","tintindex":0},"up":{"uv":[7.0,3.0,3.5,0.0],"rotation":0,"texture":"#1","tintindex":0},"down":{"uv":[7.0,3.0,3.5,6.0],"rotation":0,"texture":"#1","tintindex":0}}},{"from":[6.1142855,9.542857,8.971429],"to":[9.885715,12.742857,12.171429],"rotation":{"angle":0.0,"axis":"y","origin":[8.0,7.428571,8.0]},"faces":{"east":{"uv":[0.0,9.0,2.5,11.5],"rotation":0,"texture":"#1","tintindex":0},"south":{"uv":[7.0,0.0,10.0,2.5],"rotation":0,"texture":"#1","tintindex":0},"north":{"uv":[6.0,6.0,9.0,8.5],"rotation":0,"texture":"#1","tintindex":0},"west":{"uv":[2.5,9.0,5.0,11.5],"rotation":0,"texture":"#1","tintindex":0},"up":{"uv":[10.0,5.0,7.0,2.5],"rotation":0,"texture":"#1","tintindex":0},"down":{"uv":[9.0,8.5,6.0,11.0],"rotation":0,"texture":"#1","tintindex":0}}}],"display":{"head":{"translation":[0.0,-6.4,0.0],"scale":[4.0,4.0,4.0]}}}