{"textures":{"0":"modelengine:entity/bs_lny_dog_texture","1":"modelengine:entity/bs_lny_dog_texture2"},"elements":[{"from":[7.428571,4.5714283,7.428571],"to":[8.571428,8.0,8.571428],"rotation":{"angle":0.0,"axis":"y","origin":[9.714286,4.5714283,9.142858]},"faces":{"east":{"uv":[6.25,0.0,6.75,1.5],"rotation":0,"texture":"#0","tintindex":0},"south":{"uv":[6.25,1.5,6.75,3.0],"rotation":0,"texture":"#0","tintindex":0},"north":{"uv":[5.75,6.0,6.25,7.5],"rotation":0,"texture":"#0","tintindex":0},"west":{"uv":[6.25,3.0,6.75,4.5],"rotation":0,"texture":"#0","tintindex":0},"up":{"uv":[4.0,3.0,3.5,2.5],"rotation":0,"texture":"#0","tintindex":0},"down":{"uv":[4.5,2.5,4.0,3.0],"rotation":0,"texture":"#0","tintindex":0}}},{"from":[7.257143,4.3999996,7.257143],"to":[8.742857,8.171429,8.742857],"rotation":{"angle":0.0,"axis":"y","origin":[9.714286,4.5714283,9.142858]},"faces":{"east":{"uv":[6.0,11.0,7.0,14.0],"rotation":0,"texture":"#1","tintindex":0},"south":{"uv":[11.0,6.5,12.0,9.5],"rotation":0,"texture":"#1","tintindex":0},"north":{"uv":[11.0,3.5,12.0,6.5],"rotation":0,"texture":"#1","tintindex":0},"west":{"uv":[7.0,11.0,8.0,14.0],"rotation":0,"texture":"#1","tintindex":0},"up":{"uv":[8.0,6.0,7.0,5.0],"rotation":0,"texture":"#1","tintindex":0},"down":{"uv":[9.0,5.0,8.0,6.0],"rotation":0,"texture":"#1","tintindex":0}}}],"display":{"head":{"translation":[0.0,-6.4,0.0],"scale":[4.0,4.0,4.0]}}}