{"textures":{"0":"modelengine:entity/bs_lny_dog_texture","1":"modelengine:entity/bs_lny_dog_texture2"},"elements":[{"from":[7.428571,4.5714283,7.428571],"to":[8.571428,8.0,8.571428],"rotation":{"angle":0.0,"axis":"y","origin":[6.285714,4.5714283,9.142858]},"faces":{"east":{"uv":[6.25,4.5,6.75,6.0],"rotation":0,"texture":"#0","tintindex":0},"south":{"uv":[4.75,6.25,5.25,7.75],"rotation":0,"texture":"#0","tintindex":0},"north":{"uv":[4.25,6.25,4.75,7.75],"rotation":0,"texture":"#0","tintindex":0},"west":{"uv":[5.25,6.25,5.75,7.75],"rotation":0,"texture":"#0","tintindex":0},"up":{"uv":[7.75,6.0,7.25,5.5],"rotation":0,"texture":"#0","tintindex":0},"down":{"uv":[8.0,0.0,7.5,0.5],"rotation":0,"texture":"#0","tintindex":0}}},{"from":[7.257143,4.3999996,7.257143],"to":[8.742857,8.171429,8.742857],"rotation":{"angle":0.0,"axis":"y","origin":[6.285714,4.5714283,9.142858]},"faces":{"east":{"uv":[11.0,9.5,12.0,12.5],"rotation":0,"texture":"#1","tintindex":0},"south":{"uv":[0.0,11.5,1.0,14.5],"rotation":0,"texture":"#1","tintindex":0},"north":{"uv":[8.0,11.0,9.0,14.0],"rotation":0,"texture":"#1","tintindex":0},"west":{"uv":[1.0,11.5,2.0,14.5],"rotation":0,"texture":"#1","tintindex":0},"up":{"uv":[13.0,9.0,12.0,8.0],"rotation":0,"texture":"#1","tintindex":0},"down":{"uv":[10.0,12.0,9.0,13.0],"rotation":0,"texture":"#1","tintindex":0}}}],"display":{"head":{"translation":[0.0,-6.4,0.0],"scale":[4.0,4.0,4.0]}}}