{"textures":{"0":"modelengine:entity/bs_lny_dog_texture","1":"modelengine:entity/bs_lny_dog_texture2"},"elements":[{"from":[6.5714283,7.142857,5.91226],"to":[9.428572,10.0,8.7694025],"rotation":{"angle":0.0,"axis":"y","origin":[7.714286,3.142857,10.483688]},"faces":{"east":{"uv":[1.25,4.5,2.5,5.75],"rotation":0,"texture":"#0","tintindex":0},"south":{"uv":[4.5,2.5,5.75,3.75],"rotation":0,"texture":"#0","tintindex":0},"north":{"uv":[0.0,4.5,1.25,5.75],"rotation":0,"texture":"#0","tintindex":0},"west":{"uv":[4.5,3.75,5.75,5.0],"rotation":0,"texture":"#0","tintindex":0},"up":{"uv":[6.25,1.25,5.0,0.0],"rotation":0,"texture":"#0","tintindex":0},"down":{"uv":[6.25,1.25,5.0,2.5],"rotation":0,"texture":"#0","tintindex":0}}},{"from":[6.9714284,6.9714284,4.0265455],"to":[9.028571,9.028571,6.0836883],"rotation":{"angle":0.0,"axis":"y","origin":[7.714286,3.142857,10.483688]},"faces":{"east":{"uv":[3.5,11.5,5.0,13.0],"rotation":0,"texture":"#1","tintindex":0},"south":{"uv":[12.0,0.0,13.5,1.5],"rotation":0,"texture":"#1","tintindex":0},"north":{"uv":[2.0,11.5,3.5,13.0],"rotation":0,"texture":"#1","tintindex":0},"west":{"uv":[12.0,1.5,13.5,3.0],"rotation":0,"texture":"#1","tintindex":0},"up":{"uv":[13.5,4.5,12.0,3.0],"rotation":0,"texture":"#1","tintindex":0},"down":{"uv":[13.5,4.5,12.0,6.0],"rotation":0,"texture":"#1","tintindex":0}}},{"from":[7.142857,7.142857,4.197974],"to":[8.857143,8.857143,5.91226],"rotation":{"angle":0.0,"axis":"y","origin":[7.714286,3.142857,10.483688]},"faces":{"east":{"uv":[6.75,0.0,7.5,0.75],"rotation":0,"texture":"#0","tintindex":0},"south":{"uv":[6.75,0.75,7.5,1.5],"rotation":0,"texture":"#0","tintindex":0},"north":{"uv":[6.25,6.0,7.0,6.75],"rotation":0,"texture":"#0","tintindex":0},"west":{"uv":[6.75,1.5,7.5,2.25],"rotation":0,"texture":"#0","tintindex":0},"up":{"uv":[7.5,3.0,6.75,2.25],"rotation":0,"texture":"#0","tintindex":0},"down":{"uv":[3.25,6.75,2.5,7.5],"rotation":0,"texture":"#0","tintindex":0}}},{"from":[8.571428,8.857143,7.197974],"to":[9.714286,11.142858,7.7694025],"rotation":{"angle":-22.5,"axis":"y","origin":[9.142858,10.285714,7.91226]},"faces":{"east":{"uv":[7.25,6.75,7.5,7.75],"rotation":0,"texture":"#0","tintindex":0},"south":{"uv":[6.75,3.0,7.25,4.0],"rotation":0,"texture":"#0","tintindex":0},"north":{"uv":[2.5,4.5,3.0,5.5],"rotation":0,"texture":"#0","tintindex":0},"west":{"uv":[0.0,7.5,0.25,8.5],"rotation":0,"texture":"#0","tintindex":0},"up":{"uv":[8.0,2.75,7.5,2.5],"rotation":0,"texture":"#0","tintindex":0},"down":{"uv":[3.25,7.5,2.75,7.75],"rotation":0,"texture":"#0","tintindex":0}}},{"from":[6.285714,8.857143,7.197974],"to":[7.428571,11.142858,7.7694025],"rotation":{"angle":22.5,"axis":"y","origin":[6.857143,10.285714,7.91226]},"faces":{"east":{"uv":[2.25,7.5,2.5,8.5],"rotation":0,"texture":"#0","tintindex":0},"south":{"uv":[7.25,3.0,7.75,4.0],"rotation":0,"texture":"#0","tintindex":0},"north":{"uv":[6.75,6.75,7.25,7.75],"rotation":0,"texture":"#0","tintindex":0},"west":{"uv":[2.5,7.5,2.75,8.5],"rotation":0,"texture":"#0","tintindex":0},"up":{"uv":[8.0,3.0,7.5,2.75],"rotation":0,"texture":"#0","tintindex":0},"down":{"uv":[6.25,7.5,5.75,7.75],"rotation":0,"texture":"#0","tintindex":0}}}],"display":{"head":{"translation":[0.0,-6.4,0.0],"scale":[4.0,4.0,4.0]}}}