{"textures":{"0":"modelengine:entity/bs_lny_dog_texture","1":"modelengine:entity/bs_lny_dog_texture2"},"elements":[{"from":[7.242857,8.971429,8.542857],"to":[8.757143,11.028572,10.028572],"rotation":{"angle":0.0,"axis":"y","origin":[8.0,9.369398,8.965337]},"faces":{"east":{"uv":[7.5,14.5,8.5,16.0],"rotation":0,"texture":"#1","tintindex":0},"south":{"uv":[14.5,8.0,15.5,9.5],"rotation":0,"texture":"#1","tintindex":0},"north":{"uv":[14.0,12.0,15.0,13.5],"rotation":0,"texture":"#1","tintindex":0},"west":{"uv":[14.5,9.5,15.5,11.0],"rotation":0,"texture":"#1","tintindex":0},"up":{"uv":[4.5,16.0,3.5,15.0],"rotation":0,"texture":"#1","tintindex":0},"down":{"uv":[16.0,4.0,15.0,5.0],"rotation":0,"texture":"#1","tintindex":0}}},{"from":[7.4142857,9.142858,8.714286],"to":[8.585714,10.857143,9.857143],"rotation":{"angle":0.0,"axis":"y","origin":[8.0,9.369398,8.965337]},"faces":{"east":{"uv":[3.75,7.25,4.25,8.0],"rotation":0,"texture":"#0","tintindex":0},"south":{"uv":[7.25,4.0,7.75,4.75],"rotation":0,"texture":"#0","tintindex":0},"north":{"uv":[7.0,6.0,7.5,6.75],"rotation":0,"texture":"#0","tintindex":0},"west":{"uv":[7.25,4.75,7.75,5.5],"rotation":0,"texture":"#0","tintindex":0},"up":{"uv":[2.25,8.0,1.75,7.5],"rotation":0,"texture":"#0","tintindex":0},"down":{"uv":[8.0,2.0,7.5,2.5],"rotation":0,"texture":"#0","tintindex":0}}},{"from":[7.428571,7.554097,8.613271],"to":[8.571428,9.839811,9.756127],"rotation":{"angle":45.0,"axis":"x","origin":[8.0,9.369398,8.965337]},"faces":{"east":{"uv":[6.75,4.0,7.25,5.0],"rotation":0,"texture":"#0","tintindex":0},"south":{"uv":[6.75,5.0,7.25,6.0],"rotation":0,"texture":"#0","tintindex":0},"north":{"uv":[3.25,6.75,3.75,7.75],"rotation":0,"texture":"#0","tintindex":0},"west":{"uv":[6.25,6.75,6.75,7.75],"rotation":0,"texture":"#0","tintindex":0},"up":{"uv":[1.75,8.0,1.25,7.5],"rotation":0,"texture":"#0","tintindex":0},"down":{"uv":[8.0,1.5,7.5,2.0],"rotation":0,"texture":"#0","tintindex":0}}}],"display":{"head":{"translation":[0.0,-6.4,0.0],"scale":[4.0,4.0,4.0]}}}