{
	"credit": "Made with Blockbench",
	"texture_size": [64, 64],
	"textures": {
		"1": "chunky:item/christmas/newyear_balloon"
	},
	"elements": [
		{
			"name": "2",
			"from": [18, 2, 8],
			"to": [27, 5, 12],
			"rotation": {"angle": 0, "axis": "y", "origin": [-4, 0, -6]},
			"faces": {
				"north": {"uv": [6.75, 4.25, 9, 5], "texture": "#1"},
				"east": {"uv": [9.75, 5.25, 10.75, 6], "texture": "#1"},
				"south": {"uv": [6.75, 5, 9, 5.75], "texture": "#1"},
				"west": {"uv": [9.75, 6, 10.75, 6.75], "texture": "#1"},
				"up": {"uv": [2.25, 1, 0, 0], "texture": "#1"},
				"down": {"uv": [2.25, 1, 0, 2], "texture": "#1"}
			}
		},
		{
			"name": "2",
			"from": [18, 14, 8],
			"to": [27, 17, 12],
			"rotation": {"angle": 0, "axis": "y", "origin": [-4, 0, -6]},
			"faces": {
				"north": {"uv": [0, 7, 2.25, 7.75], "texture": "#1"},
				"east": {"uv": [9.75, 6.75, 10.75, 7.5], "texture": "#1"},
				"south": {"uv": [2.25, 7, 4.5, 7.75], "texture": "#1"},
				"west": {"uv": [9.75, 7.5, 10.75, 8.25], "texture": "#1"},
				"up": {"uv": [2.25, 3, 0, 2], "texture": "#1"},
				"down": {"uv": [4.5, 0, 2.25, 1], "texture": "#1"}
			}
		},
		{
			"name": "2",
			"from": [18, 11, 8],
			"to": [21, 14, 12],
			"rotation": {"angle": 0, "axis": "y", "origin": [-4, 0, -6]},
			"faces": {
				"north": {"uv": [11.75, 0.75, 12.5, 1.5], "texture": "#1"},
				"east": {"uv": [9.75, 8.25, 10.75, 9], "texture": "#1"},
				"south": {"uv": [1.5, 11.75, 2.25, 12.5], "texture": "#1"},
				"west": {"uv": [9.75, 9, 10.75, 9.75], "texture": "#1"},
				"up": {"uv": [4.5, 10.25, 3.75, 9.25], "texture": "#1"},
				"down": {"uv": [10.5, 9.75, 9.75, 10.75], "texture": "#1"}
			}
		},
		{
			"name": "2",
			"from": [24, 5, 8],
			"to": [27, 8, 12],
			"rotation": {"angle": 0, "axis": "y", "origin": [-4, 0, -6]},
			"faces": {
				"north": {"uv": [11.75, 1.5, 12.5, 2.25], "texture": "#1"},
				"east": {"uv": [0, 10, 1, 10.75], "texture": "#1"},
				"south": {"uv": [2.25, 11.75, 3, 12.5], "texture": "#1"},
				"west": {"uv": [10, 0, 11, 0.75], "texture": "#1"},
				"up": {"uv": [10.75, 1.75, 10, 0.75], "texture": "#1"},
				"down": {"uv": [1.75, 10, 1, 11], "texture": "#1"}
			}
		},
		{
			"name": "2",
			"from": [18, 8, 8],
			"to": [27, 11, 12],
			"rotation": {"angle": 0, "axis": "y", "origin": [-4, 0, -6]},
			"faces": {
				"north": {"uv": [7.5, 5.75, 9.75, 6.5], "texture": "#1"},
				"east": {"uv": [1.75, 10.25, 2.75, 11], "texture": "#1"},
				"south": {"uv": [7.5, 6.5, 9.75, 7.25], "texture": "#1"},
				"west": {"uv": [2.75, 10.25, 3.75, 11], "texture": "#1"},
				"up": {"uv": [4.5, 2, 2.25, 1], "texture": "#1"},
				"down": {"uv": [4.5, 2, 2.25, 3], "texture": "#1"}
			}
		},
		{
			"name": "0",
			"from": [15, 5, 8],
			"to": [18, 14, 12],
			"rotation": {"angle": 0, "axis": "y", "origin": [-4, 0, -6]},
			"faces": {
				"north": {"uv": [6, 9, 6.75, 11.25], "texture": "#1"},
				"east": {"uv": [6.5, 6, 7.5, 8.25], "texture": "#1"},
				"south": {"uv": [9, 8.75, 9.75, 11], "texture": "#1"},
				"west": {"uv": [6.75, 0, 7.75, 2.25], "texture": "#1"},
				"up": {"uv": [0.75, 12.75, 0, 11.75], "texture": "#1"},
				"down": {"uv": [1.5, 11.75, 0.75, 12.75], "texture": "#1"}
			}
		},
		{
			"name": "0",
			"from": [9, 5, 8],
			"to": [12, 14, 12],
			"rotation": {"angle": 0, "axis": "y", "origin": [-4, 0, -6]},
			"faces": {
				"north": {"uv": [4.5, 9, 5.25, 11.25], "texture": "#1"},
				"east": {"uv": [4.5, 6, 5.5, 8.25], "texture": "#1"},
				"south": {"uv": [5.25, 9, 6, 11.25], "texture": "#1"},
				"west": {"uv": [5.5, 6, 6.5, 8.25], "texture": "#1"},
				"up": {"uv": [12.25, 11.25, 11.5, 10.25], "texture": "#1"},
				"down": {"uv": [12.25, 11.25, 11.5, 12.25], "texture": "#1"}
			}
		},
		{
			"name": "0",
			"from": [9, 14, 8],
			"to": [18, 17, 12],
			"rotation": {"angle": 0, "axis": "y", "origin": [-4, 0, -6]},
			"faces": {
				"north": {"uv": [6.75, 8.75, 9, 9.5], "texture": "#1"},
				"east": {"uv": [11.5, 5.25, 12.5, 6], "texture": "#1"},
				"south": {"uv": [9, 3.75, 11.25, 4.5], "texture": "#1"},
				"west": {"uv": [11.5, 9.5, 12.5, 10.25], "texture": "#1"},
				"up": {"uv": [2.25, 7, 0, 6], "texture": "#1"},
				"down": {"uv": [4.5, 6, 2.25, 7], "texture": "#1"}
			}
		},
		{
			"name": "0",
			"from": [9, 2, 8],
			"to": [18, 5, 12],
			"rotation": {"angle": 0, "axis": "y", "origin": [-4, 0, -6]},
			"faces": {
				"north": {"uv": [8.5, 2.25, 10.75, 3], "texture": "#1"},
				"east": {"uv": [10.5, 11.25, 11.5, 12], "texture": "#1"},
				"south": {"uv": [8.5, 3, 10.75, 3.75], "texture": "#1"},
				"west": {"uv": [11.5, 4.5, 12.5, 5.25], "texture": "#1"},
				"up": {"uv": [4.5, 6, 2.25, 5], "texture": "#1"},
				"down": {"uv": [6.75, 5, 4.5, 6], "texture": "#1"}
			}
		},
		{
			"name": "2",
			"from": [0, 8, 8],
			"to": [9, 11, 12],
			"rotation": {"angle": 0, "axis": "y", "origin": [-4, 0, -6]},
			"faces": {
				"north": {"uv": [7.5, 7.25, 9.75, 8], "texture": "#1"},
				"east": {"uv": [6.75, 10.5, 7.75, 11.25], "texture": "#1"},
				"south": {"uv": [0, 7.75, 2.25, 8.5], "texture": "#1"},
				"west": {"uv": [7.75, 10.5, 8.75, 11.25], "texture": "#1"},
				"up": {"uv": [2.25, 4, 0, 3], "texture": "#1"},
				"down": {"uv": [4.5, 3, 2.25, 4], "texture": "#1"}
			}
		},
		{
			"name": "2",
			"from": [6, 5, 8],
			"to": [9, 8, 12],
			"rotation": {"angle": 0, "axis": "y", "origin": [-4, 0, -6]},
			"faces": {
				"north": {"uv": [11.75, 2.25, 12.5, 3], "texture": "#1"},
				"east": {"uv": [10.5, 9.75, 11.5, 10.5], "texture": "#1"},
				"south": {"uv": [3, 11.75, 3.75, 12.5], "texture": "#1"},
				"west": {"uv": [10.5, 10.5, 11.5, 11.25], "texture": "#1"},
				"up": {"uv": [4.5, 11.25, 3.75, 10.25], "texture": "#1"},
				"down": {"uv": [0.75, 10.75, 0, 11.75], "texture": "#1"}
			}
		},
		{
			"name": "2",
			"from": [0, 2, 8],
			"to": [9, 5, 12],
			"rotation": {"angle": 0, "axis": "y", "origin": [-4, 0, -6]},
			"faces": {
				"north": {"uv": [7.75, 0, 10, 0.75], "texture": "#1"},
				"east": {"uv": [10.75, 0.75, 11.75, 1.5], "texture": "#1"},
				"south": {"uv": [7.75, 0.75, 10, 1.5], "texture": "#1"},
				"west": {"uv": [10.75, 1.5, 11.75, 2.25], "texture": "#1"},
				"up": {"uv": [2.25, 5, 0, 4], "texture": "#1"},
				"down": {"uv": [4.5, 4, 2.25, 5], "texture": "#1"}
			}
		},
		{
			"name": "2",
			"from": [0, 11, 8],
			"to": [3, 14, 12],
			"rotation": {"angle": 0, "axis": "y", "origin": [-4, 0, -6]},
			"faces": {
				"north": {"uv": [11.75, 3, 12.5, 3.75], "texture": "#1"},
				"east": {"uv": [10.75, 2.25, 11.75, 3], "texture": "#1"},
				"south": {"uv": [11.75, 6, 12.5, 6.75], "texture": "#1"},
				"west": {"uv": [10.75, 3, 11.75, 3.75], "texture": "#1"},
				"up": {"uv": [11.5, 5.5, 10.75, 4.5], "texture": "#1"},
				"down": {"uv": [11.5, 5.5, 10.75, 6.5], "texture": "#1"}
			}
		},
		{
			"name": "2",
			"from": [0, 14, 8],
			"to": [9, 17, 12],
			"rotation": {"angle": 0, "axis": "y", "origin": [-4, 0, -6]},
			"faces": {
				"north": {"uv": [7.75, 1.5, 10, 2.25], "texture": "#1"},
				"east": {"uv": [10.75, 6.5, 11.75, 7.25], "texture": "#1"},
				"south": {"uv": [2.25, 7.75, 4.5, 8.5], "texture": "#1"},
				"west": {"uv": [10.75, 7.25, 11.75, 8], "texture": "#1"},
				"up": {"uv": [6.75, 1, 4.5, 0], "texture": "#1"},
				"down": {"uv": [6.75, 1, 4.5, 2], "texture": "#1"}
			}
		},
		{
			"name": "3",
			"from": [-9, 2, 8],
			"to": [0, 5, 12],
			"rotation": {"angle": 0, "axis": "y", "origin": [-4, 0, -6]},
			"faces": {
				"north": {"uv": [7.5, 8, 9.75, 8.75], "texture": "#1"},
				"east": {"uv": [10.75, 8, 11.75, 8.75], "texture": "#1"},
				"south": {"uv": [4.5, 8.25, 6.75, 9], "texture": "#1"},
				"west": {"uv": [10.75, 8.75, 11.75, 9.5], "texture": "#1"},
				"up": {"uv": [6.75, 3, 4.5, 2], "texture": "#1"},
				"down": {"uv": [6.75, 3, 4.5, 4], "texture": "#1"}
			}
		},
		{
			"name": "3",
			"from": [-9, 14, 8],
			"to": [0, 17, 12],
			"rotation": {"angle": 0, "axis": "y", "origin": [-4, 0, -6]},
			"faces": {
				"north": {"uv": [0, 8.5, 2.25, 9.25], "texture": "#1"},
				"east": {"uv": [11, 0, 12, 0.75], "texture": "#1"},
				"south": {"uv": [2.25, 8.5, 4.5, 9.25], "texture": "#1"},
				"west": {"uv": [0.75, 11, 1.75, 11.75], "texture": "#1"},
				"up": {"uv": [6.75, 5, 4.5, 4], "texture": "#1"},
				"down": {"uv": [2.25, 5, 0, 6], "texture": "#1"}
			}
		},
		{
			"name": "3",
			"from": [-9, 11, 8],
			"to": [-6, 14, 12],
			"rotation": {"angle": 0, "axis": "y", "origin": [-4, 0, -6]},
			"faces": {
				"north": {"uv": [11.75, 6.75, 12.5, 7.5], "texture": "#1"},
				"east": {"uv": [1.75, 11, 2.75, 11.75], "texture": "#1"},
				"south": {"uv": [11.75, 7.5, 12.5, 8.25], "texture": "#1"},
				"west": {"uv": [2.75, 11, 3.75, 11.75], "texture": "#1"},
				"up": {"uv": [10.5, 11.75, 9.75, 10.75], "texture": "#1"},
				"down": {"uv": [9.5, 11, 8.75, 12], "texture": "#1"}
			}
		},
		{
			"name": "3",
			"from": [-9, 5, 8],
			"to": [-6, 8, 12],
			"rotation": {"angle": 0, "axis": "y", "origin": [-4, 0, -6]},
			"faces": {
				"north": {"uv": [11.75, 8.25, 12.5, 9], "texture": "#1"},
				"east": {"uv": [3.75, 11.25, 4.75, 12], "texture": "#1"},
				"south": {"uv": [9.5, 11.75, 10.25, 12.5], "texture": "#1"},
				"west": {"uv": [11.25, 3.75, 12.25, 4.5], "texture": "#1"},
				"up": {"uv": [5.5, 12.25, 4.75, 11.25], "texture": "#1"},
				"down": {"uv": [6.25, 11.25, 5.5, 12.25], "texture": "#1"}
			}
		},
		{
			"name": "3",
			"from": [-9, 8, 8],
			"to": [-2, 11, 12],
			"rotation": {"angle": 0, "axis": "y", "origin": [-4, 0, -6]},
			"faces": {
				"north": {"uv": [9, 4.5, 10.75, 5.25], "texture": "#1"},
				"east": {"uv": [6.25, 11.25, 7.25, 12], "texture": "#1"},
				"south": {"uv": [0, 9.25, 1.75, 10], "texture": "#1"},
				"west": {"uv": [7.25, 11.25, 8.25, 12], "texture": "#1"},
				"up": {"uv": [8.5, 3.25, 6.75, 2.25], "texture": "#1"},
				"down": {"uv": [8.5, 3.25, 6.75, 4.25], "texture": "#1"}
			}
		},
		{
			"name": "down",
			"from": [7, 0, 12],
			"to": [11, 1, 12],
			"rotation": {"angle": 0, "axis": "y", "origin": [-8, 0, -6]},
			"faces": {
				"north": {"uv": [11.75, 9, 12.75, 9.25], "texture": "#1"},
				"east": {"uv": [0, 0, 0, 0.25], "texture": "#1"},
				"south": {"uv": [11.75, 9.25, 12.75, 9.5], "texture": "#1"},
				"west": {"uv": [0, 0, 0, 0.25], "texture": "#1"},
				"up": {"uv": [1, 0, 0, 0], "texture": "#1"},
				"down": {"uv": [1, 0, 0, 0], "texture": "#1"}
			}
		},
		{
			"name": "down",
			"from": [8, 1, 9],
			"to": [10, 2, 11],
			"rotation": {"angle": 0, "axis": "y", "origin": [-8, 0, -6]},
			"faces": {
				"north": {"uv": [6.75, 5.75, 7.25, 6], "texture": "#1"},
				"east": {"uv": [9, 5.25, 9.5, 5.5], "texture": "#1"},
				"south": {"uv": [9, 5.5, 9.5, 5.75], "texture": "#1"},
				"west": {"uv": [10, 1.75, 10.5, 2], "texture": "#1"},
				"up": {"uv": [7.25, 8.75, 6.75, 8.25], "texture": "#1"},
				"down": {"uv": [9, 3.75, 8.5, 4.25], "texture": "#1"}
			}
		},
		{
			"name": "down",
			"from": [7, 0, 8],
			"to": [11, 0, 12],
			"rotation": {"angle": 0, "axis": "y", "origin": [-8, 0, -6]},
			"faces": {
				"north": {"uv": [0, 0, 1, 0], "texture": "#1"},
				"east": {"uv": [0, 0, 1, 0], "texture": "#1"},
				"south": {"uv": [0, 0, 1, 0], "texture": "#1"},
				"west": {"uv": [0, 0, 1, 0], "texture": "#1"},
				"up": {"uv": [2.75, 10.25, 1.75, 9.25], "texture": "#1"},
				"down": {"uv": [3.75, 9.25, 2.75, 10.25], "texture": "#1"}
			}
		},
		{
			"name": "down",
			"from": [7, 0, 8],
			"to": [7, 1, 12],
			"rotation": {"angle": 0, "axis": "y", "origin": [-8, 0, -6]},
			"faces": {
				"north": {"uv": [0, 0, 0, 0.25], "texture": "#1"},
				"east": {"uv": [12, 0, 13, 0.25], "texture": "#1"},
				"south": {"uv": [0, 0, 0, 0.25], "texture": "#1"},
				"west": {"uv": [12, 0.25, 13, 0.5], "texture": "#1"},
				"up": {"uv": [0, 1, 0, 0], "texture": "#1"},
				"down": {"uv": [0, 0, 0, 1], "texture": "#1"}
			}
		},
		{
			"name": "down",
			"from": [7, 1, 8],
			"to": [11, 1, 12],
			"rotation": {"angle": 0, "axis": "y", "origin": [-8, 0, -6]},
			"faces": {
				"north": {"uv": [0, 0, 1, 0], "texture": "#1"},
				"east": {"uv": [0, 0, 1, 0], "texture": "#1"},
				"south": {"uv": [0, 0, 1, 0], "texture": "#1"},
				"west": {"uv": [0, 0, 1, 0], "texture": "#1"},
				"up": {"uv": [7.75, 10.5, 6.75, 9.5], "texture": "#1"},
				"down": {"uv": [8.75, 9.5, 7.75, 10.5], "texture": "#1"}
			}
		},
		{
			"name": "down",
			"from": [11, 0, 8],
			"to": [11, 1, 12],
			"rotation": {"angle": 0, "axis": "y", "origin": [-8, 0, -6]},
			"faces": {
				"north": {"uv": [0, 0, 0, 0.25], "texture": "#1"},
				"east": {"uv": [12, 0.5, 13, 0.75], "texture": "#1"},
				"south": {"uv": [0, 0, 0, 0.25], "texture": "#1"},
				"west": {"uv": [3.75, 12, 4.75, 12.25], "texture": "#1"},
				"up": {"uv": [0, 1, 0, 0], "texture": "#1"},
				"down": {"uv": [0, 0, 0, 1], "texture": "#1"}
			}
		},
		{
			"name": "down",
			"from": [7, 0, 8],
			"to": [11, 1, 8],
			"rotation": {"angle": 0, "axis": "y", "origin": [-8, 0, -6]},
			"faces": {
				"north": {"uv": [6.25, 12, 7.25, 12.25], "texture": "#1"},
				"east": {"uv": [0, 0, 0, 0.25], "texture": "#1"},
				"south": {"uv": [7.25, 12, 8.25, 12.25], "texture": "#1"},
				"west": {"uv": [0, 0, 0, 0.25], "texture": "#1"},
				"up": {"uv": [1, 0, 0, 0], "texture": "#1"},
				"down": {"uv": [1, 0, 0, 0], "texture": "#1"}
			}
		}
	],
	"display": {
		"thirdperson_righthand": {
			"translation": [0.25, 0, 0]
		},
		"gui": {
			"rotation": [0, -19, 0],
			"scale": [0.43, 0.5, 1.17]
		},
		"head": {
			"rotation": [0, 180, 0],
			"scale": [2, 2, 2]
		},
		"fixed": {
			"translation": [0, 5, 11.5],
			"scale": [2.5, 2.5, 2.5]
		}
	},
	"groups": [
		{
			"name": "newyear_balloon",
			"origin": [-8.02593, 5.2037, -8],
			"color": 0,
			"children": [
				0,
				1,
				2,
				3,
				4,
				5,
				6,
				7,
				8,
				9,
				10,
				11,
				12,
				13,
				14,
				15,
				16,
				17,
				18,
				19,
				20,
				21,
				22,
				23,
				24,
				25,
				{
					"name": "hitbox",
					"origin": [-8.02593, 7.7037, -8],
					"color": 0,
					"children": []
				}
			]
		}
	]
}