{"textures":{"0":"modelengine:entity/bs_cupid_pet_texture"},"elements":[{"from":[6.5714283,8.571428,5.428571],"to":[9.428572,12.0,7.142857],"rotation":{"angle":0.0,"axis":"y","origin":[7.714286,7.428571,6.0]},"faces":{"east":{"uv":[6.75,1.5,7.5,3.0],"rotation":0,"texture":"#0","tintindex":0},"south":{"uv":[6.75,0.0,8.0,1.5],"rotation":0,"texture":"#0","tintindex":0},"north":{"uv":[6.5,3.0,7.75,4.5],"rotation":0,"texture":"#0","tintindex":0},"west":{"uv":[0.0,7.0,0.75,8.5],"rotation":0,"texture":"#0","tintindex":0},"up":{"uv":[6.25,3.75,5.0,3.0],"rotation":0,"texture":"#0","tintindex":0},"down":{"uv":[7.75,4.5,6.5,5.25],"rotation":0,"texture":"#0","tintindex":0}}},{"from":[7.785714,9.485714,7.142857],"to":[8.642858,11.771429,8.0],"rotation":{"angle":22.5,"axis":"z","origin":[8.0,10.285714,7.5714283]},"faces":{"east":{"uv":[1.75,7.5,2.25,8.5],"rotation":0,"texture":"#0","tintindex":0},"south":{"uv":[2.25,7.5,2.75,8.5],"rotation":0,"texture":"#0","tintindex":0},"north":{"uv":[7.5,1.5,8.0,2.5],"rotation":0,"texture":"#0","tintindex":0},"west":{"uv":[2.75,7.5,3.25,8.5],"rotation":0,"texture":"#0","tintindex":0},"up":{"uv":[8.5,1.75,8.0,1.25],"rotation":0,"texture":"#0","tintindex":0},"down":{"uv":[8.5,1.75,8.0,2.25],"rotation":0,"texture":"#0","tintindex":0}}}],"display":{"head":{"translation":[0.0,-6.4,0.0],"scale":[4.0,4.0,4.0]}}}