{"textures":{"0":"modelengine:entity/bs_cupid_pet_texture"},"elements":[{"from":[4.9186764,5.714286,8.613646],"to":[8.347248,10.285714,8.613646],"rotation":{"angle":22.5,"axis":"y","origin":[6.6329618,9.142858,9.185074]},"faces":{"east":{"uv":[0.0,0.0,0.0,2.0],"rotation":0,"texture":"#0","tintindex":0},"south":{"uv":[1.5,3.5,0.0,5.5],"rotation":0,"texture":"#0","tintindex":0},"north":{"uv":[0.0,3.5,1.5,5.5],"rotation":0,"texture":"#0","tintindex":0},"west":{"uv":[0.0,0.0,0.0,2.0],"rotation":0,"texture":"#0","tintindex":0},"up":{"uv":[1.5,0.0,0.0,0.0],"rotation":0,"texture":"#0","tintindex":0},"down":{"uv":[1.5,0.0,0.0,0.0],"rotation":0,"texture":"#0","tintindex":0}}}],"display":{"head":{"translation":[0.0,-6.4,0.0],"scale":[4.0,4.0,4.0]}}}