{"credit":"Made with Blockbench by yungwilder","texture_size":[32,32],"textures":{"1":"dragon_gear:item/enderdragon_set/ender_dust_animation","5":"dragon_gear:item/enderdragon_set/enderdragon_sword","particle":"dragon_gear:item/enderdragon_set/enderdragon_sword"},"elements":[{"from":[6.5,0,6.75],"to":[9.5,3,9.25],"rotation":{"angle":45,"axis":"z","origin":[8,1.5,8]},"faces":{"north":{"uv":[10.5,3,12,4.5],"texture":"#5"},"east":{"uv":[10.5,12,11.5,13.5],"texture":"#5"},"south":{"uv":[10.5,4.5,12,6],"texture":"#5"},"west":{"uv":[12,10.5,13,12],"texture":"#5"},"up":{"uv":[13,13,11.5,12],"texture":"#5"},"down":{"uv":[14,0,12.5,1],"texture":"#5"}}},{"from":[7,2.5,7],"to":[9,9.5,9],"rotation":{"angle":0,"axis":"y","origin":[8,1.5,8]},"faces":{"north":{"uv":[8.5,3,9.5,6.5],"texture":"#5"},"east":{"uv":[9.5,3,10.5,6.5],"texture":"#5"},"south":{"uv":[5.5,9.5,6.5,13],"texture":"#5"},"west":{"uv":[6.5,9.5,7.5,13],"texture":"#5"},"up":{"uv":[14.5,4.5,13.5,3.5],"texture":"#5"},"down":{"uv":[14.5,4.5,13.5,5.5],"texture":"#5"}}},{"from":[5.5,9.5,6.5],"to":[10.5,12.5,9.5],"rotation":{"angle":0,"axis":"y","origin":[8,0.5,8]},"faces":{"north":{"uv":[5.5,8,8,9.5],"texture":"#5"},"east":{"uv":[7.5,10.5,9,12],"texture":"#5"},"south":{"uv":[8,8,10.5,9.5],"texture":"#5"},"west":{"uv":[10.5,7.5,12,9],"texture":"#5"},"up":{"uv":[11,1.5,8.5,0],"texture":"#5"},"down":{"uv":[11,1.5,8.5,3],"texture":"#5"}}},{"from":[5.5,12.5,7.5],"to":[10.5,28.5,8.5],"rotation":{"angle":0,"axis":"y","origin":[8,0.5,8]},"faces":{"north":{"uv":[6,0,8.5,8],"texture":"#5"},"east":{"uv":[4.5,8,5,16],"texture":"#5"},"south":{"uv":[0,8,2.5,16],"texture":"#5"},"west":{"uv":[5,8,5.5,16],"texture":"#5"},"up":{"uv":[15,3,12.5,2.5],"texture":"#5"},"down":{"uv":[16,3,13.5,3.5],"texture":"#5"}}},{"from":[3.30239,10.53387,6.475],"to":[6.30239,13.53387,9.525],"rotation":{"angle":-22.5,"axis":"z","origin":[3.30239,12.03387,8]},"faces":{"north":{"uv":[9,10.5,10.5,12],"texture":"#5"},"east":{"uv":[10.5,9,12,10.5],"texture":"#5"},"south":{"uv":[10.5,10.5,12,12],"texture":"#5"},"west":{"uv":[11,0,12.5,1.5],"texture":"#5"},"up":{"uv":[12.5,3,11,1.5],"texture":"#5"},"down":{"uv":[13,6,11.5,7.5],"texture":"#5"}}},{"from":[9.69761,10.53387,6.475],"to":[12.69761,13.53387,9.525],"rotation":{"angle":22.5,"axis":"z","origin":[12.69761,12.03387,8]},"faces":{"north":{"uv":[12,3,13.5,4.5],"texture":"#5"},"east":{"uv":[12,4.5,13.5,6],"texture":"#5"},"south":{"uv":[7.5,12,9,13.5],"texture":"#5"},"west":{"uv":[12,7.5,13.5,9],"texture":"#5"},"up":{"uv":[10.5,13.5,9,12],"texture":"#5"},"down":{"uv":[13.5,9,12,10.5],"texture":"#5"}}},{"from":[10.69761,9.53387,6.475],"to":[12.69761,10.53387,9.525],"rotation":{"angle":22.5,"axis":"z","origin":[12.69761,12.03387,8]},"faces":{"north":{"uv":[10.5,6,11.5,6.5],"texture":"#5"},"east":{"uv":[8.5,7.5,10,8],"texture":"#5"},"south":{"uv":[13.5,9.5,14.5,10],"texture":"#5"},"west":{"uv":[13.5,5.5,15,6],"texture":"#5"},"up":{"uv":[13.5,2.5,12.5,1],"texture":"#5"},"down":{"uv":[6.5,13,5.5,14.5],"texture":"#5"}}},{"from":[10.69761,13.53387,6.475],"to":[12.69761,14.53387,9.525],"rotation":{"angle":22.5,"axis":"z","origin":[12.69761,12.03387,8]},"faces":{"north":{"uv":[13.5,10,14.5,10.5],"texture":"#5"},"east":{"uv":[7.5,13.5,9,14],"texture":"#5"},"south":{"uv":[10.5,13.5,11.5,14],"texture":"#5"},"west":{"uv":[13.5,7.5,15,8],"texture":"#5"},"up":{"uv":[14,7.5,13,6],"texture":"#5"},"down":{"uv":[7.5,13,6.5,14.5],"texture":"#5"}}},{"from":[3.30239,9.53387,6.475],"to":[5.30239,10.53387,9.525],"rotation":{"angle":-22.5,"axis":"z","origin":[3.30239,12.03387,8]},"faces":{"north":{"uv":[12.5,13.5,13.5,14],"texture":"#5"},"east":{"uv":[13.5,8,15,8.5],"texture":"#5"},"south":{"uv":[13.5,13.5,14.5,14],"texture":"#5"},"west":{"uv":[13.5,8.5,15,9],"texture":"#5"},"up":{"uv":[14,12,13,10.5],"texture":"#5"},"down":{"uv":[12.5,13,11.5,14.5],"texture":"#5"}}},{"from":[3.30239,13.53387,6.475],"to":[5.30239,14.53387,9.525],"rotation":{"angle":-22.5,"axis":"z","origin":[3.30239,12.03387,8]},"faces":{"north":{"uv":[14,0,15,0.5],"texture":"#5"},"east":{"uv":[9,13.5,10.5,14],"texture":"#5"},"south":{"uv":[14,0.5,15,1],"texture":"#5"},"west":{"uv":[13.5,9,15,9.5],"texture":"#5"},"up":{"uv":[14,13.5,13,12],"texture":"#5"},"down":{"uv":[14.5,1,13.5,2.5],"texture":"#5"}}},{"from":[5,12.5,7],"to":[11,29,9],"faces":{"north":{"uv":[0,0,3,8],"texture":"#5"},"east":{"uv":[2.5,8,3.5,16],"texture":"#5"},"south":{"uv":[3,0,6,8],"texture":"#5"},"west":{"uv":[3.5,8,4.5,16],"texture":"#5"},"up":{"uv":[11.5,7.5,8.5,6.5],"texture":"#5"},"down":{"uv":[10.5,9.5,7.5,10.5],"texture":"#5"}}},{"from":[5,12.5,9],"to":[11,29,7],"faces":{"north":{"uv":[0,0,3,8],"texture":"#5"},"east":{"uv":[2.5,8,3.5,16],"texture":"#5"},"south":{"uv":[3,0,6,8],"texture":"#5"},"west":{"uv":[3.5,8,4.5,16],"texture":"#5"},"up":{"uv":[11.5,7.5,8.5,6.5],"texture":"#5"},"down":{"uv":[10.5,9.5,7.5,10.5],"texture":"#5"}}},{"from":[1.5,13.5,8],"to":[7.5,29.5,8],"faces":{"north":{"uv":[0,0,6,16],"texture":"#1"},"east":{"uv":[0,0,0.5,0.5],"texture":"#missing"},"south":{"uv":[6,0,0,16],"texture":"#1"},"west":{"uv":[0,0,0.5,0.5],"texture":"#missing"},"up":{"uv":[0,0,0.5,0.5],"texture":"#missing"},"down":{"uv":[0,0,0.5,0.5],"texture":"#missing"}}},{"from":[6.22684,26.73,7.525],"to":[9.76684,30.27,8.475],"rotation":{"angle":45,"axis":"z","origin":[7.99684,28.5,8]},"faces":{"north":{"uv":[6,0,8.5,2.5],"texture":"#5"},"east":{"uv":[2,8,2.5,10.5],"texture":"#5"},"south":{"uv":[0,8,2.5,10.5],"texture":"#5"},"west":{"uv":[2,8,2.5,10.5],"texture":"#5"},"up":{"uv":[0,8,2.5,8.5],"texture":"#5"},"down":{"uv":[0,10,2.5,10.5],"texture":"#5"}}}],"gui_light":"front","display":{"thirdperson_righthand":{"rotation":[0,-90,0],"translation":[0,0,1.5],"scale":[0.9,0.9,0.9]},"thirdperson_lefthand":{"rotation":[0,90,0],"translation":[0,0,1.5],"scale":[0.9,0.9,0.9]},"firstperson_righthand":{"rotation":[-20,-80,0],"scale":[0.65,0.65,0.65]},"firstperson_lefthand":{"rotation":[-20,100,0],"scale":[0.65,0.65,0.65]},"ground":{"rotation":[45,0,0],"scale":[0.35,0.35,0.35]},"gui":{"rotation":[20,160,45],"translation":[-2.5,-2.5,0],"scale":[0.65,0.65,0.65]},"head":{"rotation":[-180,0,-55],"translation":[-4,14,0]},"fixed":{"rotation":[0,0,45],"translation":[4,-4,-1],"scale":[0.8,0.8,0.8]}}}