{
	"credit": "Made by ManningDesign",
	"texture_size": [32, 32],
	"textures": {
		"0": "chunky:item/furniture/summeressentials/bs_beach_towel_blue_texture",
		"particle": "chunky:item/furniture/summeressentials/bs_beach_towel_blue_texture"
	},
	"elements": [
		{
			"from": [1, 0.05, -7.5],
			"to": [15, 0.05, 23.5],
			"faces": {
				"north": {"uv": [0, 0, 7, 0], "texture": "#0"},
				"east": {"uv": [0, 0, 16, 0], "texture": "#0"},
				"south": {"uv": [0, 0, 7, 0], "texture": "#0"},
				"west": {"uv": [0, 0, 16, 0], "texture": "#0"},
				"up": {"uv": [7, 15.5, 0, 0], "texture": "#0"},
				"down": {"uv": [7, 0, 0, 15.5], "texture": "#0"}
			}
		}
	],
	"display": {
		"thirdperson_righthand": {
			"rotation": [63, 85, -19],
			"translation": [1, 3.75, 2.25],
			"scale": [0.38, 0.38, 0.38]
		},
		"thirdperson_lefthand": {
			"rotation": [63, 85, -19],
			"translation": [1, 3.75, 2.25],
			"scale": [0.38, 0.38, 0.38]
		},
		"firstperson_righthand": {
			"rotation": [-10, -71, 1],
			"translation": [-1.5, 6.75, 2.5],
			"scale": [0.4, 0.4, 0.4]
		},
		"firstperson_lefthand": {
			"rotation": [-10, -71, 1],
			"translation": [-1.5, 6.75, 2.5],
			"scale": [0.4, 0.4, 0.4]
		},
		"ground": {
			"translation": [0, 5.25, 0],
			"scale": [0.5, 0.5, 0.5]
		},
		"gui": {
			"rotation": [35, -60, 0],
			"translation": [0, 2.75, 0],
			"scale": [0.42, 0.42, 0.42]
		},
		"head": {
			"scale": [0.35, 0.35, 0.35]
		},
		"fixed": {
			"rotation": [-90, 180, 0],
			"translation": [0, 0, -16],
			"scale": [2.01, 2.01, 2.01]
		}
	}
}