{
	"credit": "Made by ManningDesign",
	"texture_size": [128, 128],
	"textures": {
		"0": "chunky:item/furniture/summeressentials/bs_beach_umbrella_red_texture",
		"particle": "chunky:item/furniture/summeressentials/bs_beach_umbrella_red_texture"
	},
	"elements": [
		{
			"from": [7, -3, 8.96234],
			"to": [9, 32, 10.96234],
			"rotation": {"angle": 22.5, "axis": "x", "origin": [8, 19.00205, 9.96234]},
			"faces": {
				"north": {"uv": [3.75, 5, 4, 9.375], "texture": "#0"},
				"east": {"uv": [4, 5, 4.25, 9.375], "texture": "#0"},
				"south": {"uv": [4.25, 5, 4.5, 9.375], "texture": "#0"},
				"west": {"uv": [4.5, 5, 4.75, 9.375], "texture": "#0"},
				"up": {"uv": [5, 5.25, 4.75, 5], "texture": "#0"},
				"down": {"uv": [5.25, 5, 5, 5.25], "texture": "#0"}
			}
		},
		{
			"from": [-7, 31.00205, -5.03766],
			"to": [23, 31.00205, 24.96234],
			"rotation": {"angle": 22.5, "axis": "x", "origin": [8, 19.00205, 9.96234]},
			"faces": {
				"north": {"uv": [0, 0, 3.75, 0], "texture": "#0"},
				"east": {"uv": [0, 0, 3.75, 0], "texture": "#0"},
				"south": {"uv": [0, 0, 3.75, 0], "texture": "#0"},
				"west": {"uv": [0, 0, 3.75, 0], "texture": "#0"},
				"up": {"uv": [3.75, 3.75, 0, 0], "texture": "#0"},
				"down": {"uv": [0, 0, 3.75, 3.75], "texture": "#0"}
			}
		},
		{
			"from": [-7, 26.00205, 24.96234],
			"to": [23, 31.00205, 24.96234],
			"rotation": {"angle": 22.5, "axis": "x", "origin": [8, 19.00205, 9.96234]},
			"faces": {
				"north": {"uv": [3.75, 0, 7.5, 0.625], "texture": "#0"},
				"east": {"uv": [0, 0, 0, 0.625], "texture": "#0"},
				"south": {"uv": [7.5, 0, 3.75, 0.625], "texture": "#0"},
				"west": {"uv": [0, 0, 0, 0.625], "texture": "#0"},
				"up": {"uv": [3.75, 0, 0, 0], "texture": "#0"},
				"down": {"uv": [3.75, 0, 0, 0], "texture": "#0"}
			}
		},
		{
			"from": [-7, 26.00205, -5.03766],
			"to": [23, 31.00205, -5.03766],
			"rotation": {"angle": 22.5, "axis": "x", "origin": [8, 19.00205, 9.96234]},
			"faces": {
				"north": {"uv": [3.75, 1.25, 7.5, 1.875], "texture": "#0"},
				"east": {"uv": [0, 0, 0, 0.625], "texture": "#0"},
				"south": {"uv": [7.5, 1.25, 3.75, 1.875], "texture": "#0"},
				"west": {"uv": [0, 0, 0, 0.625], "texture": "#0"},
				"up": {"uv": [3.75, 0, 0, 0], "texture": "#0"},
				"down": {"uv": [3.75, 0, 0, 0], "texture": "#0"}
			}
		},
		{
			"from": [-7, 26.00205, -5.03766],
			"to": [-7, 31.00205, 24.96234],
			"rotation": {"angle": 22.5, "axis": "x", "origin": [8, 19.00205, 9.96234]},
			"faces": {
				"north": {"uv": [0, 0, 0, 0.625], "texture": "#0"},
				"east": {"uv": [3.75, 2.5, 7.5, 3.125], "texture": "#0"},
				"south": {"uv": [0, 0, 0, 0.625], "texture": "#0"},
				"west": {"uv": [7.5, 2.5, 3.75, 3.125], "texture": "#0"},
				"up": {"uv": [0, 3.75, 0, 0], "texture": "#0"},
				"down": {"uv": [0, 0, 0, 3.75], "texture": "#0"}
			}
		},
		{
			"from": [23, 26.00205, -5.03766],
			"to": [23, 31.00205, 24.96234],
			"rotation": {"angle": 22.5, "axis": "x", "origin": [8, 19.00205, 9.96234]},
			"faces": {
				"north": {"uv": [0, 0, 0, 0.625], "texture": "#0"},
				"east": {"uv": [3.75, 3.75, 7.5, 4.375], "texture": "#0"},
				"south": {"uv": [0, 0, 0, 0.625], "texture": "#0"},
				"west": {"uv": [7.5, 3.75, 3.75, 4.375], "texture": "#0"},
				"up": {"uv": [0, 3.75, 0, 0], "texture": "#0"},
				"down": {"uv": [0, 0, 0, 3.75], "texture": "#0"}
			}
		}
	],
	"display": {
		"thirdperson_righthand": {
			"rotation": [57, 0, 0],
			"translation": [-1, -0.5, 6.75],
			"scale": [0.72, 0.72, 0.72]
		},
		"thirdperson_lefthand": {
			"rotation": [57, 0, 0],
			"translation": [-1, -0.5, 6.75],
			"scale": [0.72, 0.72, 0.72]
		},
		"firstperson_righthand": {
			"rotation": [0, 23, 0],
			"scale": [0.26, 0.26, 0.26]
		},
		"firstperson_lefthand": {
			"rotation": [0, 23, 0],
			"scale": [0.26, 0.26, 0.26]
		},
		"ground": {
			"rotation": [32, 0, 0],
			"translation": [0, 0.5, -2.25],
			"scale": [0.31, 0.31, 0.31]
		},
		"gui": {
			"rotation": [0, 57, 0],
			"translation": [-1.5, -3.25, 0],
			"scale": [0.35, 0.35, 0.35]
		},
		"head": {
			"rotation": [-22, 0, 0],
			"translation": [0, -6, 1.75],
			"scale": [0.64, 0.64, 0.64]
		},
		"fixed": {
			"rotation": [-90, 0, 0],
			"translation": [0, 0, -16],
			"scale": [2.01, 2.01, 2.01]
		}
	},
	"groups": [
		0,
		1,
		2,
		3,
		4,
		5,
		{
			"name": "steve",
			"origin": [8, 8, 8],
			"color": 0,
			"children": []
		}
	]
}