{
	"credit": "Made by ManningDesign",
	"texture_size": [32, 32],
	"textures": {
		"0": "chunky:item/furniture/summeressentials/bs_lawn_flamingo_texture",
		"particle": "chunky:item/furniture/summeressentials/bs_lawn_flamingo_texture"
	},
	"elements": [
		{
			"from": [5, 7, 6.5],
			"to": [12, 13, 9.5],
			"rotation": {"angle": 0, "axis": "y", "origin": [1, 0, 0]},
			"faces": {
				"north": {"uv": [0, 0, 3.5, 3], "texture": "#0"},
				"east": {"uv": [6, 1.5, 7.5, 4.5], "texture": "#0"},
				"south": {"uv": [3.5, 0, 0, 3], "texture": "#0"},
				"west": {"uv": [3.5, 6, 5, 9], "texture": "#0"},
				"up": {"uv": [3.5, 7.5, 0, 6], "texture": "#0"},
				"down": {"uv": [9.5, 0, 6, 1.5], "texture": "#0"}
			}
		},
		{
			"from": [12.51977, 10.98242, 7],
			"to": [14.51977, 12.98242, 9],
			"rotation": {"angle": 0, "axis": "y", "origin": [13.76977, 13.23242, 8]},
			"faces": {
				"north": {"uv": [5, 6, 6, 7], "texture": "#0"},
				"east": {"uv": [9.5, 0, 10.5, 1], "texture": "#0"},
				"south": {"uv": [9.5, 8.5, 10.5, 9.5], "texture": "#0"},
				"west": {"uv": [9.5, 9.5, 10.5, 10.5], "texture": "#0"},
				"up": {"uv": [11, 2, 10, 1], "texture": "#0"},
				"down": {"uv": [11, 2, 10, 3], "texture": "#0"}
			}
		},
		{
			"from": [10.63308, 13.53728, 7],
			"to": [12.63308, 17.53728, 9],
			"rotation": {"angle": 45, "axis": "z", "origin": [11.63308, 15.53728, 8]},
			"faces": {
				"north": {"uv": [6.5, 9, 7.5, 11], "texture": "#0"},
				"east": {"uv": [7.5, 9, 8.5, 11], "texture": "#0"},
				"south": {"uv": [8.5, 9, 9.5, 11], "texture": "#0"},
				"west": {"uv": [9.5, 6.5, 10.5, 8.5], "texture": "#0"},
				"up": {"uv": [11, 6, 10, 5], "texture": "#0"},
				"down": {"uv": [1, 10.5, 0, 11.5], "texture": "#0"}
			}
		},
		{
			"from": [11.63918, 12.40943, 7.025],
			"to": [13.63918, 14.40943, 8.975],
			"rotation": {"angle": 22.5, "axis": "z", "origin": [12.63918, 14.90943, 8]},
			"faces": {
				"north": {"uv": [10.5, 10, 11.5, 11], "texture": "#0"},
				"east": {"uv": [11, 1, 12, 2], "texture": "#0"},
				"south": {"uv": [11, 2, 12, 3], "texture": "#0"},
				"west": {"uv": [11, 3, 12, 4], "texture": "#0"},
				"up": {"uv": [4.5, 12, 3.5, 11], "texture": "#0"},
				"down": {"uv": [12, 4, 11, 5], "texture": "#0"}
			}
		},
		{
			"from": [9.05295, 16.55095, 7.025],
			"to": [11.05295, 18.55095, 8.975],
			"rotation": {"angle": 22.5, "axis": "z", "origin": [10.05295, 17.55095, 8]},
			"faces": {
				"north": {"uv": [10.5, 0, 11.5, 1], "texture": "#0"},
				"east": {"uv": [10.5, 6, 11.5, 7], "texture": "#0"},
				"south": {"uv": [10.5, 7, 11.5, 8], "texture": "#0"},
				"west": {"uv": [10.5, 8, 11.5, 9], "texture": "#0"},
				"up": {"uv": [11.5, 10, 10.5, 9], "texture": "#0"},
				"down": {"uv": [10.5, 10.5, 9.5, 11.5], "texture": "#0"}
			}
		},
		{
			"from": [8.74639, 18.09215, 6.5],
			"to": [11.74639, 21.09215, 9.5],
			"rotation": {"angle": 0, "axis": "y", "origin": [9.24639, 19.59215, 8.5]},
			"faces": {
				"north": {"uv": [1.5, 7.5, 3, 9], "texture": "#0"},
				"east": {"uv": [7.5, 4.5, 9, 6], "texture": "#0"},
				"south": {"uv": [5, 7.5, 6.5, 9], "texture": "#0"},
				"west": {"uv": [7.5, 6, 9, 7.5], "texture": "#0"},
				"up": {"uv": [8, 9, 6.5, 7.5], "texture": "#0"},
				"down": {"uv": [9.5, 7.5, 8, 9], "texture": "#0"}
			}
		},
		{
			"from": [11.74639, 18.09215, 7],
			"to": [12.74639, 20.09215, 9],
			"rotation": {"angle": 0, "axis": "y", "origin": [10.24639, 19.59215, 8.5]},
			"faces": {
				"north": {"uv": [9, 6.5, 9.5, 7.5], "texture": "#0"},
				"east": {"uv": [4.5, 11, 5.5, 12], "texture": "#0"},
				"south": {"uv": [1, 10.5, 1.5, 11.5], "texture": "#0"},
				"west": {"uv": [11, 5, 12, 6], "texture": "#0"},
				"up": {"uv": [12, 1, 11.5, 0], "texture": "#0"},
				"down": {"uv": [1.5, 11.5, 1, 12.5], "texture": "#0"}
			}
		},
		{
			"from": [12.28759, 17.78559, 7.025],
			"to": [14.28759, 19.78559, 8.975],
			"rotation": {"angle": -22.5, "axis": "z", "origin": [13.28759, 18.78559, 8]},
			"faces": {
				"north": {"uv": [5.5, 11, 6.5, 12], "texture": "#0"},
				"east": {"uv": [6.5, 11, 7.5, 12], "texture": "#0"},
				"south": {"uv": [7.5, 11, 8.5, 12], "texture": "#0"},
				"west": {"uv": [8.5, 11, 9.5, 12], "texture": "#0"},
				"up": {"uv": [11.5, 12, 10.5, 11], "texture": "#0"},
				"down": {"uv": [1, 11.5, 0, 12.5], "texture": "#0"}
			}
		},
		{
			"from": [11.37728, 8.26574, 7.025],
			"to": [13.37728, 12.26574, 8.975],
			"rotation": {"angle": -45, "axis": "z", "origin": [12.37728, 10.26574, 8]},
			"faces": {
				"north": {"uv": [3.5, 9, 4.5, 11], "texture": "#0"},
				"east": {"uv": [4.5, 9, 5.5, 11], "texture": "#0"},
				"south": {"uv": [9, 4.5, 10, 6.5], "texture": "#0"},
				"west": {"uv": [5.5, 9, 6.5, 11], "texture": "#0"},
				"up": {"uv": [11, 4, 10, 3], "texture": "#0"},
				"down": {"uv": [11, 4, 10, 5], "texture": "#0"}
			}
		},
		{
			"from": [9.87728, 8.26574, 6.5],
			"to": [12.87728, 12.26574, 9.5],
			"rotation": {"angle": -45, "axis": "z", "origin": [11.37728, 10.26574, 8]},
			"color": 7,
			"faces": {
				"north": {"uv": [0, 0, 1.5, 2], "texture": "#missing"},
				"east": {"uv": [0, 0, 1.5, 2], "texture": "#missing"},
				"south": {"uv": [0, 0, 1.5, 2], "texture": "#missing"},
				"west": {"uv": [0, 0, 1.5, 2], "texture": "#missing"},
				"up": {"uv": [0, 0, 1.5, 1.5], "texture": "#missing"},
				"down": {"uv": [0, 0, 1.5, 1.5], "texture": "#missing"}
			}
		},
		{
			"from": [1.12132, 9.29289, 6.525],
			"to": [6.12132, 15.29289, 9.475],
			"rotation": {"angle": -45, "axis": "z", "origin": [0.29289, 9.46447, 8]},
			"faces": {
				"north": {"uv": [3.5, 0, 6, 3], "texture": "#0"},
				"east": {"uv": [6, 4.5, 7.5, 7.5], "texture": "#0"},
				"south": {"uv": [6, 0, 3.5, 3], "texture": "#0"},
				"west": {"uv": [0, 7.5, 1.5, 10.5], "texture": "#0"},
				"up": {"uv": [10, 3, 7.5, 1.5], "texture": "#0"},
				"down": {"uv": [10, 3, 7.5, 4.5], "texture": "#0"}
			}
		},
		{
			"from": [6.5, -1, 8],
			"to": [7.5, 8, 8],
			"rotation": {"angle": -22.5, "axis": "z", "origin": [7, 7, 8]},
			"faces": {
				"north": {"uv": [3, 7.5, 3.5, 12], "texture": "#0"},
				"east": {"uv": [0, 0, 0, 4.5], "texture": "#0"},
				"south": {"uv": [3, 7.5, 3.5, 12], "texture": "#0"},
				"west": {"uv": [0, 0, 0, 4.5], "texture": "#0"},
				"up": {"uv": [0.5, 0, 0, 0], "texture": "#0"},
				"down": {"uv": [0.5, 0, 0, 0], "texture": "#0"}
			}
		},
		{
			"from": [8.5, -1, 8],
			"to": [9.5, 8, 8],
			"rotation": {"angle": 22.5, "axis": "z", "origin": [9, 7, 8]},
			"faces": {
				"north": {"uv": [2, 9, 2.5, 13.5], "texture": "#0"},
				"east": {"uv": [0, 0, 0, 4.5], "texture": "#0"},
				"south": {"uv": [2, 9, 2.5, 13.5], "texture": "#0"},
				"west": {"uv": [0, 0, 0, 4.5], "texture": "#0"},
				"up": {"uv": [0.5, 0, 0, 0], "texture": "#0"},
				"down": {"uv": [0.5, 0, 0, 0], "texture": "#0"}
			}
		}
	],
	"display": {
		"thirdperson_righthand": {
			"rotation": [47, 0, 0],
			"translation": [0.75, 2.75, 3.5],
			"scale": [0.67, 0.67, 0.67]
		},
		"thirdperson_lefthand": {
			"rotation": [47, 0, 0],
			"translation": [0.75, 2.75, 3.5],
			"scale": [0.67, 0.67, 0.67]
		},
		"firstperson_righthand": {
			"rotation": [0, 140, 0],
			"translation": [0.5, 1.75, 0],
			"scale": [0.54, 0.54, 0.54]
		},
		"firstperson_lefthand": {
			"rotation": [0, -42, 0],
			"translation": [0.5, 1.75, 0],
			"scale": [0.54, 0.54, 0.54]
		},
		"ground": {
			"translation": [0, 2.25, 0],
			"scale": [0.43, 0.43, 0.43]
		},
		"gui": {
			"rotation": [26, -45, 0],
			"scale": [0.33, 0.33, 0.33]
		},
		"head": {
			"rotation": [0, 90, 0],
			"translation": [0, 11, 0]
		},
		"fixed": {
			"rotation": [-90, 45, 0],
			"translation": [0, 0, -16],
			"scale": [2.01, 2.01, 2.01]
		}
	}
}