{
	"credit": "Made by ManningDesign",
	"texture_size": [32, 32],
	"textures": {
		"0": "chunky:item/furniture/summeressentials/bs_popsicle_green_texture",
		"particle": "chunky:item/furniture/summeressentials/bs_popsicle_green_texture"
	},
	"elements": [
		{
			"from": [7.5, 3, 9],
			"to": [8.5, 17, 11],
			"faces": {
				"north": {"uv": [5, 5, 5.5, 12], "texture": "#0"},
				"east": {"uv": [0, 4, 1, 11], "texture": "#0"},
				"south": {"uv": [5.5, 5, 6, 12], "texture": "#0"},
				"west": {"uv": [1, 4, 2, 11], "texture": "#0"},
				"up": {"uv": [6.5, 6, 6, 5], "texture": "#0"},
				"down": {"uv": [6.5, 6, 6, 7], "texture": "#0"}
			}
		},
		{
			"from": [6.5, 8.5, 7.5],
			"to": [9.5, 16.5, 12.5],
			"faces": {
				"north": {"uv": [2, 4, 3.5, 8], "texture": "#0"},
				"east": {"uv": [0, 0, 2.5, 4], "texture": "#0"},
				"south": {"uv": [3.5, 4, 5, 8], "texture": "#0"},
				"west": {"uv": [2.5, 0, 5, 4], "texture": "#0"},
				"up": {"uv": [6.5, 2.5, 5, 0], "texture": "#0"},
				"down": {"uv": [6.5, 2.5, 5, 5], "texture": "#0"}
			}
		}
	],
	"display": {
		"firstperson_righthand": {
			"rotation": [9, 0, 0],
			"translation": [0, 2, -0.5],
			"scale": [0.72, 0.72, 0.72]
		},
		"firstperson_lefthand": {
			"rotation": [9, 0, 0],
			"translation": [0, 2, -0.5],
			"scale": [0.72, 0.72, 0.72]
		},
		"ground": {
			"rotation": [90, 90, 0],
			"translation": [-1.25, 1.75, -2],
			"scale": [0.66, 0.66, 0.66]
		},
		"gui": {
			"rotation": [26, -52, 57],
			"translation": [2.75, -1, 0]
		},
		"head": {
			"rotation": [0, 0, 60],
			"translation": [10, 4.75, -2.25]
		},
		"fixed": {
			"rotation": [-90, 135, 90],
			"translation": [-6.5, -0.5, -2.5],
			"scale": [2.01, 2.01, 2.01]
		}
	}
}