{
	"credit": "Made by ManningDesign",
	"texture_size": [64, 64],
	"textures": {
		"0": "chunky:item/furniture/summeressentials/bs_summer_hat_green_texture",
		"particle": "chunky:item/furniture/summeressentials/bs_summer_hat_green_texture"
	},
	"elements": [
		{
			"from": [0, 2, 0],
			"to": [16, 8, 16],
			"faces": {
				"north": {"uv": [9.5, 4, 13.5, 5.5], "texture": "#0"},
				"east": {"uv": [9.5, 5.5, 13.5, 7], "texture": "#0"},
				"south": {"uv": [9.5, 7, 13.5, 8.5], "texture": "#0"},
				"west": {"uv": [9.5, 8.5, 13.5, 10], "texture": "#0"},
				"up": {"uv": [9.5, 4, 5.5, 0], "texture": "#0"},
				"down": {"uv": [9.5, 4, 5.5, 8], "texture": "#0"}
			}
		},
		{
			"from": [-0.4, 2.025, -0.4],
			"to": [16.4, 8.825, 16.4],
			"faces": {
				"north": {"uv": [9.5, 10, 13.5, 11.5], "texture": "#0"},
				"east": {"uv": [0, 11, 4, 12.5], "texture": "#0"},
				"south": {"uv": [9.5, 11.5, 13.5, 13], "texture": "#0"},
				"west": {"uv": [4, 12, 8, 13.5], "texture": "#0"},
				"up": {"uv": [9.5, 12, 5.5, 8], "texture": "#0"},
				"down": {"uv": [13.5, 0, 9.5, 4], "texture": "#0"}
			}
		},
		{
			"from": [-3, 2, -3],
			"to": [19, 2, 19],
			"faces": {
				"north": {"uv": [0, 0, 5.5, 0], "texture": "#0"},
				"east": {"uv": [0, 0, 5.5, 0], "texture": "#0"},
				"south": {"uv": [0, 0, 5.5, 0], "texture": "#0"},
				"west": {"uv": [0, 0, 5.5, 0], "texture": "#0"},
				"up": {"uv": [5.5, 5.5, 0, 0], "texture": "#0"},
				"down": {"uv": [5.5, 5.5, 0, 11], "texture": "#0"}
			}
		}
	],
	"gui_light": "front",
	"display": {
		"thirdperson_righthand": {
			"rotation": [55, 0, 0],
			"translation": [0, 4.75, 0],
			"scale": [0.48, 0.48, 0.48]
		},
		"thirdperson_lefthand": {
			"rotation": [55, 0, 0],
			"translation": [0, 4.75, 0],
			"scale": [0.48, 0.48, 0.48]
		},
		"firstperson_righthand": {
			"rotation": [0, 27, 0],
			"translation": [-0.25, 4.5, 0],
			"scale": [0.37, 0.37, 0.37]
		},
		"firstperson_lefthand": {
			"rotation": [0, 27, 0],
			"translation": [-0.25, 4.5, 0],
			"scale": [0.37, 0.37, 0.37]
		},
		"ground": {
			"translation": [0, 2.5, 0],
			"scale": [0.42, 0.42, 0.42]
		},
		"gui": {
			"rotation": [19, -45, 0],
			"translation": [0, 0.75, 0],
			"scale": [0.48, 0.48, 0.48]
		},
		"head": {
			"rotation": [11, 0, 0],
			"translation": [0, 8.5, 1.25]
		},
		"fixed": {
			"rotation": [-90, 180, 0],
			"translation": [0, 0, -10.05],
			"scale": [1.65, 1.65, 1.65]
		}
	}
}