{
	"credit": "Made with Blockbench",
	"texture_size": [32, 32],
	"textures": {
		"0": "chunky:item/cosmetics/founders/cape",
		"particle": "chunky:item/cosmetics/founders/cape"
	},
	"elements": [
		{
			"from": [3, 16, 7],
			"to": [14, 19, 9],
			"faces": {
				"north": {"uv": [5.5, 0, 0, 1.5], "texture": "#0"},
				"east": {"uv": [5, 0, 5.5, 1.5], "texture": "#0"},
				"south": {"uv": [0, 0, 5.5, 1.5], "texture": "#0"},
				"west": {"uv": [0, 0, 0.5, 1.5], "texture": "#0"},
				"up": {"uv": [0, 0, 5.5, 0.5], "texture": "#0"},
				"down": {"uv": [0, 1, 5.5, 1.5], "texture": "#0"}
			}
		},
		{
			"from": [3, 8.9, 7.75],
			"to": [14, 16, 8.25],
			"rotation": {"angle": 0, "axis": "y", "origin": [0, 1, 0]},
			"faces": {
				"north": {"uv": [5.5, 1.5, 0, 5], "texture": "#0"},
				"east": {"uv": [5.25, 1.5, 5.5, 5], "texture": "#0"},
				"south": {"uv": [0, 1.5, 5.5, 5], "texture": "#0"},
				"west": {"uv": [0, 1.5, 0.25, 5], "texture": "#0"},
				"down": {"uv": [0, 4.75, 5.5, 5], "texture": "#0"}
			}
		},
		{
			"from": [3.025, 3.20881, 9.29976],
			"to": [13.975, 9.30881, 9.79976],
			"rotation": {"angle": -22.5, "axis": "x", "origin": [8.5, 5.20881, 9.54976]},
			"faces": {
				"north": {"uv": [5.5, 5, 0, 8], "texture": "#0"},
				"east": {"uv": [5.25, 5, 5.5, 8], "texture": "#0"},
				"south": {"uv": [0, 5, 5.5, 8], "texture": "#0"},
				"west": {"uv": [0, 5, 0.25, 8], "texture": "#0"},
				"up": {"uv": [0, 0, 10.95, 0.5], "texture": "#missing"},
				"down": {"uv": [0, 7.75, 5.475, 8], "texture": "#0"}
			}
		},
		{
			"from": [3.025, -0.79119, 9.54976],
			"to": [13.975, 3.30881, 9.54976],
			"rotation": {"angle": -22.5, "axis": "x", "origin": [8.5, 5.20881, 9.54976]},
			"faces": {
				"north": {"uv": [5.5, 8, 0, 10], "texture": "#0"},
				"south": {"uv": [0, 8, 5.5, 10], "texture": "#0"}
			}
		},
		{
			"from": [4, 16, 9],
			"to": [7, 19, 10],
			"faces": {
				"east": {"uv": [1.5, 0, 2, 1.5], "texture": "#0"},
				"south": {"uv": [0.5, 0, 2, 1.5], "texture": "#0"},
				"west": {"uv": [0.5, 0, 1, 1.5], "texture": "#0"},
				"up": {"uv": [0.5, 0, 2, 0.5], "texture": "#0"},
				"down": {"uv": [0.5, 1, 2, 1.5], "texture": "#0"}
			}
		},
		{
			"from": [10, 16, 9],
			"to": [13, 19, 10],
			"faces": {
				"east": {"uv": [4.5, 0, 5, 1.5], "texture": "#0"},
				"south": {"uv": [3.5, 0, 5, 1.5], "texture": "#0"},
				"west": {"uv": [3.5, 0, 4, 1.5], "texture": "#0"},
				"up": {"uv": [3.5, 0, 5, 0.5], "texture": "#0"},
				"down": {"uv": [3.5, 1, 5, 1.5], "texture": "#0"}
			}
		}
	],
	"display": {
		"thirdperson_righthand": {
			"rotation": [75, 45, 0],
			"translation": [0, 2.5, 0],
			"scale": [0.375, 0.375, 0.375]
		},
		"thirdperson_lefthand": {
			"rotation": [-22, 0, 180],
			"translation": [-6.75, 3, 6.75]
		},
		"firstperson_righthand": {
			"rotation": [0, 45, 0],
			"scale": [0.4, 0.4, 0.4]
		},
		"ground": {
			"translation": [0, 3, 0],
			"scale": [0.5, 0.5, 0.5]
		},
		"gui": {
			"rotation": [30, 54, 0],
			"translation": [-0.25, -1, 0],
			"scale": [0.625, 0.625, 0.625]
		},
		"head": {
			"translation": [0, -23.9, 4.75],
			"scale": [1.6, 1.6, 1.6]
		}
	}
}