{"credit":"MadewithBlockbench","texture_size":[128,128],"textures":{"0":"elitecreatures:item/zombie_apocalyptic_animated_weapon_set/zombie_texture_01","1":"elitecreatures:item/zombie_apocalyptic_animated_weapon_set/zombie_animation_01","2":"elitecreatures:item/zombie_apocalyptic_animated_weapon_set/zombie_animation_02","particle":"elitecreatures:item/zombie_apocalyptic_animated_weapon_set/zombie_texture_01"},"elements":[{"from":[7,-11,6.75],"to":[9,-4,9.25],"rotation":{"angle":0,"axis":"y","origin":[0,-11,0]},"faces":{"north":{"uv":[0.3125,3.5625,0.5625,4.4375],"texture":"#0"},"east":{"uv":[0.3125,3.5625,0,4.4375],"texture":"#0"},"south":{"uv":[0.5625,3.5625,0.8125,4.4375],"texture":"#0"},"west":{"uv":[0,3.5625,0.3125,4.4375],"texture":"#0"},"up":{"uv":[0.375,3.25,0.625,3.5625],"texture":"#0"},"down":{"uv":[0.375,3.25,0.625,3.5625],"texture":"#0"}}},{"from":[7.8,22,3.5],"to":[7.8,31,12.5],"rotation":{"angle":0,"axis":"y","origin":[8,18.5,15]},"faces":{"north":{"uv":[0,0,0,64],"texture":"#missing"},"east":{"uv":[12.3125,2.8125,11.1875,1.6875],"texture":"#0"},"south":{"uv":[0,0,0,64],"texture":"#missing"},"west":{"uv":[11.1875,2.8125,12.3125,1.6875],"texture":"#0"},"up":{"uv":[0,36,0,0],"texture":"#missing"},"down":{"uv":[0,36,0,0],"texture":"#missing"}}},{"from":[8.2,22,3.5],"to":[8.2,31,12.5],"rotation":{"angle":0,"axis":"y","origin":[8,18.5,15]},"faces":{"north":{"uv":[0,0,0,64],"texture":"#missing"},"east":{"uv":[11.1875,2.8125,12.3125,1.6875],"texture":"#0"},"south":{"uv":[0,0,0,64],"texture":"#missing"},"west":{"uv":[12.3125,2.8125,11.1875,1.6875],"texture":"#0"},"up":{"uv":[0,36,0,0],"texture":"#missing"},"down":{"uv":[0,36,0,0],"texture":"#missing"}}},{"from":[7.25,-12,7],"to":[8.75,-1,9],"rotation":{"angle":0,"axis":"y","origin":[0,-11,0]},"faces":{"north":{"uv":[0,4.4375,0.1875,5.8125],"texture":"#0"},"east":{"uv":[0,4.5625,0.25,5.9375],"texture":"#0"},"south":{"uv":[0,4.4375,0.1875,5.8125],"texture":"#0"},"west":{"uv":[0,4.5625,0.25,5.9375],"texture":"#0"},"up":{"uv":[0.625,3.1875,0.8125,3.4375],"texture":"#0"},"down":{"uv":[0.625,3.1875,0.8125,3.4375],"texture":"#0"}}},{"from":[6.5,0,6],"to":[9.5,3,10],"rotation":{"angle":0,"axis":"y","origin":[0,-11,0]},"faces":{"north":{"uv":[1.25,4.8125,1.625,5.1875],"texture":"#0"},"east":{"uv":[1.1875,3.9375,1.6875,4.3125],"texture":"#0"},"south":{"uv":[1.25,4.8125,1.625,5.1875],"texture":"#0"},"west":{"uv":[1.1875,3.9375,1.6875,4.3125],"texture":"#0"},"up":{"uv":[1.25,4.3125,1.625,4.8125],"texture":"#0"},"down":{"uv":[1.25,4.3125,1.625,4.8125],"texture":"#0"}}},{"from":[7,20.5,2.5],"to":[9,22.5,10.5],"rotation":{"angle":0,"axis":"y","origin":[0,-11,0]},"faces":{"north":{"uv":[0.8125,4.1875,1.0625,4.4375],"texture":"#0"},"east":{"uv":[1.25,4.4375,0.25,4.6875],"texture":"#0"},"south":{"uv":[0.8125,4.1875,1.0625,4.4375],"texture":"#0"},"west":{"uv":[0.25,4.4375,1.25,4.6875],"texture":"#0"},"up":{"uv":[0.25,4.6875,0.5,5.6875],"texture":"#0"},"down":{"uv":[0.25,5.6875,0.5,4.6875],"texture":"#0"}}},{"from":[7.5,21,2],"to":[8.5,22,3],"rotation":{"angle":0,"axis":"y","origin":[0,-11,0]},"faces":{"north":{"uv":[1.0625,4.1875,1.1875,4.3125],"texture":"#0"},"east":{"uv":[1.0625,4.1875,1.1875,4.3125],"texture":"#0"},"south":{"uv":[1.0625,4.1875,1.1875,4.3125],"texture":"#0"},"west":{"uv":[1.0625,4.1875,1.1875,4.3125],"texture":"#0"},"up":{"uv":[1.0625,4.1875,1.1875,4.3125],"texture":"#0"},"down":{"uv":[1.0625,4.1875,1.1875,4.3125],"texture":"#0"}}},{"from":[7.7,6,-4.5],"to":[7.7,25,2.5],"rotation":{"angle":0,"axis":"y","origin":[0,-3,0]},"faces":{"east":{"uv":[3.5,0,0,9.5],"texture":"#1"},"west":{"uv":[0,0,3.5,9.5],"texture":"#1"}}},{"from":[8.3,6,-4.5],"to":[8.3,25,2.5],"rotation":{"angle":0,"axis":"y","origin":[16,-3,0]},"faces":{"east":{"uv":[3.5,0,0,9.5],"texture":"#1"},"west":{"uv":[0,0,3.5,9.5],"texture":"#1"}}},{"from":[6.5,19.75,6.5],"to":[9.5,22.25,9.5],"rotation":{"angle":0,"axis":"y","origin":[0,-11,0]},"faces":{"north":{"uv":[1.25,4.8125,1.625,5.1875],"texture":"#0"},"east":{"uv":[1.1875,3.9375,1.6875,4.3125],"texture":"#0"},"south":{"uv":[1.25,4.8125,1.625,5.1875],"texture":"#0"},"west":{"uv":[1.1875,3.9375,1.6875,4.3125],"texture":"#0"},"up":{"uv":[1.25,4.3125,1.625,4.8125],"texture":"#0"},"down":{"uv":[1.25,4.3125,1.625,4.8125],"texture":"#0"}}},{"from":[7.5,20,4],"to":[8.5,22,8.3],"rotation":{"angle":0,"axis":"y","origin":[0,-4.2,-3]},"faces":{"north":{"uv":[6.35,5.1875,6.725,5.4375],"rotation":180,"texture":"#0"},"east":{"uv":[6.3125,4.625,6.5625,5.1625],"rotation":90,"texture":"#0"},"south":{"uv":[6.35,5.1875,6.725,5.4375],"texture":"#0"},"west":{"uv":[6.3125,4.625,6.5625,5.1625],"rotation":270,"texture":"#0"},"up":{"uv":[6.5625,4.625,6.9375,5.1625],"texture":"#0"},"down":{"uv":[6.5625,4.625,6.9375,5.1625],"rotation":180,"texture":"#0"}}},{"from":[6,20.3,7.2],"to":[8,21.8,8.7],"rotation":{"angle":0,"axis":"y","origin":[8,8.75,7.75]},"faces":{"north":{"uv":[0.3125,3.0625,0.5625,3.25],"texture":"#0"},"east":{"uv":[0.4375,2.8125,0.625,3],"texture":"#0"},"south":{"uv":[0.3125,3.0625,0.5625,3.25],"texture":"#0"},"west":{"uv":[0.4375,2.8125,0.625,3],"texture":"#0"},"up":{"uv":[0.3125,3.0625,0.5625,3.25],"texture":"#0"},"down":{"uv":[0.3125,3.0625,0.5625,3.25],"texture":"#0"}}},{"from":[8,20.3,7.2],"to":[10,21.8,8.7],"rotation":{"angle":0,"axis":"y","origin":[8,8.75,7.75]},"faces":{"north":{"uv":[0.5625,3.0625,0.3125,3.25],"texture":"#0"},"east":{"uv":[0.625,2.8125,0.4375,3],"texture":"#0"},"south":{"uv":[0.5625,3.0625,0.3125,3.25],"texture":"#0"},"west":{"uv":[0.625,2.8125,0.4375,3],"texture":"#0"},"up":{"uv":[0.5625,3.0625,0.3125,3.25],"texture":"#0"},"down":{"uv":[0.5625,3.0625,0.3125,3.25],"texture":"#0"}}},{"from":[7.5,20,7.7],"to":[8.5,22,12],"rotation":{"angle":0,"axis":"y","origin":[0,-4.2,19]},"faces":{"north":{"uv":[6.725,5.1875,6.35,5.4375],"texture":"#0"},"east":{"uv":[6.3125,5.1625,6.5625,4.625],"rotation":90,"texture":"#0"},"south":{"uv":[6.725,5.1875,6.35,5.4375],"rotation":180,"texture":"#0"},"west":{"uv":[6.3125,5.1625,6.5625,4.625],"rotation":270,"texture":"#0"},"up":{"uv":[6.5625,5.1625,6.9375,4.625],"texture":"#0"},"down":{"uv":[6.5625,5.1625,6.9375,4.625],"rotation":180,"texture":"#0"}}},{"from":[7.5,10,4],"to":[8.5,12,8.3],"rotation":{"angle":0,"axis":"y","origin":[0,-4.2,-3]},"faces":{"north":{"uv":[6.35,5.1875,6.725,5.4375],"rotation":180,"texture":"#0"},"east":{"uv":[6.3125,4.625,6.5625,5.1625],"rotation":90,"texture":"#0"},"south":{"uv":[6.35,5.1875,6.725,5.4375],"texture":"#0"},"west":{"uv":[6.3125,4.625,6.5625,5.1625],"rotation":270,"texture":"#0"},"up":{"uv":[6.5625,4.625,6.9375,5.1625],"texture":"#0"},"down":{"uv":[6.5625,4.625,6.9375,5.1625],"rotation":180,"texture":"#0"}}},{"from":[7.5,11,8.7],"to":[8.5,13,13],"rotation":{"angle":-45,"axis":"x","origin":[8,11,9.85]},"faces":{"north":{"uv":[6.725,5.1875,6.35,5.4375],"texture":"#0"},"east":{"uv":[6.3125,5.1625,6.5625,4.625],"rotation":90,"texture":"#0"},"south":{"uv":[6.725,5.1875,6.35,5.4375],"rotation":180,"texture":"#0"},"west":{"uv":[6.3125,5.1625,6.5625,4.625],"rotation":270,"texture":"#0"},"up":{"uv":[6.5625,5.1625,6.9375,4.625],"texture":"#0"},"down":{"uv":[6.5625,5.1625,6.9375,4.625],"rotation":180,"texture":"#0"}}},{"from":[6.5,9.75,6.5],"to":[9.5,12.25,9.5],"rotation":{"angle":0,"axis":"y","origin":[0,-11,0]},"faces":{"north":{"uv":[1.25,4.8125,1.625,5.1875],"texture":"#0"},"east":{"uv":[1.1875,3.9375,1.6875,4.3125],"texture":"#0"},"south":{"uv":[1.25,4.8125,1.625,5.1875],"texture":"#0"},"west":{"uv":[1.1875,3.9375,1.6875,4.3125],"texture":"#0"},"up":{"uv":[1.25,4.3125,1.625,4.8125],"texture":"#0"},"down":{"uv":[1.25,4.3125,1.625,4.8125],"texture":"#0"}}},{"from":[7.75,3,9.3],"to":[8.25,11,9.8],"rotation":{"angle":0,"axis":"y","origin":[16,-11,0]},"faces":{"north":{"uv":[1.625,5.1875,1.5625,6.1875],"texture":"#0"},"east":{"uv":[1.625,5.1875,1.5625,6.1875],"texture":"#0"},"south":{"uv":[1.625,5.1875,1.5625,6.1875],"texture":"#0"},"west":{"uv":[1.625,5.1875,1.5625,6.1875],"texture":"#0"},"up":{"uv":[0.6875,3.1875,0.625,3.25],"texture":"#0"},"down":{"uv":[0.6875,3.1875,0.625,3.25],"texture":"#0"}}},{"from":[7.25,7.5,7],"to":[8.75,14,9],"rotation":{"angle":0,"axis":"y","origin":[0,-11,0]},"faces":{"north":{"uv":[2.625,5.5625,2.8125,6.375],"texture":"#0"},"east":{"uv":[2.4375,5.5625,2.1875,6.375],"texture":"#0"},"south":{"uv":[2.4375,5.5625,2.625,6.375],"texture":"#0"},"west":{"uv":[2.1875,5.5625,2.4375,6.375],"texture":"#0"},"up":{"uv":[1.3125,3.6875,1.5,3.9375],"texture":"#0"},"down":{"uv":[1.3125,3.6875,1.5,3.9375],"texture":"#0"}}},{"from":[7.25,14,7],"to":[8.75,20.5,9],"rotation":{"angle":0,"axis":"y","origin":[0,-11,0]},"faces":{"north":{"uv":[2.625,5.5,2.8125,6.3125],"texture":"#0"},"east":{"uv":[2.4375,5.5,2.1875,6.3125],"texture":"#0"},"south":{"uv":[2.4375,5.5,2.625,6.3125],"texture":"#0"},"west":{"uv":[2.1875,5.5,2.4375,6.3125],"texture":"#0"},"up":{"uv":[1.3125,3.625,1.5,3.875],"texture":"#0"},"down":{"uv":[1.3125,3.625,1.5,3.875],"texture":"#0"}}},{"from":[7.25,0,7],"to":[8.75,7.5,9],"rotation":{"angle":0,"axis":"y","origin":[0,-11,0]},"faces":{"north":{"uv":[2.625,5.5625,2.8125,6.5],"texture":"#0"},"east":{"uv":[2.4375,5.5625,2.1875,6.5],"texture":"#0"},"south":{"uv":[2.4375,5.5625,2.625,6.5],"texture":"#0"},"west":{"uv":[2.1875,5.5625,2.4375,6.5],"texture":"#0"},"up":{"uv":[1.3125,3.6875,1.5,3.9375],"texture":"#0"},"down":{"uv":[1.3125,3.6875,1.5,3.9375],"texture":"#0"}}},{"from":[6.5,14,6.5],"to":[9.5,15.5,9.5],"rotation":{"angle":-45,"axis":"y","origin":[8,16,8]},"faces":{"north":{"uv":[0,6.5625,0.375,6.75],"texture":"#0"},"east":{"uv":[0,6.5625,0.375,6.75],"texture":"#0"},"south":{"uv":[0,6.5625,0.375,6.75],"texture":"#0"},"west":{"uv":[0,6.5625,0.375,6.75],"texture":"#0"},"up":{"uv":[0,6.1875,0.375,6.5625],"rotation":90,"texture":"#0"},"down":{"uv":[0,6.1875,0.375,6.5625],"rotation":90,"texture":"#0"}}},{"from":[6.5,15.5,6.5],"to":[9.5,17,9.5],"rotation":{"angle":0,"axis":"y","origin":[8,16,8]},"faces":{"north":{"uv":[0,6.5625,0.375,6.75],"texture":"#0"},"east":{"uv":[0,6.5625,0.375,6.75],"texture":"#0"},"south":{"uv":[0,6.5625,0.375,6.75],"texture":"#0"},"west":{"uv":[0,6.5625,0.375,6.75],"texture":"#0"},"up":{"uv":[0,6.1875,0.375,6.5625],"rotation":90,"texture":"#0"},"down":{"uv":[0,6.1875,0.375,6.5625],"rotation":90,"texture":"#0"}}},{"from":[8.3,17.5,9.5],"to":[9.3,18.5,10.5],"rotation":{"angle":0,"axis":"y","origin":[0,-11,0]},"faces":{"north":{"uv":[1.0625,4.3125,1.1875,4.4375],"texture":"#0"},"east":{"uv":[1.0625,4.3125,1.1875,4.4375],"texture":"#0"},"south":{"uv":[1.0625,4.3125,1.1875,4.4375],"texture":"#0"},"west":{"uv":[1.0625,4.3125,1.1875,4.4375],"texture":"#0"},"up":{"uv":[1.0625,4.3125,1.1875,4.4375],"texture":"#0"},"down":{"uv":[1.0625,4.3125,1.1875,4.4375],"texture":"#0"}}},{"from":[6.7,17.5,9.5],"to":[7.7,18.5,10.5],"rotation":{"angle":0,"axis":"y","origin":[0,-11,0]},"faces":{"north":{"uv":[1.0625,4.3125,1.1875,4.4375],"texture":"#0"},"east":{"uv":[1.0625,4.3125,1.1875,4.4375],"texture":"#0"},"south":{"uv":[1.0625,4.3125,1.1875,4.4375],"texture":"#0"},"west":{"uv":[1.0625,4.3125,1.1875,4.4375],"texture":"#0"},"up":{"uv":[1.0625,4.3125,1.1875,4.4375],"texture":"#0"},"down":{"uv":[1.0625,4.3125,1.1875,4.4375],"texture":"#0"}}},{"from":[6.15,16,8.9],"to":[9.85,17,11.1],"rotation":{"angle":0,"axis":"y","origin":[0,-11,0]},"faces":{"north":{"uv":[1.0625,6,1.5,6.125],"texture":"#0"},"east":{"uv":[1.0625,6,1.3125,6.125],"texture":"#0"},"south":{"uv":[1.0625,6,1.5,6.125],"texture":"#0"},"west":{"uv":[1.0625,6,1.3125,6.125],"texture":"#0"},"up":{"uv":[1.0625,5.75,1.5,6],"texture":"#0"},"down":{"uv":[1.0625,5.75,1.5,6],"texture":"#0"}}},{"from":[6.15,13.5,8.9],"to":[9.85,14.5,11.1],"rotation":{"angle":0,"axis":"y","origin":[0,-11,0]},"faces":{"north":{"uv":[1.0625,6,1.5,6.125],"texture":"#0"},"east":{"uv":[1.0625,6,1.3125,6.125],"texture":"#0"},"south":{"uv":[1.0625,6,1.5,6.125],"texture":"#0"},"west":{"uv":[1.0625,6,1.3125,6.125],"texture":"#0"},"up":{"uv":[1.0625,5.75,1.5,6],"texture":"#0"},"down":{"uv":[1.0625,5.75,1.5,6],"texture":"#0"}}},{"from":[6.25,13,9],"to":[9.75,18,11],"rotation":{"angle":0,"axis":"y","origin":[0,-11,0]},"faces":{"north":{"uv":[0.375,5.9375,0.8125,6.5625],"texture":"#0"},"east":{"uv":[1.0625,5.9375,0.8125,6.5625],"texture":"#0"},"south":{"uv":[0.375,5.9375,0.8125,6.5625],"texture":"#0"},"west":{"uv":[0.8125,5.9375,1.0625,6.5625],"texture":"#0"},"up":{"uv":[0.375,6.5625,0.8125,6.8125],"texture":"#0"},"down":{"uv":[0.375,6.5625,0.8125,6.8125],"texture":"#0"}}},{"from":[7.25,21.5,7],"to":[8.75,24.5,9],"rotation":{"angle":0,"axis":"y","origin":[0,-11,0]},"faces":{"north":{"uv":[2.1875,4.375,2.4375,4.75],"texture":"#0"},"east":{"uv":[2.1875,4.375,2.4375,4.75],"texture":"#0"},"south":{"uv":[2.1875,4.375,2.4375,4.75],"texture":"#0"},"west":{"uv":[2.1875,4.375,2.4375,4.75],"texture":"#0"},"up":{"uv":[2.25,4.375,2.4375,4.625],"texture":"#0"},"down":{"uv":[1.3125,3.625,1.5,3.875],"texture":"#0"}}},{"from":[8,-15,7],"to":[8,-12,9],"rotation":{"angle":0,"axis":"y","origin":[0,-11,0]},"faces":{"north":{"uv":[0,4.4375,0.1875,5.8125],"texture":"#0"},"east":{"uv":[1.3125,6.125,1.0625,6.5],"texture":"#0"},"south":{"uv":[0,4.4375,0.1875,5.8125],"texture":"#0"},"west":{"uv":[1.0625,6.125,1.3125,6.5],"texture":"#0"},"up":{"uv":[0.625,3.1875,0.8125,3.4375],"texture":"#0"},"down":{"uv":[0.625,3.1875,0.8125,3.4375],"texture":"#0"}}},{"from":[7,-4,6.75],"to":[9,2,9.25],"rotation":{"angle":0,"axis":"y","origin":[0,-11,0]},"faces":{"north":{"uv":[0.3125,4.3125,0.5625,3.5625],"texture":"#0"},"east":{"uv":[0.3125,4.3125,0,3.5625],"texture":"#0"},"south":{"uv":[0.5625,4.3125,0.8125,3.5625],"texture":"#0"},"west":{"uv":[0,4.3125,0.3125,3.5625],"texture":"#0"},"up":{"uv":[0.375,3.25,0.625,3.5625],"texture":"#0"},"down":{"uv":[0.375,3.25,0.625,3.5625],"texture":"#0"}}},{"from":[8,4.5,-5],"to":[8,21.5,-3],"rotation":{"angle":0,"axis":"y","origin":[0,-3,0]},"faces":{"north":{"uv":[0,0.75,0,9.25],"texture":"#2"},"east":{"uv":[2,1,1,9.5],"texture":"#2"},"south":{"uv":[0,0.75,0,9.25],"texture":"#2"},"west":{"uv":[1,1,2,9.5],"texture":"#2"},"up":{"uv":[0,1.75,0,0.75],"texture":"#2"},"down":{"uv":[0,0.75,0,1.75],"texture":"#2"}}},{"from":[8,19.5,-10.9],"to":[8,24.5,-8.9],"rotation":{"angle":45,"axis":"x","origin":[8,13,-4]},"faces":{"north":{"uv":[0,1.5,0,4],"texture":"#2"},"east":{"uv":[2,1.75,1,4.25],"texture":"#2"},"south":{"uv":[0,1.5,0,4],"texture":"#2"},"west":{"uv":[1,1.75,2,4.25],"texture":"#2"},"up":{"uv":[0,2.5,0,1.5],"texture":"#2"},"down":{"uv":[0,1.5,0,2.5],"texture":"#2"}}},{"from":[7.9,4.5,-3],"to":[7.9,25,7],"rotation":{"angle":0,"axis":"y","origin":[0,-11,0]},"faces":{"north":{"uv":[0,0,0,64],"texture":"#missing"},"east":{"uv":[13.9375,0,12.6875,2.5625],"texture":"#0"},"south":{"uv":[0,0,0,64],"texture":"#missing"},"west":{"uv":[12.6875,0,13.9375,2.5625],"texture":"#0"},"up":{"uv":[0,0,0,36],"texture":"#missing"},"down":{"uv":[0,0,0,36],"texture":"#missing"}}},{"from":[7.9,8.5,9],"to":[7.9,24,14],"rotation":{"angle":0,"axis":"y","origin":[0,-11,16]},"faces":{"north":{"uv":[0,0,0,64],"texture":"#missing"},"east":{"uv":[13.9375,0,14.5625,1.9375],"texture":"#0"},"south":{"uv":[0,0,0,64],"texture":"#missing"},"west":{"uv":[14.5625,0,13.9375,1.9375],"texture":"#0"},"up":{"uv":[0,36,0,0],"texture":"#missing"},"down":{"uv":[0,36,0,0],"texture":"#missing"}}},{"from":[8.1,4.5,-3],"to":[8.1,25,7],"rotation":{"angle":0,"axis":"y","origin":[16,-11,0]},"faces":{"north":{"uv":[0,0,0,64],"texture":"#missing"},"east":{"uv":[13.9375,0,12.6875,2.5625],"texture":"#0"},"south":{"uv":[0,0,0,64],"texture":"#missing"},"west":{"uv":[12.6875,0,13.9375,2.5625],"texture":"#0"},"up":{"uv":[0,0,0,36],"texture":"#missing"},"down":{"uv":[0,0,0,36],"texture":"#missing"}}},{"from":[7.2,17.3,8.2],"to":[7.2,21.3,12.2],"rotation":{"angle":-45,"axis":"x","origin":[7.2,20.6,9.3]},"faces":{"north":{"uv":[4,0,0,0],"rotation":90,"texture":"#missing"},"east":{"uv":[2.875,1.3125,2.375,1.8125],"rotation":270,"texture":"#0"},"south":{"uv":[0,0,4,0],"rotation":90,"texture":"#missing"},"west":{"uv":[2.375,1.3125,2.875,1.8125],"rotation":90,"texture":"#0"},"up":{"uv":[0,0,0,4],"rotation":180,"texture":"#missing"},"down":{"uv":[0,0,0,0.5],"texture":"#0"}}},{"from":[8.8,17.3,8.2],"to":[8.8,21.3,12.2],"rotation":{"angle":-45,"axis":"x","origin":[8.8,20.6,9.3]},"faces":{"north":{"uv":[4,0,0,0],"rotation":90,"texture":"#missing"},"east":{"uv":[2.375,1.8125,2.875,1.3125],"rotation":90,"texture":"#0"},"south":{"uv":[0,0,4,0],"rotation":90,"texture":"#missing"},"west":{"uv":[2.875,1.8125,2.375,1.3125],"rotation":270,"texture":"#0"},"up":{"uv":[0,0,0,4],"rotation":180,"texture":"#missing"},"down":{"uv":[0,0,0,0.5],"texture":"#0"}}},{"from":[8.5,3.5,9],"to":[8.5,11.5,13],"rotation":{"angle":0,"axis":"y","origin":[16,-3,0]},"faces":{"north":{"uv":[0,0,0,5],"texture":"#missing"},"east":{"uv":[2.25,1,1.75,2],"texture":"#0"},"south":{"uv":[0,0,0,5],"texture":"#missing"},"west":{"uv":[1.75,1,2.25,2],"texture":"#0"},"up":{"uv":[0,0,0,2],"texture":"#missing"},"down":{"uv":[0,0,0,2],"texture":"#missing"}}},{"from":[7.15,3,7.5],"to":[8.85,4.5,10],"rotation":{"angle":0,"axis":"y","origin":[0,-11,0]},"faces":{"north":{"uv":[0.1875,3.25,0.375,3.4375],"texture":"#0"},"east":{"uv":[0,3.0625,0.3125,3.25],"texture":"#0"},"south":{"uv":[0.1875,3.25,0.375,3.4375],"texture":"#0"},"west":{"uv":[0,3.0625,0.3125,3.25],"texture":"#0"},"up":{"uv":[0,3.25,0.1875,3.5625],"texture":"#0"},"down":{"uv":[0,3.25,0.1875,3.5625],"texture":"#0"}}}],"gui_light":"front","display":{"thirdperson_righthand":{"translation":[0,6,1.5],"scale":[0.6,0.6,0.6]},"thirdperson_lefthand":{"translation":[0,6,1.5],"scale":[0.6,0.6,0.6]},"firstperson_righthand":{"rotation":[4,0,0],"translation":[1.25,5.5,2.25],"scale":[0.25391,0.25391,0.25391]},"firstperson_lefthand":{"rotation":[4,0,0],"translation":[1.25,5.5,2.25],"scale":[0.25391,0.25391,0.25391]},"ground":{"rotation":[-45,0,0],"translation":[0,9,0],"scale":[0.5,0.5,0.5]},"gui":{"rotation":[-90,-45,-90],"translation":[-0.25,-0.25,0],"scale":[0.42734,0.42734,0.42734]},"head":{"scale":[0,0,0]},"fixed":{"rotation":[0,-90,0],"translation":[0.25,5,-2.75],"scale":[1.3,1.3,1.3]}}}