{"credit":"MadewithBlockbench","texture_size":[128,128],"textures":{"0":"elitecreatures:item/zombie_apocalyptic_animated_weapon_set/zombie_texture_01","2":"elitecreatures:item/zombie_apocalyptic_animated_weapon_set/zombie_animation_02","3":"elitecreatures:item/zombie_apocalyptic_animated_weapon_set/zombie_animation_03","particle":"elitecreatures:item/zombie_apocalyptic_animated_weapon_set/zombie_texture_01"},"elements":[{"from":[7,-11,7],"to":[9,1,9],"faces":{"north":{"uv":[0,12.125,0.25,13.625],"texture":"#0"},"east":{"uv":[0.25,9.125,0,10.625],"texture":"#0"},"south":{"uv":[0.25,10.625,0,12.125],"texture":"#0"},"west":{"uv":[0,9.125,0.25,10.625],"texture":"#0"},"up":{"uv":[1.5625,8.625,1.8125,8.875],"texture":"#0"},"down":{"uv":[1.5625,8.625,1.8125,8.875],"texture":"#0"}}},{"from":[4,14.5,8.3],"to":[5,15.5,9.3],"rotation":{"angle":0,"axis":"y","origin":[0,-8,0]},"faces":{"north":{"uv":[1.0625,4.3125,1.1875,4.4375],"texture":"#0"},"east":{"uv":[1.0625,4.3125,1.1875,4.4375],"texture":"#0"},"south":{"uv":[1.0625,4.3125,1.1875,4.4375],"texture":"#0"},"west":{"uv":[1.0625,4.3125,1.1875,4.4375],"texture":"#0"},"up":{"uv":[1.0625,4.3125,1.1875,4.4375],"rotation":90,"texture":"#0"},"down":{"uv":[1.0625,4.3125,1.1875,4.4375],"rotation":270,"texture":"#0"}}},{"from":[3.4,10.5,6.15],"to":[5.6,11.5,9.85],"rotation":{"angle":0,"axis":"y","origin":[0,-8,0]},"faces":{"north":{"uv":[1.0625,6,1.3125,6.125],"texture":"#0"},"east":{"uv":[1.0625,6,1.5,6.125],"texture":"#0"},"south":{"uv":[1.0625,6,1.3125,6.125],"texture":"#0"},"west":{"uv":[1.0625,6,1.5,6.125],"texture":"#0"},"up":{"uv":[1.0625,5.75,1.5,6],"rotation":90,"texture":"#0"},"down":{"uv":[1.0625,5.75,1.5,6],"rotation":270,"texture":"#0"}}},{"from":[3.4,13,6.15],"to":[5.6,14,9.85],"rotation":{"angle":0,"axis":"y","origin":[0,-8,0]},"faces":{"north":{"uv":[1.0625,6,1.3125,6.125],"texture":"#0"},"east":{"uv":[1.0625,6,1.5,6.125],"texture":"#0"},"south":{"uv":[1.0625,6,1.3125,6.125],"texture":"#0"},"west":{"uv":[1.0625,6,1.5,6.125],"texture":"#0"},"up":{"uv":[1.0625,5.75,1.5,6],"rotation":90,"texture":"#0"},"down":{"uv":[1.0625,5.75,1.5,6],"rotation":270,"texture":"#0"}}},{"from":[3.5,10,6.25],"to":[5.5,15,9.75],"rotation":{"angle":0,"axis":"y","origin":[0,-8,0]},"faces":{"north":{"uv":[0.8125,5.9375,1.0625,6.5625],"texture":"#0"},"east":{"uv":[0.375,5.9375,0.8125,6.5625],"texture":"#0"},"south":{"uv":[1.0625,5.9375,0.8125,6.5625],"texture":"#0"},"west":{"uv":[0.375,5.9375,0.8125,6.5625],"texture":"#0"},"up":{"uv":[0.375,6.5625,0.8125,6.8125],"rotation":90,"texture":"#0"},"down":{"uv":[0.375,6.5625,0.8125,6.8125],"rotation":270,"texture":"#0"}}},{"from":[4,14.5,6.7],"to":[5,15.5,7.7],"rotation":{"angle":0,"axis":"y","origin":[0,-8,0]},"faces":{"north":{"uv":[1.0625,4.3125,1.1875,4.4375],"texture":"#0"},"east":{"uv":[1.0625,4.3125,1.1875,4.4375],"texture":"#0"},"south":{"uv":[1.0625,4.3125,1.1875,4.4375],"texture":"#0"},"west":{"uv":[1.0625,4.3125,1.1875,4.4375],"texture":"#0"},"up":{"uv":[1.0625,4.3125,1.1875,4.4375],"rotation":90,"texture":"#0"},"down":{"uv":[1.0625,4.3125,1.1875,4.4375],"rotation":270,"texture":"#0"}}},{"from":[6.5,-13,6.5],"to":[9.5,-11,9.5],"faces":{"north":{"uv":[1.5625,7.5,1.9375,7.75],"texture":"#0"},"east":{"uv":[1.5625,7.5,1.9375,7.75],"texture":"#0"},"south":{"uv":[1.5625,7.5,1.9375,7.75],"texture":"#0"},"west":{"uv":[1.5625,7.5,1.9375,7.75],"texture":"#0"},"up":{"uv":[1.5625,7.75,1.9375,8.125],"texture":"#0"},"down":{"uv":[1.1875,7.75,1.5625,8.125],"texture":"#0"}}},{"from":[6.25,-1,6.25],"to":[9.75,1,9.75],"faces":{"north":{"uv":[2.375,7.8125,2.8125,8.0625],"texture":"#0"},"east":{"uv":[2.375,7.8125,2.8125,8.0625],"texture":"#0"},"south":{"uv":[2.375,7.8125,2.8125,8.0625],"texture":"#0"},"west":{"uv":[2.375,7.8125,2.8125,8.0625],"texture":"#0"},"up":{"uv":[1.9375,7.8125,2.375,8.25],"texture":"#0"},"down":{"uv":[1.9375,7.8125,2.375,8.25],"texture":"#0"}}},{"from":[6.5,0,6.5],"to":[9.5,4,9.5],"faces":{"north":{"uv":[0.25,8.375,0.625,8.875],"texture":"#0"},"east":{"uv":[0.25,8.375,0.625,8.875],"texture":"#0"},"south":{"uv":[0.25,8.375,0.625,8.875],"texture":"#0"},"west":{"uv":[0.25,8.375,0.625,8.875],"texture":"#0"},"up":{"uv":[0.25,8.875,0.625,9.25],"texture":"#0"},"down":{"uv":[0.25,8.875,0.625,9.25],"texture":"#0"}}},{"from":[9.4,8.6,4],"to":[9.4,16,5.5],"rotation":{"angle":0,"axis":"y","origin":[0,-8,0]},"faces":{"north":{"uv":[1.5625,5.1875,1.625,6.1875],"texture":"#0"},"east":{"uv":[2.5,2,2.6875,2.925],"texture":"#0"},"south":{"uv":[1.5625,5.1875,1.625,6.1875],"texture":"#0"},"west":{"uv":[2.6875,2,2.5,2.925],"texture":"#0"},"up":{"uv":[0.625,3.1875,0.6875,3.25],"texture":"#0"},"down":{"uv":[0.625,3.1875,0.6875,3.25],"texture":"#0"}}},{"from":[6.6,8.6,4],"to":[6.6,16,5.5],"rotation":{"angle":0,"axis":"y","origin":[16,-8,0]},"faces":{"north":{"uv":[1.625,5.1875,1.5625,6.1875],"texture":"#0"},"east":{"uv":[2.5,2,2.6875,2.925],"texture":"#0"},"south":{"uv":[1.625,5.1875,1.5625,6.1875],"texture":"#0"},"west":{"uv":[2.6875,2,2.5,2.925],"texture":"#0"},"up":{"uv":[0.6875,3.1875,0.625,3.25],"texture":"#0"},"down":{"uv":[0.6875,3.1875,0.625,3.25],"texture":"#0"}}},{"from":[6.6,16,4],"to":[6.6,21.4,5.5],"rotation":{"angle":0,"axis":"y","origin":[16,-8,0]},"faces":{"north":{"uv":[1.5625,5.1875,1.5625,5.8625],"texture":"#0"},"east":{"uv":[2.5,2,2.6875,2.675],"texture":"#0"},"south":{"uv":[1.5625,5.1875,1.5625,5.8625],"texture":"#0"},"west":{"uv":[2.6875,2,2.5,2.675],"texture":"#0"},"up":{"uv":[0.625,3.1875,0.625,3.375],"texture":"#0"},"down":{"uv":[0.625,3.1875,0.625,3.375],"texture":"#0"}}},{"from":[9.4,16,4],"to":[9.4,21.4,5.5],"rotation":{"angle":0,"axis":"y","origin":[0,-8,0]},"faces":{"north":{"uv":[1.5625,5.1875,1.5625,5.8625],"texture":"#0"},"east":{"uv":[2.5,2,2.6875,2.675],"texture":"#0"},"south":{"uv":[1.5625,5.1875,1.5625,5.8625],"texture":"#0"},"west":{"uv":[2.6875,2,2.5,2.675],"texture":"#0"},"up":{"uv":[0.625,3.1875,0.625,3.375],"texture":"#0"},"down":{"uv":[0.625,3.1875,0.625,3.375],"texture":"#0"}}},{"from":[6,4,6],"to":[10,8,10],"faces":{"north":{"uv":[0.625,8.375,1.125,8.875],"texture":"#0"},"east":{"uv":[0.625,8.375,1.125,8.875],"texture":"#0"},"south":{"uv":[0.625,8.375,1.125,8.875],"texture":"#0"},"west":{"uv":[0.625,8.375,1.125,8.875],"texture":"#0"},"up":{"uv":[0.25,8.875,0.75,9.375],"texture":"#0"},"down":{"uv":[0.25,8.875,0.75,9.375],"texture":"#0"}}},{"from":[5.5,8,5.5],"to":[10.5,25,10.5],"faces":{"north":{"uv":[0.875,9.375,1.5,11.5],"texture":"#0"},"east":{"uv":[0.25,9.375,0.875,11.5],"texture":"#0"},"south":{"uv":[0.875,9.375,1.5,11.5],"texture":"#0"},"west":{"uv":[0.25,9.375,0.875,11.5],"texture":"#0"},"up":{"uv":[1.125,8.375,1.75,9],"texture":"#0"},"down":{"uv":[1.125,8.375,1.75,9],"texture":"#0"}}},{"from":[1.7,14.3,8.8],"to":[5.7,22.3,8.8],"rotation":{"angle":0,"axis":"y","origin":[8,24.3,4.3]},"faces":{"north":{"uv":[1.75,2,2.25,1],"texture":"#0"},"east":{"uv":[0,0,0,80],"texture":"#missing"},"south":{"uv":[2.25,2,1.75,1],"texture":"#0"},"west":{"uv":[0,0,0,80],"texture":"#missing"},"up":{"uv":[0,0,0,32],"rotation":90,"texture":"#missing"},"down":{"uv":[0,0,0,32],"rotation":270,"texture":"#missing"}}},{"from":[1.7,14.3,7.2],"to":[5.7,22.3,7.2],"rotation":{"angle":0,"axis":"y","origin":[8,24.3,4.3]},"faces":{"north":{"uv":[1.75,2,2.25,1],"texture":"#0"},"east":{"uv":[0,0,0,80],"texture":"#missing"},"south":{"uv":[2.25,2,1.75,1],"texture":"#0"},"west":{"uv":[0,0,0,80],"texture":"#missing"},"up":{"uv":[0,0,0,32],"rotation":90,"texture":"#missing"},"down":{"uv":[0,0,0,32],"rotation":270,"texture":"#missing"}}},{"from":[5,16,6.5],"to":[11,25.5,9.5],"faces":{"north":{"uv":[0.625,11.5,1.375,12.6875],"texture":"#0"},"east":{"uv":[0.25,11.5,0.625,12.6875],"texture":"#0"},"south":{"uv":[0.625,11.5,1.375,12.6875],"texture":"#0"},"west":{"uv":[0.25,11.5,0.625,12.6875],"texture":"#0"},"up":{"uv":[0.25,12.6875,1,13.0625],"texture":"#0"},"down":{"uv":[0.25,12.6875,1,13.0625],"texture":"#0"}}},{"from":[10.7,11,7.3],"to":[10.7,17,8.8],"rotation":{"angle":0,"axis":"y","origin":[8,11.75,7.75]},"faces":{"north":{"uv":[0.3125,3.0625,0.5625,3.25],"texture":"#0"},"east":{"uv":[1.625,4.375,1.8125,5.125],"texture":"#0"},"south":{"uv":[0.3125,3.0625,0.5625,3.25],"texture":"#0"},"west":{"uv":[1.625,4.375,1.8125,5.125],"texture":"#0"},"up":{"uv":[0.3125,3.0625,0.5625,3.25],"texture":"#0"},"down":{"uv":[0.3125,3.0625,0.5625,3.25],"texture":"#0"}}},{"from":[8.75,9.5,7.3],"to":[11.25,11,8.8],"rotation":{"angle":0,"axis":"y","origin":[11,9.75,10.75]},"faces":{"north":{"uv":[0,3.0625,0.3125,3.25],"texture":"#0"},"east":{"uv":[0.1875,3.25,0.375,3.4375],"texture":"#0"},"south":{"uv":[0,3.0625,0.3125,3.25],"texture":"#0"},"west":{"uv":[0.1875,3.25,0.375,3.4375],"texture":"#0"},"up":{"uv":[0,3.25,0.1875,3.5625],"rotation":270,"texture":"#0"},"down":{"uv":[0,3.25,0.1875,3.5625],"rotation":90,"texture":"#0"}}},{"from":[8.1,19,2.5],"to":[8.1,30,13.5],"faces":{"north":{"uv":[0.25,9.375,0.875,11.5],"texture":"#0"},"east":{"uv":[10.625,0,12,1.375],"texture":"#0"},"south":{"uv":[0.25,9.375,0.875,11.5],"texture":"#0"},"west":{"uv":[10.625,0,12,1.375],"texture":"#0"},"up":{"uv":[1.125,8.375,1.75,9],"texture":"#0"},"down":{"uv":[1.125,8.375,1.75,9],"texture":"#0"}}},{"from":[7.9,19,2.5],"to":[7.9,30,13.5],"faces":{"north":{"uv":[0.25,9.375,0.875,11.5],"texture":"#0"},"east":{"uv":[10.625,0,12,1.375],"texture":"#0"},"south":{"uv":[0.25,9.375,0.875,11.5],"texture":"#0"},"west":{"uv":[10.625,0,12,1.375],"texture":"#0"},"up":{"uv":[1.125,8.375,1.75,9],"texture":"#0"},"down":{"uv":[1.125,8.375,1.75,9],"texture":"#0"}}},{"from":[8,30,5.5],"to":[8,32,10.5],"faces":{"north":{"uv":[0,0,0,1],"rotation":180,"texture":"#2"},"east":{"uv":[2,0.5,1,3],"rotation":270,"texture":"#2"},"south":{"uv":[0,0,0,1],"texture":"#2"},"west":{"uv":[2,3,1,0.5],"rotation":270,"texture":"#2"},"up":{"uv":[0,0,0,12],"texture":"#2"},"down":{"uv":[0,0,0,12],"rotation":180,"texture":"#2"}}},{"from":[8,22,0.5],"to":[8,27,2.5],"rotation":{"angle":0,"axis":"y","origin":[8,27,8]},"faces":{"north":{"uv":[0,0,0,12],"rotation":180,"texture":"#2"},"east":{"uv":[2,0.5,1,3],"texture":"#2"},"south":{"uv":[0,0,0,12],"rotation":180,"texture":"#2"},"west":{"uv":[2,3,1,0.5],"rotation":180,"texture":"#2"},"up":{"uv":[0,0,0,1],"texture":"#2"},"down":{"uv":[0,0,0,1],"texture":"#2"}}},{"from":[8,22,13.5],"to":[8,27,15.5],"rotation":{"angle":0,"axis":"y","origin":[8,27,8]},"faces":{"north":{"uv":[0,0,0,12],"rotation":180,"texture":"#2"},"east":{"uv":[1,3,2,0.5],"texture":"#2"},"south":{"uv":[0,0,0,12],"rotation":180,"texture":"#2"},"west":{"uv":[1,0.5,2,3],"rotation":180,"texture":"#2"},"up":{"uv":[0,1,0,0],"texture":"#2"},"down":{"uv":[0,1,0,0],"texture":"#2"}}},{"from":[8,28.1,1],"to":[8,30.1,6],"rotation":{"angle":-45,"axis":"x","origin":[8,29,3.5]},"faces":{"north":{"uv":[0,0,0,1],"rotation":180,"texture":"#2"},"east":{"uv":[2,1,1,3.5],"rotation":270,"texture":"#2"},"south":{"uv":[0,0,0,1],"texture":"#2"},"west":{"uv":[2,3.5,1,1],"rotation":270,"texture":"#2"},"up":{"uv":[0,0,0,12],"texture":"#2"},"down":{"uv":[0,0,0,12],"rotation":180,"texture":"#2"}}},{"from":[8,28.1,10],"to":[8,30.1,15],"rotation":{"angle":45,"axis":"x","origin":[8,29,12.5]},"faces":{"north":{"uv":[0,0,0,1],"texture":"#2"},"east":{"uv":[2,1,1,3.5],"rotation":270,"texture":"#2"},"south":{"uv":[0,0,0,1],"rotation":180,"texture":"#2"},"west":{"uv":[2,3.5,1,1],"rotation":270,"texture":"#2"},"up":{"uv":[0,12,0,0],"texture":"#2"},"down":{"uv":[0,12,0,0],"rotation":180,"texture":"#2"}}},{"from":[8,18.9,10],"to":[8,20.9,15],"rotation":{"angle":-45,"axis":"x","origin":[8,20,12.5]},"faces":{"north":{"uv":[0,1,0,0],"texture":"#2"},"east":{"uv":[1,3.5,2,1],"rotation":270,"texture":"#2"},"south":{"uv":[0,1,0,0],"rotation":180,"texture":"#2"},"west":{"uv":[1,1,2,3.5],"rotation":270,"texture":"#2"},"up":{"uv":[0,0,0,12],"rotation":180,"texture":"#2"},"down":{"uv":[0,0,0,12],"texture":"#2"}}},{"from":[8,18.9,1],"to":[8,20.9,6],"rotation":{"angle":45,"axis":"x","origin":[8,20,3.5]},"faces":{"north":{"uv":[0,1,0,0],"rotation":180,"texture":"#2"},"east":{"uv":[1,3.5,2,1],"rotation":270,"texture":"#2"},"south":{"uv":[0,1,0,0],"texture":"#2"},"west":{"uv":[1,1,2,3.5],"rotation":270,"texture":"#2"},"up":{"uv":[0,12,0,0],"rotation":180,"texture":"#2"},"down":{"uv":[0,12,0,0],"texture":"#2"}}},{"from":[4,10.7,9.8],"to":[4,13.7,12.3],"rotation":{"angle":0,"axis":"y","origin":[8,5,8]},"faces":{"north":{"uv":[0,0,0,4],"rotation":180,"texture":"#3"},"east":{"uv":[0,0,6,5],"rotation":270,"texture":"#3"},"south":{"uv":[0,4,0,0],"texture":"#3"},"west":{"uv":[0,0,6,5],"rotation":90,"texture":"#3"},"up":{"uv":[0,0,0,7],"rotation":180,"texture":"#3"},"down":{"uv":[0,0,0,7],"texture":"#3"}}}],"gui_light":"front","display":{"thirdperson_righthand":{"translation":[0,6.5,1.5],"scale":[0.6,0.6,0.6]},"thirdperson_lefthand":{"translation":[0,6.5,1.5],"scale":[0.6,0.6,0.6]},"firstperson_righthand":{"rotation":[4,0,0],"translation":[1.25,5.5,2.25],"scale":[0.27344,0.27344,0.27344]},"firstperson_lefthand":{"rotation":[4,0,0],"translation":[1.25,5.5,2.25],"scale":[0.27344,0.27344,0.27344]},"ground":{"rotation":[-45,0,0],"translation":[0,9,0],"scale":[0.5,0.5,0.5]},"gui":{"rotation":[-90,-45,-90],"translation":[-0.5,-0.5,0],"scale":[0.45469,0.45469,0.45469]},"head":{"scale":[0,0,0]},"fixed":{"rotation":[0,-90,0],"translation":[0.25,5,-2.75],"scale":[1.3,1.3,1.3]}}}