{"credit":"MadewithBlockbench","texture_size":[128,128],"textures":{"0":"elitecreatures:item/zombie_apocalyptic_animated_weapon_set/zombie_texture_01","1":"elitecreatures:item/zombie_apocalyptic_animated_weapon_set/zombie_animation_01","particle":"elitecreatures:item/zombie_apocalyptic_animated_weapon_set/zombie_texture_01"},"elements":[{"from":[7,-8,6.75],"to":[9,-1,9.25],"rotation":{"angle":0,"axis":"y","origin":[0,-8,0]},"faces":{"north":{"uv":[0.3125,3.5625,0.5625,4.4375],"texture":"#0"},"east":{"uv":[0.3125,3.5625,0,4.4375],"texture":"#0"},"south":{"uv":[0.5625,3.5625,0.8125,4.4375],"texture":"#0"},"west":{"uv":[0,3.5625,0.3125,4.4375],"texture":"#0"},"up":{"uv":[0.375,3.25,0.625,3.5625],"texture":"#0"},"down":{"uv":[0.375,3.25,0.625,3.5625],"texture":"#0"}}},{"from":[7.25,-11,7],"to":[8.75,3,9],"rotation":{"angle":0,"axis":"y","origin":[0,-8,0]},"faces":{"north":{"uv":[0,4.4375,0.25,6.1875],"texture":"#0"},"east":{"uv":[0,4.4375,0.25,6.1875],"texture":"#0"},"south":{"uv":[0,4.4375,0.25,6.1875],"texture":"#0"},"west":{"uv":[0,4.4375,0.25,6.1875],"texture":"#0"},"up":{"uv":[0.625,3.1875,0.8125,3.4375],"texture":"#0"},"down":{"uv":[0.625,3.1875,0.8125,3.4375],"texture":"#0"}}},{"from":[7.25,-11,4.3],"to":[7.75,0,4.8],"rotation":{"angle":0,"axis":"y","origin":[0,-8,0]},"faces":{"north":{"uv":[1.5625,5.1875,1.625,6.5625],"texture":"#0"},"east":{"uv":[1.5625,5.1875,1.625,6.5625],"texture":"#0"},"south":{"uv":[1.5625,5.1875,1.625,6.5625],"texture":"#0"},"west":{"uv":[1.5625,5.1875,1.625,6.5625],"texture":"#0"},"up":{"uv":[0.625,3.1875,0.6875,3.2625],"texture":"#0"},"down":{"uv":[0.625,3.1875,0.6875,3.2625],"texture":"#0"}}},{"from":[8.25,-11,4.3],"to":[8.75,0,4.8],"rotation":{"angle":0,"axis":"y","origin":[0,-8,0]},"faces":{"north":{"uv":[1.5625,5.1875,1.625,6.5625],"texture":"#0"},"east":{"uv":[1.5625,5.1875,1.625,6.5625],"texture":"#0"},"south":{"uv":[1.5625,5.1875,1.625,6.5625],"texture":"#0"},"west":{"uv":[1.5625,5.1875,1.625,6.5625],"texture":"#0"},"up":{"uv":[0.625,3.1875,0.6875,3.2625],"texture":"#0"},"down":{"uv":[0.625,3.1875,0.6875,3.2625],"texture":"#0"}}},{"from":[7.5,6,6],"to":[8.5,28.5,9],"rotation":{"angle":0,"axis":"y","origin":[0,-8,0]},"faces":{"north":{"uv":[0.5,0,0.625,2.8125],"texture":"#0"},"east":{"uv":[0.375,0,0,2.8125],"texture":"#0"},"south":{"uv":[0.375,0,0.5,2.8125],"texture":"#0"},"west":{"uv":[0,0,0.375,2.8125],"texture":"#0"},"up":{"uv":[0.375,0.1875,0.5,0.5625],"texture":"#0"},"down":{"uv":[0.375,0.1875,0.5,0.5625],"texture":"#0"}}},{"from":[7.25,22,7.5],"to":[8.75,23.5,10],"rotation":{"angle":0,"axis":"y","origin":[0,-8,0]},"faces":{"north":{"uv":[0.1875,3.25,0.375,3.4375],"texture":"#0"},"east":{"uv":[0,3.0625,0.3125,3.25],"texture":"#0"},"south":{"uv":[0.1875,3.25,0.375,3.4375],"texture":"#0"},"west":{"uv":[0,3.0625,0.3125,3.25],"texture":"#0"},"up":{"uv":[0,3.25,0.1875,3.5625],"texture":"#0"},"down":{"uv":[0,3.25,0.1875,3.5625],"texture":"#0"}}},{"from":[7.25,16,7.5],"to":[8.75,17.5,10],"rotation":{"angle":0,"axis":"y","origin":[0,-8,0]},"faces":{"north":{"uv":[0.1875,3.25,0.375,3.4375],"texture":"#0"},"east":{"uv":[0,3.0625,0.3125,3.25],"texture":"#0"},"south":{"uv":[0.1875,3.25,0.375,3.4375],"texture":"#0"},"west":{"uv":[0,3.0625,0.3125,3.25],"texture":"#0"},"up":{"uv":[0,3.25,0.1875,3.5625],"texture":"#0"},"down":{"uv":[0,3.25,0.1875,3.5625],"texture":"#0"}}},{"from":[7,11,7],"to":[9,12.5,8.5],"rotation":{"angle":0,"axis":"y","origin":[8,11.75,7.75]},"faces":{"north":{"uv":[0.3125,3.0625,0.5625,3.25],"texture":"#0"},"east":{"uv":[0.4375,2.8125,0.625,3],"texture":"#0"},"south":{"uv":[0.3125,3.0625,0.5625,3.25],"texture":"#0"},"west":{"uv":[0.4375,2.8125,0.625,3],"texture":"#0"},"up":{"uv":[0.3125,3.0625,0.5625,3.25],"texture":"#0"},"down":{"uv":[0.3125,3.0625,0.5625,3.25],"texture":"#0"}}},{"from":[7,7,7],"to":[9,8.5,8.5],"rotation":{"angle":0,"axis":"y","origin":[8,11.75,7.75]},"faces":{"north":{"uv":[0.3125,3.0625,0.5625,3.25],"texture":"#0"},"east":{"uv":[0.4375,2.8125,0.625,3],"texture":"#0"},"south":{"uv":[0.3125,3.0625,0.5625,3.25],"texture":"#0"},"west":{"uv":[0.4375,2.8125,0.625,3],"texture":"#0"},"up":{"uv":[0.3125,3.0625,0.5625,3.25],"texture":"#0"},"down":{"uv":[0.3125,3.0625,0.5625,3.25],"texture":"#0"}}},{"from":[7.4,8.5,7],"to":[7.4,15,8.5],"rotation":{"angle":0,"axis":"y","origin":[8,11.75,7.75]},"faces":{"north":{"uv":[0.3125,3.0625,0.5625,3.25],"texture":"#0"},"east":{"uv":[1.625,4.3125,1.8125,5.125],"texture":"#0"},"south":{"uv":[0.3125,3.0625,0.5625,3.25],"texture":"#0"},"west":{"uv":[1.625,4.3125,1.8125,5.125],"texture":"#0"},"up":{"uv":[0.3125,3.0625,0.5625,3.25],"texture":"#0"},"down":{"uv":[0.3125,3.0625,0.5625,3.25],"texture":"#0"}}},{"from":[7.2,8.5,7],"to":[7.2,15,8.5],"rotation":{"angle":0,"axis":"y","origin":[8,11.75,7.75]},"faces":{"north":{"uv":[0.3125,3.0625,0.5625,3.25],"texture":"#0"},"east":{"uv":[1.625,4.3125,1.8125,5.125],"texture":"#0"},"south":{"uv":[0.3125,3.0625,0.5625,3.25],"texture":"#0"},"west":{"uv":[1.625,4.3125,1.8125,5.125],"texture":"#0"},"up":{"uv":[0.3125,3.0625,0.5625,3.25],"texture":"#0"},"down":{"uv":[0.3125,3.0625,0.5625,3.25],"texture":"#0"}}},{"from":[8.8,8.5,7],"to":[8.8,15,8.5],"rotation":{"angle":0,"axis":"y","origin":[8,11.75,7.75]},"faces":{"north":{"uv":[0.5625,3.0625,0.3125,3.25],"texture":"#0"},"east":{"uv":[1.8125,4.3125,1.625,5.125],"texture":"#0"},"south":{"uv":[0.5625,3.0625,0.3125,3.25],"texture":"#0"},"west":{"uv":[1.8125,4.3125,1.625,5.125],"texture":"#0"},"up":{"uv":[0.5625,3.0625,0.3125,3.25],"texture":"#0"},"down":{"uv":[0.5625,3.0625,0.3125,3.25],"texture":"#0"}}},{"from":[8.6,8.5,7],"to":[8.6,15,8.5],"rotation":{"angle":0,"axis":"y","origin":[8,11.75,7.75]},"faces":{"north":{"uv":[0.5625,3.0625,0.3125,3.25],"texture":"#0"},"east":{"uv":[1.8125,4.3125,1.625,5.125],"texture":"#0"},"south":{"uv":[0.5625,3.0625,0.3125,3.25],"texture":"#0"},"west":{"uv":[1.8125,4.3125,1.625,5.125],"texture":"#0"},"up":{"uv":[0.5625,3.0625,0.3125,3.25],"texture":"#0"},"down":{"uv":[0.5625,3.0625,0.3125,3.25],"texture":"#0"}}},{"from":[7.5,26.5,9],"to":[8.5,28.5,11.5],"rotation":{"angle":0,"axis":"y","origin":[0,-8,0]},"faces":{"north":{"uv":[0.3125,2.8125,0.4375,3.0625],"texture":"#0"},"east":{"uv":[0,2.8125,0.3125,3.0625],"texture":"#0"},"south":{"uv":[0.3125,2.8125,0.4375,3.0625],"texture":"#0"},"west":{"uv":[0,2.8125,0.3125,3.0625],"texture":"#0"},"up":{"uv":[0.5,0.4375,0.625,0.75],"texture":"#0"},"down":{"uv":[0.5,0.5,0.625,0.8125],"texture":"#0"}}},{"from":[8,22,7],"to":[8,30,14],"rotation":{"angle":0,"axis":"y","origin":[0,-8,0]},"faces":{"north":{"uv":[0,0,0,8],"texture":"#missing"},"east":{"uv":[2.75,0,1.875,1],"texture":"#0"},"south":{"uv":[0,0,0,8],"texture":"#missing"},"west":{"uv":[1.875,0,2.75,1],"texture":"#0"},"up":{"uv":[0,0,0,16],"texture":"#missing"},"down":{"uv":[0,0,0,16],"texture":"#missing"}}},{"from":[8,5,-3],"to":[8,30,7],"rotation":{"angle":0,"axis":"y","origin":[0,-8,0]},"faces":{"north":{"uv":[0,0,0,64],"texture":"#missing"},"east":{"uv":[1.875,0,0.625,3.125],"texture":"#0"},"south":{"uv":[0,0,0,64],"texture":"#missing"},"west":{"uv":[0.625,0,1.875,3.125],"texture":"#0"},"up":{"uv":[0,0,0,36],"texture":"#missing"},"down":{"uv":[0,0,0,36],"texture":"#missing"}}},{"from":[6.75,-11.75,10],"to":[9.25,-9.25,12],"rotation":{"angle":0,"axis":"y","origin":[0,-8,16]},"faces":{"north":{"uv":[1.5625,5.1875,1.25,5.5],"texture":"#0"},"east":{"uv":[1,5.5,1.25,5.1875],"texture":"#0"},"south":{"uv":[1.5625,5.1875,1.25,5.5],"texture":"#0"},"west":{"uv":[1.25,5.1875,1,5.5],"texture":"#0"},"up":{"uv":[1,5.75,1.3125,5.5],"texture":"#0"},"down":{"uv":[1,5.5,1.3125,5.75],"texture":"#0"}}},{"from":[6.5,-12,6],"to":[9.5,-9,10],"rotation":{"angle":0,"axis":"y","origin":[0,-8,0]},"faces":{"north":{"uv":[1.25,4.8125,1.625,5.1875],"texture":"#0"},"east":{"uv":[1.1875,3.9375,1.6875,4.3125],"texture":"#0"},"south":{"uv":[1.25,4.8125,1.625,5.1875],"texture":"#0"},"west":{"uv":[1.1875,3.9375,1.6875,4.3125],"texture":"#0"},"up":{"uv":[1.25,4.3125,1.625,4.8125],"texture":"#0"},"down":{"uv":[1.25,4.3125,1.625,4.8125],"texture":"#0"}}},{"from":[6.5,-0.5,5],"to":[9.5,2.5,10],"rotation":{"angle":0,"axis":"y","origin":[0,-8,0]},"faces":{"north":{"uv":[1.25,3.5625,1.625,3.9375],"texture":"#0"},"east":{"uv":[1.25,3.1875,0.625,3.5625],"texture":"#0"},"south":{"uv":[1.25,3.1875,1.625,3.5625],"texture":"#0"},"west":{"uv":[0.625,3.1875,1.25,3.5625],"texture":"#0"},"up":{"uv":[0.8125,3.5625,1.1875,4.1875],"texture":"#0"},"down":{"uv":[0.8125,4.1875,1.1875,3.5625],"texture":"#0"}}},{"from":[7,0,4],"to":[9,2,12],"rotation":{"angle":0,"axis":"y","origin":[0,-8,0]},"faces":{"north":{"uv":[0.8125,4.1875,1.0625,4.4375],"texture":"#0"},"east":{"uv":[1.25,4.4375,0.25,4.6875],"texture":"#0"},"south":{"uv":[0.8125,4.1875,1.0625,4.4375],"texture":"#0"},"west":{"uv":[0.25,4.4375,1.25,4.6875],"texture":"#0"},"up":{"uv":[0.25,4.6875,0.5,5.6875],"texture":"#0"},"down":{"uv":[0.25,5.6875,0.5,4.6875],"texture":"#0"}}},{"from":[7.5,0.5,3.5],"to":[8.5,1.5,4.5],"rotation":{"angle":0,"axis":"y","origin":[0,-8,0]},"faces":{"north":{"uv":[1.0625,4.1875,1.1875,4.3125],"texture":"#0"},"east":{"uv":[1.0625,4.1875,1.1875,4.3125],"texture":"#0"},"south":{"uv":[1.0625,4.1875,1.1875,4.3125],"texture":"#0"},"west":{"uv":[1.0625,4.1875,1.1875,4.3125],"texture":"#0"},"up":{"uv":[1.0625,4.1875,1.1875,4.3125],"texture":"#0"},"down":{"uv":[1.0625,4.1875,1.1875,4.3125],"texture":"#0"}}},{"from":[7.5,25.9,3.5],"to":[8.5,26.9,4.5],"rotation":{"angle":0,"axis":"y","origin":[0,-8,0]},"faces":{"north":{"uv":[1.0625,4.1875,1.1875,4.3125],"texture":"#0"},"east":{"uv":[1.0625,4.1875,1.1875,4.3125],"texture":"#0"},"south":{"uv":[1.0625,4.1875,1.1875,4.3125],"texture":"#0"},"west":{"uv":[1.0625,4.1875,1.1875,4.3125],"texture":"#0"},"up":{"uv":[1.0625,4.1875,1.1875,4.3125],"texture":"#0"},"down":{"uv":[1.0625,4.1875,1.1875,4.3125],"texture":"#0"}}},{"from":[7,25.4,4],"to":[9,27.4,12],"rotation":{"angle":0,"axis":"y","origin":[0,-8,0]},"faces":{"north":{"uv":[0.8125,4.1875,1.0625,4.4375],"texture":"#0"},"east":{"uv":[1.25,4.4375,0.25,4.6875],"texture":"#0"},"south":{"uv":[0.8125,4.1875,1.0625,4.4375],"texture":"#0"},"west":{"uv":[0.25,4.4375,1.25,4.6875],"texture":"#0"},"up":{"uv":[0.25,4.6875,0.5,5.6875],"texture":"#0"},"down":{"uv":[0.25,5.6875,0.5,4.6875],"texture":"#0"}}},{"from":[8.6,-10,3.5],"to":[9.6,-9,4.5],"rotation":{"angle":0,"axis":"y","origin":[0,-8,0]},"faces":{"north":{"uv":[1.0625,4.3125,1.1875,4.4375],"texture":"#0"},"east":{"uv":[1.0625,4.3125,1.1875,4.4375],"texture":"#0"},"south":{"uv":[1.0625,4.3125,1.1875,4.4375],"texture":"#0"},"west":{"uv":[1.0625,4.3125,1.1875,4.4375],"texture":"#0"},"up":{"uv":[1.0625,4.3125,1.1875,4.4375],"texture":"#0"},"down":{"uv":[1.0625,4.3125,1.1875,4.4375],"texture":"#0"}}},{"from":[6.6,-10,3.5],"to":[7.6,-9,4.5],"rotation":{"angle":0,"axis":"y","origin":[0,-8,0]},"faces":{"north":{"uv":[1.0625,4.3125,1.1875,4.4375],"texture":"#0"},"east":{"uv":[1.0625,4.3125,1.1875,4.4375],"texture":"#0"},"south":{"uv":[1.0625,4.3125,1.1875,4.4375],"texture":"#0"},"west":{"uv":[1.0625,4.3125,1.1875,4.4375],"texture":"#0"},"up":{"uv":[1.0625,4.3125,1.1875,4.4375],"texture":"#0"},"down":{"uv":[1.0625,4.3125,1.1875,4.4375],"texture":"#0"}}},{"from":[8.3,10.5,9.5],"to":[9.3,11.5,10.5],"rotation":{"angle":0,"axis":"y","origin":[0,-8,0]},"faces":{"north":{"uv":[1.0625,4.3125,1.1875,4.4375],"texture":"#0"},"east":{"uv":[1.0625,4.3125,1.1875,4.4375],"texture":"#0"},"south":{"uv":[1.0625,4.3125,1.1875,4.4375],"texture":"#0"},"west":{"uv":[1.0625,4.3125,1.1875,4.4375],"texture":"#0"},"up":{"uv":[1.0625,4.3125,1.1875,4.4375],"texture":"#0"},"down":{"uv":[1.0625,4.3125,1.1875,4.4375],"texture":"#0"}}},{"from":[6.7,10.5,9.5],"to":[7.7,11.5,10.5],"rotation":{"angle":0,"axis":"y","origin":[0,-8,0]},"faces":{"north":{"uv":[1.0625,4.3125,1.1875,4.4375],"texture":"#0"},"east":{"uv":[1.0625,4.3125,1.1875,4.4375],"texture":"#0"},"south":{"uv":[1.0625,4.3125,1.1875,4.4375],"texture":"#0"},"west":{"uv":[1.0625,4.3125,1.1875,4.4375],"texture":"#0"},"up":{"uv":[1.0625,4.3125,1.1875,4.4375],"texture":"#0"},"down":{"uv":[1.0625,4.3125,1.1875,4.4375],"texture":"#0"}}},{"from":[8.6,-12,3.5],"to":[9.6,-11,4.5],"rotation":{"angle":0,"axis":"y","origin":[0,-8,0]},"faces":{"north":{"uv":[1.0625,4.3125,1.1875,4.4375],"texture":"#0"},"east":{"uv":[1.0625,4.3125,1.1875,4.4375],"texture":"#0"},"south":{"uv":[1.0625,4.3125,1.1875,4.4375],"texture":"#0"},"west":{"uv":[1.0625,4.3125,1.1875,4.4375],"texture":"#0"},"up":{"uv":[1.0625,4.3125,1.1875,4.4375],"texture":"#0"},"down":{"uv":[1.0625,4.3125,1.1875,4.4375],"texture":"#0"}}},{"from":[6.6,-12,3.5],"to":[7.6,-11,4.5],"rotation":{"angle":0,"axis":"y","origin":[0,-8,0]},"faces":{"north":{"uv":[1.0625,4.3125,1.1875,4.4375],"texture":"#0"},"east":{"uv":[1.0625,4.3125,1.1875,4.4375],"texture":"#0"},"south":{"uv":[1.0625,4.3125,1.1875,4.4375],"texture":"#0"},"west":{"uv":[1.0625,4.3125,1.1875,4.4375],"texture":"#0"},"up":{"uv":[1.0625,4.3125,1.1875,4.4375],"texture":"#0"},"down":{"uv":[1.0625,4.3125,1.1875,4.4375],"texture":"#0"}}},{"from":[6.25,6,9],"to":[9.75,11,11],"rotation":{"angle":0,"axis":"y","origin":[0,-8,0]},"faces":{"north":{"uv":[0.375,5.9375,0.8125,6.5625],"texture":"#0"},"east":{"uv":[1.0625,5.9375,0.8125,6.5625],"texture":"#0"},"south":{"uv":[0.375,5.9375,0.8125,6.5625],"texture":"#0"},"west":{"uv":[0.8125,5.9375,1.0625,6.5625],"texture":"#0"},"up":{"uv":[0.375,6.5625,0.8125,6.8125],"texture":"#0"},"down":{"uv":[0.375,6.5625,0.8125,6.8125],"texture":"#0"}}},{"from":[6.15,6.5,8.9],"to":[9.85,7.5,11.1],"rotation":{"angle":0,"axis":"y","origin":[0,-8,0]},"faces":{"north":{"uv":[1.0625,6,1.5,6.125],"texture":"#0"},"east":{"uv":[1.0625,6,1.3125,6.125],"texture":"#0"},"south":{"uv":[1.0625,6,1.5,6.125],"texture":"#0"},"west":{"uv":[1.0625,6,1.3125,6.125],"texture":"#0"},"up":{"uv":[1.0625,5.75,1.5,6],"texture":"#0"},"down":{"uv":[1.0625,5.75,1.5,6],"texture":"#0"}}},{"from":[6.15,9,8.9],"to":[9.85,10,11.1],"rotation":{"angle":0,"axis":"y","origin":[0,-8,0]},"faces":{"north":{"uv":[1.0625,6,1.5,6.125],"texture":"#0"},"east":{"uv":[1.0625,6,1.3125,6.125],"texture":"#0"},"south":{"uv":[1.0625,6,1.5,6.125],"texture":"#0"},"west":{"uv":[1.0625,6,1.3125,6.125],"texture":"#0"},"up":{"uv":[1.0625,5.75,1.5,6],"texture":"#0"},"down":{"uv":[1.0625,5.75,1.5,6],"texture":"#0"}}},{"from":[6.5,4.5,6.5],"to":[9.5,6,9.5],"rotation":{"angle":0,"axis":"y","origin":[8,5,8]},"faces":{"north":{"uv":[0,6.5625,0.375,6.75],"texture":"#0"},"east":{"uv":[0,6.5625,0.375,6.75],"texture":"#0"},"south":{"uv":[0,6.5625,0.375,6.75],"texture":"#0"},"west":{"uv":[0,6.5625,0.375,6.75],"texture":"#0"},"up":{"uv":[0,6.1875,0.375,6.5625],"rotation":90,"texture":"#0"},"down":{"uv":[0,6.1875,0.375,6.5625],"rotation":90,"texture":"#0"}}},{"from":[6.5,3,6.5],"to":[9.5,4.5,9.5],"rotation":{"angle":-45,"axis":"y","origin":[8,5,8]},"faces":{"north":{"uv":[0,6.5625,0.375,6.75],"texture":"#0"},"east":{"uv":[0,6.5625,0.375,6.75],"texture":"#0"},"south":{"uv":[0,6.5625,0.375,6.75],"texture":"#0"},"west":{"uv":[0,6.5625,0.375,6.75],"texture":"#0"},"up":{"uv":[0,6.1875,0.375,6.5625],"rotation":90,"texture":"#0"},"down":{"uv":[0,6.1875,0.375,6.5625],"rotation":90,"texture":"#0"}}},{"from":[6.1,-12.5,4],"to":[10.1,-8.5,6],"rotation":{"angle":0,"axis":"y","origin":[0,-8,16]},"faces":{"north":{"uv":[1,4.6875,0.5,5.1875],"texture":"#0"},"east":{"uv":[1,4.6875,1.25,5.1875],"texture":"#0"},"south":{"uv":[1,5.4375,0.5,5.9375],"texture":"#0"},"west":{"uv":[1.25,4.6875,1,5.1875],"texture":"#0"},"up":{"uv":[0.5,5.4375,1,5.1875],"texture":"#0"},"down":{"uv":[0.5,5.1875,1,5.4375],"texture":"#0"}}},{"from":[7.5,0.7,11],"to":[7.5,8.7,15],"faces":{"north":{"uv":[0,0,0,5],"texture":"#missing"},"east":{"uv":[2.25,1,1.75,2],"texture":"#0"},"south":{"uv":[0,0,0,5],"texture":"#missing"},"west":{"uv":[1.75,1,2.25,2],"texture":"#0"},"up":{"uv":[0,0,0,2],"texture":"#missing"},"down":{"uv":[0,0,0,2],"texture":"#missing"}}},{"from":[8.5,0.7,11],"to":[8.5,8.7,15],"faces":{"north":{"uv":[0,0,0,5],"texture":"#missing"},"east":{"uv":[2.25,1,1.75,2],"texture":"#0"},"south":{"uv":[0,0,0,5],"texture":"#missing"},"west":{"uv":[1.75,1,2.25,2],"texture":"#0"},"up":{"uv":[0,0,0,2],"texture":"#missing"},"down":{"uv":[0,0,0,2],"texture":"#missing"}}},{"from":[7.5,10.8,8.9],"to":[7.5,26.8,12.9],"faces":{"north":{"uv":[0,0,0,6.5],"texture":"#missing"},"east":{"uv":[2.3125,2,1.8125,4],"texture":"#0"},"south":{"uv":[0,0,0,6.5],"texture":"#missing"},"west":{"uv":[1.8125,2,2.3125,4],"texture":"#0"},"up":{"uv":[0,0,0,2],"texture":"#missing"},"down":{"uv":[0,0,0,2],"texture":"#missing"}}},{"from":[8.5,10.8,8.9],"to":[8.5,26.8,12.9],"rotation":{"angle":0,"axis":"y","origin":[16,0,0]},"faces":{"north":{"uv":[0,0,0,6.5],"texture":"#missing"},"east":{"uv":[2.3125,2,1.8125,4],"texture":"#0"},"south":{"uv":[0,0,0,6.5],"texture":"#missing"},"west":{"uv":[1.8125,2,2.3125,4],"texture":"#0"},"up":{"uv":[0,0,0,2],"texture":"#missing"},"down":{"uv":[0,0,0,2],"texture":"#missing"}}},{"from":[7.7,5,-3],"to":[7.7,30,4],"faces":{"east":{"uv":[3.5,0,0,12.5],"texture":"#1"},"west":{"uv":[0,0,3.5,12.5],"texture":"#1"}}},{"from":[8.3,5,-3],"to":[8.3,30,4],"rotation":{"angle":0,"axis":"y","origin":[16,0,0]},"faces":{"east":{"uv":[3.5,0,0,12.5],"texture":"#1"},"west":{"uv":[0,0,3.5,12.5],"texture":"#1"}}}],"gui_light":"front","display":{"thirdperson_righthand":{"translation":[0,5.5,1.5],"scale":[0.6,0.6,0.6]},"thirdperson_lefthand":{"translation":[0,5.5,1.5],"scale":[0.6,0.6,0.6]},"firstperson_righthand":{"rotation":[4,0,0],"translation":[1.25,5.25,2.25],"scale":[0.28711,0.28711,0.28711]},"firstperson_lefthand":{"rotation":[4,0,0],"translation":[1.25,5.25,2.25],"scale":[0.28711,0.28711,0.28711]},"ground":{"rotation":[-45,0,0],"translation":[0,9,0],"scale":[0.5,0.5,0.5]},"gui":{"rotation":[-90,-45,-90],"translation":[-1,-0.5,0],"scale":[0.40195,0.40195,0.40195]},"head":{"scale":[0,0,0]},"fixed":{"rotation":[0,-90,0],"translation":[0.25,5,-2.75],"scale":[1.3,1.3,1.3]}}}