{"credit":"MadewithBlockbench","texture_size":[128,128],"textures":{"0":"elitecreatures:item/zombie_apocalyptic_animated_weapon_set/zombie_texture_01","particle":"elitecreatures:item/zombie_apocalyptic_animated_weapon_set/zombie_texture_01"},"elements":[{"from":[7,-8,6.75],"to":[9,-1,9.25],"rotation":{"angle":0,"axis":"y","origin":[0,-8,0]},"faces":{"north":{"uv":[0.3125,3.5625,0.5625,4.4375],"texture":"#0"},"east":{"uv":[0.3125,3.5625,0,4.4375],"texture":"#0"},"south":{"uv":[0.5625,3.5625,0.8125,4.4375],"texture":"#0"},"west":{"uv":[0,3.5625,0.3125,4.4375],"texture":"#0"},"up":{"uv":[0.375,3.25,0.625,3.5625],"texture":"#0"},"down":{"uv":[0.375,3.25,0.625,3.5625],"texture":"#0"}}},{"from":[8,27.5,7],"to":[8,30.5,9],"rotation":{"angle":0,"axis":"y","origin":[0,24,0]},"faces":{"north":{"uv":[0,5.8125,0.1875,4.4375],"texture":"#0"},"east":{"uv":[1.3125,6.5,1.0625,6.125],"texture":"#0"},"south":{"uv":[0,5.8125,0.1875,4.4375],"texture":"#0"},"west":{"uv":[1.0625,6.5,1.3125,6.125],"texture":"#0"},"up":{"uv":[0.625,3.4375,0.8125,3.1875],"texture":"#0"},"down":{"uv":[0.625,3.4375,0.8125,3.1875],"texture":"#0"}}},{"from":[7.25,-9,7],"to":[8.75,2,9],"rotation":{"angle":0,"axis":"y","origin":[0,-8,0]},"faces":{"north":{"uv":[0,4.4375,0.1875,5.8125],"texture":"#0"},"east":{"uv":[0,4.5625,0.25,5.9375],"texture":"#0"},"south":{"uv":[0,4.4375,0.1875,5.8125],"texture":"#0"},"west":{"uv":[0,4.5625,0.25,5.9375],"texture":"#0"},"up":{"uv":[0.625,3.1875,0.8125,3.4375],"texture":"#0"},"down":{"uv":[0.625,3.1875,0.8125,3.4375],"texture":"#0"}}},{"from":[6.5,3,6],"to":[9.5,6,10],"rotation":{"angle":0,"axis":"y","origin":[0,-8,0]},"faces":{"north":{"uv":[1.25,4.8125,1.625,5.1875],"texture":"#0"},"east":{"uv":[1.1875,3.9375,1.6875,4.3125],"texture":"#0"},"south":{"uv":[1.25,4.8125,1.625,5.1875],"texture":"#0"},"west":{"uv":[1.1875,3.9375,1.6875,4.3125],"texture":"#0"},"up":{"uv":[1.25,4.3125,1.625,4.8125],"texture":"#0"},"down":{"uv":[1.25,4.3125,1.625,4.8125],"texture":"#0"}}},{"from":[6.5,22.75,6.5],"to":[9.5,25.25,9.5],"rotation":{"angle":0,"axis":"y","origin":[0,-8,0]},"faces":{"north":{"uv":[1.25,4.8125,1.625,5.1875],"texture":"#0"},"east":{"uv":[1.1875,3.9375,1.6875,4.3125],"texture":"#0"},"south":{"uv":[1.25,4.8125,1.625,5.1875],"texture":"#0"},"west":{"uv":[1.1875,3.9375,1.6875,4.3125],"texture":"#0"},"up":{"uv":[1.25,4.3125,1.625,4.8125],"texture":"#0"},"down":{"uv":[1.25,4.3125,1.625,4.8125],"texture":"#0"}}},{"from":[8,10,-3.5],"to":[8,27,5.5],"rotation":{"angle":0,"axis":"y","origin":[0,-8,0]},"faces":{"north":{"uv":[0,0,0,64],"texture":"#missing"},"east":{"uv":[10.0625,1.5,11.1875,3.625],"texture":"#0"},"south":{"uv":[0,0,0,64],"texture":"#missing"},"west":{"uv":[11.1875,1.5,10.0625,3.625],"texture":"#0"},"up":{"uv":[0,0,0,36],"texture":"#missing"},"down":{"uv":[0,0,0,36],"texture":"#missing"}}},{"from":[8,17,10.5],"to":[8,26,19.5],"rotation":{"angle":-22.5,"axis":"x","origin":[8,21.5,15]},"faces":{"north":{"uv":[0,0,0,64],"texture":"#missing"},"east":{"uv":[11.1875,2.8125,12.3125,1.6875],"texture":"#0"},"south":{"uv":[0,0,0,64],"texture":"#missing"},"west":{"uv":[11.1875,2.8125,12.3125,1.6875],"texture":"#0"},"up":{"uv":[0,36,0,0],"texture":"#missing"},"down":{"uv":[0,36,0,0],"texture":"#missing"}}},{"from":[7.8,17,10.5],"to":[7.8,26,19.5],"rotation":{"angle":-22.5,"axis":"x","origin":[8,21.5,15]},"faces":{"north":{"uv":[0,0,0,64],"texture":"#missing"},"east":{"uv":[11.1875,2.8125,12.3125,1.6875],"texture":"#0"},"south":{"uv":[0,0,0,64],"texture":"#missing"},"west":{"uv":[11.1875,2.8125,12.3125,1.6875],"texture":"#0"},"up":{"uv":[0,36,0,0],"texture":"#missing"},"down":{"uv":[0,36,0,0],"texture":"#missing"}}},{"from":[8.1,18,11.5],"to":[8.1,31,18.5],"rotation":{"angle":22.5,"axis":"x","origin":[8,21.5,15]},"faces":{"north":{"uv":[0,0,0,64],"rotation":180,"texture":"#missing"},"east":{"uv":[10.9375,5.3125,10.0625,3.6875],"rotation":180,"texture":"#0"},"south":{"uv":[0,0,0,64],"rotation":180,"texture":"#missing"},"west":{"uv":[10.0625,5.3125,10.9375,3.6875],"rotation":180,"texture":"#0"},"up":{"uv":[0,36,0,0],"texture":"#missing"},"down":{"uv":[0,36,0,0],"texture":"#missing"}}},{"from":[8.1,12,11.5],"to":[8.1,18,18.5],"rotation":{"angle":22.5,"axis":"x","origin":[8,21.5,15]},"faces":{"north":{"uv":[0,0.5,0,1.25],"rotation":180,"texture":"#missing"},"east":{"uv":[10.9375,4.9375,10.0625,4.1875],"rotation":180,"texture":"#0"},"south":{"uv":[0,0.5,0,1.25],"rotation":180,"texture":"#missing"},"west":{"uv":[10.0625,4.9375,10.9375,4.1875],"rotation":180,"texture":"#0"},"up":{"uv":[0,1.375,0,0.5],"texture":"#missing"},"down":{"uv":[0,1.375,0,0.5],"texture":"#missing"}}},{"from":[7.5,23,4],"to":[8.5,25,8.3],"rotation":{"angle":0,"axis":"y","origin":[0,-1.2,-3]},"faces":{"north":{"uv":[6.35,5.1875,6.725,5.4375],"rotation":180,"texture":"#0"},"east":{"uv":[6.3125,4.625,6.5625,5.1625],"rotation":90,"texture":"#0"},"south":{"uv":[6.35,5.1875,6.725,5.4375],"texture":"#0"},"west":{"uv":[6.3125,4.625,6.5625,5.1625],"rotation":270,"texture":"#0"},"up":{"uv":[6.5625,4.625,6.9375,5.1625],"texture":"#0"},"down":{"uv":[6.5625,4.625,6.9375,5.1625],"rotation":180,"texture":"#0"}}},{"from":[7.5,23,7.7],"to":[8.5,25,12],"rotation":{"angle":0,"axis":"y","origin":[0,-1.2,19]},"faces":{"north":{"uv":[6.725,5.1875,6.35,5.4375],"texture":"#0"},"east":{"uv":[6.3125,5.1625,6.5625,4.625],"rotation":90,"texture":"#0"},"south":{"uv":[6.725,5.1875,6.35,5.4375],"rotation":180,"texture":"#0"},"west":{"uv":[6.3125,5.1625,6.5625,4.625],"rotation":270,"texture":"#0"},"up":{"uv":[6.5625,5.1625,6.9375,4.625],"texture":"#0"},"down":{"uv":[6.5625,5.1625,6.9375,4.625],"rotation":180,"texture":"#0"}}},{"from":[7.5,18,4],"to":[8.5,20,8.3],"rotation":{"angle":0,"axis":"y","origin":[0,-1.2,-3]},"faces":{"north":{"uv":[6.35,5.1875,6.725,5.4375],"rotation":180,"texture":"#0"},"east":{"uv":[6.3125,4.625,6.5625,5.1625],"rotation":90,"texture":"#0"},"south":{"uv":[6.35,5.1875,6.725,5.4375],"texture":"#0"},"west":{"uv":[6.3125,4.625,6.5625,5.1625],"rotation":270,"texture":"#0"},"up":{"uv":[6.5625,4.625,6.9375,5.1625],"texture":"#0"},"down":{"uv":[6.5625,4.625,6.9375,5.1625],"rotation":180,"texture":"#0"}}},{"from":[7.5,18,7.7],"to":[8.5,20,12],"rotation":{"angle":0,"axis":"y","origin":[0,-1.2,19]},"faces":{"north":{"uv":[6.725,5.1875,6.35,5.4375],"texture":"#0"},"east":{"uv":[6.3125,5.1625,6.5625,4.625],"rotation":90,"texture":"#0"},"south":{"uv":[6.725,5.1875,6.35,5.4375],"rotation":180,"texture":"#0"},"west":{"uv":[6.3125,5.1625,6.5625,4.625],"rotation":270,"texture":"#0"},"up":{"uv":[6.5625,5.1625,6.9375,4.625],"texture":"#0"},"down":{"uv":[6.5625,5.1625,6.9375,4.625],"rotation":180,"texture":"#0"}}},{"from":[6.5,17.75,6.5],"to":[9.5,20.25,9.5],"rotation":{"angle":0,"axis":"y","origin":[0,-8,0]},"faces":{"north":{"uv":[1.25,4.8125,1.625,5.1875],"texture":"#0"},"east":{"uv":[1.1875,3.9375,1.6875,4.3125],"texture":"#0"},"south":{"uv":[1.25,4.8125,1.625,5.1875],"texture":"#0"},"west":{"uv":[1.1875,3.9375,1.6875,4.3125],"texture":"#0"},"up":{"uv":[1.25,4.3125,1.625,4.8125],"texture":"#0"},"down":{"uv":[1.25,4.3125,1.625,4.8125],"texture":"#0"}}},{"from":[7.5,13,4],"to":[8.5,15,8.3],"rotation":{"angle":0,"axis":"y","origin":[0,-1.2,-3]},"faces":{"north":{"uv":[6.35,5.1875,6.725,5.4375],"rotation":180,"texture":"#0"},"east":{"uv":[6.3125,4.625,6.5625,5.1625],"rotation":90,"texture":"#0"},"south":{"uv":[6.35,5.1875,6.725,5.4375],"texture":"#0"},"west":{"uv":[6.3125,4.625,6.5625,5.1625],"rotation":270,"texture":"#0"},"up":{"uv":[6.5625,4.625,6.9375,5.1625],"texture":"#0"},"down":{"uv":[6.5625,4.625,6.9375,5.1625],"rotation":180,"texture":"#0"}}},{"from":[7.5,13,7.7],"to":[8.5,15,12],"rotation":{"angle":0,"axis":"y","origin":[0,-1.2,19]},"faces":{"north":{"uv":[6.725,5.1875,6.35,5.4375],"texture":"#0"},"east":{"uv":[6.3125,5.1625,6.5625,4.625],"rotation":90,"texture":"#0"},"south":{"uv":[6.725,5.1875,6.35,5.4375],"rotation":180,"texture":"#0"},"west":{"uv":[6.3125,5.1625,6.5625,4.625],"rotation":270,"texture":"#0"},"up":{"uv":[6.5625,5.1625,6.9375,4.625],"texture":"#0"},"down":{"uv":[6.5625,5.1625,6.9375,4.625],"rotation":180,"texture":"#0"}}},{"from":[6.5,12.75,6.5],"to":[9.5,15.25,9.5],"rotation":{"angle":0,"axis":"y","origin":[0,-8,0]},"faces":{"north":{"uv":[1.25,4.8125,1.625,5.1875],"texture":"#0"},"east":{"uv":[1.1875,3.9375,1.6875,4.3125],"texture":"#0"},"south":{"uv":[1.25,4.8125,1.625,5.1875],"texture":"#0"},"west":{"uv":[1.1875,3.9375,1.6875,4.3125],"texture":"#0"},"up":{"uv":[1.25,4.3125,1.625,4.8125],"texture":"#0"},"down":{"uv":[1.25,4.3125,1.625,4.8125],"texture":"#0"}}},{"from":[8.2,3,9.3],"to":[8.7,11,9.8],"rotation":{"angle":0,"axis":"y","origin":[0,-8,0]},"faces":{"north":{"uv":[1.5625,5.1875,1.625,6.1875],"texture":"#0"},"east":{"uv":[1.5625,5.1875,1.625,6.1875],"texture":"#0"},"south":{"uv":[1.5625,5.1875,1.625,6.1875],"texture":"#0"},"west":{"uv":[1.5625,5.1875,1.625,6.1875],"texture":"#0"},"up":{"uv":[0.625,3.1875,0.6875,3.25],"texture":"#0"},"down":{"uv":[0.625,3.1875,0.6875,3.25],"texture":"#0"}}},{"from":[7.3,3,9.3],"to":[7.8,11,9.8],"rotation":{"angle":0,"axis":"y","origin":[16,-8,0]},"faces":{"north":{"uv":[1.625,5.1875,1.5625,6.1875],"texture":"#0"},"east":{"uv":[1.625,5.1875,1.5625,6.1875],"texture":"#0"},"south":{"uv":[1.625,5.1875,1.5625,6.1875],"texture":"#0"},"west":{"uv":[1.625,5.1875,1.5625,6.1875],"texture":"#0"},"up":{"uv":[0.6875,3.1875,0.625,3.25],"texture":"#0"},"down":{"uv":[0.6875,3.1875,0.625,3.25],"texture":"#0"}}},{"from":[8.2,11,9.3],"to":[8.7,19,9.8],"rotation":{"angle":0,"axis":"y","origin":[0,-8,0]},"faces":{"north":{"uv":[1.5625,5.1875,1.625,6.1875],"texture":"#0"},"east":{"uv":[1.5625,5.1875,1.625,6.1875],"texture":"#0"},"south":{"uv":[1.5625,5.1875,1.625,6.1875],"texture":"#0"},"west":{"uv":[1.5625,5.1875,1.625,6.1875],"texture":"#0"},"up":{"uv":[0.625,3.1875,0.6875,3.25],"texture":"#0"},"down":{"uv":[0.625,3.1875,0.6875,3.25],"texture":"#0"}}},{"from":[7.3,11,9.3],"to":[7.8,19,9.8],"rotation":{"angle":0,"axis":"y","origin":[16,-8,0]},"faces":{"north":{"uv":[1.625,5.1875,1.5625,6.1875],"texture":"#0"},"east":{"uv":[1.625,5.1875,1.5625,6.1875],"texture":"#0"},"south":{"uv":[1.625,5.1875,1.5625,6.1875],"texture":"#0"},"west":{"uv":[1.625,5.1875,1.5625,6.1875],"texture":"#0"},"up":{"uv":[0.6875,3.1875,0.625,3.25],"texture":"#0"},"down":{"uv":[0.6875,3.1875,0.625,3.25],"texture":"#0"}}},{"from":[7.25,10.5,7],"to":[8.75,17,9],"rotation":{"angle":0,"axis":"y","origin":[0,-8,0]},"faces":{"north":{"uv":[2.625,5.5625,2.8125,6.375],"texture":"#0"},"east":{"uv":[2.4375,5.5625,2.1875,6.375],"texture":"#0"},"south":{"uv":[2.4375,5.5625,2.625,6.375],"texture":"#0"},"west":{"uv":[2.1875,5.5625,2.4375,6.375],"texture":"#0"},"up":{"uv":[1.3125,3.6875,1.5,3.9375],"texture":"#0"},"down":{"uv":[1.3125,3.6875,1.5,3.9375],"texture":"#0"}}},{"from":[7.25,17,7],"to":[8.75,23.5,9],"rotation":{"angle":0,"axis":"y","origin":[0,-8,0]},"faces":{"north":{"uv":[2.625,5.5,2.8125,6.3125],"texture":"#0"},"east":{"uv":[2.4375,5.5,2.1875,6.3125],"texture":"#0"},"south":{"uv":[2.4375,5.5,2.625,6.3125],"texture":"#0"},"west":{"uv":[2.1875,5.5,2.4375,6.3125],"texture":"#0"},"up":{"uv":[1.3125,3.625,1.5,3.875],"texture":"#0"},"down":{"uv":[1.3125,3.625,1.5,3.875],"texture":"#0"}}},{"from":[7.25,3,7],"to":[8.75,10.5,9],"rotation":{"angle":0,"axis":"y","origin":[0,-8,0]},"faces":{"north":{"uv":[2.625,5.5625,2.8125,6.5],"texture":"#0"},"east":{"uv":[2.4375,5.5625,2.1875,6.5],"texture":"#0"},"south":{"uv":[2.4375,5.5625,2.625,6.5],"texture":"#0"},"west":{"uv":[2.1875,5.5625,2.4375,6.5],"texture":"#0"},"up":{"uv":[1.3125,3.6875,1.5,3.9375],"texture":"#0"},"down":{"uv":[1.3125,3.6875,1.5,3.9375],"texture":"#0"}}},{"from":[6.5,7.5,6.5],"to":[9.5,9,9.5],"rotation":{"angle":-45,"axis":"y","origin":[8,8,8]},"faces":{"north":{"uv":[0,6.5625,0.375,6.75],"texture":"#0"},"east":{"uv":[0,6.5625,0.375,6.75],"texture":"#0"},"south":{"uv":[0,6.5625,0.375,6.75],"texture":"#0"},"west":{"uv":[0,6.5625,0.375,6.75],"texture":"#0"},"up":{"uv":[0,6.1875,0.375,6.5625],"rotation":90,"texture":"#0"},"down":{"uv":[0,6.1875,0.375,6.5625],"rotation":90,"texture":"#0"}}},{"from":[6.5,6,6.5],"to":[9.5,7.5,9.5],"rotation":{"angle":0,"axis":"y","origin":[8,8,8]},"faces":{"north":{"uv":[0,6.5625,0.375,6.75],"texture":"#0"},"east":{"uv":[0,6.5625,0.375,6.75],"texture":"#0"},"south":{"uv":[0,6.5625,0.375,6.75],"texture":"#0"},"west":{"uv":[0,6.5625,0.375,6.75],"texture":"#0"},"up":{"uv":[0,6.1875,0.375,6.5625],"rotation":90,"texture":"#0"},"down":{"uv":[0,6.1875,0.375,6.5625],"rotation":90,"texture":"#0"}}},{"from":[7.25,24.5,7],"to":[8.75,27.5,9],"rotation":{"angle":0,"axis":"y","origin":[0,-8,0]},"faces":{"north":{"uv":[2.1875,4.375,2.4375,4.75],"texture":"#0"},"east":{"uv":[2.1875,4.375,2.4375,4.75],"texture":"#0"},"south":{"uv":[2.1875,4.375,2.4375,4.75],"texture":"#0"},"west":{"uv":[2.1875,4.375,2.4375,4.75],"texture":"#0"},"up":{"uv":[2.25,4.375,2.4375,4.625],"texture":"#0"},"down":{"uv":[1.3125,3.625,1.5,3.875],"texture":"#0"}}},{"from":[8,-12,7],"to":[8,-9,9],"rotation":{"angle":0,"axis":"y","origin":[0,-8,0]},"faces":{"north":{"uv":[0,4.4375,0.1875,5.8125],"texture":"#0"},"east":{"uv":[1.3125,6.125,1.0625,6.5],"texture":"#0"},"south":{"uv":[0,4.4375,0.1875,5.8125],"texture":"#0"},"west":{"uv":[1.0625,6.125,1.3125,6.5],"texture":"#0"},"up":{"uv":[0.625,3.1875,0.8125,3.4375],"texture":"#0"},"down":{"uv":[0.625,3.1875,0.8125,3.4375],"texture":"#0"}}},{"from":[7,-1,6.75],"to":[9,5,9.25],"rotation":{"angle":0,"axis":"y","origin":[0,-8,0]},"faces":{"north":{"uv":[0.3125,4.3125,0.5625,3.5625],"texture":"#0"},"east":{"uv":[0.3125,4.3125,0,3.5625],"texture":"#0"},"south":{"uv":[0.5625,4.3125,0.8125,3.5625],"texture":"#0"},"west":{"uv":[0,4.3125,0.3125,3.5625],"texture":"#0"},"up":{"uv":[0.375,3.25,0.625,3.5625],"texture":"#0"},"down":{"uv":[0.375,3.25,0.625,3.5625],"texture":"#0"}}},{"from":[6.2,18.5,7.5],"to":[6.2,25,9],"rotation":{"angle":0,"axis":"y","origin":[8,11.75,7.75]},"faces":{"north":{"uv":[0.3125,3.0625,0.5625,3.25],"texture":"#0"},"east":{"uv":[1.625,4.3125,1.8125,5.125],"texture":"#0"},"south":{"uv":[0.3125,3.0625,0.5625,3.25],"texture":"#0"},"west":{"uv":[1.625,4.3125,1.8125,5.125],"texture":"#0"},"up":{"uv":[0.3125,3.0625,0.5625,3.25],"texture":"#0"},"down":{"uv":[0.3125,3.0625,0.5625,3.25],"texture":"#0"}}},{"from":[6,23.5,7.5],"to":[8,25,9],"rotation":{"angle":0,"axis":"y","origin":[8,11.75,7.75]},"faces":{"north":{"uv":[0.3125,3.0625,0.5625,3.25],"texture":"#0"},"east":{"uv":[0.4375,2.8125,0.625,3],"texture":"#0"},"south":{"uv":[0.3125,3.0625,0.5625,3.25],"texture":"#0"},"west":{"uv":[0.4375,2.8125,0.625,3],"texture":"#0"},"up":{"uv":[0.3125,3.0625,0.5625,3.25],"texture":"#0"},"down":{"uv":[0.3125,3.0625,0.5625,3.25],"texture":"#0"}}},{"from":[6,18.1,7.5],"to":[8,19.6,9],"rotation":{"angle":0,"axis":"y","origin":[8,11.75,7.75]},"faces":{"north":{"uv":[0.3125,3.0625,0.5625,3.25],"texture":"#0"},"east":{"uv":[0.4375,2.8125,0.625,3],"texture":"#0"},"south":{"uv":[0.3125,3.0625,0.5625,3.25],"texture":"#0"},"west":{"uv":[0.4375,2.8125,0.625,3],"texture":"#0"},"up":{"uv":[0.3125,3.0625,0.5625,3.25],"texture":"#0"},"down":{"uv":[0.3125,3.0625,0.5625,3.25],"texture":"#0"}}}],"gui_light":"front","display":{"thirdperson_righthand":{"translation":[0,4.25,1.5],"scale":[0.6,0.6,0.6]},"thirdperson_lefthand":{"translation":[0,4.25,1.5],"scale":[0.6,0.6,0.6]},"firstperson_righthand":{"rotation":[4,0,0],"translation":[1.25,5.25,2.25],"scale":[0.27734,0.27734,0.27734]},"firstperson_lefthand":{"rotation":[4,0,0],"translation":[1.25,5.25,2.25],"scale":[0.27734,0.27734,0.27734]},"ground":{"rotation":[-45,0,0],"translation":[0,9,0],"scale":[0.5,0.5,0.5]},"gui":{"rotation":[-90,-45,-90],"translation":[-1.25,-1.75,0],"scale":[0.40586,0.40586,0.40586]},"head":{"scale":[0,0,0]},"fixed":{"rotation":[0,-90,0],"translation":[0.25,5,-2.75],"scale":[1.3,1.3,1.3]}}}