{"credit":"MadewithBlockbench","texture_size":[128,128],"textures":{"0":"elitecreatures:item/zombie_apocalyptic_animated_weapon_set/zombie_texture_01","2":"elitecreatures:item/zombie_apocalyptic_animated_weapon_set/zombie_animation_02","particle":"elitecreatures:item/zombie_apocalyptic_animated_weapon_set/zombie_texture_01"},"elements":[{"from":[7,2,6.5],"to":[9,9,8.5],"rotation":{"angle":0,"axis":"y","origin":[0,-6,-1]},"faces":{"north":{"uv":[0.3125,3.5625,0.5625,4.4375],"texture":"#0"},"east":{"uv":[0.25,3.5625,0,4.4375],"texture":"#0"},"south":{"uv":[0.5625,3.5625,0.8125,4.4375],"texture":"#0"},"west":{"uv":[0,3.5625,0.25,4.4375],"texture":"#0"},"up":{"uv":[0.375,3.25,0.625,3.5],"texture":"#0"},"down":{"uv":[0.375,3.25,0.625,3.5],"texture":"#0"}}},{"from":[8,10.875,-3.125],"to":[8,12.875,5.375],"rotation":{"angle":0,"axis":"y","origin":[8,5.375,1.5]},"faces":{"north":{"uv":[0,1,0,0],"rotation":180,"texture":"#2"},"east":{"uv":[2,0,1,4.25],"rotation":90,"texture":"#2"},"south":{"uv":[0,0,0,1],"texture":"#2"},"west":{"uv":[1,0,2,4.25],"rotation":270,"texture":"#2"},"up":{"uv":[0,0,0,12],"texture":"#2"},"down":{"uv":[0,0,0,12],"rotation":180,"texture":"#2"}}},{"from":[8,12.375,-5.125],"to":[8,15.875,-3.125],"rotation":{"angle":0,"axis":"y","origin":[8,5.375,1.5]},"faces":{"north":{"uv":[0,0,0,1.75],"texture":"#2"},"east":{"uv":[1,2,2,0.25],"rotation":180,"texture":"#2"},"south":{"uv":[0,0,0,1.75],"texture":"#2"},"west":{"uv":[1,0.5,2,2.25],"texture":"#2"},"up":{"uv":[0,1,0,0],"texture":"#2"},"down":{"uv":[0,0,0,1],"texture":"#2"}}},{"from":[8,15.875,-3.125],"to":[8,17.875,5.375],"rotation":{"angle":0,"axis":"y","origin":[8,5.375,1.5]},"faces":{"north":{"uv":[0,0,0,1],"rotation":180,"texture":"#2"},"east":{"uv":[1,4.25,2,0],"rotation":90,"texture":"#2"},"south":{"uv":[0,1,0,0],"texture":"#2"},"west":{"uv":[2,4.25,1,0],"rotation":270,"texture":"#2"},"up":{"uv":[0,0,0,12],"texture":"#2"},"down":{"uv":[0,0,0,12],"rotation":180,"texture":"#2"}}},{"from":[8,12.875,-3.125],"to":[8,15.875,5.375],"rotation":{"angle":0,"axis":"y","origin":[8,5.375,1.5]},"faces":{"north":{"uv":[0.0625,0,0.0625,0.375],"rotation":180,"texture":"#missing"},"east":{"uv":[3,0,3.375,1.125],"rotation":90,"texture":"#0"},"south":{"uv":[0.0625,0,0.0625,0.375],"texture":"#missing"},"west":{"uv":[3,0,3.375,1.0625],"rotation":270,"texture":"#0"},"up":{"uv":[0.0625,0,0.0625,1.125],"texture":"#missing"},"down":{"uv":[0.0625,0,0.0625,1.125],"rotation":180,"texture":"#missing"}}},{"from":[7.7,12.625,-3.125],"to":[7.7,15.625,5.375],"rotation":{"angle":0,"axis":"y","origin":[8,5.375,1.5]},"faces":{"north":{"uv":[0.375,0.1875,0.375,0.5625],"rotation":180,"texture":"#0"},"east":{"uv":[3.9375,0,3.5625,1.0625],"rotation":90,"texture":"#0"},"south":{"uv":[0.375,0.1875,0.375,0.5625],"texture":"#0"},"west":{"uv":[3.5625,0,3.9375,1.0625],"rotation":270,"texture":"#0"},"up":{"uv":[0.375,0,0.375,1.0625],"texture":"#0"},"down":{"uv":[0.5,0,0.5,1.0625],"rotation":180,"texture":"#0"}}},{"from":[8.3,12.625,-3.125],"to":[8.3,15.625,5.375],"rotation":{"angle":0,"axis":"y","origin":[8,5.375,1.5]},"faces":{"north":{"uv":[0.375,0.1875,0.375,0.5625],"rotation":180,"texture":"#0"},"east":{"uv":[3.9375,0,3.5625,1.0625],"rotation":90,"texture":"#0"},"south":{"uv":[0.375,0.1875,0.375,0.5625],"texture":"#0"},"west":{"uv":[3.5625,0,3.9375,1.0625],"rotation":270,"texture":"#0"},"up":{"uv":[0.375,0,0.375,1.0625],"texture":"#0"},"down":{"uv":[0.5,0,0.5,1.0625],"rotation":180,"texture":"#0"}}},{"from":[8.3,-0.625,-3.125],"to":[8.3,2.375,5.375],"rotation":{"angle":0,"axis":"y","origin":[8,10.625,1.5]},"faces":{"north":{"uv":[0.375,0.5625,0.375,0.1875],"rotation":180,"texture":"#0"},"east":{"uv":[3.5625,0,3.9375,1.0625],"rotation":90,"texture":"#0"},"south":{"uv":[0.375,0.5625,0.375,0.1875],"texture":"#0"},"west":{"uv":[3.9375,0,3.5625,1.0625],"rotation":270,"texture":"#0"},"up":{"uv":[0.5,1.0625,0.5,0],"rotation":180,"texture":"#0"},"down":{"uv":[0.375,1.0625,0.375,0],"texture":"#0"}}},{"from":[8,-0.875,-5.125],"to":[8,2.625,-3.125],"rotation":{"angle":0,"axis":"y","origin":[8,10.625,1.5]},"faces":{"north":{"uv":[0,1.75,0,0],"texture":"#2"},"east":{"uv":[1,0.25,2,2],"rotation":180,"texture":"#2"},"south":{"uv":[0,1.75,0,0],"texture":"#2"},"west":{"uv":[1,2.25,2,0.5],"texture":"#2"},"up":{"uv":[0,1,0,0],"texture":"#2"},"down":{"uv":[0,0,0,1],"texture":"#2"}}},{"from":[8,-2.875,-3.125],"to":[8,-0.875,5.375],"rotation":{"angle":0,"axis":"y","origin":[8,10.625,1.5]},"faces":{"north":{"uv":[0,1,0,0],"rotation":180,"texture":"#2"},"east":{"uv":[2,4.25,1,0],"rotation":90,"texture":"#2"},"south":{"uv":[0,0,0,1],"texture":"#2"},"west":{"uv":[1,4.25,2,0],"rotation":270,"texture":"#2"},"up":{"uv":[0,12,0,0],"rotation":180,"texture":"#2"},"down":{"uv":[0,12,0,0],"texture":"#2"}}},{"from":[8,2.125,-3.125],"to":[8,4.125,5.375],"rotation":{"angle":0,"axis":"y","origin":[8,10.625,1.5]},"faces":{"north":{"uv":[0,0,0,1],"rotation":180,"texture":"#2"},"east":{"uv":[1,0,2,4.25],"rotation":90,"texture":"#2"},"south":{"uv":[0,1,0,0],"texture":"#2"},"west":{"uv":[2,0,1,4.25],"rotation":270,"texture":"#2"},"up":{"uv":[0,12,0,0],"rotation":180,"texture":"#2"},"down":{"uv":[0,12,0,0],"texture":"#2"}}},{"from":[8,-0.875,-3.125],"to":[8,2.125,5.375],"rotation":{"angle":0,"axis":"y","origin":[8,10.625,1.5]},"faces":{"north":{"uv":[0.0625,0.375,0.0625,0],"rotation":180,"texture":"#missing"},"east":{"uv":[3.375,0,3,1.125],"rotation":90,"texture":"#0"},"south":{"uv":[0.0625,0.375,0.0625,0],"texture":"#missing"},"west":{"uv":[3.375,0,3,1.0625],"rotation":270,"texture":"#0"},"up":{"uv":[0.0625,1.125,0.0625,0],"rotation":180,"texture":"#missing"},"down":{"uv":[0.0625,1.125,0.0625,0],"texture":"#missing"}}},{"from":[7.7,-0.625,-3.125],"to":[7.7,2.375,5.375],"rotation":{"angle":0,"axis":"y","origin":[8,10.625,1.5]},"faces":{"north":{"uv":[0.375,0.5625,0.375,0.1875],"rotation":180,"texture":"#0"},"east":{"uv":[3.5625,0,3.9375,1.0625],"rotation":90,"texture":"#0"},"south":{"uv":[0.375,0.5625,0.375,0.1875],"texture":"#0"},"west":{"uv":[3.9375,0,3.5625,1.0625],"rotation":270,"texture":"#0"},"up":{"uv":[0.5,1.0625,0.5,0],"rotation":180,"texture":"#0"},"down":{"uv":[0.375,1.0625,0.375,0],"texture":"#0"}}},{"from":[6.5,11,5],"to":[9.5,14,9],"rotation":{"angle":0,"axis":"y","origin":[0,-7,-1]},"faces":{"north":{"uv":[1.25,4.8125,1.625,5.1875],"texture":"#0"},"east":{"uv":[1.1875,3.9375,1.6875,4.3125],"texture":"#0"},"south":{"uv":[1.25,4.8125,1.625,5.1875],"texture":"#0"},"west":{"uv":[1.1875,3.9375,1.6875,4.3125],"texture":"#0"},"up":{"uv":[1.25,4.3125,1.625,4.8125],"texture":"#0"},"down":{"uv":[1.25,4.3125,1.625,4.8125],"texture":"#0"}}},{"from":[6.5,1,5],"to":[9.5,4,9],"rotation":{"angle":0,"axis":"y","origin":[0,-6,-1]},"faces":{"north":{"uv":[1.25,4.8125,1.625,5.1875],"texture":"#0"},"east":{"uv":[1.1875,3.9375,1.6875,4.3125],"texture":"#0"},"south":{"uv":[1.25,4.8125,1.625,5.1875],"texture":"#0"},"west":{"uv":[1.1875,3.9375,1.6875,4.3125],"texture":"#0"},"up":{"uv":[1.25,4.3125,1.625,4.8125],"texture":"#0"},"down":{"uv":[1.25,4.3125,1.625,4.8125],"texture":"#0"}}},{"from":[7,9,6.5],"to":[9,13,8.5],"rotation":{"angle":0,"axis":"y","origin":[0,-6,-1]},"faces":{"north":{"uv":[0.3125,4.0625,0.5625,3.5625],"texture":"#0"},"east":{"uv":[0.25,4.0625,0,3.5625],"texture":"#0"},"south":{"uv":[0.5625,4.0625,0.8125,3.5625],"texture":"#0"},"west":{"uv":[0,4.0625,0.25,3.5625],"texture":"#0"},"up":{"uv":[0.375,3.25,0.625,3.5],"texture":"#0"},"down":{"uv":[0.375,3.25,0.625,3.5],"texture":"#0"}}},{"from":[6,2,12.5],"to":[10,5.5,15.5],"rotation":{"angle":-45,"axis":"x","origin":[0,0,-1]},"faces":{"north":{"uv":[0.625,11.9375,1.125,11.5],"texture":"#0"},"east":{"uv":[0.625,11.9375,0.25,11.5],"texture":"#0"},"south":{"uv":[0.625,11.9375,1.125,11.5],"texture":"#0"},"west":{"uv":[0.625,11.9375,0.25,11.5],"texture":"#0"},"up":{"uv":[0.25,12.6875,0.75,13.0625],"texture":"#0"},"down":{"uv":[0.25,12.6875,0.75,13.0625],"texture":"#0"}}},{"from":[6,5.5,12.5],"to":[10,9,15.5],"rotation":{"angle":-45,"axis":"x","origin":[0,0,-1]},"faces":{"north":{"uv":[0.625,11.5,1.125,11.9375],"texture":"#0"},"east":{"uv":[0.25,11.5,0.625,11.9375],"texture":"#0"},"south":{"uv":[0.625,11.5,1.125,11.9375],"texture":"#0"},"west":{"uv":[0.25,11.5,0.625,11.9375],"texture":"#0"},"up":{"uv":[0.25,12.6875,0.75,13.0625],"texture":"#0"},"down":{"uv":[0.25,12.6875,0.75,13.0625],"texture":"#0"}}},{"from":[6,6,12.5],"to":[10,9.5,15.5],"rotation":{"angle":45,"axis":"x","origin":[0,15,-1]},"faces":{"north":{"uv":[0.625,11.9375,1.125,11.5],"texture":"#0"},"east":{"uv":[0.25,11.9375,0.625,11.5],"texture":"#0"},"south":{"uv":[0.625,11.9375,1.125,11.5],"texture":"#0"},"west":{"uv":[0.25,11.9375,0.625,11.5],"texture":"#0"},"up":{"uv":[0.25,13.0625,0.75,12.6875],"texture":"#0"},"down":{"uv":[0.25,13.0625,0.75,12.6875],"texture":"#0"}}},{"from":[6,9.5,12.5],"to":[10,13,15.5],"rotation":{"angle":45,"axis":"x","origin":[0,15,-1]},"faces":{"north":{"uv":[0.625,11.5,1.125,11.9375],"texture":"#0"},"east":{"uv":[0.625,11.5,0.25,11.9375],"texture":"#0"},"south":{"uv":[0.625,11.5,1.125,11.9375],"texture":"#0"},"west":{"uv":[0.625,11.5,0.25,11.9375],"texture":"#0"},"up":{"uv":[0.25,13.0625,0.75,12.6875],"texture":"#0"},"down":{"uv":[0.25,13.0625,0.75,12.6875],"texture":"#0"}}},{"from":[6.5,16,-6],"to":[7.5,24.5,-3],"rotation":{"angle":22.5,"axis":"x","origin":[0,-8,-1]},"faces":{"north":{"uv":[0.5,0.875,0.625,1.9375],"texture":"#0"},"east":{"uv":[0.375,0.875,0,1.9375],"texture":"#0"},"south":{"uv":[0.375,0.875,0.5,1.9375],"texture":"#0"},"west":{"uv":[0,0.875,0.375,1.9375],"texture":"#0"},"up":{"uv":[0.375,0.1875,0.5,0.5625],"texture":"#0"},"down":{"uv":[0.375,0.1875,0.5,0.5625],"texture":"#0"}}},{"from":[8.5,16,-6],"to":[9.5,24.5,-3],"rotation":{"angle":22.5,"axis":"x","origin":[0,-8,-1]},"faces":{"north":{"uv":[0.5,0.875,0.625,1.9375],"texture":"#0"},"east":{"uv":[0.375,0.875,0,1.9375],"texture":"#0"},"south":{"uv":[0.375,0.875,0.5,1.9375],"texture":"#0"},"west":{"uv":[0,0.875,0.375,1.9375],"texture":"#0"},"up":{"uv":[0.375,0.1875,0.5,0.5625],"texture":"#0"},"down":{"uv":[0.375,0.1875,0.5,0.5625],"texture":"#0"}}},{"from":[6.75,27,11.8],"to":[9.25,30,14.8],"rotation":{"angle":22.5,"axis":"x","origin":[8,27.5,13.5]},"faces":{"north":{"uv":[3.4375,7.9375,3.75,8.3125],"texture":"#0"},"east":{"uv":[3.0625,7.9375,3.4375,8.3125],"rotation":270,"texture":"#0"},"south":{"uv":[3.4375,7.9375,3.75,8.3125],"texture":"#0"},"west":{"uv":[3.0625,7.9375,3.4375,8.3125],"rotation":270,"texture":"#0"},"up":{"uv":[3.4375,7.9375,3.75,8.3125],"texture":"#0"},"down":{"uv":[3.4375,7.9375,3.75,8.3125],"texture":"#0"}}},{"from":[6.5,-9.5,-6],"to":[7.5,-1,-3],"rotation":{"angle":-22.5,"axis":"x","origin":[0,23,-1]},"faces":{"north":{"uv":[0.5,1.9375,0.625,0.875],"texture":"#0"},"east":{"uv":[0.375,1.9375,0,0.875],"texture":"#0"},"south":{"uv":[0.375,1.9375,0.5,0.875],"texture":"#0"},"west":{"uv":[0,1.9375,0.375,0.875],"texture":"#0"},"up":{"uv":[0.375,0.5625,0.5,0.1875],"texture":"#0"},"down":{"uv":[0.375,0.5625,0.5,0.1875],"texture":"#0"}}},{"from":[8.5,-9.5,-6],"to":[9.5,-1,-3],"rotation":{"angle":-22.5,"axis":"x","origin":[0,23,-1]},"faces":{"north":{"uv":[0.5,1.9375,0.625,0.875],"texture":"#0"},"east":{"uv":[0.375,1.9375,0,0.875],"texture":"#0"},"south":{"uv":[0.375,1.9375,0.5,0.875],"texture":"#0"},"west":{"uv":[0,1.9375,0.375,0.875],"texture":"#0"},"up":{"uv":[0.375,0.5625,0.5,0.1875],"texture":"#0"},"down":{"uv":[0.375,0.5625,0.5,0.1875],"texture":"#0"}}},{"from":[8,-8.8037,7.68003],"to":[10,-7.3037,9.18003],"rotation":{"angle":-45,"axis":"x","origin":[9,-8.3537,8.43003]},"faces":{"north":{"uv":[0.5625,3.25,0.3125,3.0625],"texture":"#0"},"east":{"uv":[0.625,3,0.4375,2.8125],"texture":"#0"},"south":{"uv":[0.5625,3.25,0.3125,3.0625],"texture":"#0"},"west":{"uv":[0.625,3,0.4375,2.8125],"texture":"#0"},"up":{"uv":[0.5625,3.25,0.3125,3.0625],"texture":"#0"},"down":{"uv":[0.5625,3.25,0.3125,3.0625],"texture":"#0"}}},{"from":[8,12,8],"to":[9.6,14,14],"rotation":{"angle":-22.5,"axis":"x","origin":[8,11,8]},"faces":{"north":{"uv":[2.125,5.5625,1.9375,5.8125],"texture":"#0"},"east":{"uv":[0.8125,6.5625,1.5625,6.8125],"texture":"#0"},"south":{"uv":[2.125,5.5625,1.9375,5.8125],"texture":"#0"},"west":{"uv":[1.5625,6.5625,0.8125,6.8125],"texture":"#0"},"up":{"uv":[1.9375,6.5625,2.125,5.8125],"texture":"#0"},"down":{"uv":[1.9375,6.5625,2.125,5.8125],"texture":"#0"}}},{"from":[6.4,12,8],"to":[8,14,14],"rotation":{"angle":-22.5,"axis":"x","origin":[8,11,8]},"faces":{"north":{"uv":[1.9375,5.5625,2.125,5.8125],"texture":"#0"},"east":{"uv":[0.8125,6.5625,1.5625,6.8125],"texture":"#0"},"south":{"uv":[1.9375,5.5625,2.125,5.8125],"texture":"#0"},"west":{"uv":[1.5625,6.5625,0.8125,6.8125],"texture":"#0"},"up":{"uv":[2.125,6.5625,1.9375,5.8125],"texture":"#0"},"down":{"uv":[2.125,6.5625,1.9375,5.8125],"texture":"#0"}}},{"from":[6.9,14,6.8],"to":[7.4,21,7.3],"rotation":{"angle":-45,"axis":"x","origin":[7.6,18,8.55]},"faces":{"north":{"uv":[1.625,5.1875,1.5625,6.0625],"texture":"#0"},"east":{"uv":[1.625,5.1875,1.5625,6.0625],"texture":"#0"},"south":{"uv":[1.625,5.1875,1.5625,6.0625],"texture":"#0"},"west":{"uv":[1.625,5.1875,1.5625,6.0625],"texture":"#0"},"up":{"uv":[0.6875,3.1875,0.625,3.25],"texture":"#0"},"down":{"uv":[0.6875,3.1875,0.625,3.25],"texture":"#0"}}},{"from":[8.6,14,6.8],"to":[9.1,21,7.3],"rotation":{"angle":-45,"axis":"x","origin":[8.4,18,8.55]},"faces":{"north":{"uv":[1.5625,5.1875,1.625,6.0625],"texture":"#0"},"east":{"uv":[1.5625,5.1875,1.625,6.0625],"texture":"#0"},"south":{"uv":[1.5625,5.1875,1.625,6.0625],"texture":"#0"},"west":{"uv":[1.5625,5.1875,1.625,6.0625],"texture":"#0"},"up":{"uv":[0.625,3.1875,0.6875,3.25],"texture":"#0"},"down":{"uv":[0.625,3.1875,0.6875,3.25],"texture":"#0"}}},{"from":[8.6,14,9.5],"to":[9.1,22,10],"rotation":{"angle":-22.5,"axis":"x","origin":[8.4,18,8.55]},"faces":{"north":{"uv":[1.5625,5.1875,1.625,6.1875],"texture":"#0"},"east":{"uv":[1.5625,5.1875,1.625,6.1875],"texture":"#0"},"south":{"uv":[1.5625,5.1875,1.625,6.1875],"texture":"#0"},"west":{"uv":[1.5625,5.1875,1.625,6.1875],"texture":"#0"},"up":{"uv":[0.625,3.1875,0.6875,3.25],"texture":"#0"},"down":{"uv":[0.625,3.1875,0.6875,3.25],"texture":"#0"}}},{"from":[6.9,14,9.5],"to":[7.4,22,10],"rotation":{"angle":-22.5,"axis":"x","origin":[7.6,18,8.55]},"faces":{"north":{"uv":[1.625,5.1875,1.5625,6.1875],"texture":"#0"},"east":{"uv":[1.625,5.1875,1.5625,6.1875],"texture":"#0"},"south":{"uv":[1.625,5.1875,1.5625,6.1875],"texture":"#0"},"west":{"uv":[1.625,5.1875,1.5625,6.1875],"texture":"#0"},"up":{"uv":[0.6875,3.1875,0.625,3.25],"texture":"#0"},"down":{"uv":[0.6875,3.1875,0.625,3.25],"texture":"#0"}}},{"from":[8.2,15,12],"to":[8.7,26,12.5],"rotation":{"angle":0,"axis":"y","origin":[8.4,18,8.55]},"faces":{"north":{"uv":[1.5625,5.1875,1.625,6.1875],"texture":"#0"},"east":{"uv":[1.5625,5.1875,1.625,6.1875],"texture":"#0"},"south":{"uv":[1.5625,5.1875,1.625,6.1875],"texture":"#0"},"west":{"uv":[1.5625,5.1875,1.625,6.1875],"texture":"#0"},"up":{"uv":[0.625,3.1875,0.6875,3.25],"texture":"#0"},"down":{"uv":[0.625,3.1875,0.6875,3.25],"texture":"#0"}}},{"from":[7.3,15,12],"to":[7.8,26,12.5],"rotation":{"angle":0,"axis":"y","origin":[7.6,18,8.55]},"faces":{"north":{"uv":[1.625,5.1875,1.5625,6.1875],"texture":"#0"},"east":{"uv":[1.625,5.1875,1.5625,6.1875],"texture":"#0"},"south":{"uv":[1.625,5.1875,1.5625,6.1875],"texture":"#0"},"west":{"uv":[1.625,5.1875,1.5625,6.1875],"texture":"#0"},"up":{"uv":[0.6875,3.1875,0.625,3.25],"texture":"#0"},"down":{"uv":[0.6875,3.1875,0.625,3.25],"texture":"#0"}}},{"from":[8.2,-11,12],"to":[8.7,1,12.5],"rotation":{"angle":0,"axis":"y","origin":[8.4,-2,8.55]},"faces":{"north":{"uv":[1.5625,6.1875,1.625,5.1875],"texture":"#0"},"east":{"uv":[1.5625,6.1875,1.625,5.1875],"texture":"#0"},"south":{"uv":[1.5625,6.1875,1.625,5.1875],"texture":"#0"},"west":{"uv":[1.5625,6.1875,1.625,5.1875],"texture":"#0"},"up":{"uv":[0.625,3.25,0.6875,3.1875],"texture":"#0"},"down":{"uv":[0.625,3.25,0.6875,3.1875],"texture":"#0"}}},{"from":[7.3,-11,12],"to":[7.8,1,12.5],"rotation":{"angle":0,"axis":"y","origin":[7.6,-2,8.55]},"faces":{"north":{"uv":[1.625,6.1875,1.5625,5.1875],"texture":"#0"},"east":{"uv":[1.625,6.1875,1.5625,5.1875],"texture":"#0"},"south":{"uv":[1.625,6.1875,1.5625,5.1875],"texture":"#0"},"west":{"uv":[1.625,6.1875,1.5625,5.1875],"texture":"#0"},"up":{"uv":[0.6875,3.25,0.625,3.1875],"texture":"#0"},"down":{"uv":[0.6875,3.25,0.625,3.1875],"texture":"#0"}}},{"from":[8.6,-6,9.5],"to":[9.1,2,10],"rotation":{"angle":22.5,"axis":"x","origin":[8.4,-2,8.55]},"faces":{"north":{"uv":[1.5625,6.1875,1.625,5.1875],"texture":"#0"},"east":{"uv":[1.5625,6.1875,1.625,5.1875],"texture":"#0"},"south":{"uv":[1.5625,6.1875,1.625,5.1875],"texture":"#0"},"west":{"uv":[1.5625,6.1875,1.625,5.1875],"texture":"#0"},"up":{"uv":[0.625,3.25,0.6875,3.1875],"texture":"#0"},"down":{"uv":[0.625,3.25,0.6875,3.1875],"texture":"#0"}}},{"from":[6.9,-6,9.5],"to":[7.4,2,10],"rotation":{"angle":22.5,"axis":"x","origin":[7.6,-2,8.55]},"faces":{"north":{"uv":[1.625,6.1875,1.5625,5.1875],"texture":"#0"},"east":{"uv":[1.625,6.1875,1.5625,5.1875],"texture":"#0"},"south":{"uv":[1.625,6.1875,1.5625,5.1875],"texture":"#0"},"west":{"uv":[1.625,6.1875,1.5625,5.1875],"texture":"#0"},"up":{"uv":[0.6875,3.25,0.625,3.1875],"texture":"#0"},"down":{"uv":[0.6875,3.25,0.625,3.1875],"texture":"#0"}}},{"from":[8.6,-5,6.8],"to":[9.1,2,7.3],"rotation":{"angle":45,"axis":"x","origin":[8.4,-2,8.55]},"faces":{"north":{"uv":[1.5625,6.0625,1.625,5.1875],"texture":"#0"},"east":{"uv":[1.5625,6.0625,1.625,5.1875],"texture":"#0"},"south":{"uv":[1.5625,6.0625,1.625,5.1875],"texture":"#0"},"west":{"uv":[1.5625,6.0625,1.625,5.1875],"texture":"#0"},"up":{"uv":[0.625,3.25,0.6875,3.1875],"texture":"#0"},"down":{"uv":[0.625,3.25,0.6875,3.1875],"texture":"#0"}}},{"from":[6.9,-5,6.8],"to":[7.4,2,7.3],"rotation":{"angle":45,"axis":"x","origin":[7.6,-2,8.55]},"faces":{"north":{"uv":[1.625,6.0625,1.5625,5.1875],"texture":"#0"},"east":{"uv":[1.625,6.0625,1.5625,5.1875],"texture":"#0"},"south":{"uv":[1.625,6.0625,1.5625,5.1875],"texture":"#0"},"west":{"uv":[1.625,6.0625,1.5625,5.1875],"texture":"#0"},"up":{"uv":[0.6875,3.25,0.625,3.1875],"texture":"#0"},"down":{"uv":[0.6875,3.25,0.625,3.1875],"texture":"#0"}}},{"from":[6.4,1,8],"to":[8,3,14],"rotation":{"angle":22.5,"axis":"x","origin":[8,4,8]},"faces":{"north":{"uv":[1.9375,5.8125,2.125,5.5625],"texture":"#0"},"east":{"uv":[0.8125,6.8125,1.5625,6.5625],"texture":"#0"},"south":{"uv":[1.9375,5.8125,2.125,5.5625],"texture":"#0"},"west":{"uv":[1.5625,6.8125,0.8125,6.5625],"texture":"#0"},"up":{"uv":[2.125,5.8125,1.9375,6.5625],"texture":"#0"},"down":{"uv":[2.125,5.8125,1.9375,6.5625],"texture":"#0"}}},{"from":[8,1,8],"to":[9.6,3,14],"rotation":{"angle":22.5,"axis":"x","origin":[8,4,8]},"faces":{"north":{"uv":[2.125,5.8125,1.9375,5.5625],"texture":"#0"},"east":{"uv":[0.8125,6.8125,1.5625,6.5625],"texture":"#0"},"south":{"uv":[2.125,5.8125,1.9375,5.5625],"texture":"#0"},"west":{"uv":[1.5625,6.8125,0.8125,6.5625],"texture":"#0"},"up":{"uv":[1.9375,5.8125,2.125,6.5625],"texture":"#0"},"down":{"uv":[1.9375,5.8125,2.125,6.5625],"texture":"#0"}}},{"from":[6.75,10,5.7],"to":[9.25,11.5,8.7],"rotation":{"angle":0,"axis":"y","origin":[0,-8,-1]},"faces":{"north":{"uv":[0.1875,3.25,0.375,3.4375],"texture":"#0"},"east":{"uv":[0,3.0625,0.3125,3.25],"texture":"#0"},"south":{"uv":[0.1875,3.25,0.375,3.4375],"texture":"#0"},"west":{"uv":[0,3.0625,0.3125,3.25],"texture":"#0"},"up":{"uv":[0,3.25,0.1875,3.5625],"texture":"#0"},"down":{"uv":[0,3.25,0.1875,3.5625],"texture":"#0"}}},{"from":[6.75,3.5,5.7],"to":[9.25,5,8.7],"rotation":{"angle":0,"axis":"y","origin":[0,-8,-1]},"faces":{"north":{"uv":[0.1875,3.25,0.375,3.4375],"texture":"#0"},"east":{"uv":[0,3.0625,0.3125,3.25],"texture":"#0"},"south":{"uv":[0.1875,3.25,0.375,3.4375],"texture":"#0"},"west":{"uv":[0,3.0625,0.3125,3.25],"texture":"#0"},"up":{"uv":[0,3.25,0.1875,3.5625],"texture":"#0"},"down":{"uv":[0,3.25,0.1875,3.5625],"texture":"#0"}}},{"from":[7.25,13.5,4.2],"to":[8.75,23,6.2],"rotation":{"angle":45,"axis":"x","origin":[8,15.25,17]},"faces":{"north":{"uv":[2.625,4.375,2.8125,5.5625],"texture":"#0"},"east":{"uv":[2.4375,4.375,2.1875,5.5625],"texture":"#0"},"south":{"uv":[2.4375,4.375,2.625,5.5625],"texture":"#0"},"west":{"uv":[2.1875,4.375,2.4375,5.5625],"texture":"#0"},"up":{"uv":[1.3125,3.625,1.5,3.875],"texture":"#0"},"down":{"uv":[1.3125,3.625,1.5,3.875],"texture":"#0"}}},{"from":[7.25,-8,4.2],"to":[8.75,1.5,6.2],"rotation":{"angle":-45,"axis":"x","origin":[8,-0.25,17]},"faces":{"north":{"uv":[2.625,5.5625,2.8125,4.375],"texture":"#0"},"east":{"uv":[2.4375,5.5625,2.1875,4.375],"texture":"#0"},"south":{"uv":[2.4375,5.5625,2.625,4.375],"texture":"#0"},"west":{"uv":[2.1875,5.5625,2.4375,4.375],"texture":"#0"},"up":{"uv":[1.3125,3.875,1.5,3.625],"texture":"#0"},"down":{"uv":[1.3125,3.875,1.5,3.625],"texture":"#0"}}},{"from":[5.8,11.75,11.55],"to":[7.8,13.25,13.05],"rotation":{"angle":-22.5,"axis":"x","origin":[8,11.75,6.75]},"faces":{"north":{"uv":[0.3125,3.0625,0.5625,3.25],"texture":"#0"},"east":{"uv":[0.4375,2.8125,0.625,3],"texture":"#0"},"south":{"uv":[0.3125,3.0625,0.5625,3.25],"texture":"#0"},"west":{"uv":[0.4375,2.8125,0.625,3],"texture":"#0"},"up":{"uv":[0.3125,3.0625,0.5625,3.25],"texture":"#0"},"down":{"uv":[0.3125,3.0625,0.5625,3.25],"texture":"#0"}}},{"from":[6.2,10.8,11.3],"to":[6.2,23.3,13.3],"rotation":{"angle":-22.5,"axis":"x","origin":[8,11.75,6.75]},"faces":{"north":{"uv":[0.3125,3.0625,0.5625,3.25],"texture":"#0"},"east":{"uv":[3.0625,4.375,2.8125,5.9375],"texture":"#0"},"south":{"uv":[0.3125,3.0625,0.5625,3.25],"texture":"#0"},"west":{"uv":[2.8125,4.375,3.0625,5.9375],"texture":"#0"},"up":{"uv":[0.3125,3.0625,0.5625,3.25],"texture":"#0"},"down":{"uv":[0.3125,3.0625,0.5625,3.25],"texture":"#0"}}},{"from":[5.8,20.75,11.55],"to":[7.8,22.25,13.05],"rotation":{"angle":-22.5,"axis":"x","origin":[8,11.75,6.75]},"faces":{"north":{"uv":[0.3125,3.0625,0.5625,3.25],"texture":"#0"},"east":{"uv":[0.4375,2.8125,0.625,3],"texture":"#0"},"south":{"uv":[0.3125,3.0625,0.5625,3.25],"texture":"#0"},"west":{"uv":[0.4375,2.8125,0.625,3],"texture":"#0"},"up":{"uv":[0.3125,3.0625,0.5625,3.25],"texture":"#0"},"down":{"uv":[0.3125,3.0625,0.5625,3.25],"texture":"#0"}}},{"from":[8.2,20.75,11.55],"to":[10.2,22.25,13.05],"rotation":{"angle":-22.5,"axis":"x","origin":[8,11.75,6.75]},"faces":{"north":{"uv":[0.5625,3.0625,0.3125,3.25],"texture":"#0"},"east":{"uv":[0.625,2.8125,0.4375,3],"texture":"#0"},"south":{"uv":[0.5625,3.0625,0.3125,3.25],"texture":"#0"},"west":{"uv":[0.625,2.8125,0.4375,3],"texture":"#0"},"up":{"uv":[0.5625,3.0625,0.3125,3.25],"texture":"#0"},"down":{"uv":[0.5625,3.0625,0.3125,3.25],"texture":"#0"}}},{"from":[9.8,10.8,11.3],"to":[9.8,23.3,13.3],"rotation":{"angle":-22.5,"axis":"x","origin":[8,11.75,6.75]},"faces":{"north":{"uv":[0.5625,3.0625,0.3125,3.25],"texture":"#0"},"east":{"uv":[3.0625,4.375,2.8125,5.9375],"texture":"#0"},"south":{"uv":[0.5625,3.0625,0.3125,3.25],"texture":"#0"},"west":{"uv":[2.8125,4.375,3.0625,5.9375],"texture":"#0"},"up":{"uv":[0.5625,3.0625,0.3125,3.25],"texture":"#0"},"down":{"uv":[0.5625,3.0625,0.3125,3.25],"texture":"#0"}}},{"from":[8.2,11.75,11.55],"to":[10.2,13.25,13.05],"rotation":{"angle":-22.5,"axis":"x","origin":[8,11.75,6.75]},"faces":{"north":{"uv":[0.5625,3.0625,0.3125,3.25],"texture":"#0"},"east":{"uv":[0.625,2.8125,0.4375,3],"texture":"#0"},"south":{"uv":[0.5625,3.0625,0.3125,3.25],"texture":"#0"},"west":{"uv":[0.625,2.8125,0.4375,3],"texture":"#0"},"up":{"uv":[0.5625,3.0625,0.3125,3.25],"texture":"#0"},"down":{"uv":[0.5625,3.0625,0.3125,3.25],"texture":"#0"}}},{"from":[6,-8.8037,7.68003],"to":[8,-7.3037,9.18003],"rotation":{"angle":-45,"axis":"x","origin":[7,-8.3537,8.43003]},"faces":{"north":{"uv":[0.3125,3.25,0.5625,3.0625],"texture":"#0"},"east":{"uv":[0.4375,3,0.625,2.8125],"texture":"#0"},"south":{"uv":[0.3125,3.25,0.5625,3.0625],"texture":"#0"},"west":{"uv":[0.4375,3,0.625,2.8125],"texture":"#0"},"up":{"uv":[0.3125,3.25,0.5625,3.0625],"texture":"#0"},"down":{"uv":[0.3125,3.25,0.5625,3.0625],"texture":"#0"}}},{"from":[7.15,26,18.5],"to":[8.85,28.5,20],"rotation":{"angle":-45,"axis":"x","origin":[8,21.75,17.75]},"faces":{"north":{"uv":[0,3.25,0.1875,3.5625],"rotation":180,"texture":"#0"},"east":{"uv":[0,3.0625,0.3125,3.25],"rotation":270,"texture":"#0"},"south":{"uv":[0,3.25,0.1875,3.5625],"texture":"#0"},"west":{"uv":[0,3.0625,0.3125,3.25],"rotation":90,"texture":"#0"},"up":{"uv":[0.1875,3.25,0.375,3.4375],"rotation":180,"texture":"#0"},"down":{"uv":[0.1875,3.25,0.375,3.4375],"texture":"#0"}}},{"from":[7.75,7.5,15.5],"to":[8.25,26.5,16],"rotation":{"angle":0,"axis":"y","origin":[0,30,15]},"faces":{"north":{"uv":[3.875,10.75,3.9375,8.375],"texture":"#0"},"east":{"uv":[3.875,10.75,3.9375,8.375],"texture":"#0"},"south":{"uv":[3.875,10.75,3.9375,8.375],"texture":"#0"},"west":{"uv":[3.875,10.75,3.9375,8.375],"texture":"#0"},"up":{"uv":[3.875,8.4375,3.9375,8.375],"texture":"#0"},"down":{"uv":[3.875,8.4375,3.9375,8.375],"texture":"#0"}}},{"from":[7.75,-11.5,15.5],"to":[8.25,7.5,16],"rotation":{"angle":0,"axis":"y","origin":[0,-15,15]},"faces":{"north":{"uv":[3.875,8.375,3.9375,10.75],"texture":"#0"},"east":{"uv":[3.875,8.375,3.9375,10.75],"texture":"#0"},"south":{"uv":[3.875,8.375,3.9375,10.75],"texture":"#0"},"west":{"uv":[3.875,8.375,3.9375,10.75],"texture":"#0"},"up":{"uv":[3.875,8.375,3.9375,8.4375],"texture":"#0"},"down":{"uv":[3.875,8.375,3.9375,8.4375],"texture":"#0"}}},{"from":[6.75,-15,11.8],"to":[9.25,-12,14.8],"rotation":{"angle":-22.5,"axis":"x","origin":[8,-12.5,13.5]},"faces":{"north":{"uv":[3.4375,8.3125,3.75,7.9375],"texture":"#0"},"east":{"uv":[3.4375,7.9375,3.0625,8.3125],"rotation":270,"texture":"#0"},"south":{"uv":[3.4375,8.3125,3.75,7.9375],"texture":"#0"},"west":{"uv":[3.4375,7.9375,3.0625,8.3125],"rotation":270,"texture":"#0"},"up":{"uv":[3.4375,8.3125,3.75,7.9375],"texture":"#0"},"down":{"uv":[3.4375,8.3125,3.75,7.9375],"texture":"#0"}}},{"from":[7.15,-13.5,18.5],"to":[8.85,-11,20],"rotation":{"angle":45,"axis":"x","origin":[8,-6.75,17.75]},"faces":{"north":{"uv":[0,3.5625,0.1875,3.25],"rotation":180,"texture":"#0"},"east":{"uv":[0.3125,3.0625,0,3.25],"rotation":270,"texture":"#0"},"south":{"uv":[0,3.5625,0.1875,3.25],"texture":"#0"},"west":{"uv":[0.3125,3.0625,0,3.25],"rotation":90,"texture":"#0"},"up":{"uv":[0.1875,3.4375,0.375,3.25],"texture":"#0"},"down":{"uv":[0.1875,3.4375,0.375,3.25],"rotation":180,"texture":"#0"}}},{"from":[0.5,9.5,5.5],"to":[6.5,15.5,5.5],"rotation":{"angle":0,"axis":"y","origin":[2.5,13.5,5.85]},"faces":{"north":{"uv":[8.9375,0.625,9.6875,1.375],"rotation":90,"texture":"#0"},"east":{"uv":[8.9375,2.4375,9.1875,3.1],"rotation":270,"texture":"#0"},"south":{"uv":[8.9375,0.625,9.6875,1.375],"rotation":270,"texture":"#0"},"west":{"uv":[8.9375,2.4375,9.6875,2.4375],"rotation":270,"texture":"#0"},"up":{"uv":[8.0625,6.125,8.725,6.25],"rotation":270,"texture":"#0"},"down":{"uv":[8.0625,6.125,8.725,6.25],"rotation":270,"texture":"#0"}}},{"from":[0.5,9.5,5.2],"to":[6.5,15.5,5.2],"rotation":{"angle":0,"axis":"y","origin":[2.5,13.5,5.85]},"faces":{"north":{"uv":[8.9375,0.625,9.6875,1.375],"rotation":90,"texture":"#0"},"east":{"uv":[8.9375,2.4375,9.1875,3.1],"rotation":270,"texture":"#0"},"south":{"uv":[8.9375,0.625,9.6875,1.375],"rotation":270,"texture":"#0"},"west":{"uv":[8.9375,2.4375,9.6875,2.4375],"rotation":270,"texture":"#0"},"up":{"uv":[8.0625,6.125,8.725,6.25],"rotation":270,"texture":"#0"},"down":{"uv":[8.0625,6.125,8.725,6.25],"rotation":270,"texture":"#0"}}}],"gui_light":"front","display":{"thirdperson_righthand":{"translation":[0,-1.5,0.25],"scale":[0.55,0.55,0.55]},"thirdperson_lefthand":{"translation":[0,-1.5,0.25],"scale":[0.55,0.55,0.55]},"firstperson_righthand":{"rotation":[12,0,0],"translation":[4,5.5,0.5],"scale":[0.32,0.32,0.32]},"firstperson_lefthand":{"rotation":[12,0,0],"translation":[4,5.5,0.5],"scale":[0.32,0.32,0.32]},"ground":{"rotation":[45,0,0],"translation":[0,10,0],"scale":[0.45,0.45,0.45]},"gui":{"rotation":[-90,135,-90],"translation":[-1.5,1.25,0],"scale":[0.42734,0.42734,0.42734]},"head":{"scale":[0,0,0]},"fixed":{"rotation":[0,-90,0],"translation":[0.25,0.5,-2.75],"scale":[1.3,1.3,1.3]}}}