{"credit":"MadewithBlockbench","texture_size":[128,128],"textures":{"0":"elitecreatures:item/zombie_apocalyptic_animated_weapon_set/zombie_texture_01","particle":"elitecreatures:item/zombie_apocalyptic_animated_weapon_set/zombie_texture_01"},"elements":[{"from":[7,-8,6.75],"to":[9,-1,9.25],"rotation":{"angle":0,"axis":"y","origin":[0,-8,0]},"faces":{"north":{"uv":[0.3125,3.5625,0.5625,4.4375],"texture":"#0"},"east":{"uv":[0.3125,3.5625,0,4.4375],"texture":"#0"},"south":{"uv":[0.5625,3.5625,0.8125,4.4375],"texture":"#0"},"west":{"uv":[0,3.5625,0.3125,4.4375],"texture":"#0"},"up":{"uv":[0.375,3.25,0.625,3.5625],"texture":"#0"},"down":{"uv":[0.375,3.25,0.625,3.5625],"texture":"#0"}}},{"from":[7.25,-9,7],"to":[8.75,2,9],"rotation":{"angle":0,"axis":"y","origin":[0,-8,0]},"faces":{"north":{"uv":[0,4.4375,0.1875,5.8125],"texture":"#0"},"east":{"uv":[0,4.5625,0.25,5.9375],"texture":"#0"},"south":{"uv":[0,4.4375,0.1875,5.8125],"texture":"#0"},"west":{"uv":[0,4.5625,0.25,5.9375],"texture":"#0"},"up":{"uv":[0.625,3.1875,0.8125,3.4375],"texture":"#0"},"down":{"uv":[0.625,3.1875,0.8125,3.4375],"texture":"#0"}}},{"from":[8,-12,7],"to":[8,-9,9],"rotation":{"angle":0,"axis":"y","origin":[0,-8,0]},"faces":{"north":{"uv":[0,4.4375,0.1875,5.8125],"texture":"#0"},"east":{"uv":[1.3125,6.125,1.0625,6.5],"texture":"#0"},"south":{"uv":[0,4.4375,0.1875,5.8125],"texture":"#0"},"west":{"uv":[1.0625,6.125,1.3125,6.5],"texture":"#0"},"up":{"uv":[0.625,3.1875,0.8125,3.4375],"texture":"#0"},"down":{"uv":[0.625,3.1875,0.8125,3.4375],"texture":"#0"}}},{"from":[8.2,-8,4.3],"to":[8.7,0,4.8],"rotation":{"angle":0,"axis":"y","origin":[0,-8,0]},"faces":{"north":{"uv":[1.5625,5.1875,1.625,6.1875],"texture":"#0"},"east":{"uv":[1.5625,5.1875,1.625,6.1875],"texture":"#0"},"south":{"uv":[1.5625,5.1875,1.625,6.1875],"texture":"#0"},"west":{"uv":[1.5625,5.1875,1.625,6.1875],"texture":"#0"},"up":{"uv":[0.625,3.1875,0.6875,3.25],"texture":"#0"},"down":{"uv":[0.625,3.1875,0.6875,3.25],"texture":"#0"}}},{"from":[7.3,-8,4.3],"to":[7.8,0,4.8],"rotation":{"angle":0,"axis":"y","origin":[16,-8,0]},"faces":{"north":{"uv":[1.625,5.1875,1.5625,6.1875],"texture":"#0"},"east":{"uv":[1.625,5.1875,1.5625,6.1875],"texture":"#0"},"south":{"uv":[1.625,5.1875,1.5625,6.1875],"texture":"#0"},"west":{"uv":[1.625,5.1875,1.5625,6.1875],"texture":"#0"},"up":{"uv":[0.6875,3.1875,0.625,3.25],"texture":"#0"},"down":{"uv":[0.6875,3.1875,0.625,3.25],"texture":"#0"}}},{"from":[7.6,-8.1,2.8],"to":[7.6,-0.7,4.3],"rotation":{"angle":0,"axis":"y","origin":[16,-8,0]},"faces":{"north":{"uv":[1.625,5.1875,1.5625,6.1875],"texture":"#0"},"east":{"uv":[2.5,2,2.6875,2.925],"texture":"#0"},"south":{"uv":[1.625,5.1875,1.5625,6.1875],"texture":"#0"},"west":{"uv":[2.6875,2,2.5,2.925],"texture":"#0"},"up":{"uv":[0.6875,3.1875,0.625,3.25],"texture":"#0"},"down":{"uv":[0.6875,3.1875,0.625,3.25],"texture":"#0"}}},{"from":[8.4,-8.1,2.8],"to":[8.4,-0.7,4.3],"rotation":{"angle":0,"axis":"y","origin":[0,-8,0]},"faces":{"north":{"uv":[1.5625,5.1875,1.625,6.1875],"texture":"#0"},"east":{"uv":[2.5,2,2.6875,2.925],"texture":"#0"},"south":{"uv":[1.5625,5.1875,1.625,6.1875],"texture":"#0"},"west":{"uv":[2.6875,2,2.5,2.925],"texture":"#0"},"up":{"uv":[0.625,3.1875,0.6875,3.25],"texture":"#0"},"down":{"uv":[0.625,3.1875,0.6875,3.25],"texture":"#0"}}},{"from":[8.2,-8.5,4.3],"to":[8.7,-8,8.3],"rotation":{"angle":0,"axis":"y","origin":[0,-8,0]},"faces":{"north":{"uv":[0.625,3.1875,0.6875,3.25],"rotation":180,"texture":"#0"},"east":{"uv":[1.5625,5.1875,1.625,5.6875],"rotation":270,"texture":"#0"},"south":{"uv":[0.625,3.1875,0.6875,3.25],"texture":"#0"},"west":{"uv":[1.5625,5.1875,1.625,5.6875],"rotation":90,"texture":"#0"},"up":{"uv":[1.5625,5.1875,1.625,5.6875],"rotation":180,"texture":"#0"},"down":{"uv":[1.5625,5.1875,1.625,5.6875],"texture":"#0"}}},{"from":[7.3,-8.5,4.3],"to":[7.8,-8,8.3],"rotation":{"angle":0,"axis":"y","origin":[16,-8,0]},"faces":{"north":{"uv":[0.6875,3.1875,0.625,3.25],"rotation":180,"texture":"#0"},"east":{"uv":[1.625,5.1875,1.5625,5.6875],"rotation":270,"texture":"#0"},"south":{"uv":[0.6875,3.1875,0.625,3.25],"texture":"#0"},"west":{"uv":[1.625,5.1875,1.5625,5.6875],"rotation":90,"texture":"#0"},"up":{"uv":[1.625,5.1875,1.5625,5.6875],"rotation":180,"texture":"#0"},"down":{"uv":[1.625,5.1875,1.5625,5.6875],"texture":"#0"}}},{"from":[6.5,-0.5,6],"to":[9.5,2.5,10],"rotation":{"angle":0,"axis":"y","origin":[0,-8,0]},"faces":{"north":{"uv":[1.25,4.8125,1.625,5.1875],"texture":"#0"},"east":{"uv":[1.1875,3.9375,1.6875,4.3125],"texture":"#0"},"south":{"uv":[1.25,4.8125,1.625,5.1875],"texture":"#0"},"west":{"uv":[1.1875,3.9375,1.6875,4.3125],"texture":"#0"},"up":{"uv":[1.25,4.3125,1.625,4.8125],"texture":"#0"},"down":{"uv":[1.25,4.3125,1.625,4.8125],"texture":"#0"}}},{"from":[8,2,4.5],"to":[8,19,11.5],"rotation":{"angle":0,"axis":"y","origin":[0,-8,0]},"faces":{"north":{"uv":[1.25,4.8125,1.625,5.1875],"texture":"#0"},"east":{"uv":[16,1.375,15.125,3.5],"texture":"#0"},"south":{"uv":[1.25,4.8125,1.625,5.1875],"texture":"#0"},"west":{"uv":[15.125,1.375,16,3.5],"texture":"#0"},"up":{"uv":[1.25,4.3125,1.625,4.8125],"texture":"#0"},"down":{"uv":[1.25,4.3125,1.625,4.8125],"texture":"#0"}}},{"from":[6,0.5,7.5],"to":[8,2,9],"rotation":{"angle":0,"axis":"y","origin":[8,11.75,7.75]},"faces":{"north":{"uv":[0.3125,3.0625,0.5625,3.25],"texture":"#0"},"east":{"uv":[0.4375,2.8125,0.625,3],"texture":"#0"},"south":{"uv":[0.3125,3.0625,0.5625,3.25],"texture":"#0"},"west":{"uv":[0.4375,2.8125,0.625,3],"texture":"#0"},"up":{"uv":[0.3125,3.0625,0.5625,3.25],"texture":"#0"},"down":{"uv":[0.3125,3.0625,0.5625,3.25],"texture":"#0"}}},{"from":[8,0.5,7.5],"to":[10,2,9],"rotation":{"angle":0,"axis":"y","origin":[8,11.75,7.75]},"faces":{"north":{"uv":[0.5625,3.0625,0.3125,3.25],"texture":"#0"},"east":{"uv":[0.625,2.8125,0.4375,3],"texture":"#0"},"south":{"uv":[0.5625,3.0625,0.3125,3.25],"texture":"#0"},"west":{"uv":[0.625,2.8125,0.4375,3],"texture":"#0"},"up":{"uv":[0.5625,3.0625,0.3125,3.25],"texture":"#0"},"down":{"uv":[0.5625,3.0625,0.3125,3.25],"texture":"#0"}}},{"from":[7,0,4.3],"to":[9,2,10.3],"rotation":{"angle":0,"axis":"y","origin":[0,-8,0]},"faces":{"north":{"uv":[1.9375,5.5625,2.1875,5.8125],"texture":"#0"},"east":{"uv":[1.5625,6.5625,0.8125,6.8125],"texture":"#0"},"south":{"uv":[1.9375,5.5625,2.1875,5.8125],"texture":"#0"},"west":{"uv":[0.8125,6.5625,1.5625,6.8125],"texture":"#0"},"up":{"uv":[1.9375,5.8125,2.1875,6.5625],"texture":"#0"},"down":{"uv":[1.9375,5.8125,2.1875,6.5625],"texture":"#0"}}},{"from":[7.25,0.2,8],"to":[8.75,1.7,11],"rotation":{"angle":0,"axis":"y","origin":[0,-1,-2]},"faces":{"north":{"uv":[6.8125,4.4375,7,4.625],"rotation":270,"texture":"#0"},"east":{"uv":[6.8125,3.25,7,3.625],"rotation":270,"texture":"#0"},"south":{"uv":[6.8125,4.4375,7,4.625],"rotation":270,"texture":"#0"},"west":{"uv":[6.8125,3.25,7,3.625],"rotation":270,"texture":"#0"},"up":{"uv":[5.8125,2.875,6.1875,3.0625],"rotation":270,"texture":"#0"},"down":{"uv":[5.8125,2.875,6.1875,3.0625],"rotation":270,"texture":"#0"}}},{"from":[7.7,2.5,6.5],"to":[7.7,11,9.5],"rotation":{"angle":0,"axis":"y","origin":[0,-8,0]},"faces":{"north":{"uv":[0.5,0,0.5,1.0625],"texture":"#0"},"east":{"uv":[3.9375,0,3.5625,1.0625],"texture":"#0"},"south":{"uv":[0.375,0,0.375,1.0625],"texture":"#0"},"west":{"uv":[3.5625,0,3.9375,1.0625],"texture":"#0"},"up":{"uv":[0.375,0.1875,0.375,0.5625],"texture":"#0"},"down":{"uv":[0.375,0.1875,0.375,0.5625],"texture":"#0"}}},{"from":[7.9,2.5,6.5],"to":[7.9,11,9.5],"rotation":{"angle":0,"axis":"y","origin":[0,-8,0]},"faces":{"north":{"uv":[0.5,0,0.5,1.0625],"texture":"#0"},"east":{"uv":[3.9375,0,3.5625,1.0625],"texture":"#0"},"south":{"uv":[0.375,0,0.375,1.0625],"texture":"#0"},"west":{"uv":[3.5625,0,3.9375,1.0625],"texture":"#0"},"up":{"uv":[0.375,0.1875,0.375,0.5625],"texture":"#0"},"down":{"uv":[0.375,0.1875,0.375,0.5625],"texture":"#0"}}},{"from":[8.3,2.5,6.5],"to":[8.3,11,9.5],"rotation":{"angle":0,"axis":"y","origin":[16,-8,0]},"faces":{"north":{"uv":[0.5,0,0.5,1.0625],"texture":"#0"},"east":{"uv":[3.9375,0,3.5625,1.0625],"texture":"#0"},"south":{"uv":[0.375,0,0.375,1.0625],"texture":"#0"},"west":{"uv":[3.5625,0,3.9375,1.0625],"texture":"#0"},"up":{"uv":[0.375,0.1875,0.375,0.5625],"texture":"#0"},"down":{"uv":[0.375,0.1875,0.375,0.5625],"texture":"#0"}}},{"from":[8.1,2.5,6.5],"to":[8.1,11,9.5],"rotation":{"angle":0,"axis":"y","origin":[16,-8,0]},"faces":{"north":{"uv":[0.5,0,0.5,1.0625],"texture":"#0"},"east":{"uv":[3.9375,0,3.5625,1.0625],"texture":"#0"},"south":{"uv":[0.375,0,0.375,1.0625],"texture":"#0"},"west":{"uv":[3.5625,0,3.9375,1.0625],"texture":"#0"},"up":{"uv":[0.375,0.1875,0.375,0.5625],"texture":"#0"},"down":{"uv":[0.375,0.1875,0.375,0.5625],"texture":"#0"}}},{"from":[6.75,-0.35,11],"to":[9.25,2.15,12.5],"rotation":{"angle":0,"axis":"y","origin":[0,-1,-2]},"faces":{"north":{"uv":[5.0625,2.1875,5.375,2.5],"rotation":270,"texture":"#0"},"east":{"uv":[5.5,3.0625,5.8125,2.875],"rotation":270,"texture":"#0"},"south":{"uv":[5.0625,2.1875,5.375,2.5],"rotation":270,"texture":"#0"},"west":{"uv":[5.5,2.875,5.8125,3.0625],"rotation":270,"texture":"#0"},"up":{"uv":[5.8125,3.0625,5.5,2.875],"rotation":180,"texture":"#0"},"down":{"uv":[5.5,2.875,5.8125,3.0625],"rotation":180,"texture":"#0"}}}],"gui_light":"front","display":{"thirdperson_righthand":{"translation":[0,5.5,1.5],"scale":[0.60781,0.60781,0.60781]},"thirdperson_lefthand":{"translation":[0,5.5,1.5],"scale":[0.60781,0.60781,0.60781]},"firstperson_righthand":{"rotation":[-5,0,0],"translation":[0.75,6.25,2.25],"scale":[0.3418,0.3418,0.3418]},"firstperson_lefthand":{"rotation":[-5,0,0],"translation":[0.75,6.25,2.25],"scale":[0.3418,0.3418,0.3418]},"ground":{"rotation":[-45,0,0],"translation":[0,9,0],"scale":[0.5,0.5,0.5]},"gui":{"rotation":[-90,-45,-90],"translation":[2.25,1.25,0],"scale":[0.56797,0.56797,0.56797]},"head":{"scale":[0,0,0]},"fixed":{"rotation":[0,-90,0],"translation":[0.25,6.5,-2.75],"scale":[1.3,1.3,1.3]}}}