{"credit":"MadewithBlockbench","texture_size":[128,128],"textures":{"0":"elitecreatures:item/zombie_apocalyptic_animated_weapon_set/zombie_texture_01","2":"elitecreatures:item/zombie_apocalyptic_animated_weapon_set/zombie_animation_02","3":"elitecreatures:item/zombie_apocalyptic_animated_weapon_set/zombie_animation_03","particle":"elitecreatures:item/zombie_apocalyptic_animated_weapon_set/zombie_texture_01"},"elements":[{"from":[7,-8,6.75],"to":[9,-1,9.25],"rotation":{"angle":0,"axis":"y","origin":[0,-8,0]},"faces":{"north":{"uv":[0.3125,3.5625,0.5625,4.4375],"texture":"#0"},"east":{"uv":[0.3125,3.5625,0,4.4375],"texture":"#0"},"south":{"uv":[0.5625,3.5625,0.8125,4.4375],"texture":"#0"},"west":{"uv":[0,3.5625,0.3125,4.4375],"texture":"#0"},"up":{"uv":[0.375,3.25,0.625,3.5625],"texture":"#0"},"down":{"uv":[0.375,3.25,0.625,3.5625],"texture":"#0"}}},{"from":[8,14,-4],"to":[8,30,-2],"faces":{"north":{"uv":[0,0,0,12],"texture":"#2"},"east":{"uv":[2,0,1,8],"texture":"#2"},"south":{"uv":[0,0,0,12],"texture":"#2"},"west":{"uv":[1,0,2,8],"texture":"#2"},"up":{"uv":[0,1,0,0],"texture":"#2"},"down":{"uv":[0,0,0,1],"texture":"#2"}}},{"from":[6.5,10.25,4.75],"to":[8.5,11.75,6.25],"rotation":{"angle":0,"axis":"y","origin":[8,11.75,7.75]},"faces":{"north":{"uv":[0.3125,3.0625,0.5625,3.25],"texture":"#0"},"east":{"uv":[0.4375,2.8125,0.625,3],"texture":"#0"},"south":{"uv":[0.3125,3.0625,0.5625,3.25],"texture":"#0"},"west":{"uv":[0.4375,2.8125,0.625,3],"texture":"#0"},"up":{"uv":[0.3125,3.0625,0.5625,3.25],"texture":"#0"},"down":{"uv":[0.3125,3.0625,0.5625,3.25],"texture":"#0"}}},{"from":[6.5,19.25,4.75],"to":[8.5,20.75,6.25],"rotation":{"angle":0,"axis":"y","origin":[8,11.75,7.75]},"faces":{"north":{"uv":[0.3125,3.0625,0.5625,3.25],"texture":"#0"},"east":{"uv":[0.4375,2.8125,0.625,3],"texture":"#0"},"south":{"uv":[0.3125,3.0625,0.5625,3.25],"texture":"#0"},"west":{"uv":[0.4375,2.8125,0.625,3],"texture":"#0"},"up":{"uv":[0.3125,3.0625,0.5625,3.25],"texture":"#0"},"down":{"uv":[0.3125,3.0625,0.5625,3.25],"texture":"#0"}}},{"from":[7.5,19.25,4.75],"to":[9.5,20.75,6.25],"rotation":{"angle":0,"axis":"y","origin":[8,11.75,7.75]},"faces":{"north":{"uv":[0.5625,3.0625,0.3125,3.25],"texture":"#0"},"east":{"uv":[0.625,2.8125,0.4375,3],"texture":"#0"},"south":{"uv":[0.5625,3.0625,0.3125,3.25],"texture":"#0"},"west":{"uv":[0.625,2.8125,0.4375,3],"texture":"#0"},"up":{"uv":[0.5625,3.0625,0.3125,3.25],"texture":"#0"},"down":{"uv":[0.5625,3.0625,0.3125,3.25],"texture":"#0"}}},{"from":[7.5,10.25,5.25],"to":[9.5,11.75,6.75],"rotation":{"angle":0,"axis":"y","origin":[8,11.75,7.75]},"faces":{"north":{"uv":[0.5625,3.0625,0.3125,3.25],"texture":"#0"},"east":{"uv":[0.625,2.8125,0.4375,3],"texture":"#0"},"south":{"uv":[0.5625,3.0625,0.3125,3.25],"texture":"#0"},"west":{"uv":[0.625,2.8125,0.4375,3],"texture":"#0"},"up":{"uv":[0.5625,3.0625,0.3125,3.25],"texture":"#0"},"down":{"uv":[0.5625,3.0625,0.3125,3.25],"texture":"#0"}}},{"from":[7.25,-9,7],"to":[8.75,2,9],"rotation":{"angle":0,"axis":"y","origin":[0,-8,0]},"faces":{"north":{"uv":[0,4.4375,0.1875,5.8125],"texture":"#0"},"east":{"uv":[0,4.5625,0.25,5.9375],"texture":"#0"},"south":{"uv":[0,4.4375,0.1875,5.8125],"texture":"#0"},"west":{"uv":[0,4.5625,0.25,5.9375],"texture":"#0"},"up":{"uv":[0.625,3.1875,0.8125,3.4375],"texture":"#0"},"down":{"uv":[0.625,3.1875,0.8125,3.4375],"texture":"#0"}}},{"from":[7.25,3,7],"to":[8.75,20,9],"rotation":{"angle":0,"axis":"y","origin":[0,-8,0]},"faces":{"north":{"uv":[2.625,4.375,2.8125,6.5],"texture":"#0"},"east":{"uv":[2.4375,4.375,2.1875,6.5],"texture":"#0"},"south":{"uv":[2.4375,4.375,2.625,6.5],"texture":"#0"},"west":{"uv":[2.1875,4.375,2.4375,6.5],"texture":"#0"},"up":{"uv":[1.3125,3.625,1.5,3.875],"texture":"#0"},"down":{"uv":[1.3125,3.625,1.5,3.875],"texture":"#0"}}},{"from":[8.6,-12,3.5],"to":[9.6,-11,4.5],"rotation":{"angle":0,"axis":"y","origin":[0,-8,0]},"faces":{"north":{"uv":[1.0625,4.3125,1.1875,4.4375],"texture":"#0"},"east":{"uv":[1.0625,4.3125,1.1875,4.4375],"texture":"#0"},"south":{"uv":[1.0625,4.3125,1.1875,4.4375],"texture":"#0"},"west":{"uv":[1.0625,4.3125,1.1875,4.4375],"texture":"#0"},"up":{"uv":[1.0625,4.3125,1.1875,4.4375],"texture":"#0"},"down":{"uv":[1.0625,4.3125,1.1875,4.4375],"texture":"#0"}}},{"from":[6.6,-12,3.5],"to":[7.6,-11,4.5],"rotation":{"angle":0,"axis":"y","origin":[0,-8,0]},"faces":{"north":{"uv":[1.0625,4.3125,1.1875,4.4375],"texture":"#0"},"east":{"uv":[1.0625,4.3125,1.1875,4.4375],"texture":"#0"},"south":{"uv":[1.0625,4.3125,1.1875,4.4375],"texture":"#0"},"west":{"uv":[1.0625,4.3125,1.1875,4.4375],"texture":"#0"},"up":{"uv":[1.0625,4.3125,1.1875,4.4375],"texture":"#0"},"down":{"uv":[1.0625,4.3125,1.1875,4.4375],"texture":"#0"}}},{"from":[6.6,-10,3.5],"to":[7.6,-9,4.5],"rotation":{"angle":0,"axis":"y","origin":[0,-8,0]},"faces":{"north":{"uv":[1.0625,4.3125,1.1875,4.4375],"texture":"#0"},"east":{"uv":[1.0625,4.3125,1.1875,4.4375],"texture":"#0"},"south":{"uv":[1.0625,4.3125,1.1875,4.4375],"texture":"#0"},"west":{"uv":[1.0625,4.3125,1.1875,4.4375],"texture":"#0"},"up":{"uv":[1.0625,4.3125,1.1875,4.4375],"texture":"#0"},"down":{"uv":[1.0625,4.3125,1.1875,4.4375],"texture":"#0"}}},{"from":[8.6,-10,3.5],"to":[9.6,-9,4.5],"rotation":{"angle":0,"axis":"y","origin":[0,-8,0]},"faces":{"north":{"uv":[1.0625,4.3125,1.1875,4.4375],"texture":"#0"},"east":{"uv":[1.0625,4.3125,1.1875,4.4375],"texture":"#0"},"south":{"uv":[1.0625,4.3125,1.1875,4.4375],"texture":"#0"},"west":{"uv":[1.0625,4.3125,1.1875,4.4375],"texture":"#0"},"up":{"uv":[1.0625,4.3125,1.1875,4.4375],"texture":"#0"},"down":{"uv":[1.0625,4.3125,1.1875,4.4375],"texture":"#0"}}},{"from":[6.75,-11.75,10],"to":[9.25,-9.25,12],"rotation":{"angle":0,"axis":"y","origin":[0,-8,16]},"faces":{"north":{"uv":[1.5625,5.1875,1.25,5.5],"texture":"#0"},"east":{"uv":[1,5.5,1.25,5.1875],"texture":"#0"},"south":{"uv":[1.5625,5.1875,1.25,5.5],"texture":"#0"},"west":{"uv":[1.25,5.1875,1,5.5],"texture":"#0"},"up":{"uv":[1,5.75,1.3125,5.5],"texture":"#0"},"down":{"uv":[1,5.5,1.3125,5.75],"texture":"#0"}}},{"from":[6.5,-12,6],"to":[9.5,-9,10],"rotation":{"angle":0,"axis":"y","origin":[0,-8,0]},"faces":{"north":{"uv":[1.25,4.8125,1.625,5.1875],"texture":"#0"},"east":{"uv":[1.1875,3.9375,1.6875,4.3125],"texture":"#0"},"south":{"uv":[1.25,4.8125,1.625,5.1875],"texture":"#0"},"west":{"uv":[1.1875,3.9375,1.6875,4.3125],"texture":"#0"},"up":{"uv":[1.25,4.3125,1.625,4.8125],"texture":"#0"},"down":{"uv":[1.25,4.3125,1.625,4.8125],"texture":"#0"}}},{"from":[6.1,-12.5,4],"to":[10.1,-8.5,6],"rotation":{"angle":0,"axis":"y","origin":[0,-8,16]},"faces":{"north":{"uv":[1,4.6875,0.5,5.1875],"texture":"#0"},"east":{"uv":[1,4.6875,1.25,5.1875],"texture":"#0"},"south":{"uv":[1,5.4375,0.5,5.9375],"texture":"#0"},"west":{"uv":[1.25,4.6875,1,5.1875],"texture":"#0"},"up":{"uv":[0.5,5.4375,1,5.1875],"texture":"#0"},"down":{"uv":[0.5,5.1875,1,5.4375],"texture":"#0"}}},{"from":[4.9,18.5,6.05],"to":[7.1,19.5,9.75],"rotation":{"angle":0,"axis":"y","origin":[0,-8,0]},"faces":{"north":{"uv":[1.0625,6,1.3125,6.125],"texture":"#0"},"east":{"uv":[1.0625,6,1.5,6.125],"texture":"#0"},"south":{"uv":[1.0625,6,1.3125,6.125],"texture":"#0"},"west":{"uv":[1.0625,6,1.5,6.125],"texture":"#0"},"up":{"uv":[1.0625,5.75,1.5,6],"rotation":270,"texture":"#0"},"down":{"uv":[1.0625,5.75,1.5,6],"rotation":90,"texture":"#0"}}},{"from":[4.9,21,6.05],"to":[7.1,22,9.75],"rotation":{"angle":0,"axis":"y","origin":[0,-8,0]},"faces":{"north":{"uv":[1.0625,6,1.3125,6.125],"texture":"#0"},"east":{"uv":[1.0625,6,1.5,6.125],"texture":"#0"},"south":{"uv":[1.0625,6,1.3125,6.125],"texture":"#0"},"west":{"uv":[1.0625,6,1.5,6.125],"texture":"#0"},"up":{"uv":[1.0625,5.75,1.5,6],"rotation":270,"texture":"#0"},"down":{"uv":[1.0625,5.75,1.5,6],"rotation":90,"texture":"#0"}}},{"from":[5,18,6.15],"to":[7,23,9.65],"rotation":{"angle":0,"axis":"y","origin":[0,-8,0]},"faces":{"north":{"uv":[1.0625,5.9375,0.8125,6.5625],"texture":"#0"},"east":{"uv":[0.375,5.9375,0.8125,6.5625],"texture":"#0"},"south":{"uv":[0.8125,5.9375,1.0625,6.5625],"texture":"#0"},"west":{"uv":[0.375,5.9375,0.8125,6.5625],"texture":"#0"},"up":{"uv":[0.375,6.5625,0.8125,6.8125],"rotation":270,"texture":"#0"},"down":{"uv":[0.375,6.5625,0.8125,6.8125],"rotation":90,"texture":"#0"}}},{"from":[5.5,22.5,6.6],"to":[6.5,23.5,7.6],"rotation":{"angle":0,"axis":"y","origin":[0,-8,0]},"faces":{"north":{"uv":[1.0625,4.3125,1.1875,4.4375],"texture":"#0"},"east":{"uv":[1.0625,4.3125,1.1875,4.4375],"texture":"#0"},"south":{"uv":[1.0625,4.3125,1.1875,4.4375],"texture":"#0"},"west":{"uv":[1.0625,4.3125,1.1875,4.4375],"texture":"#0"},"up":{"uv":[1.0625,4.3125,1.1875,4.4375],"rotation":270,"texture":"#0"},"down":{"uv":[1.0625,4.3125,1.1875,4.4375],"rotation":90,"texture":"#0"}}},{"from":[5.5,22.5,8.2],"to":[6.5,23.5,9.2],"rotation":{"angle":0,"axis":"y","origin":[0,-8,0]},"faces":{"north":{"uv":[1.0625,4.3125,1.1875,4.4375],"texture":"#0"},"east":{"uv":[1.0625,4.3125,1.1875,4.4375],"texture":"#0"},"south":{"uv":[1.0625,4.3125,1.1875,4.4375],"texture":"#0"},"west":{"uv":[1.0625,4.3125,1.1875,4.4375],"texture":"#0"},"up":{"uv":[1.0625,4.3125,1.1875,4.4375],"rotation":270,"texture":"#0"},"down":{"uv":[1.0625,4.3125,1.1875,4.4375],"rotation":90,"texture":"#0"}}},{"from":[6.2,14.5,11.2],"to":[7.2,15.5,12.2],"rotation":{"angle":0,"axis":"y","origin":[0,-8,0]},"faces":{"north":{"uv":[1.0625,4.3125,1.1875,4.4375],"texture":"#0"},"east":{"uv":[1.0625,4.3125,1.1875,4.4375],"texture":"#0"},"south":{"uv":[1.0625,4.3125,1.1875,4.4375],"texture":"#0"},"west":{"uv":[1.0625,4.3125,1.1875,4.4375],"texture":"#0"},"up":{"uv":[1.0625,4.3125,1.1875,4.4375],"rotation":270,"texture":"#0"},"down":{"uv":[1.0625,4.3125,1.1875,4.4375],"rotation":90,"texture":"#0"}}},{"from":[8.8,14.5,11.2],"to":[9.8,15.5,12.2],"rotation":{"angle":0,"axis":"y","origin":[16,-8,0]},"faces":{"north":{"uv":[1.1875,4.3125,1.0625,4.4375],"texture":"#0"},"east":{"uv":[1.1875,4.3125,1.0625,4.4375],"texture":"#0"},"south":{"uv":[1.1875,4.3125,1.0625,4.4375],"texture":"#0"},"west":{"uv":[1.1875,4.3125,1.0625,4.4375],"texture":"#0"},"up":{"uv":[1.0625,4.4375,1.1875,4.3125],"rotation":270,"texture":"#0"},"down":{"uv":[1.0625,4.4375,1.1875,4.3125],"rotation":90,"texture":"#0"}}},{"from":[6.2,18.5,10],"to":[7.2,19.5,11],"rotation":{"angle":0,"axis":"y","origin":[8,1,6]},"faces":{"north":{"uv":[1.0625,4.1875,1.1875,4.3125],"rotation":180,"texture":"#0"},"east":{"uv":[1.0625,4.1875,1.1875,4.3125],"rotation":270,"texture":"#0"},"south":{"uv":[1.0625,4.1875,1.1875,4.3125],"texture":"#0"},"west":{"uv":[1.0625,4.1875,1.1875,4.3125],"rotation":90,"texture":"#0"},"up":{"uv":[1.0625,4.1875,1.1875,4.3125],"rotation":180,"texture":"#0"},"down":{"uv":[1.0625,4.1875,1.1875,4.3125],"texture":"#0"}}},{"from":[5.7,11,9.5],"to":[7.7,19,11.5],"rotation":{"angle":0,"axis":"y","origin":[8,1,6]},"faces":{"north":{"uv":[0.25,5.6875,0.5,4.6875],"rotation":180,"texture":"#0"},"east":{"uv":[1.25,4.4375,0.25,4.6875],"rotation":270,"texture":"#0"},"south":{"uv":[0.25,4.6875,0.5,5.6875],"texture":"#0"},"west":{"uv":[0.25,4.4375,1.25,4.6875],"rotation":90,"texture":"#0"},"up":{"uv":[0.8125,4.1875,1.0625,4.4375],"rotation":180,"texture":"#0"},"down":{"uv":[0.8125,4.1875,1.0625,4.4375],"texture":"#0"}}},{"from":[6.8,23,6.6],"to":[6.8,25.5,9.6],"rotation":{"angle":0,"axis":"y","origin":[8,5,8]},"faces":{"north":{"uv":[0,0,0,7],"texture":"#3"},"east":{"uv":[0,0,6,5],"texture":"#3"},"south":{"uv":[0,0,0,7],"texture":"#3"},"west":{"uv":[0,0,6,5],"texture":"#3"},"up":{"uv":[0,4,0,0],"texture":"#3"},"down":{"uv":[0,0,0,4],"texture":"#3"}}},{"from":[8.3,11,9.5],"to":[10.3,19,11.5],"rotation":{"angle":0,"axis":"y","origin":[8,1,6]},"faces":{"north":{"uv":[0.5,5.6875,0.25,4.6875],"rotation":180,"texture":"#0"},"east":{"uv":[0.25,4.6875,1.25,4.4375],"rotation":90,"texture":"#0"},"south":{"uv":[0.5,4.6875,0.25,5.6875],"texture":"#0"},"west":{"uv":[1.25,4.6875,0.25,4.4375],"rotation":270,"texture":"#0"},"up":{"uv":[1.0625,4.1875,0.8125,4.4375],"rotation":180,"texture":"#0"},"down":{"uv":[1.0625,4.1875,0.8125,4.4375],"texture":"#0"}}},{"from":[8.8,18.5,10],"to":[9.8,19.5,11],"rotation":{"angle":0,"axis":"y","origin":[8,1,6]},"faces":{"north":{"uv":[1.1875,4.1875,1.0625,4.3125],"rotation":180,"texture":"#0"},"east":{"uv":[1.0625,4.3125,1.1875,4.1875],"rotation":90,"texture":"#0"},"south":{"uv":[1.1875,4.1875,1.0625,4.3125],"texture":"#0"},"west":{"uv":[1.0625,4.3125,1.1875,4.1875],"rotation":270,"texture":"#0"},"up":{"uv":[1.1875,4.1875,1.0625,4.3125],"rotation":180,"texture":"#0"},"down":{"uv":[1.1875,4.1875,1.0625,4.3125],"texture":"#0"}}},{"from":[6.5,0,6],"to":[9.5,3,10],"rotation":{"angle":0,"axis":"y","origin":[0,-8,0]},"faces":{"north":{"uv":[1.25,4.8125,1.625,5.1875],"texture":"#0"},"east":{"uv":[1.1875,3.9375,1.6875,4.3125],"texture":"#0"},"south":{"uv":[1.25,4.8125,1.625,5.1875],"texture":"#0"},"west":{"uv":[1.1875,3.9375,1.6875,4.3125],"texture":"#0"},"up":{"uv":[1.25,4.3125,1.625,4.8125],"texture":"#0"},"down":{"uv":[1.25,4.3125,1.625,4.8125],"texture":"#0"}}},{"from":[6.5,18,6.5],"to":[9.5,22,9.5],"rotation":{"angle":0,"axis":"y","origin":[0,-8,0]},"faces":{"north":{"uv":[1.9375,6.625,2.3125,7.125],"texture":"#0"},"east":{"uv":[1.9375,6.625,1.5625,7.125],"texture":"#0"},"south":{"uv":[1.9375,6.625,2.3125,7.125],"texture":"#0"},"west":{"uv":[1.5625,6.625,1.9375,7.125],"texture":"#0"},"up":{"uv":[1.5625,7.125,1.9375,7.5],"texture":"#0"},"down":{"uv":[1.5625,7.125,1.9375,7.5],"texture":"#0"}}},{"from":[7.8,19.5,7.2],"to":[7.8,25.5,8.7],"rotation":{"angle":0,"axis":"y","origin":[8,11.75,7.75]},"faces":{"north":{"uv":[0.3125,3.0625,0.5625,3.25],"texture":"#0"},"east":{"uv":[1.625,4.375,1.8125,5.125],"texture":"#0"},"south":{"uv":[0.3125,3.0625,0.5625,3.25],"texture":"#0"},"west":{"uv":[1.625,4.375,1.8125,5.125],"texture":"#0"},"up":{"uv":[0.3125,3.0625,0.5625,3.25],"texture":"#0"},"down":{"uv":[0.3125,3.0625,0.5625,3.25],"texture":"#0"}}},{"from":[8.2,19.5,7.2],"to":[8.2,25.5,8.7],"rotation":{"angle":0,"axis":"y","origin":[8,11.75,7.75]},"faces":{"north":{"uv":[0.5625,3.0625,0.3125,3.25],"texture":"#0"},"east":{"uv":[1.8125,4.375,1.625,5.125],"texture":"#0"},"south":{"uv":[0.5625,3.0625,0.3125,3.25],"texture":"#0"},"west":{"uv":[1.8125,4.375,1.625,5.125],"texture":"#0"},"up":{"uv":[0.5625,3.0625,0.3125,3.25],"texture":"#0"},"down":{"uv":[0.5625,3.0625,0.3125,3.25],"texture":"#0"}}},{"from":[8,14,-2],"to":[8,31,4],"rotation":{"angle":0,"axis":"y","origin":[0,-8,0]},"faces":{"north":{"uv":[0,0,0,64],"texture":"#missing"},"east":{"uv":[5.6875,0,4.9375,2.125],"texture":"#0"},"south":{"uv":[0,0,0,64],"texture":"#missing"},"west":{"uv":[4.9375,0,5.6875,2.125],"texture":"#0"},"up":{"uv":[0,0,0,36],"texture":"#missing"},"down":{"uv":[0,0,0,36],"texture":"#missing"}}},{"from":[7,10,4],"to":[9,12,10],"rotation":{"angle":0,"axis":"y","origin":[0,-8,0]},"faces":{"north":{"uv":[1.9375,5.5625,2.1875,5.8125],"texture":"#0"},"east":{"uv":[1.5625,6.5625,0.8125,6.8125],"texture":"#0"},"south":{"uv":[1.9375,5.5625,2.1875,5.8125],"texture":"#0"},"west":{"uv":[0.8125,6.5625,1.5625,6.8125],"texture":"#0"},"up":{"uv":[1.9375,5.8125,2.1875,6.5625],"texture":"#0"},"down":{"uv":[1.9375,5.8125,2.1875,6.5625],"texture":"#0"}}},{"from":[7,19,4],"to":[9,21,10],"rotation":{"angle":0,"axis":"y","origin":[0,-8,0]},"faces":{"north":{"uv":[1.9375,5.5625,2.1875,5.8125],"texture":"#0"},"east":{"uv":[1.5625,6.5625,0.8125,6.8125],"texture":"#0"},"south":{"uv":[1.9375,5.5625,2.1875,5.8125],"texture":"#0"},"west":{"uv":[0.8125,6.5625,1.5625,6.8125],"texture":"#0"},"up":{"uv":[1.9375,5.8125,2.1875,6.5625],"texture":"#0"},"down":{"uv":[1.9375,5.8125,2.1875,6.5625],"texture":"#0"}}},{"from":[6.9,9.3,4.5],"to":[6.9,21.8,6.5],"rotation":{"angle":0,"axis":"y","origin":[8,11.75,7.75]},"faces":{"north":{"uv":[0.3125,3.0625,0.5625,3.25],"texture":"#0"},"east":{"uv":[3.0625,4.375,2.8125,5.9375],"texture":"#0"},"south":{"uv":[0.3125,3.0625,0.5625,3.25],"texture":"#0"},"west":{"uv":[2.8125,4.375,3.0625,5.9375],"texture":"#0"},"up":{"uv":[0.3125,3.0625,0.5625,3.25],"texture":"#0"},"down":{"uv":[0.3125,3.0625,0.5625,3.25],"texture":"#0"}}},{"from":[9.1,9.3,4.5],"to":[9.1,21.8,6.5],"rotation":{"angle":0,"axis":"y","origin":[8,11.75,7.75]},"faces":{"north":{"uv":[0.5625,3.0625,0.3125,3.25],"texture":"#0"},"east":{"uv":[3.0625,4.375,2.8125,5.9375],"texture":"#0"},"south":{"uv":[0.5625,3.0625,0.3125,3.25],"texture":"#0"},"west":{"uv":[2.8125,4.375,3.0625,5.9375],"texture":"#0"},"up":{"uv":[0.5625,3.0625,0.3125,3.25],"texture":"#0"},"down":{"uv":[0.5625,3.0625,0.3125,3.25],"texture":"#0"}}},{"from":[7.9,19.5,-2],"to":[7.9,28.5,6],"faces":{"north":{"uv":[0,0,0,1.125],"texture":"#missing"},"east":{"uv":[4.9375,0,3.9375,1.125],"texture":"#0"},"south":{"uv":[0,0,0,1.125],"texture":"#missing"},"west":{"uv":[3.9375,0,4.9375,1.125],"texture":"#0"},"up":{"uv":[0,0,0,1],"texture":"#missing"},"down":{"uv":[0,0,0,1],"texture":"#missing"}}},{"from":[8.2,3,9.3],"to":[8.7,11,9.8],"rotation":{"angle":0,"axis":"y","origin":[0,-8,0]},"faces":{"north":{"uv":[1.5625,5.1875,1.625,6.1875],"texture":"#0"},"east":{"uv":[1.5625,5.1875,1.625,6.1875],"texture":"#0"},"south":{"uv":[1.5625,5.1875,1.625,6.1875],"texture":"#0"},"west":{"uv":[1.5625,5.1875,1.625,6.1875],"texture":"#0"},"up":{"uv":[0.625,3.1875,0.6875,3.25],"texture":"#0"},"down":{"uv":[0.625,3.1875,0.6875,3.25],"texture":"#0"}}},{"from":[7.3,3,9.3],"to":[7.8,11,9.8],"rotation":{"angle":0,"axis":"y","origin":[16,-8,0]},"faces":{"north":{"uv":[1.625,5.1875,1.5625,6.1875],"texture":"#0"},"east":{"uv":[1.625,5.1875,1.5625,6.1875],"texture":"#0"},"south":{"uv":[1.625,5.1875,1.5625,6.1875],"texture":"#0"},"west":{"uv":[1.625,5.1875,1.5625,6.1875],"texture":"#0"},"up":{"uv":[0.6875,3.1875,0.625,3.25],"texture":"#0"},"down":{"uv":[0.6875,3.1875,0.625,3.25],"texture":"#0"}}},{"from":[7.9,21.5,6],"to":[7.9,25,13],"faces":{"north":{"uv":[0,0,0,1.125],"texture":"#missing"},"east":{"uv":[4.8125,1.125,3.9375,1.5625],"texture":"#0"},"south":{"uv":[0,0,0,1.125],"texture":"#missing"},"west":{"uv":[3.9375,1.125,4.8125,1.5625],"texture":"#0"},"up":{"uv":[0,0,0,1],"texture":"#missing"},"down":{"uv":[0,0,0,1],"texture":"#missing"}}},{"from":[8.1,21.5,6],"to":[8.1,25,13],"rotation":{"angle":0,"axis":"y","origin":[16,0,0]},"faces":{"north":{"uv":[0,0,0,1.125],"texture":"#missing"},"east":{"uv":[4.8125,1.125,3.9375,1.5625],"texture":"#0"},"south":{"uv":[0,0,0,1.125],"texture":"#missing"},"west":{"uv":[3.9375,1.125,4.8125,1.5625],"texture":"#0"},"up":{"uv":[0,0,0,1],"texture":"#missing"},"down":{"uv":[0,0,0,1],"texture":"#missing"}}},{"from":[8.1,19.5,-2],"to":[8.1,28.5,6],"rotation":{"angle":0,"axis":"y","origin":[16,0,0]},"faces":{"north":{"uv":[0,0,0,1.125],"texture":"#missing"},"east":{"uv":[4.9375,0,3.9375,1.125],"texture":"#0"},"south":{"uv":[0,0,0,1.125],"texture":"#missing"},"west":{"uv":[3.9375,0,4.9375,1.125],"texture":"#0"},"up":{"uv":[0,0,0,1],"texture":"#missing"},"down":{"uv":[0,0,0,1],"texture":"#missing"}}},{"from":[7,8.7,17],"to":[7,16.7,21],"rotation":{"angle":-22.5,"axis":"x","origin":[0,0,0]},"faces":{"north":{"uv":[0,0,0,5],"texture":"#missing"},"east":{"uv":[2.25,2,1.75,1],"texture":"#0"},"south":{"uv":[0,0,0,5],"texture":"#missing"},"west":{"uv":[1.75,2,2.25,1],"texture":"#0"},"up":{"uv":[0,0,0,2],"texture":"#missing"},"down":{"uv":[0,0,0,2],"texture":"#missing"}}},{"from":[9,8.7,17],"to":[9,16.7,21],"rotation":{"angle":-22.5,"axis":"x","origin":[16,0,0]},"faces":{"north":{"uv":[0,0,0,5],"texture":"#missing"},"east":{"uv":[2.25,2,1.75,1],"texture":"#0"},"south":{"uv":[0,0,0,5],"texture":"#missing"},"west":{"uv":[1.75,2,2.25,1],"texture":"#0"},"up":{"uv":[0,0,0,2],"texture":"#missing"},"down":{"uv":[0,0,0,2],"texture":"#missing"}}},{"from":[6,22,8.8],"to":[10,26,8.8],"faces":{"north":{"uv":[2.875,1.3125,2.375,1.8125],"texture":"#0"},"east":{"uv":[0,0,0,0.5],"texture":"#missing"},"south":{"uv":[2.375,1.3125,2.875,1.8125],"texture":"#0"},"west":{"uv":[0,0,0,0.5],"texture":"#0"},"up":{"uv":[0,0,0.5,0],"texture":"#missing"},"down":{"uv":[0,0,0.5,0],"texture":"#missing"}}},{"from":[6,22,7.1],"to":[10,26,7.1],"faces":{"north":{"uv":[2.875,1.3125,2.375,1.8125],"texture":"#0"},"east":{"uv":[0,0,0,0.5],"texture":"#missing"},"south":{"uv":[2.375,1.3125,2.875,1.8125],"texture":"#0"},"west":{"uv":[0,0,0,0.5],"texture":"#0"},"up":{"uv":[0,0,0.5,0],"texture":"#missing"},"down":{"uv":[0,0,0.5,0],"texture":"#missing"}}}],"gui_light":"front","display":{"thirdperson_righthand":{"translation":[0,5.5,1.5],"scale":[0.6,0.6,0.6]},"thirdperson_lefthand":{"translation":[0,5.5,1.5],"scale":[0.6,0.6,0.6]},"firstperson_righthand":{"rotation":[4,0,0],"translation":[1.25,5,2.25],"scale":[0.30469,0.30469,0.30469]},"firstperson_lefthand":{"rotation":[4,0,0],"translation":[1.25,5,2.25],"scale":[0.30469,0.30469,0.30469]},"ground":{"rotation":[-45,0,0],"translation":[0,9,0],"scale":[0.5,0.5,0.5]},"gui":{"rotation":[-90,-45,-90],"translation":[-1.25,0,0],"scale":[0.39023,0.39023,0.39023]},"head":{"scale":[0,0,0]},"fixed":{"rotation":[0,-90,0],"translation":[0.25,5,-2.75],"scale":[1.3,1.3,1.3]}}}