{"credit":"MadewithBlockbench","texture_size":[128,128],"textures":{"0":"elitecreatures:item/zombie_apocalyptic_animated_weapon_set/zombie_texture_01","3":"elitecreatures:item/zombie_apocalyptic_animated_weapon_set/zombie_animation_03","4":"elitecreatures:item/zombie_apocalyptic_animated_weapon_set/zombie_animation_04","particle":"elitecreatures:item/zombie_apocalyptic_animated_weapon_set/zombie_texture_01"},"elements":[{"from":[7,-8,6.75],"to":[9,-1,9.25],"rotation":{"angle":0,"axis":"y","origin":[0,-8,0]},"faces":{"north":{"uv":[0.3125,3.5625,0.5625,4.4375],"texture":"#0"},"east":{"uv":[0.3125,3.5625,0,4.4375],"texture":"#0"},"south":{"uv":[0.5625,3.5625,0.8125,4.4375],"texture":"#0"},"west":{"uv":[0,3.5625,0.3125,4.4375],"texture":"#0"},"up":{"uv":[0.375,3.25,0.625,3.5625],"texture":"#0"},"down":{"uv":[0.375,3.25,0.625,3.5625],"texture":"#0"}}},{"from":[6.5,9.25,3.75],"to":[8.5,10.75,5.25],"rotation":{"angle":22.5,"axis":"x","origin":[8,11.75,7.75]},"faces":{"north":{"uv":[0.3125,3.0625,0.5625,3.25],"texture":"#0"},"east":{"uv":[0.4375,2.8125,0.625,3],"texture":"#0"},"south":{"uv":[0.3125,3.0625,0.5625,3.25],"texture":"#0"},"west":{"uv":[0.4375,2.8125,0.625,3],"texture":"#0"},"up":{"uv":[0.3125,3.0625,0.5625,3.25],"texture":"#0"},"down":{"uv":[0.3125,3.0625,0.5625,3.25],"texture":"#0"}}},{"from":[6.5,14.25,3.75],"to":[7.5,15.75,5.25],"rotation":{"angle":22.5,"axis":"x","origin":[8,11.75,7.75]},"faces":{"north":{"uv":[0.3125,3.0625,0.4375,3.25],"texture":"#0"},"east":{"uv":[0.4375,2.8125,0.625,3],"texture":"#0"},"south":{"uv":[0.3125,3.0625,0.4375,3.25],"texture":"#0"},"west":{"uv":[0.4375,2.8125,0.625,3],"texture":"#0"},"up":{"uv":[0.3125,3.0625,0.4375,3.25],"texture":"#0"},"down":{"uv":[0.3125,3.0625,0.4375,3.25],"texture":"#0"}}},{"from":[8.5,14.25,3.75],"to":[9.5,15.75,5.25],"rotation":{"angle":22.5,"axis":"x","origin":[8,11.75,7.75]},"faces":{"north":{"uv":[0.4375,3.0625,0.3125,3.25],"texture":"#0"},"east":{"uv":[0.625,2.8125,0.4375,3],"texture":"#0"},"south":{"uv":[0.4375,3.0625,0.3125,3.25],"texture":"#0"},"west":{"uv":[0.625,2.8125,0.4375,3],"texture":"#0"},"up":{"uv":[0.4375,3.0625,0.3125,3.25],"texture":"#0"},"down":{"uv":[0.4375,3.0625,0.3125,3.25],"texture":"#0"}}},{"from":[7.5,9.25,3.75],"to":[9.5,10.75,5.25],"rotation":{"angle":22.5,"axis":"x","origin":[8,11.75,7.75]},"faces":{"north":{"uv":[0.5625,3.0625,0.3125,3.25],"texture":"#0"},"east":{"uv":[0.625,2.8125,0.4375,3],"texture":"#0"},"south":{"uv":[0.5625,3.0625,0.3125,3.25],"texture":"#0"},"west":{"uv":[0.625,2.8125,0.4375,3],"texture":"#0"},"up":{"uv":[0.5625,3.0625,0.3125,3.25],"texture":"#0"},"down":{"uv":[0.5625,3.0625,0.3125,3.25],"texture":"#0"}}},{"from":[7.25,-9,7],"to":[8.75,2,9],"rotation":{"angle":0,"axis":"y","origin":[0,-8,0]},"faces":{"north":{"uv":[0,4.4375,0.1875,5.8125],"texture":"#0"},"east":{"uv":[0,4.5625,0.25,5.9375],"texture":"#0"},"south":{"uv":[0,4.4375,0.1875,5.8125],"texture":"#0"},"west":{"uv":[0,4.5625,0.25,5.9375],"texture":"#0"},"up":{"uv":[0.625,3.1875,0.8125,3.4375],"texture":"#0"},"down":{"uv":[0.625,3.1875,0.8125,3.4375],"texture":"#0"}}},{"from":[7.25,3,7],"to":[8.75,11,9],"rotation":{"angle":0,"axis":"y","origin":[0,-8,0]},"faces":{"north":{"uv":[2.625,5.5,2.8125,6.5],"texture":"#0"},"east":{"uv":[2.4375,5.5,2.1875,6.5],"texture":"#0"},"south":{"uv":[2.4375,5.5,2.625,6.5],"texture":"#0"},"west":{"uv":[2.1875,5.5,2.4375,6.5],"texture":"#0"},"up":{"uv":[1.3125,3.625,1.5,3.875],"texture":"#0"},"down":{"uv":[1.3125,3.625,1.5,3.875],"texture":"#0"}}},{"from":[7.25,12,7],"to":[8.75,20,9],"rotation":{"angle":0,"axis":"y","origin":[0,-8,0]},"faces":{"north":{"uv":[2.625,5.5,2.8125,6.5],"texture":"#0"},"east":{"uv":[2.4375,5.5,2.1875,6.5],"texture":"#0"},"south":{"uv":[2.4375,5.5,2.625,6.5],"texture":"#0"},"west":{"uv":[2.1875,5.5,2.4375,6.5],"texture":"#0"},"up":{"uv":[1.3125,3.625,1.5,3.875],"texture":"#0"},"down":{"uv":[1.3125,3.625,1.5,3.875],"texture":"#0"}}},{"from":[8.6,-12,3.5],"to":[9.6,-11,4.5],"rotation":{"angle":0,"axis":"y","origin":[0,-8,0]},"faces":{"north":{"uv":[1.0625,4.3125,1.1875,4.4375],"texture":"#0"},"east":{"uv":[1.0625,4.3125,1.1875,4.4375],"texture":"#0"},"south":{"uv":[1.0625,4.3125,1.1875,4.4375],"texture":"#0"},"west":{"uv":[1.0625,4.3125,1.1875,4.4375],"texture":"#0"},"up":{"uv":[1.0625,4.3125,1.1875,4.4375],"texture":"#0"},"down":{"uv":[1.0625,4.3125,1.1875,4.4375],"texture":"#0"}}},{"from":[6.6,-12,3.5],"to":[7.6,-11,4.5],"rotation":{"angle":0,"axis":"y","origin":[0,-8,0]},"faces":{"north":{"uv":[1.0625,4.3125,1.1875,4.4375],"texture":"#0"},"east":{"uv":[1.0625,4.3125,1.1875,4.4375],"texture":"#0"},"south":{"uv":[1.0625,4.3125,1.1875,4.4375],"texture":"#0"},"west":{"uv":[1.0625,4.3125,1.1875,4.4375],"texture":"#0"},"up":{"uv":[1.0625,4.3125,1.1875,4.4375],"texture":"#0"},"down":{"uv":[1.0625,4.3125,1.1875,4.4375],"texture":"#0"}}},{"from":[6.6,-10,3.5],"to":[7.6,-9,4.5],"rotation":{"angle":0,"axis":"y","origin":[0,-8,0]},"faces":{"north":{"uv":[1.0625,4.3125,1.1875,4.4375],"texture":"#0"},"east":{"uv":[1.0625,4.3125,1.1875,4.4375],"texture":"#0"},"south":{"uv":[1.0625,4.3125,1.1875,4.4375],"texture":"#0"},"west":{"uv":[1.0625,4.3125,1.1875,4.4375],"texture":"#0"},"up":{"uv":[1.0625,4.3125,1.1875,4.4375],"texture":"#0"},"down":{"uv":[1.0625,4.3125,1.1875,4.4375],"texture":"#0"}}},{"from":[8.6,-10,3.5],"to":[9.6,-9,4.5],"rotation":{"angle":0,"axis":"y","origin":[0,-8,0]},"faces":{"north":{"uv":[1.0625,4.3125,1.1875,4.4375],"texture":"#0"},"east":{"uv":[1.0625,4.3125,1.1875,4.4375],"texture":"#0"},"south":{"uv":[1.0625,4.3125,1.1875,4.4375],"texture":"#0"},"west":{"uv":[1.0625,4.3125,1.1875,4.4375],"texture":"#0"},"up":{"uv":[1.0625,4.3125,1.1875,4.4375],"texture":"#0"},"down":{"uv":[1.0625,4.3125,1.1875,4.4375],"texture":"#0"}}},{"from":[6.75,-11.75,10],"to":[9.25,-9.25,12],"rotation":{"angle":0,"axis":"y","origin":[0,-8,16]},"faces":{"north":{"uv":[1.5625,5.1875,1.25,5.5],"texture":"#0"},"east":{"uv":[1,5.5,1.25,5.1875],"texture":"#0"},"south":{"uv":[1.5625,5.1875,1.25,5.5],"texture":"#0"},"west":{"uv":[1.25,5.1875,1,5.5],"texture":"#0"},"up":{"uv":[1,5.75,1.3125,5.5],"texture":"#0"},"down":{"uv":[1,5.5,1.3125,5.75],"texture":"#0"}}},{"from":[6.5,-12,6],"to":[9.5,-9,10],"rotation":{"angle":0,"axis":"y","origin":[0,-8,0]},"faces":{"north":{"uv":[1.25,4.8125,1.625,5.1875],"texture":"#0"},"east":{"uv":[1.1875,3.9375,1.6875,4.3125],"texture":"#0"},"south":{"uv":[1.25,4.8125,1.625,5.1875],"texture":"#0"},"west":{"uv":[1.1875,3.9375,1.6875,4.3125],"texture":"#0"},"up":{"uv":[1.25,4.3125,1.625,4.8125],"texture":"#0"},"down":{"uv":[1.25,4.3125,1.625,4.8125],"texture":"#0"}}},{"from":[6.1,-12.5,4],"to":[10.1,-8.5,6],"rotation":{"angle":0,"axis":"y","origin":[0,-8,16]},"faces":{"north":{"uv":[1,4.6875,0.5,5.1875],"texture":"#0"},"east":{"uv":[1,4.6875,1.25,5.1875],"texture":"#0"},"south":{"uv":[1,5.4375,0.5,5.9375],"texture":"#0"},"west":{"uv":[1.25,4.6875,1,5.1875],"texture":"#0"},"up":{"uv":[0.5,5.4375,1,5.1875],"texture":"#0"},"down":{"uv":[0.5,5.1875,1,5.4375],"texture":"#0"}}},{"from":[3.5,21,-1],"to":[12.5,31,4],"rotation":{"angle":0,"axis":"y","origin":[0,-8,16]},"faces":{"north":{"uv":[5.0625,5.5,3.9375,6.75],"texture":"#0"},"east":{"uv":[3.9375,3,4.5625,4.25],"texture":"#0"},"south":{"uv":[5.0625,4.25,3.9375,5.5],"texture":"#0"},"west":{"uv":[4.5625,3,3.9375,4.25],"texture":"#0"},"up":{"uv":[1.9375,7.8125,3.0625,7.1875],"texture":"#0"},"down":{"uv":[1.9375,7.1875,3.0625,7.8125],"texture":"#0"}}},{"from":[5.75,27,-4.5],"to":[5.75,30.5,-0.5],"rotation":{"angle":-45,"axis":"z","origin":[5.75,28.75,-2]},"faces":{"north":{"uv":[3.9375,5.5,3.9375,5.9375],"texture":"#0"},"east":{"uv":[4.4375,1.5625,3.9375,2],"texture":"#0"},"south":{"uv":[5.0625,4.25,3.9375,5.5],"texture":"#0"},"west":{"uv":[3.9375,1.5625,4.4375,2],"texture":"#0"},"up":{"uv":[1.9375,7.8125,3.0625,7.1875],"texture":"#0"},"down":{"uv":[1.9375,7.1875,3.0625,7.8125],"texture":"#0"}}},{"from":[5.75,27,-4.5],"to":[5.75,30.5,-0.5],"rotation":{"angle":45,"axis":"z","origin":[5.75,28.75,-2]},"faces":{"north":{"uv":[3.9375,5.5,3.9375,5.9375],"texture":"#0"},"east":{"uv":[4.4375,1.5625,3.9375,2],"texture":"#0"},"south":{"uv":[5.0625,4.25,3.9375,5.5],"texture":"#0"},"west":{"uv":[3.9375,1.5625,4.4375,2],"texture":"#0"},"up":{"uv":[1.9375,7.8125,3.0625,7.1875],"texture":"#0"},"down":{"uv":[1.9375,7.1875,3.0625,7.8125],"texture":"#0"}}},{"from":[10.25,27,-4.5],"to":[10.25,30.5,-0.5],"rotation":{"angle":45,"axis":"z","origin":[10.25,28.75,-2]},"faces":{"north":{"uv":[3.9375,5.5,3.9375,5.9375],"texture":"#0"},"east":{"uv":[4.4375,1.5625,3.9375,2],"texture":"#0"},"south":{"uv":[3.9375,4.25,5.0625,5.5],"texture":"#0"},"west":{"uv":[3.9375,1.5625,4.4375,2],"texture":"#0"},"up":{"uv":[3.0625,7.8125,1.9375,7.1875],"texture":"#0"},"down":{"uv":[3.0625,7.1875,1.9375,7.8125],"texture":"#0"}}},{"from":[10.25,27,-4.5],"to":[10.25,30.5,-0.5],"rotation":{"angle":-45,"axis":"z","origin":[10.25,28.75,-2]},"faces":{"north":{"uv":[3.9375,5.5,3.9375,5.9375],"texture":"#0"},"east":{"uv":[4.4375,1.5625,3.9375,2],"texture":"#0"},"south":{"uv":[3.9375,4.25,5.0625,5.5],"texture":"#0"},"west":{"uv":[3.9375,1.5625,4.4375,2],"texture":"#0"},"up":{"uv":[3.0625,7.8125,1.9375,7.1875],"texture":"#0"},"down":{"uv":[3.0625,7.1875,1.9375,7.8125],"texture":"#0"}}},{"from":[10.25,21.5,-4.5],"to":[10.25,25,-0.5],"rotation":{"angle":45,"axis":"z","origin":[10.25,23.25,-2]},"faces":{"north":{"uv":[3.9375,5.5,3.9375,5.9375],"texture":"#0"},"east":{"uv":[4.4375,1.5625,3.9375,2],"texture":"#0"},"south":{"uv":[3.9375,4.25,5.0625,5.5],"texture":"#0"},"west":{"uv":[3.9375,1.5625,4.4375,2],"texture":"#0"},"up":{"uv":[3.0625,7.8125,1.9375,7.1875],"texture":"#0"},"down":{"uv":[3.0625,7.1875,1.9375,7.8125],"texture":"#0"}}},{"from":[10.25,21.5,-4.5],"to":[10.25,25,-0.5],"rotation":{"angle":-45,"axis":"z","origin":[10.25,23.25,-2]},"faces":{"north":{"uv":[3.9375,5.5,3.9375,5.9375],"texture":"#0"},"east":{"uv":[4.4375,1.5625,3.9375,2],"texture":"#0"},"south":{"uv":[3.9375,4.25,5.0625,5.5],"texture":"#0"},"west":{"uv":[3.9375,1.5625,4.4375,2],"texture":"#0"},"up":{"uv":[3.0625,7.8125,1.9375,7.1875],"texture":"#0"},"down":{"uv":[3.0625,7.1875,1.9375,7.8125],"texture":"#0"}}},{"from":[5.75,21.5,-4.5],"to":[5.75,25,-0.5],"rotation":{"angle":45,"axis":"z","origin":[5.75,23.25,-2]},"faces":{"north":{"uv":[3.9375,5.5,3.9375,5.9375],"texture":"#0"},"east":{"uv":[4.4375,1.5625,3.9375,2],"texture":"#0"},"south":{"uv":[5.0625,4.25,3.9375,5.5],"texture":"#0"},"west":{"uv":[3.9375,1.5625,4.4375,2],"texture":"#0"},"up":{"uv":[1.9375,7.8125,3.0625,7.1875],"texture":"#0"},"down":{"uv":[1.9375,7.1875,3.0625,7.8125],"texture":"#0"}}},{"from":[5.75,21.5,-4.5],"to":[5.75,25,-0.5],"rotation":{"angle":-45,"axis":"z","origin":[5.75,23.25,-2]},"faces":{"north":{"uv":[3.9375,5.5,3.9375,5.9375],"texture":"#0"},"east":{"uv":[4.4375,1.5625,3.9375,2],"texture":"#0"},"south":{"uv":[5.0625,4.25,3.9375,5.5],"texture":"#0"},"west":{"uv":[3.9375,1.5625,4.4375,2],"texture":"#0"},"up":{"uv":[1.9375,7.8125,3.0625,7.1875],"texture":"#0"},"down":{"uv":[1.9375,7.1875,3.0625,7.8125],"texture":"#0"}}},{"from":[4.5,22,4],"to":[11.5,30,12],"rotation":{"angle":0,"axis":"y","origin":[0,-8,0]},"faces":{"north":{"uv":[3.0625,5,3.9375,6],"texture":"#0"},"east":{"uv":[2.9375,3,3.9375,4],"texture":"#0"},"south":{"uv":[3.0625,5,3.9375,6],"texture":"#0"},"west":{"uv":[2.9375,3,3.9375,4],"texture":"#0"},"up":{"uv":[3.0625,4,3.9375,5],"texture":"#0"},"down":{"uv":[3.0625,4,3.9375,5],"texture":"#0"}}},{"from":[5.75,23.25,12],"to":[10.25,28.75,16],"rotation":{"angle":0,"axis":"y","origin":[0,-8,16]},"faces":{"north":{"uv":[3.875,6,3.3125,6.6875],"texture":"#0"},"east":{"uv":[2.8125,6,3.3125,6.6875],"texture":"#0"},"south":{"uv":[3.875,6,3.3125,6.6875],"texture":"#0"},"west":{"uv":[3.3125,6,2.8125,6.6875],"texture":"#0"},"up":{"uv":[2.8125,7.1875,3.375,6.6875],"texture":"#0"},"down":{"uv":[2.8125,6.6875,3.375,7.1875],"texture":"#0"}}},{"from":[6.2,14.5,11.2],"to":[7.2,15.5,12.2],"rotation":{"angle":0,"axis":"y","origin":[0,-8,0]},"faces":{"north":{"uv":[1.0625,4.3125,1.1875,4.4375],"texture":"#0"},"east":{"uv":[1.0625,4.3125,1.1875,4.4375],"texture":"#0"},"south":{"uv":[1.0625,4.3125,1.1875,4.4375],"texture":"#0"},"west":{"uv":[1.0625,4.3125,1.1875,4.4375],"texture":"#0"},"up":{"uv":[1.0625,4.3125,1.1875,4.4375],"rotation":270,"texture":"#0"},"down":{"uv":[1.0625,4.3125,1.1875,4.4375],"rotation":90,"texture":"#0"}}},{"from":[7.1,16,6.8],"to":[7.1,22,8.3],"rotation":{"angle":-22.5,"axis":"x","origin":[8,11.75,7.75]},"faces":{"north":{"uv":[0.3125,3.0625,0.5625,3.25],"texture":"#0"},"east":{"uv":[1.625,4.375,1.8125,5.125],"texture":"#0"},"south":{"uv":[0.3125,3.0625,0.5625,3.25],"texture":"#0"},"west":{"uv":[1.625,4.375,1.8125,5.125],"texture":"#0"},"up":{"uv":[0.3125,3.0625,0.5625,3.25],"texture":"#0"},"down":{"uv":[0.3125,3.0625,0.5625,3.25],"texture":"#0"}}},{"from":[8.9,16,6.8],"to":[8.9,22,8.3],"rotation":{"angle":-22.5,"axis":"x","origin":[8,11.75,7.75]},"faces":{"north":{"uv":[0.5625,3.0625,0.3125,3.25],"texture":"#0"},"east":{"uv":[1.8125,4.375,1.625,5.125],"texture":"#0"},"south":{"uv":[0.5625,3.0625,0.3125,3.25],"texture":"#0"},"west":{"uv":[1.8125,4.375,1.625,5.125],"texture":"#0"},"up":{"uv":[0.5625,3.0625,0.3125,3.25],"texture":"#0"},"down":{"uv":[0.5625,3.0625,0.3125,3.25],"texture":"#0"}}},{"from":[8.8,14.5,11.2],"to":[9.8,15.5,12.2],"rotation":{"angle":0,"axis":"y","origin":[16,-8,0]},"faces":{"north":{"uv":[1.1875,4.3125,1.0625,4.4375],"texture":"#0"},"east":{"uv":[1.1875,4.3125,1.0625,4.4375],"texture":"#0"},"south":{"uv":[1.1875,4.3125,1.0625,4.4375],"texture":"#0"},"west":{"uv":[1.1875,4.3125,1.0625,4.4375],"texture":"#0"},"up":{"uv":[1.0625,4.4375,1.1875,4.3125],"rotation":270,"texture":"#0"},"down":{"uv":[1.0625,4.4375,1.1875,4.3125],"rotation":90,"texture":"#0"}}},{"from":[2.9,24.5,7.45],"to":[5.1,25.5,11.15],"rotation":{"angle":0,"axis":"y","origin":[0,-8,0]},"faces":{"north":{"uv":[1.0625,6,1.3125,6.125],"texture":"#0"},"east":{"uv":[1.0625,6,1.5,6.125],"texture":"#0"},"south":{"uv":[1.0625,6,1.3125,6.125],"texture":"#0"},"west":{"uv":[1.0625,6,1.5,6.125],"texture":"#0"},"up":{"uv":[1.0625,5.75,1.5,6],"rotation":270,"texture":"#0"},"down":{"uv":[1.0625,5.75,1.5,6],"rotation":90,"texture":"#0"}}},{"from":[2.9,27,7.45],"to":[5.1,28,11.15],"rotation":{"angle":0,"axis":"y","origin":[0,-8,0]},"faces":{"north":{"uv":[1.0625,6,1.3125,6.125],"texture":"#0"},"east":{"uv":[1.0625,6,1.5,6.125],"texture":"#0"},"south":{"uv":[1.0625,6,1.3125,6.125],"texture":"#0"},"west":{"uv":[1.0625,6,1.5,6.125],"texture":"#0"},"up":{"uv":[1.0625,5.75,1.5,6],"rotation":270,"texture":"#0"},"down":{"uv":[1.0625,5.75,1.5,6],"rotation":90,"texture":"#0"}}},{"from":[3,24,7.55],"to":[5,29,11.05],"rotation":{"angle":0,"axis":"y","origin":[0,-8,0]},"faces":{"north":{"uv":[1.0625,5.9375,0.8125,6.5625],"texture":"#0"},"east":{"uv":[0.375,5.9375,0.8125,6.5625],"texture":"#0"},"south":{"uv":[0.8125,5.9375,1.0625,6.5625],"texture":"#0"},"west":{"uv":[0.375,5.9375,0.8125,6.5625],"texture":"#0"},"up":{"uv":[0.375,6.5625,0.8125,6.8125],"rotation":270,"texture":"#0"},"down":{"uv":[0.375,6.5625,0.8125,6.8125],"rotation":90,"texture":"#0"}}},{"from":[3.5,28.5,9.6],"to":[4.5,29.5,10.6],"rotation":{"angle":0,"axis":"y","origin":[0,-8,0]},"faces":{"north":{"uv":[1.0625,4.3125,1.1875,4.4375],"texture":"#0"},"east":{"uv":[1.0625,4.3125,1.1875,4.4375],"texture":"#0"},"south":{"uv":[1.0625,4.3125,1.1875,4.4375],"texture":"#0"},"west":{"uv":[1.0625,4.3125,1.1875,4.4375],"texture":"#0"},"up":{"uv":[1.0625,4.3125,1.1875,4.4375],"rotation":270,"texture":"#0"},"down":{"uv":[1.0625,4.3125,1.1875,4.4375],"rotation":90,"texture":"#0"}}},{"from":[3.5,28.5,8],"to":[4.5,29.5,9],"rotation":{"angle":0,"axis":"y","origin":[0,-8,0]},"faces":{"north":{"uv":[1.0625,4.3125,1.1875,4.4375],"texture":"#0"},"east":{"uv":[1.0625,4.3125,1.1875,4.4375],"texture":"#0"},"south":{"uv":[1.0625,4.3125,1.1875,4.4375],"texture":"#0"},"west":{"uv":[1.0625,4.3125,1.1875,4.4375],"texture":"#0"},"up":{"uv":[1.0625,4.3125,1.1875,4.4375],"rotation":270,"texture":"#0"},"down":{"uv":[1.0625,4.3125,1.1875,4.4375],"rotation":90,"texture":"#0"}}},{"from":[3.7,28,10.2],"to":[7.7,32,10.2],"faces":{"north":{"uv":[2.875,1.3125,2.375,1.8125],"texture":"#0"},"east":{"uv":[0,0,0,4],"texture":"#missing"},"south":{"uv":[2.375,1.3125,2.875,1.8125],"texture":"#0"},"west":{"uv":[0,0,0,0.5],"texture":"#0"},"up":{"uv":[0,0,4,0],"texture":"#missing"},"down":{"uv":[0,0,4,0],"texture":"#missing"}}},{"from":[3.7,28,8.5],"to":[7.7,32,8.5],"faces":{"north":{"uv":[2.875,1.3125,2.375,1.8125],"texture":"#0"},"east":{"uv":[0,0,0,4],"texture":"#missing"},"south":{"uv":[2.375,1.3125,2.875,1.8125],"texture":"#0"},"west":{"uv":[0,0,0,0.5],"texture":"#0"},"up":{"uv":[0,0,4,0],"texture":"#missing"},"down":{"uv":[0,0,4,0],"texture":"#missing"}}},{"from":[3.7,21,8.5],"to":[7.7,25,8.5],"rotation":{"angle":0,"axis":"y","origin":[0,16,0]},"faces":{"north":{"uv":[2.875,1.8125,2.375,1.3125],"texture":"#0"},"east":{"uv":[0,4,0,0],"texture":"#missing"},"south":{"uv":[2.375,1.8125,2.875,1.3125],"texture":"#0"},"west":{"uv":[0,0.5,0,0],"texture":"#0"},"up":{"uv":[0,0,4,0],"texture":"#missing"},"down":{"uv":[0,0,4,0],"texture":"#missing"}}},{"from":[3.7,21,10.2],"to":[7.7,25,10.2],"rotation":{"angle":0,"axis":"y","origin":[0,16,0]},"faces":{"north":{"uv":[2.875,1.8125,2.375,1.3125],"texture":"#0"},"east":{"uv":[0,4,0,0],"texture":"#missing"},"south":{"uv":[2.375,1.8125,2.875,1.3125],"texture":"#0"},"west":{"uv":[0,0.5,0,0],"texture":"#0"},"up":{"uv":[0,0,4,0],"texture":"#missing"},"down":{"uv":[0,0,4,0],"texture":"#missing"}}},{"from":[6.2,29.5,13.5],"to":[7.2,30.5,14.5],"rotation":{"angle":0,"axis":"y","origin":[8,1,6]},"faces":{"north":{"uv":[1.0625,4.1875,1.1875,4.3125],"rotation":180,"texture":"#0"},"east":{"uv":[1.0625,4.1875,1.1875,4.3125],"rotation":180,"texture":"#0"},"south":{"uv":[1.0625,4.1875,1.1875,4.3125],"rotation":180,"texture":"#0"},"west":{"uv":[1.0625,4.1875,1.1875,4.3125],"rotation":180,"texture":"#0"},"up":{"uv":[1.0625,4.1875,1.1875,4.3125],"texture":"#0"},"down":{"uv":[1.0625,4.1875,1.1875,4.3125],"texture":"#0"}}},{"from":[5.7,29,6],"to":[7.7,31,14],"rotation":{"angle":0,"axis":"y","origin":[8,1,6]},"faces":{"north":{"uv":[0.8125,4.1875,1.0625,4.4375],"rotation":180,"texture":"#0"},"east":{"uv":[1.25,4.4375,0.25,4.6875],"rotation":180,"texture":"#0"},"south":{"uv":[0.8125,4.1875,1.0625,4.4375],"rotation":180,"texture":"#0"},"west":{"uv":[0.25,4.4375,1.25,4.6875],"rotation":180,"texture":"#0"},"up":{"uv":[0.25,5.6875,0.5,4.6875],"texture":"#0"},"down":{"uv":[0.25,4.6875,0.5,5.6875],"texture":"#0"}}},{"from":[8.8,29.5,13.5],"to":[9.8,30.5,14.5],"rotation":{"angle":0,"axis":"y","origin":[8,1,6]},"faces":{"north":{"uv":[1.1875,4.1875,1.0625,4.3125],"rotation":180,"texture":"#0"},"east":{"uv":[1.1875,4.1875,1.0625,4.3125],"rotation":180,"texture":"#0"},"south":{"uv":[1.1875,4.1875,1.0625,4.3125],"rotation":180,"texture":"#0"},"west":{"uv":[1.1875,4.1875,1.0625,4.3125],"rotation":180,"texture":"#0"},"up":{"uv":[1.1875,4.1875,1.0625,4.3125],"texture":"#0"},"down":{"uv":[1.1875,4.1875,1.0625,4.3125],"texture":"#0"}}},{"from":[8.3,29,6],"to":[10.3,31,14],"rotation":{"angle":0,"axis":"y","origin":[8,1,6]},"faces":{"north":{"uv":[1.0625,4.1875,0.8125,4.4375],"rotation":180,"texture":"#0"},"east":{"uv":[1.25,4.4375,0.25,4.6875],"rotation":180,"texture":"#0"},"south":{"uv":[1.0625,4.1875,0.8125,4.4375],"rotation":180,"texture":"#0"},"west":{"uv":[0.25,4.4375,1.25,4.6875],"rotation":180,"texture":"#0"},"up":{"uv":[0.5,5.6875,0.25,4.6875],"texture":"#0"},"down":{"uv":[0.5,4.6875,0.25,5.6875],"texture":"#0"}}},{"from":[8.8,18.5,10],"to":[9.8,19.5,11],"rotation":{"angle":0,"axis":"y","origin":[8,1,6]},"faces":{"north":{"uv":[1.1875,4.1875,1.0625,4.3125],"rotation":180,"texture":"#0"},"east":{"uv":[1.0625,4.3125,1.1875,4.1875],"rotation":90,"texture":"#0"},"south":{"uv":[1.1875,4.1875,1.0625,4.3125],"texture":"#0"},"west":{"uv":[1.0625,4.3125,1.1875,4.1875],"rotation":270,"texture":"#0"},"up":{"uv":[1.1875,4.1875,1.0625,4.3125],"rotation":180,"texture":"#0"},"down":{"uv":[1.1875,4.1875,1.0625,4.3125],"texture":"#0"}}},{"from":[5.3,19.5,13],"to":[6.3,20.5,14],"rotation":{"angle":22.5,"axis":"x","origin":[8,18.625,10.75]},"faces":{"north":{"uv":[0,0,0.125,0.125],"texture":"#0"},"east":{"uv":[0,0,0.125,0.125],"texture":"#0"},"south":{"uv":[0,0,0.125,0.125],"texture":"#0"},"west":{"uv":[0,0,0.125,0.125],"texture":"#0"},"up":{"uv":[0,0,0.125,0.125],"texture":"#0"},"down":{"uv":[0,0,0.125,0.125],"texture":"#0"}}},{"from":[6.5,0,6],"to":[9.5,3,10],"rotation":{"angle":0,"axis":"y","origin":[0,-8,0]},"faces":{"north":{"uv":[1.25,4.8125,1.625,5.1875],"texture":"#0"},"east":{"uv":[1.1875,3.9375,1.6875,4.3125],"texture":"#0"},"south":{"uv":[1.25,4.8125,1.625,5.1875],"texture":"#0"},"west":{"uv":[1.1875,3.9375,1.6875,4.3125],"texture":"#0"},"up":{"uv":[1.25,4.3125,1.625,4.8125],"texture":"#0"},"down":{"uv":[1.25,4.3125,1.625,4.8125],"texture":"#0"}}},{"from":[6.5,19,6.5],"to":[9.5,23,9.5],"rotation":{"angle":0,"axis":"y","origin":[0,-8,0]},"faces":{"north":{"uv":[1.9375,6.625,2.3125,7.125],"texture":"#0"},"east":{"uv":[1.9375,6.625,1.5625,7.125],"texture":"#0"},"south":{"uv":[1.9375,6.625,2.3125,7.125],"texture":"#0"},"west":{"uv":[1.5625,6.625,1.9375,7.125],"texture":"#0"},"up":{"uv":[1.5625,7.125,1.9375,7.5],"texture":"#0"},"down":{"uv":[1.5625,7.125,1.9375,7.5],"texture":"#0"}}},{"from":[7,10.5,3],"to":[9,12.5,9.2],"rotation":{"angle":0,"axis":"y","origin":[0,-8,0]},"faces":{"north":{"uv":[1.9375,5.5625,2.1875,5.8125],"texture":"#0"},"east":{"uv":[1.5625,6.5625,0.8125,6.8125],"texture":"#0"},"south":{"uv":[1.9375,5.5625,2.1875,5.8125],"texture":"#0"},"west":{"uv":[0.8125,6.5625,1.5625,6.8125],"texture":"#0"},"up":{"uv":[1.9375,5.8125,2.1875,6.5625],"texture":"#0"},"down":{"uv":[1.9375,5.8125,2.1875,6.5625],"texture":"#0"}}},{"from":[7,19.1,5],"to":[9,21.1,11],"rotation":{"angle":0,"axis":"y","origin":[0,-8,0]},"faces":{"north":{"uv":[1.9375,5.5625,2.1875,5.8125],"texture":"#0"},"east":{"uv":[1.5625,6.5625,0.8125,6.8125],"texture":"#0"},"south":{"uv":[1.9375,5.5625,2.1875,5.8125],"texture":"#0"},"west":{"uv":[0.8125,6.5625,1.5625,6.8125],"texture":"#0"},"up":{"uv":[1.9375,5.8125,2.1875,6.5625],"texture":"#0"},"down":{"uv":[1.9375,5.8125,2.1875,6.5625],"texture":"#0"}}},{"from":[5,19.1,7],"to":[11,21.1,9],"rotation":{"angle":0,"axis":"y","origin":[0,-8,0]},"faces":{"north":{"uv":[0.8125,6.5625,1.5625,6.8125],"texture":"#0"},"east":{"uv":[1.9375,5.5625,2.1875,5.8125],"texture":"#0"},"south":{"uv":[1.5625,6.5625,0.8125,6.8125],"texture":"#0"},"west":{"uv":[1.9375,5.5625,2.1875,5.8125],"texture":"#0"},"up":{"uv":[1.9375,5.8125,2.1875,6.5625],"rotation":90,"texture":"#0"},"down":{"uv":[1.9375,5.8125,2.1875,6.5625],"rotation":270,"texture":"#0"}}},{"from":[6.9,8.3,3.5],"to":[6.9,20.8,5.5],"rotation":{"angle":22.5,"axis":"x","origin":[8,11.75,7.75]},"faces":{"north":{"uv":[0.3125,3.0625,0.5625,3.25],"texture":"#0"},"east":{"uv":[3.0625,4.375,2.8125,5.9375],"texture":"#0"},"south":{"uv":[0.3125,3.0625,0.5625,3.25],"texture":"#0"},"west":{"uv":[2.8125,4.375,3.0625,5.9375],"texture":"#0"},"up":{"uv":[0.3125,3.0625,0.5625,3.25],"texture":"#0"},"down":{"uv":[0.3125,3.0625,0.5625,3.25],"texture":"#0"}}},{"from":[9.1,8.3,3.5],"to":[9.1,20.8,5.5],"rotation":{"angle":22.5,"axis":"x","origin":[8,11.75,7.75]},"faces":{"north":{"uv":[0.5625,3.0625,0.3125,3.25],"texture":"#0"},"east":{"uv":[3.0625,4.375,2.8125,5.9375],"texture":"#0"},"south":{"uv":[0.5625,3.0625,0.3125,3.25],"texture":"#0"},"west":{"uv":[2.8125,4.375,3.0625,5.9375],"texture":"#0"},"up":{"uv":[0.5625,3.0625,0.3125,3.25],"texture":"#0"},"down":{"uv":[0.5625,3.0625,0.3125,3.25],"texture":"#0"}}},{"from":[8.2,3,9.3],"to":[8.7,11,9.8],"rotation":{"angle":0,"axis":"y","origin":[0,-8,0]},"faces":{"north":{"uv":[1.5625,5.1875,1.625,6.1875],"texture":"#0"},"east":{"uv":[1.5625,5.1875,1.625,6.1875],"texture":"#0"},"south":{"uv":[1.5625,5.1875,1.625,6.1875],"texture":"#0"},"west":{"uv":[1.5625,5.1875,1.625,6.1875],"texture":"#0"},"up":{"uv":[0.625,3.1875,0.6875,3.25],"texture":"#0"},"down":{"uv":[0.625,3.1875,0.6875,3.25],"texture":"#0"}}},{"from":[7.3,3,9.3],"to":[7.8,11,9.8],"rotation":{"angle":0,"axis":"y","origin":[16,-8,0]},"faces":{"north":{"uv":[1.625,5.1875,1.5625,6.1875],"texture":"#0"},"east":{"uv":[1.625,5.1875,1.5625,6.1875],"texture":"#0"},"south":{"uv":[1.625,5.1875,1.5625,6.1875],"texture":"#0"},"west":{"uv":[1.625,5.1875,1.5625,6.1875],"texture":"#0"},"up":{"uv":[0.6875,3.1875,0.625,3.25],"texture":"#0"},"down":{"uv":[0.6875,3.1875,0.625,3.25],"texture":"#0"}}},{"from":[7.3,11,9.3],"to":[7.8,19,9.8],"rotation":{"angle":0,"axis":"y","origin":[16,-8,0]},"faces":{"north":{"uv":[1.625,5.1875,1.5625,6.1875],"texture":"#0"},"east":{"uv":[1.625,5.1875,1.5625,6.1875],"texture":"#0"},"south":{"uv":[1.625,5.1875,1.5625,6.1875],"texture":"#0"},"west":{"uv":[1.625,5.1875,1.5625,6.1875],"texture":"#0"},"up":{"uv":[0.6875,3.1875,0.625,3.25],"texture":"#0"},"down":{"uv":[0.6875,3.1875,0.625,3.25],"texture":"#0"}}},{"from":[8.2,11,9.3],"to":[8.7,19,9.8],"rotation":{"angle":0,"axis":"y","origin":[0,-8,0]},"faces":{"north":{"uv":[1.5625,5.1875,1.625,6.1875],"texture":"#0"},"east":{"uv":[1.5625,5.1875,1.625,6.1875],"texture":"#0"},"south":{"uv":[1.5625,5.1875,1.625,6.1875],"texture":"#0"},"west":{"uv":[1.5625,5.1875,1.625,6.1875],"texture":"#0"},"up":{"uv":[0.625,3.1875,0.6875,3.25],"texture":"#0"},"down":{"uv":[0.625,3.1875,0.6875,3.25],"texture":"#0"}}},{"from":[5.5,11.7,20],"to":[5.5,19.7,24],"rotation":{"angle":-22.5,"axis":"x","origin":[0,0,0]},"faces":{"north":{"uv":[0,0,0,40],"texture":"#missing"},"east":{"uv":[2.25,2,1.75,1],"texture":"#0"},"south":{"uv":[0,0,0,40],"texture":"#missing"},"west":{"uv":[1.75,2,2.25,1],"texture":"#0"},"up":{"uv":[0,0,0,16],"texture":"#missing"},"down":{"uv":[0,0,0,16],"texture":"#missing"}}},{"from":[10.5,11.7,20],"to":[10.5,19.7,24],"rotation":{"angle":-22.5,"axis":"x","origin":[16,0,0]},"faces":{"north":{"uv":[0,0,0,40],"texture":"#missing"},"east":{"uv":[2.25,2,1.75,1],"texture":"#0"},"south":{"uv":[0,0,0,40],"texture":"#missing"},"west":{"uv":[1.75,2,2.25,1],"texture":"#0"},"up":{"uv":[0,0,0,16],"texture":"#missing"},"down":{"uv":[0,0,0,16],"texture":"#missing"}}},{"from":[9.7,19.5,13],"to":[10.7,20.5,14],"rotation":{"angle":22.5,"axis":"x","origin":[8,18.625,10.75]},"faces":{"north":{"uv":[0.125,0,0,0.125],"texture":"#0"},"east":{"uv":[0.125,0,0,0.125],"texture":"#0"},"south":{"uv":[0.125,0,0,0.125],"texture":"#0"},"west":{"uv":[0.125,0,0,0.125],"texture":"#0"},"up":{"uv":[0.125,0,0,0.125],"texture":"#0"},"down":{"uv":[0.125,0,0,0.125],"texture":"#0"}}},{"from":[9,8.7,17],"to":[9,16.7,21],"rotation":{"angle":-22.5,"axis":"x","origin":[16,0,0]},"faces":{"north":{"uv":[0,0,0,40],"texture":"#missing"},"east":{"uv":[2.25,2,1.75,1],"texture":"#0"},"south":{"uv":[0,0,0,40],"texture":"#missing"},"west":{"uv":[1.75,2,2.25,1],"texture":"#0"},"up":{"uv":[0,0,0,16],"texture":"#missing"},"down":{"uv":[0,0,0,16],"texture":"#missing"}}},{"from":[4.4,13,8.75],"to":[7.4,20,14.25],"rotation":{"angle":22.5,"axis":"x","origin":[8,18.625,10.75]},"faces":{"north":{"uv":[1.125,6.8125,1.5,7.6875],"texture":"#0"},"east":{"uv":[1.125,6.8125,0.4375,7.6875],"texture":"#0"},"south":{"uv":[1.125,6.8125,1.5,7.6875],"texture":"#0"},"west":{"uv":[1.125,6.8125,0.4375,7.6875],"texture":"#0"},"up":{"uv":[0.4375,7.6875,0.8125,8.375],"rotation":180,"texture":"#0"},"down":{"uv":[0.4375,7.6875,0.8125,8.375],"rotation":180,"texture":"#0"}}},{"from":[4.4,20,8.75],"to":[7.4,21.5,11.25],"rotation":{"angle":22.5,"axis":"x","origin":[8,18.625,10.75]},"faces":{"north":{"uv":[1.125,6.8125,1.5,7],"texture":"#0"},"east":{"uv":[1.125,7.6875,0.8125,7.875],"texture":"#0"},"south":{"uv":[1.125,6.8125,1.5,7],"texture":"#0"},"west":{"uv":[1.125,7.6875,0.8125,7.875],"texture":"#0"},"up":{"uv":[0.4375,7.6875,0.8125,8],"rotation":180,"texture":"#0"},"down":{"uv":[0.4375,7.6875,0.8125,8],"rotation":180,"texture":"#0"}}},{"from":[5,20,8.75],"to":[5,21.5,13.25],"rotation":{"angle":22.5,"axis":"x","origin":[8,18.625,10.75]},"faces":{"north":{"uv":[1.125,6.8125,1.5,7.6875],"texture":"#0"},"east":{"uv":[0.8125,7.875,1.375,8.0625],"texture":"#0"},"south":{"uv":[1.125,6.8125,1.5,7.6875],"texture":"#0"},"west":{"uv":[1.375,7.875,0.8125,8.0625],"texture":"#0"},"up":{"uv":[0.4375,7.6875,0.8125,8.375],"rotation":180,"texture":"#0"},"down":{"uv":[0.4375,7.6875,0.8125,8.375],"rotation":180,"texture":"#0"}}},{"from":[6.8,20,8.75],"to":[6.8,21.5,13.25],"rotation":{"angle":22.5,"axis":"x","origin":[8,18.625,10.75]},"faces":{"north":{"uv":[1.125,6.8125,1.5,7.6875],"texture":"#0"},"east":{"uv":[0.8125,7.875,1.375,8.0625],"texture":"#0"},"south":{"uv":[1.125,6.8125,1.5,7.6875],"texture":"#0"},"west":{"uv":[1.375,7.875,0.8125,8.0625],"texture":"#0"},"up":{"uv":[0.4375,7.6875,0.8125,8.375],"rotation":180,"texture":"#0"},"down":{"uv":[0.4375,7.6875,0.8125,8.375],"rotation":180,"texture":"#0"}}},{"from":[9.2,20,8.75],"to":[9.2,21.5,13.25],"rotation":{"angle":22.5,"axis":"x","origin":[8,18.625,10.75]},"faces":{"north":{"uv":[1.5,6.8125,1.125,7.6875],"texture":"#0"},"east":{"uv":[0.8125,7.875,1.375,8.0625],"texture":"#0"},"south":{"uv":[1.5,6.8125,1.125,7.6875],"texture":"#0"},"west":{"uv":[1.375,7.875,0.8125,8.0625],"texture":"#0"},"up":{"uv":[0.8125,7.6875,0.4375,8.375],"rotation":180,"texture":"#0"},"down":{"uv":[0.8125,7.6875,0.4375,8.375],"rotation":180,"texture":"#0"}}},{"from":[11,20,8.75],"to":[11,21.5,13.25],"rotation":{"angle":22.5,"axis":"x","origin":[8,18.625,10.75]},"faces":{"north":{"uv":[1.5,6.8125,1.125,7.6875],"texture":"#0"},"east":{"uv":[0.8125,7.875,1.375,8.0625],"texture":"#0"},"south":{"uv":[1.5,6.8125,1.125,7.6875],"texture":"#0"},"west":{"uv":[1.375,7.875,0.8125,8.0625],"texture":"#0"},"up":{"uv":[0.8125,7.6875,0.4375,8.375],"rotation":180,"texture":"#0"},"down":{"uv":[0.8125,7.6875,0.4375,8.375],"rotation":180,"texture":"#0"}}},{"from":[8.6,13,8.75],"to":[11.6,20,14.25],"rotation":{"angle":22.5,"axis":"x","origin":[8,18.625,10.75]},"faces":{"north":{"uv":[1.5,6.8125,1.125,7.6875],"texture":"#0"},"east":{"uv":[0.4375,6.8125,1.125,7.6875],"texture":"#0"},"south":{"uv":[1.5,6.8125,1.125,7.6875],"texture":"#0"},"west":{"uv":[0.4375,6.8125,1.125,7.6875],"texture":"#0"},"up":{"uv":[0.8125,7.6875,0.4375,8.375],"rotation":180,"texture":"#0"},"down":{"uv":[0.8125,7.6875,0.4375,8.375],"rotation":180,"texture":"#0"}}},{"from":[8.6,20,8.75],"to":[11.6,21.5,11.25],"rotation":{"angle":22.5,"axis":"x","origin":[8,18.625,10.75]},"faces":{"north":{"uv":[1.5,6.8125,1.125,7],"texture":"#0"},"east":{"uv":[0.8125,7.6875,1.125,7.875],"texture":"#0"},"south":{"uv":[1.5,6.8125,1.125,7],"texture":"#0"},"west":{"uv":[0.8125,7.6875,1.125,7.875],"texture":"#0"},"up":{"uv":[0.8125,7.6875,0.4375,8],"rotation":180,"texture":"#0"},"down":{"uv":[0.8125,7.6875,0.4375,8],"rotation":180,"texture":"#0"}}},{"from":[6.5,28,14],"to":[6.5,32,26],"faces":{"north":{"uv":[0,0,0,4],"texture":"#4"},"east":{"uv":[12,4,0,8],"texture":"#4"},"south":{"uv":[0,0,0,4],"texture":"#4"},"west":{"uv":[0,4,12,8],"texture":"#4"},"up":{"uv":[0,10,0,0],"texture":"#4"},"down":{"uv":[0,0,0,10],"texture":"#4"}}},{"from":[9.5,28,14],"to":[9.5,32,26],"rotation":{"angle":0,"axis":"y","origin":[16,0,0]},"faces":{"north":{"uv":[0,0,0,4],"texture":"#4"},"east":{"uv":[12,4,0,8],"texture":"#4"},"south":{"uv":[0,0,0,4],"texture":"#4"},"west":{"uv":[0,4,12,8],"texture":"#4"},"up":{"uv":[0,10,0,0],"texture":"#4"},"down":{"uv":[0,0,0,10],"texture":"#4"}}},{"from":[3.4,28.95,7.85],"to":[3.4,31.45,10.85],"rotation":{"angle":0,"axis":"y","origin":[8,13.5,21.75]},"faces":{"north":{"uv":[0,0,0,56],"texture":"#3"},"east":{"uv":[0,0,6,5],"rotation":180,"texture":"#3"},"south":{"uv":[0,0,0,56],"texture":"#3"},"west":{"uv":[0,0,6,5],"texture":"#3"},"up":{"uv":[0,32,0,0],"texture":"#3"},"down":{"uv":[0,0,0,32],"texture":"#3"}}}],"gui_light":"front","display":{"thirdperson_righthand":{"translation":[0,5.5,1.5],"scale":[0.6,0.6,0.6]},"thirdperson_lefthand":{"translation":[0,5.5,1.5],"scale":[0.6,0.6,0.6]},"firstperson_righthand":{"rotation":[4,0,0],"translation":[1.25,5,2.25],"scale":[0.30469,0.30469,0.30469]},"firstperson_lefthand":{"rotation":[4,0,0],"translation":[1.25,5,2.25],"scale":[0.30469,0.30469,0.30469]},"ground":{"rotation":[-45,0,0],"translation":[0,9,0],"scale":[0.45,0.45,0.45]},"gui":{"rotation":[-90,-45,-90],"translation":[-1.25,-0.75,0],"scale":[0.38242,0.38242,0.38242]},"head":{"scale":[0,0,0]},"fixed":{"rotation":[0,-90,0],"translation":[0.25,5,-2.75],"scale":[1.3,1.3,1.3]}}}