{"credit":"MadewithBlockbench","texture_size":[128,128],"textures":{"0":"elitecreatures:item/zombie_apocalyptic_animated_weapon_set/zombie_texture_01","3":"elitecreatures:item/zombie_apocalyptic_animated_weapon_set/zombie_animation_03","particle":"elitecreatures:item/zombie_apocalyptic_animated_weapon_set/zombie_texture_01"},"elements":[{"from":[7,-8,6.75],"to":[9,-1,9.25],"rotation":{"angle":0,"axis":"y","origin":[0,-8,0]},"faces":{"north":{"uv":[0.3125,3.5625,0.5625,4.4375],"texture":"#0"},"east":{"uv":[0.3125,3.5625,0,4.4375],"texture":"#0"},"south":{"uv":[0.5625,3.5625,0.8125,4.4375],"texture":"#0"},"west":{"uv":[0,3.5625,0.3125,4.4375],"texture":"#0"},"up":{"uv":[0.375,3.25,0.625,3.5625],"texture":"#0"},"down":{"uv":[0.375,3.25,0.625,3.5625],"texture":"#0"}}},{"from":[7,-1,6.75],"to":[9,6,9.25],"rotation":{"angle":0,"axis":"y","origin":[0,-8,0]},"faces":{"north":{"uv":[0.3125,3.5625,0.5625,4.4375],"texture":"#0"},"east":{"uv":[0.3125,3.5625,0,4.4375],"texture":"#0"},"south":{"uv":[0.5625,3.5625,0.8125,4.4375],"texture":"#0"},"west":{"uv":[0,3.5625,0.3125,4.4375],"texture":"#0"},"up":{"uv":[0.375,3.25,0.625,3.5625],"texture":"#0"},"down":{"uv":[0.375,3.25,0.625,3.5625],"texture":"#0"}}},{"from":[8,9.4,11.7],"to":[8,12.4,14.2],"rotation":{"angle":0,"axis":"y","origin":[8,5,8]},"faces":{"north":{"uv":[0,0,0,4],"rotation":180,"texture":"#3"},"east":{"uv":[0,0,6,5],"rotation":270,"texture":"#3"},"south":{"uv":[0,4,0,0],"texture":"#3"},"west":{"uv":[0,0,6,5],"rotation":90,"texture":"#3"},"up":{"uv":[0,0,0,7],"rotation":180,"texture":"#3"},"down":{"uv":[0,0,0,7],"texture":"#3"}}},{"from":[8,18.5,11.7],"to":[8,21.5,14.2],"rotation":{"angle":0,"axis":"y","origin":[8,5,8]},"faces":{"north":{"uv":[0,0,0,4],"rotation":180,"texture":"#3"},"east":{"uv":[0,0,6,5],"rotation":270,"texture":"#3"},"south":{"uv":[0,4,0,0],"texture":"#3"},"west":{"uv":[0,0,6,5],"rotation":90,"texture":"#3"},"up":{"uv":[0,0,0,7],"rotation":180,"texture":"#3"},"down":{"uv":[0,0,0,7],"texture":"#3"}}},{"from":[6.5,10.25,10.05],"to":[8.5,11.75,11.55],"rotation":{"angle":0,"axis":"y","origin":[8,11.75,8.25]},"faces":{"north":{"uv":[0.5625,3.0625,0.3125,3.25],"texture":"#0"},"east":{"uv":[0.625,2.8125,0.4375,3],"texture":"#0"},"south":{"uv":[0.5625,3.0625,0.3125,3.25],"texture":"#0"},"west":{"uv":[0.625,2.8125,0.4375,3],"texture":"#0"},"up":{"uv":[0.3125,3.25,0.5625,3.0625],"texture":"#0"},"down":{"uv":[0.3125,3.25,0.5625,3.0625],"texture":"#0"}}},{"from":[8.9,14.45,3.55],"to":[9.9,15.95,5.05],"rotation":{"angle":22.5,"axis":"x","origin":[9.4,14.5,4.6]},"faces":{"north":{"uv":[0.3125,3.0625,0.4375,3.25],"texture":"#0"},"east":{"uv":[0.4375,2.8125,0.625,3],"texture":"#0"},"south":{"uv":[0.3125,3.0625,0.4375,3.25],"texture":"#0"},"west":{"uv":[0.4375,2.8125,0.625,3],"texture":"#0"},"up":{"uv":[0.4375,3.25,0.3125,3.0625],"texture":"#0"},"down":{"uv":[0.4375,3.25,0.3125,3.0625],"texture":"#0"}}},{"from":[6.5,19.25,10.05],"to":[8.5,20.75,11.55],"rotation":{"angle":0,"axis":"y","origin":[8,11.75,8.25]},"faces":{"north":{"uv":[0.5625,3.0625,0.3125,3.25],"texture":"#0"},"east":{"uv":[0.625,2.8125,0.4375,3],"texture":"#0"},"south":{"uv":[0.5625,3.0625,0.3125,3.25],"texture":"#0"},"west":{"uv":[0.625,2.8125,0.4375,3],"texture":"#0"},"up":{"uv":[0.3125,3.25,0.5625,3.0625],"texture":"#0"},"down":{"uv":[0.3125,3.25,0.5625,3.0625],"texture":"#0"}}},{"from":[6,20.15,7.25],"to":[8,21.65,8.75],"rotation":{"angle":0,"axis":"y","origin":[8,11.75,8.25]},"faces":{"north":{"uv":[0.5625,3.0625,0.3125,3.25],"texture":"#0"},"east":{"uv":[0.625,2.8125,0.4375,3],"texture":"#0"},"south":{"uv":[0.5625,3.0625,0.3125,3.25],"texture":"#0"},"west":{"uv":[0.625,2.8125,0.4375,3],"texture":"#0"},"up":{"uv":[0.3125,3.25,0.5625,3.0625],"texture":"#0"},"down":{"uv":[0.3125,3.25,0.5625,3.0625],"texture":"#0"}}},{"from":[8,20.15,7.25],"to":[10,21.65,8.75],"rotation":{"angle":0,"axis":"y","origin":[8,11.75,8.25]},"faces":{"north":{"uv":[0.3125,3.0625,0.5625,3.25],"texture":"#0"},"east":{"uv":[0.4375,2.8125,0.625,3],"texture":"#0"},"south":{"uv":[0.3125,3.0625,0.5625,3.25],"texture":"#0"},"west":{"uv":[0.4375,2.8125,0.625,3],"texture":"#0"},"up":{"uv":[0.5625,3.25,0.3125,3.0625],"texture":"#0"},"down":{"uv":[0.5625,3.25,0.3125,3.0625],"texture":"#0"}}},{"from":[7.5,19.25,10.05],"to":[9.5,20.75,11.55],"rotation":{"angle":0,"axis":"y","origin":[8,11.75,8.25]},"faces":{"north":{"uv":[0.3125,3.0625,0.5625,3.25],"texture":"#0"},"east":{"uv":[0.4375,2.8125,0.625,3],"texture":"#0"},"south":{"uv":[0.3125,3.0625,0.5625,3.25],"texture":"#0"},"west":{"uv":[0.4375,2.8125,0.625,3],"texture":"#0"},"up":{"uv":[0.5625,3.25,0.3125,3.0625],"texture":"#0"},"down":{"uv":[0.5625,3.25,0.3125,3.0625],"texture":"#0"}}},{"from":[7.5,10.25,9.55],"to":[9.5,11.75,11.05],"rotation":{"angle":0,"axis":"y","origin":[8,11.75,8.25]},"faces":{"north":{"uv":[0.3125,3.0625,0.5625,3.25],"texture":"#0"},"east":{"uv":[0.4375,2.8125,0.625,3],"texture":"#0"},"south":{"uv":[0.3125,3.0625,0.5625,3.25],"texture":"#0"},"west":{"uv":[0.4375,2.8125,0.625,3],"texture":"#0"},"up":{"uv":[0.5625,3.25,0.3125,3.0625],"texture":"#0"},"down":{"uv":[0.5625,3.25,0.3125,3.0625],"texture":"#0"}}},{"from":[7.25,-9,7],"to":[8.75,2,9],"rotation":{"angle":0,"axis":"y","origin":[0,-8,0]},"faces":{"north":{"uv":[0,4.4375,0.1875,5.8125],"texture":"#0"},"east":{"uv":[0,4.5625,0.25,5.9375],"texture":"#0"},"south":{"uv":[0,4.4375,0.1875,5.8125],"texture":"#0"},"west":{"uv":[0,4.5625,0.25,5.9375],"texture":"#0"},"up":{"uv":[0.625,3.1875,0.8125,3.4375],"texture":"#0"},"down":{"uv":[0.625,3.1875,0.8125,3.4375],"texture":"#0"}}},{"from":[7.25,21,7],"to":[8.75,26,9],"rotation":{"angle":0,"axis":"y","origin":[0,-8,0]},"faces":{"north":{"uv":[2.625,4.375,2.8125,5],"texture":"#0"},"east":{"uv":[2.4375,4.375,2.1875,5],"texture":"#0"},"south":{"uv":[2.4375,4.375,2.625,5],"texture":"#0"},"west":{"uv":[2.1875,4.375,2.4375,5],"texture":"#0"},"up":{"uv":[2.25,4.375,2.4375,4.625],"texture":"#0"},"down":{"uv":[1.3125,3.625,1.5,3.875],"texture":"#0"}}},{"from":[6.5,4,6],"to":[9.5,7,10],"rotation":{"angle":0,"axis":"y","origin":[0,-8,0]},"faces":{"north":{"uv":[1.25,4.8125,1.625,5.1875],"texture":"#0"},"east":{"uv":[1.1875,3.9375,1.6875,4.3125],"texture":"#0"},"south":{"uv":[1.25,4.8125,1.625,5.1875],"texture":"#0"},"west":{"uv":[1.1875,3.9375,1.6875,4.3125],"texture":"#0"},"up":{"uv":[1.25,4.3125,1.625,4.8125],"texture":"#0"},"down":{"uv":[1.25,4.3125,1.625,4.8125],"texture":"#0"}}},{"from":[6.5,19,6],"to":[9.5,22,10],"rotation":{"angle":0,"axis":"y","origin":[0,-8,0]},"faces":{"north":{"uv":[1.25,4.8125,1.625,5.1875],"texture":"#0"},"east":{"uv":[1.1875,3.9375,1.6875,4.3125],"texture":"#0"},"south":{"uv":[1.25,4.8125,1.625,5.1875],"texture":"#0"},"west":{"uv":[1.1875,3.9375,1.6875,4.3125],"texture":"#0"},"up":{"uv":[1.25,4.3125,1.625,4.8125],"texture":"#0"},"down":{"uv":[1.25,4.3125,1.625,4.8125],"texture":"#0"}}},{"from":[7,10,5.7],"to":[9,12,11.7],"rotation":{"angle":0,"axis":"y","origin":[0,-8,16]},"faces":{"north":{"uv":[2.1875,5.5625,1.9375,5.8125],"texture":"#0"},"east":{"uv":[0.8125,6.5625,1.5625,6.8125],"texture":"#0"},"south":{"uv":[2.1875,5.5625,1.9375,5.8125],"texture":"#0"},"west":{"uv":[1.5625,6.5625,0.8125,6.8125],"texture":"#0"},"up":{"uv":[1.9375,6.5625,2.1875,5.8125],"texture":"#0"},"down":{"uv":[1.9375,6.5625,2.1875,5.8125],"texture":"#0"}}},{"from":[7,19,5.7],"to":[9,21,11.7],"rotation":{"angle":0,"axis":"y","origin":[0,-8,16]},"faces":{"north":{"uv":[2.1875,5.5625,1.9375,5.8125],"texture":"#0"},"east":{"uv":[0.8125,6.5625,1.5625,6.8125],"texture":"#0"},"south":{"uv":[2.1875,5.5625,1.9375,5.8125],"texture":"#0"},"west":{"uv":[1.5625,6.5625,0.8125,6.8125],"texture":"#0"},"up":{"uv":[1.9375,6.5625,2.1875,5.8125],"texture":"#0"},"down":{"uv":[1.9375,6.5625,2.1875,5.8125],"texture":"#0"}}},{"from":[6.9,9.3,9.8],"to":[6.9,21.8,11.8],"rotation":{"angle":0,"axis":"y","origin":[8,11.75,8.25]},"faces":{"north":{"uv":[0.5625,3.0625,0.3125,3.25],"texture":"#0"},"east":{"uv":[2.8125,4.375,3.0625,5.9375],"texture":"#0"},"south":{"uv":[0.5625,3.0625,0.3125,3.25],"texture":"#0"},"west":{"uv":[3.0625,4.375,2.8125,5.9375],"texture":"#0"},"up":{"uv":[0.3125,3.25,0.5625,3.0625],"texture":"#0"},"down":{"uv":[0.3125,3.25,0.5625,3.0625],"texture":"#0"}}},{"from":[9.1,9.3,9.8],"to":[9.1,21.8,11.8],"rotation":{"angle":0,"axis":"y","origin":[8,11.75,8.25]},"faces":{"north":{"uv":[0.3125,3.0625,0.5625,3.25],"texture":"#0"},"east":{"uv":[2.8125,4.375,3.0625,5.9375],"texture":"#0"},"south":{"uv":[0.3125,3.0625,0.5625,3.25],"texture":"#0"},"west":{"uv":[3.0625,4.375,2.8125,5.9375],"texture":"#0"},"up":{"uv":[0.5625,3.25,0.3125,3.0625],"texture":"#0"},"down":{"uv":[0.5625,3.25,0.3125,3.0625],"texture":"#0"}}},{"from":[8.2,12.3,21.8],"to":[8.7,15.3,22.3],"rotation":{"angle":-45,"axis":"x","origin":[0,-8,16]},"faces":{"north":{"uv":[1.625,5.1875,1.5625,5.5625],"texture":"#0"},"east":{"uv":[1.625,5.1875,1.5625,5.5625],"texture":"#0"},"south":{"uv":[1.625,5.1875,1.5625,5.5625],"texture":"#0"},"west":{"uv":[1.625,5.1875,1.5625,5.5625],"texture":"#0"},"up":{"uv":[0.625,3.25,0.6875,3.1875],"texture":"#0"},"down":{"uv":[0.625,3.25,0.6875,3.1875],"texture":"#0"}}},{"from":[7.3,12.3,21.8],"to":[7.8,15.3,22.3],"rotation":{"angle":-45,"axis":"x","origin":[16,-8,16]},"faces":{"north":{"uv":[1.5625,5.1875,1.625,5.5625],"texture":"#0"},"east":{"uv":[1.5625,5.1875,1.625,5.5625],"texture":"#0"},"south":{"uv":[1.5625,5.1875,1.625,5.5625],"texture":"#0"},"west":{"uv":[1.5625,5.1875,1.625,5.5625],"texture":"#0"},"up":{"uv":[0.6875,3.25,0.625,3.1875],"texture":"#0"},"down":{"uv":[0.6875,3.25,0.625,3.1875],"texture":"#0"}}},{"from":[8.2,6.3,6.2],"to":[8.7,10.3,6.7],"rotation":{"angle":0,"axis":"y","origin":[0,-8,16]},"faces":{"north":{"uv":[1.625,5.1875,1.5625,5.6875],"texture":"#0"},"east":{"uv":[1.625,5.1875,1.5625,5.6875],"texture":"#0"},"south":{"uv":[1.625,5.1875,1.5625,5.6875],"texture":"#0"},"west":{"uv":[1.625,5.1875,1.5625,5.6875],"texture":"#0"},"up":{"uv":[0.625,3.25,0.6875,3.1875],"texture":"#0"},"down":{"uv":[0.625,3.25,0.6875,3.1875],"texture":"#0"}}},{"from":[7.3,6.3,6.2],"to":[7.8,10.3,6.7],"rotation":{"angle":0,"axis":"y","origin":[16,-8,16]},"faces":{"north":{"uv":[1.5625,5.1875,1.625,5.6875],"texture":"#0"},"east":{"uv":[1.5625,5.1875,1.625,5.6875],"texture":"#0"},"south":{"uv":[1.5625,5.1875,1.625,5.6875],"texture":"#0"},"west":{"uv":[1.5625,5.1875,1.625,5.6875],"texture":"#0"},"up":{"uv":[0.6875,3.25,0.625,3.1875],"texture":"#0"},"down":{"uv":[0.6875,3.25,0.625,3.1875],"texture":"#0"}}},{"from":[7.3,6.3,-3.3],"to":[7.8,14.3,-2.8],"rotation":{"angle":22.5,"axis":"x","origin":[16,-8,16]},"faces":{"north":{"uv":[1.5625,5.1875,1.625,6.1875],"texture":"#0"},"east":{"uv":[1.5625,5.1875,1.625,6.1875],"texture":"#0"},"south":{"uv":[1.5625,5.1875,1.625,6.1875],"texture":"#0"},"west":{"uv":[1.5625,5.1875,1.625,6.1875],"texture":"#0"},"up":{"uv":[0.6875,3.25,0.625,3.1875],"texture":"#0"},"down":{"uv":[0.6875,3.25,0.625,3.1875],"texture":"#0"}}},{"from":[8.2,6.3,-3.3],"to":[8.7,14.3,-2.8],"rotation":{"angle":22.5,"axis":"x","origin":[0,-8,16]},"faces":{"north":{"uv":[1.625,5.1875,1.5625,6.1875],"texture":"#0"},"east":{"uv":[1.625,5.1875,1.5625,6.1875],"texture":"#0"},"south":{"uv":[1.625,5.1875,1.5625,6.1875],"texture":"#0"},"west":{"uv":[1.625,5.1875,1.5625,6.1875],"texture":"#0"},"up":{"uv":[0.625,3.25,0.6875,3.1875],"texture":"#0"},"down":{"uv":[0.625,3.25,0.6875,3.1875],"texture":"#0"}}},{"from":[8,-12,7],"to":[8,-9,9],"rotation":{"angle":0,"axis":"y","origin":[0,-8,0]},"faces":{"north":{"uv":[0,4.4375,0.1875,5.8125],"texture":"#0"},"east":{"uv":[1.3125,6.125,1.0625,6.5],"texture":"#0"},"south":{"uv":[0,4.4375,0.1875,5.8125],"texture":"#0"},"west":{"uv":[1.0625,6.125,1.3125,6.5],"texture":"#0"},"up":{"uv":[0.625,3.1875,0.8125,3.4375],"texture":"#0"},"down":{"uv":[0.625,3.1875,0.8125,3.4375],"texture":"#0"}}},{"from":[9.1,11.7,7.2],"to":[9.1,17.7,8.7],"rotation":{"angle":-45,"axis":"x","origin":[8,12.25,8.85]},"faces":{"north":{"uv":[0.5625,3.0625,0.3125,3.25],"texture":"#0"},"east":{"uv":[1.8125,4.375,1.625,5.125],"texture":"#0"},"south":{"uv":[0.5625,3.0625,0.3125,3.25],"texture":"#0"},"west":{"uv":[1.8125,4.375,1.625,5.125],"texture":"#0"},"up":{"uv":[0.5625,3.0625,0.3125,3.25],"texture":"#0"},"down":{"uv":[0.5625,3.0625,0.3125,3.25],"texture":"#0"}}},{"from":[9.3,13,3],"to":[9.3,19,4.5],"rotation":{"angle":22.5,"axis":"x","origin":[8,12.25,8.85]},"faces":{"north":{"uv":[0.5625,3.0625,0.3125,3.25],"rotation":180,"texture":"#0"},"east":{"uv":[1.8125,4.375,1.625,5.125],"rotation":180,"texture":"#0"},"south":{"uv":[0.5625,3.0625,0.3125,3.25],"rotation":180,"texture":"#0"},"west":{"uv":[1.8125,4.375,1.625,5.125],"rotation":180,"texture":"#0"},"up":{"uv":[0.5625,3.0625,0.3125,3.25],"texture":"#0"},"down":{"uv":[0.5625,3.0625,0.3125,3.25],"texture":"#0"}}},{"from":[-2.50339,25.84231,7.29619],"to":[2.49661,27.34231,8.79619],"rotation":{"angle":-22.5,"axis":"z","origin":[7.45381,11.38364,8]},"faces":{"north":{"uv":[2.5,7.1875,2.3125,6.5625],"rotation":270,"texture":"#0"},"east":{"uv":[2.5,6.75,2.6875,6.5625],"rotation":270,"texture":"#0"},"south":{"uv":[2.5,6.5625,2.3125,7.1875],"rotation":270,"texture":"#0"},"west":{"uv":[2.5,6.75,2.6875,6.5625],"rotation":270,"texture":"#0"},"up":{"uv":[2.5,6.5625,2.3125,7.1875],"rotation":270,"texture":"#0"},"down":{"uv":[2.5,6.5625,2.3125,7.1875],"rotation":270,"texture":"#0"}}},{"from":[-2.50339,25.84231,9.89619],"to":[2.49661,27.34231,11.39619],"rotation":{"angle":-22.5,"axis":"z","origin":[7.45381,11.38364,8]},"faces":{"north":{"uv":[2.5,7.1875,2.3125,6.5625],"rotation":270,"texture":"#0"},"east":{"uv":[2.5,6.75,2.6875,6.5625],"rotation":270,"texture":"#0"},"south":{"uv":[2.5,6.5625,2.3125,7.1875],"rotation":270,"texture":"#0"},"west":{"uv":[2.5,6.75,2.6875,6.5625],"rotation":270,"texture":"#0"},"up":{"uv":[2.5,6.5625,2.3125,7.1875],"rotation":270,"texture":"#0"},"down":{"uv":[2.5,6.5625,2.3125,7.1875],"rotation":270,"texture":"#0"}}},{"from":[-2.50339,25.84231,4.60381],"to":[2.49661,27.34231,6.10381],"rotation":{"angle":-22.5,"axis":"z","origin":[7.45381,11.38364,8]},"faces":{"north":{"uv":[2.5,7.1875,2.3125,6.5625],"rotation":270,"texture":"#0"},"east":{"uv":[2.5,6.5625,2.6875,6.75],"rotation":270,"texture":"#0"},"south":{"uv":[2.5,6.5625,2.3125,7.1875],"rotation":270,"texture":"#0"},"west":{"uv":[2.5,6.5625,2.6875,6.75],"rotation":270,"texture":"#0"},"up":{"uv":[2.3125,6.5625,2.5,7.1875],"rotation":270,"texture":"#0"},"down":{"uv":[2.3125,6.5625,2.5,7.1875],"rotation":270,"texture":"#0"}}},{"from":[6.95381,23,4.79619],"to":[8.95381,28,11.29619],"rotation":{"angle":0,"axis":"y","origin":[7.45381,11.38364,8]},"faces":{"north":{"uv":[4.1875,6.75,4.4375,7.375],"texture":"#0"},"east":{"uv":[3.375,6.75,4.1875,7.375],"texture":"#0"},"south":{"uv":[4.1875,6.75,4.4375,7.375],"texture":"#0"},"west":{"uv":[3.375,6.75,4.1875,7.375],"texture":"#0"},"up":{"uv":[1.6875,5.625,1.9375,6.4375],"texture":"#0"},"down":{"uv":[1.6875,5.625,1.9375,6.4375],"texture":"#0"}}},{"from":[7.95381,22,5.79619],"to":[8.95381,23,10.29619],"rotation":{"angle":0,"axis":"y","origin":[7.45381,11.38364,8]},"faces":{"north":{"uv":[3.25,7.1875,3.375,7.3125],"texture":"#0"},"east":{"uv":[3.0625,7.375,3.625,7.5],"texture":"#0"},"south":{"uv":[3.25,7.1875,3.375,7.3125],"texture":"#0"},"west":{"uv":[3.0625,7.375,3.625,7.5],"texture":"#0"},"up":{"uv":[4.4375,6.75,4.5625,7.3125],"rotation":180,"texture":"#0"},"down":{"uv":[4.4375,6.75,4.5625,7.3125],"rotation":180,"texture":"#0"}}},{"from":[7.25,3,7],"to":[8.75,20,9],"rotation":{"angle":0,"axis":"y","origin":[0,-8,0]},"faces":{"north":{"uv":[2.625,4.375,2.8125,6.5],"texture":"#0"},"east":{"uv":[2.4375,4.375,2.1875,6.5],"texture":"#0"},"south":{"uv":[2.4375,4.375,2.625,6.5],"texture":"#0"},"west":{"uv":[2.1875,4.375,2.4375,6.5],"texture":"#0"},"up":{"uv":[1.3125,3.625,1.5,3.875],"texture":"#0"},"down":{"uv":[1.3125,3.625,1.5,3.875],"texture":"#0"}}}],"gui_light":"front","display":{"thirdperson_righthand":{"translation":[0,3.75,1.5],"scale":[0.6,0.6,0.6]},"thirdperson_lefthand":{"rotation":[0,180,0],"translation":[0,3.75,1.5],"scale":[0.6,0.6,0.6]},"firstperson_righthand":{"rotation":[4,0,0],"translation":[1.25,4.75,2.25],"scale":[0.30469,0.30469,0.30469]},"firstperson_lefthand":{"rotation":[4,180,0],"translation":[1.25,4.75,2.25],"scale":[0.30469,0.30469,0.30469]},"ground":{"rotation":[-45,0,0],"translation":[0,9,0],"scale":[0.5,0.5,0.5]},"gui":{"rotation":[-90,-45,-90],"translation":[-0.75,-0.75,0],"scale":[0.46055,0.46055,0.46055]},"head":{"scale":[0,0,0]},"fixed":{"rotation":[0,-90,0],"translation":[0.25,5,-2.5],"scale":[1.3,1.3,1.3]}}}