{"credit":"MadewithBlockbench","texture_size":[128,128],"textures":{"0":"elitecreatures:item/zombie_apocalyptic_animated_weapon_set/zombie_texture_01","3":"elitecreatures:item/zombie_apocalyptic_animated_weapon_set/zombie_animation_03","particle":"elitecreatures:item/zombie_apocalyptic_animated_weapon_set/zombie_texture_01"},"elements":[{"from":[7.25,1,7],"to":[8.75,3,9],"rotation":{"angle":0,"axis":"y","origin":[0,-11,0]},"faces":{"north":{"uv":[0,5.6875,0.25,5.9375],"texture":"#0"},"east":{"uv":[0,5.6875,0.25,5.9375],"texture":"#0"},"south":{"uv":[0,5.6875,0.25,5.9375],"texture":"#0"},"west":{"uv":[0,5.6875,0.25,5.9375],"texture":"#0"},"up":{"uv":[0,4.75,0.1875,5],"texture":"#0"},"down":{"uv":[0,4.75,0.1875,5],"texture":"#0"}}},{"from":[8,10,4],"to":[8,22,9],"rotation":{"angle":0,"axis":"y","origin":[0,-11,0]},"faces":{"north":{"uv":[0,5.6875,0.25,5.9375],"texture":"#0"},"east":{"uv":[12.6875,0,12.0625,1.5],"texture":"#0"},"south":{"uv":[0,5.6875,0.25,5.9375],"texture":"#0"},"west":{"uv":[12.0625,0,12.6875,1.5],"texture":"#0"},"up":{"uv":[0,4.75,0.1875,5],"texture":"#0"},"down":{"uv":[0,4.75,0.1875,5],"texture":"#0"}}},{"from":[6.5,9,6.5],"to":[9.5,10.5,9.5],"rotation":{"angle":0,"axis":"y","origin":[8,5,8]},"faces":{"north":{"uv":[0,6.5625,0.375,6.75],"texture":"#0"},"east":{"uv":[0,6.5625,0.375,6.75],"texture":"#0"},"south":{"uv":[0,6.5625,0.375,6.75],"texture":"#0"},"west":{"uv":[0,6.5625,0.375,6.75],"texture":"#0"},"up":{"uv":[0,6.1875,0.375,6.5625],"rotation":90,"texture":"#0"},"down":{"uv":[0,6.1875,0.375,6.5625],"rotation":90,"texture":"#0"}}},{"from":[8.2,2.5,4.3],"to":[8.7,9.5,4.8],"rotation":{"angle":0,"axis":"y","origin":[0,-8,0]},"faces":{"north":{"uv":[1.5625,5.1875,1.625,6.0625],"texture":"#0"},"east":{"uv":[1.5625,5.1875,1.625,6.0625],"texture":"#0"},"south":{"uv":[1.5625,5.1875,1.625,6.0625],"texture":"#0"},"west":{"uv":[1.5625,5.1875,1.625,6.0625],"texture":"#0"},"up":{"uv":[0.625,3.1875,0.6875,3.25],"texture":"#0"},"down":{"uv":[0.625,3.1875,0.6875,3.25],"texture":"#0"}}},{"from":[7.3,2.5,4.3],"to":[7.8,9.5,4.8],"rotation":{"angle":0,"axis":"y","origin":[16,-8,0]},"faces":{"north":{"uv":[1.625,5.1875,1.5625,6.0625],"texture":"#0"},"east":{"uv":[1.625,5.1875,1.5625,6.0625],"texture":"#0"},"south":{"uv":[1.625,5.1875,1.5625,6.0625],"texture":"#0"},"west":{"uv":[1.625,5.1875,1.5625,6.0625],"texture":"#0"},"up":{"uv":[0.6875,3.1875,0.625,3.25],"texture":"#0"},"down":{"uv":[0.6875,3.1875,0.625,3.25],"texture":"#0"}}},{"from":[7.3,9.5,4.3],"to":[7.8,10,8.3],"rotation":{"angle":0,"axis":"y","origin":[8,6.5,3.55]},"faces":{"north":{"uv":[0.6875,3.1875,0.625,3.25],"rotation":180,"texture":"#0"},"east":{"uv":[1.625,5.1875,1.5625,5.6875],"rotation":90,"texture":"#0"},"south":{"uv":[0.6875,3.1875,0.625,3.25],"texture":"#0"},"west":{"uv":[1.625,5.1875,1.5625,5.6875],"rotation":270,"texture":"#0"},"up":{"uv":[1.625,5.1875,1.5625,5.6875],"texture":"#0"},"down":{"uv":[1.625,5.1875,1.5625,5.6875],"rotation":180,"texture":"#0"}}},{"from":[8.2,9.5,4.3],"to":[8.7,10,8.3],"rotation":{"angle":0,"axis":"y","origin":[8,6.5,3.55]},"faces":{"north":{"uv":[0.625,3.1875,0.6875,3.25],"rotation":180,"texture":"#0"},"east":{"uv":[1.625,5.6875,1.5625,5.1875],"rotation":270,"texture":"#0"},"south":{"uv":[0.625,3.1875,0.6875,3.25],"texture":"#0"},"west":{"uv":[1.625,5.6875,1.5625,5.1875],"rotation":90,"texture":"#0"},"up":{"uv":[1.5625,5.1875,1.625,5.6875],"texture":"#0"},"down":{"uv":[1.5625,5.1875,1.625,5.6875],"rotation":180,"texture":"#0"}}},{"from":[7.3,2,4.3],"to":[7.8,2.5,8.3],"rotation":{"angle":0,"axis":"y","origin":[8,9.5,3.55]},"faces":{"north":{"uv":[0.6875,3.25,0.625,3.1875],"rotation":180,"texture":"#0"},"east":{"uv":[1.5625,5.1875,1.625,5.6875],"rotation":90,"texture":"#0"},"south":{"uv":[0.6875,3.25,0.625,3.1875],"texture":"#0"},"west":{"uv":[1.5625,5.1875,1.625,5.6875],"rotation":270,"texture":"#0"},"up":{"uv":[1.625,5.6875,1.5625,5.1875],"rotation":180,"texture":"#0"},"down":{"uv":[1.625,5.6875,1.5625,5.1875],"texture":"#0"}}},{"from":[8.2,2,4.3],"to":[8.7,2.5,8.3],"rotation":{"angle":0,"axis":"y","origin":[8,9.5,3.55]},"faces":{"north":{"uv":[0.625,3.25,0.6875,3.1875],"rotation":180,"texture":"#0"},"east":{"uv":[1.5625,5.6875,1.625,5.1875],"rotation":270,"texture":"#0"},"south":{"uv":[0.625,3.25,0.6875,3.1875],"texture":"#0"},"west":{"uv":[1.5625,5.6875,1.625,5.1875],"rotation":90,"texture":"#0"},"up":{"uv":[1.5625,5.6875,1.625,5.1875],"rotation":180,"texture":"#0"},"down":{"uv":[1.5625,5.6875,1.625,5.1875],"texture":"#0"}}},{"from":[7,3,6.75],"to":[9,10,9.25],"rotation":{"angle":0,"axis":"y","origin":[0,-11,0]},"faces":{"north":{"uv":[0.3125,3.5625,0.5625,4.4375],"texture":"#0"},"east":{"uv":[0.3125,3.5625,0,4.4375],"texture":"#0"},"south":{"uv":[0.5625,3.5625,0.8125,4.4375],"texture":"#0"},"west":{"uv":[0,3.5625,0.3125,4.4375],"texture":"#0"},"up":{"uv":[0.375,3.25,0.625,3.5625],"texture":"#0"},"down":{"uv":[0.375,3.25,0.625,3.5625],"texture":"#0"}}},{"from":[8,-2,7],"to":[8,1,9],"rotation":{"angle":0,"axis":"y","origin":[0,-11,0]},"faces":{"north":{"uv":[0,4.4375,0.1875,5.8125],"texture":"#0"},"east":{"uv":[1.3125,6.125,1.0625,6.5],"texture":"#0"},"south":{"uv":[0,4.4375,0.1875,5.8125],"texture":"#0"},"west":{"uv":[1.0625,6.125,1.3125,6.5],"texture":"#0"},"up":{"uv":[0.625,3.1875,0.8125,3.4375],"texture":"#0"},"down":{"uv":[0.625,3.1875,0.8125,3.4375],"texture":"#0"}}},{"from":[9.5,9.5,6.7],"to":[10.5,10.5,7.7],"rotation":{"angle":0,"axis":"y","origin":[0,-11,0]},"faces":{"north":{"uv":[1.0625,4.3125,1.1875,4.4375],"texture":"#0"},"east":{"uv":[1.0625,4.3125,1.1875,4.4375],"texture":"#0"},"south":{"uv":[1.0625,4.3125,1.1875,4.4375],"texture":"#0"},"west":{"uv":[1.0625,4.3125,1.1875,4.4375],"texture":"#0"},"up":{"uv":[1.0625,4.3125,1.1875,4.4375],"rotation":90,"texture":"#0"},"down":{"uv":[1.0625,4.3125,1.1875,4.4375],"rotation":270,"texture":"#0"}}},{"from":[10.8,10,6.6],"to":[10.8,12.5,9.6],"rotation":{"angle":0,"axis":"y","origin":[8,5,8]},"faces":{"north":{"uv":[0,0,0,7],"texture":"#3"},"east":{"uv":[0,0,6,5],"texture":"#3"},"south":{"uv":[0,0,0,7],"texture":"#3"},"west":{"uv":[0,0,6,5],"texture":"#3"},"up":{"uv":[0,4,0,0],"texture":"#3"},"down":{"uv":[0,0,0,4],"texture":"#3"}}},{"from":[8.9,8,6.15],"to":[11.1,9,9.85],"rotation":{"angle":0,"axis":"y","origin":[0,-11,0]},"faces":{"north":{"uv":[1.0625,6,1.3125,6.125],"texture":"#0"},"east":{"uv":[1.0625,6,1.5,6.125],"texture":"#0"},"south":{"uv":[1.0625,6,1.3125,6.125],"texture":"#0"},"west":{"uv":[1.0625,6,1.5,6.125],"texture":"#0"},"up":{"uv":[1.0625,5.75,1.5,6],"rotation":90,"texture":"#0"},"down":{"uv":[1.0625,5.75,1.5,6],"rotation":270,"texture":"#0"}}},{"from":[9,5,6.25],"to":[11,10,9.75],"rotation":{"angle":0,"axis":"y","origin":[0,-11,0]},"faces":{"north":{"uv":[0.8125,5.9375,1.0625,6.5625],"texture":"#0"},"east":{"uv":[0.375,5.9375,0.8125,6.5625],"texture":"#0"},"south":{"uv":[1.0625,5.9375,0.8125,6.5625],"texture":"#0"},"west":{"uv":[0.375,5.9375,0.8125,6.5625],"texture":"#0"},"up":{"uv":[0.375,6.5625,0.8125,6.8125],"rotation":90,"texture":"#0"},"down":{"uv":[0.375,6.5625,0.8125,6.8125],"rotation":270,"texture":"#0"}}},{"from":[8.9,5.5,6.15],"to":[11.1,6.5,9.85],"rotation":{"angle":0,"axis":"y","origin":[0,-11,0]},"faces":{"north":{"uv":[1.0625,6,1.3125,6.125],"texture":"#0"},"east":{"uv":[1.0625,6,1.5,6.125],"texture":"#0"},"south":{"uv":[1.0625,6,1.3125,6.125],"texture":"#0"},"west":{"uv":[1.0625,6,1.5,6.125],"texture":"#0"},"up":{"uv":[1.0625,5.75,1.5,6],"rotation":90,"texture":"#0"},"down":{"uv":[1.0625,5.75,1.5,6],"rotation":270,"texture":"#0"}}},{"from":[9.5,9.5,8.3],"to":[10.5,10.5,9.3],"rotation":{"angle":0,"axis":"y","origin":[0,-11,0]},"faces":{"north":{"uv":[1.0625,4.3125,1.1875,4.4375],"texture":"#0"},"east":{"uv":[1.0625,4.3125,1.1875,4.4375],"texture":"#0"},"south":{"uv":[1.0625,4.3125,1.1875,4.4375],"texture":"#0"},"west":{"uv":[1.0625,4.3125,1.1875,4.4375],"texture":"#0"},"up":{"uv":[1.0625,4.3125,1.1875,4.4375],"rotation":90,"texture":"#0"},"down":{"uv":[1.0625,4.3125,1.1875,4.4375],"rotation":270,"texture":"#0"}}}],"gui_light":"front","display":{"thirdperson_righthand":{"translation":[0,-0.75,1.5],"scale":[0.6,0.6,0.6]},"thirdperson_lefthand":{"translation":[0,-0.75,1.5],"scale":[0.6,0.6,0.6]},"firstperson_righthand":{"rotation":[-90,0,0],"translation":[0.75,3.5,2.25],"scale":[0.38672,0.38672,0.38672]},"firstperson_lefthand":{"rotation":[-90,0,0],"translation":[0.75,3.5,2.25],"scale":[0.38672,0.38672,0.38672]},"ground":{"rotation":[180,0,0],"translation":[0,9,0],"scale":[0.6,0.6,0.6]},"gui":{"rotation":[-90,90,-90],"translation":[0.5,1.25,0],"scale":[0.60703,0.60703,0.60703]},"head":{"scale":[0,0,0]},"fixed":{"rotation":[0,-90,0],"translation":[-1.25,-2.5,-3.25],"scale":[1.3,1.3,1.3]}}}