{"credit":"MadewithBlockbench","texture_size":[128,128],"textures":{"0":"elitecreatures:item/zombie_apocalyptic_animated_weapon_set/zombie_texture_01","particle":"elitecreatures:item/zombie_apocalyptic_animated_weapon_set/zombie_texture_01"},"elements":[{"from":[7,-5.2,12],"to":[9,2.8,16],"rotation":{"angle":-22.5,"axis":"x","origin":[0,-1.2,-3]},"faces":{"north":{"uv":[5.5625,5.125,5.8125,6.125],"texture":"#0"},"east":{"uv":[5.0625,5.125,5.5625,6.125],"texture":"#0"},"south":{"uv":[5.5625,5.125,5.8125,6.125],"texture":"#0"},"west":{"uv":[5.0625,5.125,5.5625,6.125],"texture":"#0"},"up":{"uv":[5.475,4.5,5.725,5],"texture":"#0"},"down":{"uv":[5.475,4.5,5.725,5],"texture":"#0"}}},{"from":[8,4.8,7],"to":[8,7.8,10],"rotation":{"angle":0,"axis":"y","origin":[0,-1.2,-3]},"faces":{"north":{"uv":[5.5625,5.125,5.8125,6.125],"texture":"#0"},"east":{"uv":[6.8125,0,7.1875,0.375],"texture":"#0"},"south":{"uv":[5.5625,5.125,5.8125,6.125],"texture":"#0"},"west":{"uv":[6.8125,0,7.1875,0.375],"texture":"#0"},"up":{"uv":[5.475,4.5,5.725,5],"texture":"#0"},"down":{"uv":[5.475,4.5,5.725,5],"texture":"#0"}}},{"from":[6.5,-5.5,13],"to":[9.5,-1.2,15],"rotation":{"angle":-22.5,"axis":"x","origin":[0,-1.2,-3]},"faces":{"north":{"uv":[6.5625,4.625,6.9375,5.1625],"texture":"#0"},"east":{"uv":[6.3125,4.625,6.5625,5.1625],"texture":"#0"},"south":{"uv":[6.5625,4.625,6.9375,5.1625],"texture":"#0"},"west":{"uv":[6.3125,4.625,6.5625,5.1625],"texture":"#0"},"up":{"uv":[6.35,5.1875,6.725,5.4375],"texture":"#0"},"down":{"uv":[6.35,5.1875,6.725,5.4375],"texture":"#0"}}},{"from":[8.2,4.8,6.4],"to":[8.7,8.7,6.9],"rotation":{"angle":22.5,"axis":"x","origin":[8,6.7,7.65]},"faces":{"north":{"uv":[1.5625,5.1875,1.625,5.6875],"texture":"#0"},"east":{"uv":[1.5625,5.1875,1.625,5.6875],"texture":"#0"},"south":{"uv":[1.5625,5.1875,1.625,5.6875],"texture":"#0"},"west":{"uv":[1.5625,5.1875,1.625,5.6875],"texture":"#0"},"up":{"uv":[0.625,3.1875,0.6875,3.25],"texture":"#0"},"down":{"uv":[0.625,3.1875,0.6875,3.25],"texture":"#0"}}},{"from":[7.3,4.8,6.4],"to":[7.8,8.7,6.9],"rotation":{"angle":22.5,"axis":"x","origin":[8,6.7,7.65]},"faces":{"north":{"uv":[1.625,5.1875,1.5625,5.6875],"texture":"#0"},"east":{"uv":[1.625,5.1875,1.5625,5.6875],"texture":"#0"},"south":{"uv":[1.625,5.1875,1.5625,5.6875],"texture":"#0"},"west":{"uv":[1.625,5.1875,1.5625,5.6875],"texture":"#0"},"up":{"uv":[0.6875,3.1875,0.625,3.25],"texture":"#0"},"down":{"uv":[0.6875,3.1875,0.625,3.25],"texture":"#0"}}},{"from":[8.2,4.05,7.15],"to":[8.7,4.55,12.15],"rotation":{"angle":0,"axis":"y","origin":[8,6.7,7.65]},"faces":{"north":{"uv":[0.625,3.1875,0.6875,3.25],"rotation":180,"texture":"#0"},"east":{"uv":[1.625,5.75,1.5625,6.375],"rotation":90,"texture":"#0"},"south":{"uv":[0.625,3.1875,0.6875,3.25],"texture":"#0"},"west":{"uv":[1.625,5.75,1.5625,6.375],"rotation":270,"texture":"#0"},"up":{"uv":[1.5625,6.375,1.625,5.75],"rotation":180,"texture":"#0"},"down":{"uv":[1.5625,5.75,1.625,6.375],"rotation":180,"texture":"#0"}}},{"from":[7.3,4.05,7.15],"to":[7.8,4.55,12.15],"rotation":{"angle":0,"axis":"y","origin":[8,6.7,7.65]},"faces":{"north":{"uv":[0.6875,3.1875,0.625,3.25],"rotation":180,"texture":"#0"},"east":{"uv":[1.625,6.375,1.5625,5.75],"rotation":270,"texture":"#0"},"south":{"uv":[0.6875,3.1875,0.625,3.25],"texture":"#0"},"west":{"uv":[1.625,6.375,1.5625,5.75],"rotation":90,"texture":"#0"},"up":{"uv":[1.625,6.375,1.5625,5.75],"rotation":180,"texture":"#0"},"down":{"uv":[1.625,5.75,1.5625,6.375],"rotation":180,"texture":"#0"}}},{"from":[8.2,4.45,7.25],"to":[8.6,4.95,9.15],"rotation":{"angle":45,"axis":"x","origin":[8,6.7,7.65]},"faces":{"north":{"uv":[0.625,3.1875,0.6875,3.25],"rotation":180,"texture":"#0"},"east":{"uv":[1.5625,5.5625,1.625,5.8125],"texture":"#0"},"south":{"uv":[0.625,3.1875,0.6875,3.25],"texture":"#0"},"west":{"uv":[1.5625,5.5625,1.625,5.8125],"texture":"#0"},"up":{"uv":[1.5625,5.5625,1.625,5.8125],"texture":"#0"},"down":{"uv":[1.5625,5.5625,1.625,5.8125],"texture":"#0"}}},{"from":[7.4,4.45,7.25],"to":[7.8,4.95,9.15],"rotation":{"angle":45,"axis":"x","origin":[8,6.7,7.65]},"faces":{"north":{"uv":[0.6875,3.1875,0.625,3.25],"rotation":180,"texture":"#0"},"east":{"uv":[1.625,5.5625,1.5625,5.8125],"rotation":90,"texture":"#0"},"south":{"uv":[0.6875,3.1875,0.625,3.25],"texture":"#0"},"west":{"uv":[1.625,5.5625,1.5625,5.8125],"rotation":90,"texture":"#0"},"up":{"uv":[1.625,5.5625,1.5625,5.8125],"rotation":90,"texture":"#0"},"down":{"uv":[1.625,5.5625,1.5625,5.8125],"rotation":90,"texture":"#0"}}},{"from":[6.5,7.5,12],"to":[9.5,13.5,14.5],"rotation":{"angle":0,"axis":"y","origin":[0,0,-3]},"faces":{"north":{"uv":[6.3125,4.1875,6.6875,3.4375],"texture":"#0"},"east":{"uv":[6.3125,3.4375,6,4.1875],"texture":"#0"},"south":{"uv":[6.3125,3.4375,6.6875,4.1875],"texture":"#0"},"west":{"uv":[6,3.4375,6.3125,4.1875],"texture":"#0"},"up":{"uv":[6.375,3.125,6.75,3.4375],"texture":"#0"},"down":{"uv":[6.375,3.125,6.75,3.4375],"texture":"#0"}}},{"from":[6.75,8,14.5],"to":[9.25,11,15],"rotation":{"angle":0,"axis":"y","origin":[0,0,-3]},"faces":{"north":{"uv":[7,3.0625,7.3125,3.4375],"texture":"#0"},"east":{"uv":[7.3125,3.0625,7.375,3.4375],"texture":"#0"},"south":{"uv":[7,3.0625,7.3125,3.4375],"texture":"#0"},"west":{"uv":[7.3125,3.0625,7.375,3.4375],"texture":"#0"},"up":{"uv":[7,3.4375,7.3125,3.5],"texture":"#0"},"down":{"uv":[7,3.4375,7.3125,3.5],"texture":"#0"}}},{"from":[6.5,7.5,0.5],"to":[9.5,14,7],"rotation":{"angle":0,"axis":"y","origin":[0,0,-2]},"faces":{"north":{"uv":[5.625,3.4375,6,4.25],"texture":"#0"},"east":{"uv":[5.625,3.4375,4.8125,4.25],"texture":"#0"},"south":{"uv":[5.625,4.25,6,3.4375],"texture":"#0"},"west":{"uv":[4.8125,3.4375,5.625,4.25],"texture":"#0"},"up":{"uv":[4.5625,3.0625,5.375,3.4375],"rotation":90,"texture":"#0"},"down":{"uv":[5.375,3.0625,4.5625,3.4375],"rotation":90,"texture":"#0"}}},{"from":[6.5,14,1.5],"to":[9.5,16.5,1.5],"rotation":{"angle":0,"axis":"y","origin":[0,0,-2]},"faces":{"north":{"uv":[7.25,2.5,6.875,2.8125],"texture":"#0"},"east":{"uv":[2.4375,1.1875,2.9375,1.625],"texture":"#missing"},"south":{"uv":[6.875,2.5,7.25,2.8125],"texture":"#0"},"west":{"uv":[2.4375,1.1875,2.9375,1.625],"texture":"#missing"},"up":{"uv":[3.25,1.1875,3.75,1.5],"rotation":90,"texture":"#missing"},"down":{"uv":[3.25,1.1875,3.75,1.5],"rotation":90,"texture":"#missing"}}},{"from":[6.5,14,1.7],"to":[9.5,16.5,1.7],"rotation":{"angle":0,"axis":"y","origin":[0,0,-2]},"faces":{"north":{"uv":[7.25,2.5,6.875,2.8125],"texture":"#0"},"east":{"uv":[2.4375,1.1875,2.9375,1.625],"texture":"#missing"},"south":{"uv":[6.875,2.5,7.25,2.8125],"texture":"#0"},"west":{"uv":[2.4375,1.1875,2.9375,1.625],"texture":"#missing"},"up":{"uv":[3.25,1.1875,3.75,1.5],"rotation":90,"texture":"#missing"},"down":{"uv":[3.25,1.1875,3.75,1.5],"rotation":90,"texture":"#missing"}}},{"from":[6.75,10.85,16],"to":[9.25,13.35,17.5],"rotation":{"angle":0,"axis":"y","origin":[0,-1,-2]},"faces":{"north":{"uv":[5.0625,2.1875,5.375,2.5],"rotation":270,"texture":"#0"},"east":{"uv":[5.5,3.0625,5.8125,2.875],"rotation":270,"texture":"#0"},"south":{"uv":[5.0625,2.1875,5.375,2.5],"rotation":270,"texture":"#0"},"west":{"uv":[5.5,2.875,5.8125,3.0625],"rotation":270,"texture":"#0"},"up":{"uv":[5.8125,3.0625,5.5,2.875],"rotation":180,"texture":"#0"},"down":{"uv":[5.5,2.875,5.8125,3.0625],"rotation":180,"texture":"#0"}}},{"from":[7.25,11.4,5],"to":[8.75,12.9,16],"rotation":{"angle":0,"axis":"y","origin":[0,-1,-2]},"faces":{"north":{"uv":[6.8125,4.4375,7,4.625],"rotation":270,"texture":"#0"},"east":{"uv":[6.8125,3.25,7,4.625],"rotation":270,"texture":"#0"},"south":{"uv":[6.8125,4.4375,7,4.625],"rotation":270,"texture":"#0"},"west":{"uv":[6.8125,3.25,7,4.625],"rotation":270,"texture":"#0"},"up":{"uv":[5.8125,2.875,7.1875,3.0625],"rotation":270,"texture":"#0"},"down":{"uv":[5.8125,2.875,7.1875,3.0625],"rotation":270,"texture":"#0"}}},{"from":[6,7.8,10.5],"to":[10,9.3,13.5],"rotation":{"angle":0,"axis":"y","origin":[0,-1,-2]},"faces":{"north":{"uv":[5.75,4.625,5.9375,5.125],"rotation":270,"texture":"#0"},"east":{"uv":[6.25,4.25,6.4375,4.625],"rotation":270,"texture":"#0"},"south":{"uv":[5.75,4.625,5.9375,5.125],"rotation":270,"texture":"#0"},"west":{"uv":[6.25,4.25,6.4375,4.625],"rotation":270,"texture":"#0"},"up":{"uv":[5.75,4.25,6.25,4.625],"rotation":180,"texture":"#0"},"down":{"uv":[5.75,4.25,6.25,4.625],"rotation":180,"texture":"#0"}}},{"from":[7,9,9],"to":[9,11,12],"rotation":{"angle":0,"axis":"y","origin":[0,0,-2]},"faces":{"north":{"uv":[6.0625,4.625,6.3125,4.875],"texture":"#0"},"east":{"uv":[6.3125,4.625,5.9375,4.875],"texture":"#0"},"south":{"uv":[6.0625,4.625,6.3125,4.875],"texture":"#0"},"west":{"uv":[5.9375,4.625,6.3125,4.875],"texture":"#0"},"up":{"uv":[6.4375,4.1875,6.8125,4.4375],"rotation":90,"texture":"#0"},"down":{"uv":[6.4375,4.1875,6.8125,4.4375],"rotation":90,"texture":"#0"}}},{"from":[7,9,7],"to":[9,13.5,9],"rotation":{"angle":0,"axis":"y","origin":[0,0,-2]},"faces":{"north":{"uv":[6.0625,5.125,6.3125,5.6875],"texture":"#0"},"east":{"uv":[6.0625,5.125,5.8125,5.6875],"texture":"#0"},"south":{"uv":[6.0625,5.125,6.3125,5.6875],"texture":"#0"},"west":{"uv":[5.8125,5.125,6.0625,5.6875],"texture":"#0"},"up":{"uv":[5.9375,4.875,6.1875,5.125],"rotation":90,"texture":"#0"},"down":{"uv":[5.9375,4.875,6.1875,5.125],"rotation":90,"texture":"#0"}}},{"from":[7,7.6,7],"to":[9,9,9],"rotation":{"angle":0,"axis":"y","origin":[0,0,-2]},"faces":{"north":{"uv":[6.0625,5.125,6.3125,5.3125],"texture":"#0"},"east":{"uv":[6.625,5.75,6.875,5.9375],"texture":"#0"},"south":{"uv":[6.0625,5.125,6.3125,5.3125],"texture":"#0"},"west":{"uv":[6.625,5.75,6.875,5.9375],"texture":"#0"},"up":{"uv":[6.625,5.9375,6.875,6.1875],"rotation":90,"texture":"#0"},"down":{"uv":[6.625,5.9375,6.875,6.1875],"rotation":90,"texture":"#0"}}},{"from":[6.5,7.5,7.2],"to":[9.5,10,12],"faces":{"north":{"uv":[5.0625,4.25,5.4375,4.5],"texture":"#0"},"east":{"uv":[6.3125,5.4375,6.9375,5.75],"texture":"#0"},"south":{"uv":[5.0625,4.25,5.4375,4.5],"texture":"#0"},"west":{"uv":[6.3125,5.4375,6.9375,5.75],"texture":"#0"},"up":{"uv":[5.0625,4.5,5.4375,5.125],"texture":"#0"},"down":{"uv":[5.0625,4.5,5.4375,5.125],"texture":"#0"}}},{"from":[6.25,7.3,-0.2],"to":[9.75,10.8,6.3],"faces":{"north":{"uv":[4.5625,6.75,5,7.1875],"texture":"#0"},"east":{"uv":[6.625,5.75,5.8125,6.1875],"texture":"#0"},"south":{"uv":[4.5625,6.75,5,7.1875],"texture":"#0"},"west":{"uv":[5.8125,5.75,6.625,6.1875],"texture":"#0"},"up":{"uv":[5.0625,6.125,5.5,6.9375],"texture":"#0"},"down":{"uv":[5.5,6.1875,5.9375,7],"texture":"#0"}}},{"from":[8,6,-4.5],"to":[8,9,5.5],"faces":{"north":{"uv":[0,0,0,0.375],"texture":"#missing"},"east":{"uv":[8.4375,0,7.1875,0.375],"texture":"#0"},"south":{"uv":[0,0,0,0.375],"texture":"#missing"},"west":{"uv":[7.1875,0,8.4375,0.375],"texture":"#0"},"up":{"uv":[0,0,0,1],"texture":"#0"},"down":{"uv":[0,0,0,1],"texture":"#missing"}}}],"gui_light":"front","display":{"thirdperson_righthand":{"translation":[0,0.75,0.25],"scale":[0.6,0.6,0.6]},"thirdperson_lefthand":{"translation":[0,0.75,0.25],"scale":[0.6,0.6,0.6]},"firstperson_righthand":{"translation":[1.75,3,0.5],"scale":[0.46875,0.46875,0.46875]},"firstperson_lefthand":{"translation":[1.75,3,0.5],"scale":[0.46875,0.46875,0.46875]},"ground":{"translation":[0,6,0],"scale":[0.65,0.65,0.65]},"gui":{"rotation":[180,-90,180],"translation":[-0.75,0,0],"scale":[0.68711,0.68711,0.68711]},"head":{"scale":[0,0,0]},"fixed":{"rotation":[0,-90,0],"translation":[-1.25,-1.25,-2],"scale":[1.4,1.4,1.4]}}}