{"credit":"MadewithBlockbench","texture_size":[128,128],"textures":{"0":"elitecreatures:item/zombie_apocalyptic_animated_weapon_set/zombie_texture_01","2":"elitecreatures:item/zombie_apocalyptic_animated_weapon_set/zombie_animation_02","4":"elitecreatures:item/zombie_apocalyptic_animated_weapon_set/zombie_animation_04","particle":"elitecreatures:item/zombie_apocalyptic_animated_weapon_set/zombie_texture_01"},"elements":[{"from":[9,14,2],"to":[10,17,14],"rotation":{"angle":0,"axis":"y","origin":[9,-4,0]},"faces":{"north":{"uv":[14.625,13.25,14.5,13.625],"texture":"#0"},"east":{"uv":[16,13.25,14.5,13.625],"texture":"#0"},"south":{"uv":[14.625,13.25,14.5,13.625],"texture":"#0"},"west":{"uv":[16,13.25,14.5,13.625],"texture":"#0"},"up":{"uv":[16,13.25,14.5,13.125],"rotation":90,"texture":"#0"},"down":{"uv":[16,13.25,14.5,13.125],"rotation":90,"texture":"#0"}}},{"from":[9.2,17.3,8],"to":[9.7,17.8,14],"rotation":{"angle":0,"axis":"y","origin":[7.55,20,6.45]},"faces":{"north":{"uv":[0.6875,3.25,0.625,3.1875],"rotation":180,"texture":"#0"},"east":{"uv":[1.5625,5.625,1.625,6.375],"rotation":90,"texture":"#0"},"south":{"uv":[0.6875,3.25,0.625,3.1875],"texture":"#0"},"west":{"uv":[1.5625,5.625,1.625,6.375],"rotation":90,"texture":"#0"},"up":{"uv":[1.5625,5.625,1.625,6.375],"texture":"#0"},"down":{"uv":[1.5625,5.625,1.625,6.375],"texture":"#0"}}},{"from":[9.2,17.3,2],"to":[9.7,17.8,8],"rotation":{"angle":0,"axis":"y","origin":[7.55,20,9.55]},"faces":{"north":{"uv":[0.625,3.25,0.6875,3.1875],"texture":"#0"},"east":{"uv":[1.5625,6.375,1.625,5.625],"rotation":90,"texture":"#0"},"south":{"uv":[0.625,3.25,0.6875,3.1875],"rotation":180,"texture":"#0"},"west":{"uv":[1.5625,6.375,1.625,5.625],"rotation":90,"texture":"#0"},"up":{"uv":[1.5625,6.375,1.625,5.625],"texture":"#0"},"down":{"uv":[1.5625,6.375,1.625,5.625],"texture":"#0"}}},{"from":[9.2,18.2,8],"to":[9.7,18.7,14],"rotation":{"angle":0,"axis":"y","origin":[7.55,20,6.45]},"faces":{"north":{"uv":[0.6875,3.25,0.625,3.1875],"rotation":180,"texture":"#0"},"east":{"uv":[1.5625,5.625,1.625,6.375],"rotation":90,"texture":"#0"},"south":{"uv":[0.6875,3.25,0.625,3.1875],"texture":"#0"},"west":{"uv":[1.5625,5.625,1.625,6.375],"rotation":90,"texture":"#0"},"up":{"uv":[1.5625,5.625,1.625,6.375],"texture":"#0"},"down":{"uv":[1.5625,5.625,1.625,6.375],"texture":"#0"}}},{"from":[9.2,18.2,2],"to":[9.7,18.7,8],"rotation":{"angle":0,"axis":"y","origin":[7.55,20,9.55]},"faces":{"north":{"uv":[0.625,3.25,0.6875,3.1875],"texture":"#0"},"east":{"uv":[1.5625,6.375,1.625,5.625],"rotation":90,"texture":"#0"},"south":{"uv":[0.625,3.25,0.6875,3.1875],"rotation":180,"texture":"#0"},"west":{"uv":[1.5625,6.375,1.625,5.625],"rotation":90,"texture":"#0"},"up":{"uv":[1.5625,6.375,1.625,5.625],"texture":"#0"},"down":{"uv":[1.5625,6.375,1.625,5.625],"texture":"#0"}}},{"from":[9.2,9.45,9.25],"to":[9.7,15.45,9.75],"rotation":{"angle":0,"axis":"y","origin":[7.55,20,9.55]},"faces":{"north":{"uv":[1.5625,6.375,1.625,5.625],"rotation":180,"texture":"#0"},"east":{"uv":[1.5625,6.375,1.625,5.625],"rotation":180,"texture":"#0"},"south":{"uv":[1.5625,6.375,1.625,5.625],"texture":"#0"},"west":{"uv":[1.5625,6.375,1.625,5.625],"texture":"#0"},"up":{"uv":[0.625,3.25,0.6875,3.1875],"rotation":180,"texture":"#0"},"down":{"uv":[0.625,3.25,0.6875,3.1875],"rotation":180,"texture":"#0"}}},{"from":[9.2,9.45,7.75],"to":[9.7,15.45,8.25],"rotation":{"angle":0,"axis":"y","origin":[7.55,20,9.55]},"faces":{"north":{"uv":[1.5625,6.375,1.625,5.625],"rotation":180,"texture":"#0"},"east":{"uv":[1.5625,6.375,1.625,5.625],"rotation":180,"texture":"#0"},"south":{"uv":[1.5625,6.375,1.625,5.625],"texture":"#0"},"west":{"uv":[1.5625,6.375,1.625,5.625],"texture":"#0"},"up":{"uv":[0.625,3.25,0.6875,3.1875],"rotation":180,"texture":"#0"},"down":{"uv":[0.625,3.25,0.6875,3.1875],"rotation":180,"texture":"#0"}}},{"from":[9.2,9.45,6.25],"to":[9.7,15.45,6.75],"rotation":{"angle":0,"axis":"y","origin":[7.55,20,9.55]},"faces":{"north":{"uv":[1.5625,6.375,1.625,5.625],"rotation":180,"texture":"#0"},"east":{"uv":[1.5625,6.375,1.625,5.625],"rotation":180,"texture":"#0"},"south":{"uv":[1.5625,6.375,1.625,5.625],"texture":"#0"},"west":{"uv":[1.5625,6.375,1.625,5.625],"texture":"#0"},"up":{"uv":[0.625,3.25,0.6875,3.1875],"rotation":180,"texture":"#0"},"down":{"uv":[0.625,3.25,0.6875,3.1875],"rotation":180,"texture":"#0"}}},{"from":[9.2,9.45,4.75],"to":[9.7,15.45,5.25],"rotation":{"angle":0,"axis":"y","origin":[7.55,20,9.55]},"faces":{"north":{"uv":[1.5625,6.375,1.625,5.625],"rotation":180,"texture":"#0"},"east":{"uv":[1.5625,6.375,1.625,5.625],"rotation":180,"texture":"#0"},"south":{"uv":[1.5625,6.375,1.625,5.625],"texture":"#0"},"west":{"uv":[1.5625,6.375,1.625,5.625],"texture":"#0"},"up":{"uv":[0.625,3.25,0.6875,3.1875],"rotation":180,"texture":"#0"},"down":{"uv":[0.625,3.25,0.6875,3.1875],"rotation":180,"texture":"#0"}}},{"from":[9.2,9.45,10.75],"to":[9.7,15.45,11.25],"rotation":{"angle":0,"axis":"y","origin":[7.55,20,9.55]},"faces":{"north":{"uv":[1.5625,6.375,1.625,5.625],"rotation":180,"texture":"#0"},"east":{"uv":[1.5625,6.375,1.625,5.625],"rotation":180,"texture":"#0"},"south":{"uv":[1.5625,6.375,1.625,5.625],"texture":"#0"},"west":{"uv":[1.5625,6.375,1.625,5.625],"texture":"#0"},"up":{"uv":[0.625,3.25,0.6875,3.1875],"rotation":180,"texture":"#0"},"down":{"uv":[0.625,3.25,0.6875,3.1875],"rotation":180,"texture":"#0"}}},{"from":[9,-8,2],"to":[10,10,14],"rotation":{"angle":0,"axis":"y","origin":[9,-4,0]},"faces":{"north":{"uv":[14.5,13.75,14.375,16],"texture":"#0"},"east":{"uv":[16,13.75,14.5,16],"texture":"#0"},"south":{"uv":[14.5,13.75,14.375,16],"texture":"#0"},"west":{"uv":[16,13.75,14.5,16],"texture":"#0"},"up":{"uv":[16,13.75,14.5,13.625],"rotation":90,"texture":"#0"},"down":{"uv":[16,13.75,14.5,13.625],"rotation":90,"texture":"#0"}}},{"from":[11,-3.5,13],"to":[15,4.5,13],"rotation":{"angle":-45,"axis":"y","origin":[12,0.5,12]},"faces":{"north":{"uv":[2.25,2,1.75,1],"texture":"#0"},"east":{"uv":[0,0,0,5],"texture":"#missing"},"south":{"uv":[1.75,2,2.25,1],"texture":"#0"},"west":{"uv":[0,0,0,5],"texture":"#missing"},"up":{"uv":[0,0,0,2],"rotation":270,"texture":"#missing"},"down":{"uv":[0,0,0,2],"rotation":90,"texture":"#missing"}}},{"from":[12,7.5,-0.7],"to":[16,15.5,-0.7],"rotation":{"angle":45,"axis":"y","origin":[12,0.5,4]},"faces":{"north":{"uv":[2.25,2,1.75,1],"texture":"#0"},"east":{"uv":[0,0,0,5],"texture":"#missing"},"south":{"uv":[1.75,2,2.25,1],"texture":"#0"},"west":{"uv":[0,0,0,5],"texture":"#missing"},"up":{"uv":[0,0,0,2],"rotation":270,"texture":"#missing"},"down":{"uv":[0,0,0,2],"rotation":90,"texture":"#missing"}}},{"from":[12,7.5,2.5],"to":[14,9,4],"rotation":{"angle":45,"axis":"y","origin":[8,11.75,7.75]},"faces":{"north":{"uv":[0.3125,3.0625,0.5625,3.25],"texture":"#0"},"east":{"uv":[0.4375,2.8125,0.625,3],"texture":"#0"},"south":{"uv":[0.3125,3.0625,0.5625,3.25],"texture":"#0"},"west":{"uv":[0.4375,2.8125,0.625,3],"texture":"#0"},"up":{"uv":[0.3125,3.0625,0.5625,3.25],"texture":"#0"},"down":{"uv":[0.3125,3.0625,0.5625,3.25],"texture":"#0"}}},{"from":[8.5,-2.5,2],"to":[10.5,-0.5,14],"rotation":{"angle":0,"axis":"y","origin":[9,-4.5,0]},"faces":{"north":{"uv":[12.5,15.75,12.25,16],"texture":"#0"},"east":{"uv":[14,15.75,12.5,16],"texture":"#0"},"south":{"uv":[12.5,15.75,12.25,16],"texture":"#0"},"west":{"uv":[14,15.75,12.5,16],"texture":"#0"},"up":{"uv":[14,15.75,12.5,15.5],"rotation":90,"texture":"#0"},"down":{"uv":[14,15.75,12.5,15.5],"rotation":90,"texture":"#0"}}},{"from":[9,10,12],"to":[10,14,14],"rotation":{"angle":0,"axis":"y","origin":[9,-4,16]},"faces":{"north":{"uv":[15,12.625,14.875,13.125],"texture":"#0"},"east":{"uv":[14.625,12.625,14.875,13.125],"texture":"#0"},"south":{"uv":[15,12.625,14.875,13.125],"texture":"#0"},"west":{"uv":[14.875,12.625,14.625,13.125],"texture":"#0"},"up":{"uv":[15,12.625,14.875,12.875],"texture":"#0"},"down":{"uv":[15,12.625,14.875,12.875],"texture":"#0"}}},{"from":[8.7,-8,13.3],"to":[9.7,17,16.3],"rotation":{"angle":-45,"axis":"y","origin":[9,9,14]},"faces":{"north":{"uv":[14.125,12.875,14,16],"texture":"#0"},"east":{"uv":[14.125,12.875,14.5,16],"texture":"#0"},"south":{"uv":[14.125,12.875,14,16],"texture":"#0"},"west":{"uv":[14.125,12.875,14.5,16],"texture":"#0"},"up":{"uv":[14.625,12.75,14.5,13.125],"texture":"#0"},"down":{"uv":[14.625,12.75,14.5,13.125],"texture":"#0"}}},{"from":[8.7,-8,-0.3],"to":[9.7,17,2.7],"rotation":{"angle":45,"axis":"y","origin":[9,9,2]},"faces":{"north":{"uv":[14,12.875,14.125,16],"texture":"#0"},"east":{"uv":[14.5,12.875,14.125,16],"texture":"#0"},"south":{"uv":[14,12.875,14.125,16],"texture":"#0"},"west":{"uv":[14.5,12.875,14.125,16],"texture":"#0"},"up":{"uv":[14.625,13.125,14.5,12.75],"texture":"#0"},"down":{"uv":[14.625,13.125,14.5,12.75],"texture":"#0"}}},{"from":[8.7,17,13.3],"to":[9.7,19,16.3],"rotation":{"angle":-45,"axis":"y","origin":[9,11,14]},"faces":{"north":{"uv":[14.125,13.75,14,14],"texture":"#0"},"east":{"uv":[14.125,13.125,14.5,13.375],"texture":"#0"},"south":{"uv":[14.125,13.125,14,13.375],"texture":"#0"},"west":{"uv":[14.125,13.125,14.5,13.375],"texture":"#0"},"up":{"uv":[14.125,13.75,14,14.125],"texture":"#0"},"down":{"uv":[14.625,13,14.5,13.375],"texture":"#0"}}},{"from":[8.7,17,-0.3],"to":[9.7,19,2.7],"rotation":{"angle":45,"axis":"y","origin":[9,11,2]},"faces":{"north":{"uv":[14,13.125,14.125,13.375],"texture":"#0"},"east":{"uv":[14.5,13.125,14.125,13.375],"texture":"#0"},"south":{"uv":[14,13.75,14.125,14],"texture":"#0"},"west":{"uv":[14.5,13.125,14.125,13.375],"texture":"#0"},"up":{"uv":[14.125,14.125,14,13.75],"texture":"#0"},"down":{"uv":[14.625,13.375,14.5,13],"texture":"#0"}}},{"from":[8.5,-2.5,-2],"to":[10.5,-0.5,2],"rotation":{"angle":45,"axis":"y","origin":[10.5,-1.5,2]},"faces":{"north":{"uv":[12.375,15.75,12.625,16],"texture":"#0"},"east":{"uv":[13.3125,15.75,12.8125,16],"texture":"#0"},"south":{"uv":[12.375,15.75,12.625,16],"texture":"#0"},"west":{"uv":[13.3125,15.75,12.8125,16],"texture":"#0"},"up":{"uv":[13.8125,16,13.5625,15.5],"texture":"#0"},"down":{"uv":[13.4375,16,13.1875,15.5],"texture":"#0"}}},{"from":[8.5,-2.5,14],"to":[10.5,-0.5,18],"rotation":{"angle":-45,"axis":"y","origin":[10.5,-1.5,14]},"faces":{"north":{"uv":[12.625,15.75,12.375,16],"texture":"#0"},"east":{"uv":[12.8125,15.75,13.3125,16],"texture":"#0"},"south":{"uv":[12.625,15.75,12.375,16],"texture":"#0"},"west":{"uv":[12.8125,15.75,13.3125,16],"texture":"#0"},"up":{"uv":[13.8125,15.5,13.5625,16],"texture":"#0"},"down":{"uv":[13.4375,15.5,13.1875,16],"texture":"#0"}}},{"from":[8.5,13.9,14],"to":[10.5,15.9,18],"rotation":{"angle":-45,"axis":"y","origin":[10.5,14.9,14]},"faces":{"north":{"uv":[12.625,15.75,12.375,16],"texture":"#0"},"east":{"uv":[12.8125,15.75,13.3125,16],"texture":"#0"},"south":{"uv":[12.625,15.75,12.375,16],"texture":"#0"},"west":{"uv":[12.8125,15.75,13.3125,16],"texture":"#0"},"up":{"uv":[13.8125,15.5,13.5625,16],"texture":"#0"},"down":{"uv":[13.4375,15.5,13.1875,16],"texture":"#0"}}},{"from":[8.5,13.9,2],"to":[10.5,15.9,14],"rotation":{"angle":0,"axis":"y","origin":[9,11.9,0]},"faces":{"north":{"uv":[12.5,15.75,12.25,16],"texture":"#0"},"east":{"uv":[14,15.75,12.5,16],"texture":"#0"},"south":{"uv":[12.5,15.75,12.25,16],"texture":"#0"},"west":{"uv":[14,15.75,12.5,16],"texture":"#0"},"up":{"uv":[14,15.75,12.5,15.5],"rotation":90,"texture":"#0"},"down":{"uv":[14,15.75,12.5,15.5],"rotation":90,"texture":"#0"}}},{"from":[8.5,13.9,-2],"to":[10.5,15.9,2],"rotation":{"angle":45,"axis":"y","origin":[10.5,14.9,2]},"faces":{"north":{"uv":[12.375,15.75,12.625,16],"texture":"#0"},"east":{"uv":[13.3125,15.75,12.8125,16],"texture":"#0"},"south":{"uv":[12.375,15.75,12.625,16],"texture":"#0"},"west":{"uv":[13.3125,15.75,12.8125,16],"texture":"#0"},"up":{"uv":[13.8125,16,13.5625,15.5],"texture":"#0"},"down":{"uv":[13.4375,16,13.1875,15.5],"texture":"#0"}}},{"from":[10,0.5,9.7],"to":[11,1.5,12.2],"rotation":{"angle":0,"axis":"y","origin":[9,-1,0]},"faces":{"north":{"uv":[15.8125,12.875,15.6875,13],"texture":"#0"},"east":{"uv":[16,13,15.6875,13.125],"texture":"#0"},"south":{"uv":[15.8125,12.875,15.6875,13],"texture":"#0"},"west":{"uv":[16,13,15.6875,13.125],"texture":"#0"},"up":{"uv":[15.875,13,16,12.6875],"texture":"#0"},"down":{"uv":[15.875,13,16,12.6875],"texture":"#0"}}},{"from":[9.7,1.5,9.6],"to":[11.2,4.5,12.3],"rotation":{"angle":0,"axis":"y","origin":[9,-1,0]},"faces":{"north":{"uv":[15.3125,12.75,15.5,13.125],"texture":"#0"},"east":{"uv":[15.3125,12.75,15,13.125],"texture":"#0"},"south":{"uv":[15.5,12.75,15.3125,13.125],"texture":"#0"},"west":{"uv":[15.3125,12.75,15,13.125],"texture":"#0"},"up":{"uv":[15.6875,12.8125,15.5,13.125],"texture":"#0"},"down":{"uv":[15.6875,12.8125,15.5,13.125],"texture":"#0"}}},{"from":[10,1.7,9.7],"to":[11,6.7,12.2],"rotation":{"angle":0,"axis":"y","origin":[9,-1,0]},"faces":{"north":{"uv":[15.6875,12.0625,15.5625,12.6875],"texture":"#0"},"east":{"uv":[16,12.0625,15.6875,12.6875],"texture":"#0"},"south":{"uv":[15.6875,12.0625,15.5625,12.6875],"texture":"#0"},"west":{"uv":[16,12.0625,15.6875,12.6875],"texture":"#0"},"up":{"uv":[15.5625,12.375,15.4375,12.6875],"texture":"#0"},"down":{"uv":[15.5625,12.375,15.4375,12.6875],"texture":"#0"}}},{"from":[10,6.7,9.5],"to":[11.2,7.7,12.6],"rotation":{"angle":0,"axis":"y","origin":[9,-1,0]},"faces":{"north":{"uv":[15.875,12.6875,15.75,12.8125],"texture":"#0"},"east":{"uv":[15.4375,12.5625,15.125,12.6875],"texture":"#0"},"south":{"uv":[15.875,12.6875,15.75,12.8125],"texture":"#0"},"west":{"uv":[15.4375,12.5625,15.125,12.6875],"texture":"#0"},"up":{"uv":[15.125,12.375,15,12.6875],"texture":"#0"},"down":{"uv":[15.125,12.375,15,12.6875],"texture":"#0"}}},{"from":[10,5.6,6.5],"to":[11.2,6.6,9.6],"rotation":{"angle":0,"axis":"y","origin":[9,-1,0]},"faces":{"north":{"uv":[15.875,12.6875,15.75,12.8125],"texture":"#0"},"east":{"uv":[15.4375,12.5625,15.125,12.6875],"texture":"#0"},"south":{"uv":[15.875,12.6875,15.75,12.8125],"texture":"#0"},"west":{"uv":[15.4375,12.5625,15.125,12.6875],"texture":"#0"},"up":{"uv":[15.125,12.375,15,12.6875],"texture":"#0"},"down":{"uv":[15.125,12.375,15,12.6875],"texture":"#0"}}},{"from":[10,2.6,6.7],"to":[11,5.6,9.2],"rotation":{"angle":0,"axis":"y","origin":[9,-1,0]},"faces":{"north":{"uv":[15.6875,12.0625,15.5625,12.4375],"texture":"#0"},"east":{"uv":[16,12.0625,15.6875,12.4375],"texture":"#0"},"south":{"uv":[15.6875,12.0625,15.5625,12.4375],"texture":"#0"},"west":{"uv":[16,12.0625,15.6875,12.4375],"texture":"#0"},"up":{"uv":[15.5625,12.375,15.4375,12.6875],"texture":"#0"},"down":{"uv":[15.5625,12.375,15.4375,12.6875],"texture":"#0"}}},{"from":[9.7,1.2,6.6],"to":[11.2,4.2,9.3],"rotation":{"angle":0,"axis":"y","origin":[9,-1,0]},"faces":{"north":{"uv":[15.3125,12.75,15.5,13.125],"texture":"#0"},"east":{"uv":[15.3125,12.75,15,13.125],"texture":"#0"},"south":{"uv":[15.5,12.75,15.3125,13.125],"texture":"#0"},"west":{"uv":[15.3125,12.75,15,13.125],"texture":"#0"},"up":{"uv":[15.6875,12.8125,15.5,13.125],"texture":"#0"},"down":{"uv":[15.6875,12.8125,15.5,13.125],"texture":"#0"}}},{"from":[10,0.2,6.7],"to":[11,1.2,9.2],"rotation":{"angle":0,"axis":"y","origin":[9,-1,0]},"faces":{"north":{"uv":[15.8125,12.875,15.6875,13],"texture":"#0"},"east":{"uv":[16,13,15.6875,13.125],"texture":"#0"},"south":{"uv":[15.8125,12.875,15.6875,13],"texture":"#0"},"west":{"uv":[16,13,15.6875,13.125],"texture":"#0"},"up":{"uv":[15.875,13,16,12.6875],"texture":"#0"},"down":{"uv":[15.875,13,16,12.6875],"texture":"#0"}}},{"from":[10,6.6,3.5],"to":[11.2,7.6,6.6],"rotation":{"angle":0,"axis":"y","origin":[9,-1,0]},"faces":{"north":{"uv":[15.875,12.6875,15.75,12.8125],"texture":"#0"},"east":{"uv":[15.4375,12.5625,15.125,12.6875],"texture":"#0"},"south":{"uv":[15.875,12.6875,15.75,12.8125],"texture":"#0"},"west":{"uv":[15.4375,12.5625,15.125,12.6875],"texture":"#0"},"up":{"uv":[15.125,12.375,15,12.6875],"texture":"#0"},"down":{"uv":[15.125,12.375,15,12.6875],"texture":"#0"}}},{"from":[11.4,-4,3.5],"to":[11.4,5,12.5],"rotation":{"angle":0,"axis":"y","origin":[8,21.5,15]},"faces":{"north":{"uv":[0,0,0,64],"texture":"#missing"},"east":{"uv":[11.1875,2.8125,12.3125,1.6875],"texture":"#0"},"south":{"uv":[0,0,0,64],"texture":"#missing"},"west":{"uv":[11.1875,2.8125,12.3125,1.6875],"texture":"#0"},"up":{"uv":[0,36,0,0],"texture":"#missing"},"down":{"uv":[0,36,0,0],"texture":"#missing"}}},{"from":[11.6,-4,3.5],"to":[11.6,5,12.5],"rotation":{"angle":0,"axis":"y","origin":[8,21.5,15]},"faces":{"north":{"uv":[0,0,0,64],"texture":"#missing"},"east":{"uv":[11.1875,2.8125,12.3125,1.6875],"texture":"#0"},"south":{"uv":[0,0,0,64],"texture":"#missing"},"west":{"uv":[11.1875,2.8125,12.3125,1.6875],"texture":"#0"},"up":{"uv":[0,36,0,0],"texture":"#missing"},"down":{"uv":[0,36,0,0],"texture":"#missing"}}},{"from":[16.5,19,3.3],"to":[16.5,22,5.3],"rotation":{"angle":-45,"axis":"y","origin":[0,24,0]},"faces":{"north":{"uv":[0,5.8125,0.1875,4.4375],"texture":"#0"},"east":{"uv":[1.3125,6.5,1.0625,6.125],"texture":"#0"},"south":{"uv":[0,5.8125,0.1875,4.4375],"texture":"#0"},"west":{"uv":[1.0625,6.5,1.3125,6.125],"texture":"#0"},"up":{"uv":[0.625,3.4375,0.8125,3.1875],"texture":"#0"},"down":{"uv":[0.625,3.4375,0.8125,3.1875],"texture":"#0"}}},{"from":[10,1.6,3.7],"to":[11,6.6,6.2],"rotation":{"angle":0,"axis":"y","origin":[9,-1,0]},"faces":{"north":{"uv":[15.6875,12.0625,15.5625,12.6875],"texture":"#0"},"east":{"uv":[16,12.0625,15.6875,12.6875],"texture":"#0"},"south":{"uv":[15.6875,12.0625,15.5625,12.6875],"texture":"#0"},"west":{"uv":[16,12.0625,15.6875,12.6875],"texture":"#0"},"up":{"uv":[15.5625,12.375,15.4375,12.6875],"texture":"#0"},"down":{"uv":[15.5625,12.375,15.4375,12.6875],"texture":"#0"}}},{"from":[9.7,1.5,3.6],"to":[11.2,4.5,6.3],"rotation":{"angle":0,"axis":"y","origin":[9,-1,0]},"faces":{"north":{"uv":[15.3125,12.75,15.5,13.125],"texture":"#0"},"east":{"uv":[15.3125,12.75,15,13.125],"texture":"#0"},"south":{"uv":[15.5,12.75,15.3125,13.125],"texture":"#0"},"west":{"uv":[15.3125,12.75,15,13.125],"texture":"#0"},"up":{"uv":[15.6875,12.8125,15.5,13.125],"texture":"#0"},"down":{"uv":[15.6875,12.8125,15.5,13.125],"texture":"#0"}}},{"from":[10,0.5,3.7],"to":[11,1.5,6.2],"rotation":{"angle":0,"axis":"y","origin":[9,-1,0]},"faces":{"north":{"uv":[15.8125,12.875,15.6875,13],"texture":"#0"},"east":{"uv":[16,13,15.6875,13.125],"texture":"#0"},"south":{"uv":[15.8125,12.875,15.6875,13],"texture":"#0"},"west":{"uv":[16,13,15.6875,13.125],"texture":"#0"},"up":{"uv":[15.875,13,16,12.6875],"texture":"#0"},"down":{"uv":[15.875,13,16,12.6875],"texture":"#0"}}},{"from":[9,10,2],"to":[10,14,4],"rotation":{"angle":0,"axis":"y","origin":[9,-4,0]},"faces":{"north":{"uv":[14.875,12.625,15,13.125],"texture":"#0"},"east":{"uv":[14.875,12.625,14.625,13.125],"texture":"#0"},"south":{"uv":[14.875,12.625,15,13.125],"texture":"#0"},"west":{"uv":[14.625,12.625,14.875,13.125],"texture":"#0"},"up":{"uv":[15,12.875,14.875,12.625],"texture":"#0"},"down":{"uv":[15,12.875,14.875,12.625],"texture":"#0"}}},{"from":[9.5,4.5,2],"to":[10.5,13.5,3.5],"faces":{"north":{"uv":[13.6875,14.375,13.8125,15.5],"texture":"#0"},"east":{"uv":[13.8125,14.375,14,15.5],"texture":"#0"},"south":{"uv":[13.8125,14.375,13.6875,15.5],"texture":"#0"},"west":{"uv":[13.8125,14.375,14,15.5],"texture":"#0"},"up":{"uv":[12.375,15.5625,12.5,15.75],"texture":"#0"},"down":{"uv":[12.375,15.5625,12.5,15.75],"texture":"#0"}}},{"from":[9.5,4.5,12.5],"to":[10.5,13.5,14],"rotation":{"angle":0,"axis":"y","origin":[0,0,16]},"faces":{"north":{"uv":[13.6875,14.375,13.8125,15.5],"texture":"#0"},"east":{"uv":[14,14.375,13.8125,15.5],"texture":"#0"},"south":{"uv":[13.8125,14.375,13.6875,15.5],"texture":"#0"},"west":{"uv":[14,14.375,13.8125,15.5],"texture":"#0"},"up":{"uv":[12.375,15.75,12.5,15.5625],"texture":"#0"},"down":{"uv":[12.375,15.75,12.5,15.5625],"texture":"#0"}}},{"from":[10.4,5,2.8],"to":[12.4,13,2.8],"faces":{"north":{"uv":[1,0,2,4],"texture":"#2"},"east":{"uv":[0,0,0,4],"texture":"#2"},"south":{"uv":[2,0,1,4],"texture":"#2"},"west":{"uv":[0,0,0,4],"texture":"#2"},"up":{"uv":[0,1,0,0],"rotation":90,"texture":"#2"},"down":{"uv":[0,0,0,1],"rotation":270,"texture":"#2"}}},{"from":[10.4,5,13.2],"to":[12.4,13,13.2],"rotation":{"angle":0,"axis":"y","origin":[0,0,16]},"faces":{"north":{"uv":[1,0,2,4],"texture":"#2"},"east":{"uv":[0,0,0,4],"texture":"#2"},"south":{"uv":[2,0,1,4],"texture":"#2"},"west":{"uv":[0,0,0,4],"texture":"#2"},"up":{"uv":[0,1,0,0],"rotation":90,"texture":"#2"},"down":{"uv":[0,0,0,1],"rotation":270,"texture":"#2"}}},{"from":[9.5,-7.5,9.25],"to":[11.5,-2.5,12.75],"rotation":{"angle":0,"axis":"y","origin":[0,-11,0]},"faces":{"north":{"uv":[0.8125,5.9375,1.0625,6.5625],"texture":"#0"},"east":{"uv":[0.375,5.9375,0.8125,6.5625],"texture":"#0"},"south":{"uv":[1.0625,5.9375,0.8125,6.5625],"texture":"#0"},"west":{"uv":[0.375,5.9375,0.8125,6.5625],"texture":"#0"},"up":{"uv":[0.375,6.5625,0.8125,6.8125],"rotation":90,"texture":"#0"},"down":{"uv":[0.375,6.5625,0.8125,6.8125],"rotation":270,"texture":"#0"}}},{"from":[9.4,-4.5,9.15],"to":[11.6,-3.5,12.85],"rotation":{"angle":0,"axis":"y","origin":[0,-11,0]},"faces":{"north":{"uv":[1.0625,6,1.3125,6.125],"texture":"#0"},"east":{"uv":[1.0625,6,1.5,6.125],"texture":"#0"},"south":{"uv":[1.0625,6,1.3125,6.125],"texture":"#0"},"west":{"uv":[1.0625,6,1.5,6.125],"texture":"#0"},"up":{"uv":[1.0625,5.75,1.5,6],"rotation":90,"texture":"#0"},"down":{"uv":[1.0625,5.75,1.5,6],"rotation":270,"texture":"#0"}}},{"from":[9.4,-7,9.15],"to":[11.6,-6,12.85],"rotation":{"angle":0,"axis":"y","origin":[0,-11,0]},"faces":{"north":{"uv":[1.0625,6,1.3125,6.125],"texture":"#0"},"east":{"uv":[1.0625,6,1.5,6.125],"texture":"#0"},"south":{"uv":[1.0625,6,1.3125,6.125],"texture":"#0"},"west":{"uv":[1.0625,6,1.5,6.125],"texture":"#0"},"up":{"uv":[1.0625,5.75,1.5,6],"rotation":90,"texture":"#0"},"down":{"uv":[1.0625,5.75,1.5,6],"rotation":270,"texture":"#0"}}},{"from":[5,12,12.5],"to":[7,20,14.5],"rotation":{"angle":-45,"axis":"y","origin":[6.6,11,15]},"faces":{"north":{"uv":[0.25,5.6875,0.5,4.6875],"rotation":180,"texture":"#0"},"east":{"uv":[1.25,4.4375,0.25,4.6875],"rotation":270,"texture":"#0"},"south":{"uv":[0.25,4.6875,0.5,5.6875],"texture":"#0"},"west":{"uv":[0.25,4.4375,1.25,4.6875],"rotation":90,"texture":"#0"},"up":{"uv":[0.8125,4.1875,1.0625,4.4375],"rotation":180,"texture":"#0"},"down":{"uv":[0.8125,4.1875,1.0625,4.4375],"texture":"#0"}}},{"from":[5.8,20,11.5],"to":[5.8,32,15.5],"rotation":{"angle":-45,"axis":"y","origin":[6.6,11,15]},"faces":{"north":{"uv":[0,10,0,0],"rotation":180,"texture":"#4"},"east":{"uv":[12,4,0,8],"rotation":90,"texture":"#4"},"south":{"uv":[0,0,0,10],"texture":"#4"},"west":{"uv":[12,8,0,4],"rotation":90,"texture":"#4"},"up":{"uv":[0,0,0,4],"texture":"#4"},"down":{"uv":[0,0,0,4],"rotation":180,"texture":"#4"}}},{"from":[5.5,19.5,13],"to":[6.5,20.5,14],"rotation":{"angle":-45,"axis":"y","origin":[6.6,11,15]},"faces":{"north":{"uv":[1.0625,4.1875,1.1875,4.3125],"rotation":180,"texture":"#0"},"east":{"uv":[1.0625,4.1875,1.1875,4.3125],"rotation":270,"texture":"#0"},"south":{"uv":[1.0625,4.1875,1.1875,4.3125],"texture":"#0"},"west":{"uv":[1.0625,4.1875,1.1875,4.3125],"rotation":90,"texture":"#0"},"up":{"uv":[1.0625,4.1875,1.1875,4.3125],"rotation":180,"texture":"#0"},"down":{"uv":[1.0625,4.1875,1.1875,4.3125],"texture":"#0"}}},{"from":[5.8,20,0.5],"to":[5.8,32,4.5],"rotation":{"angle":45,"axis":"y","origin":[6.6,11,1]},"faces":{"north":{"uv":[0,0,0,10],"texture":"#4"},"east":{"uv":[12,8,0,4],"rotation":90,"texture":"#4"},"south":{"uv":[0,10,0,0],"rotation":180,"texture":"#4"},"west":{"uv":[12,4,0,8],"rotation":90,"texture":"#4"},"up":{"uv":[0,4,0,0],"texture":"#4"},"down":{"uv":[0,4,0,0],"rotation":180,"texture":"#4"}}},{"from":[5.5,19.5,2],"to":[6.5,20.5,3],"rotation":{"angle":45,"axis":"y","origin":[6.6,11,1]},"faces":{"north":{"uv":[1.1875,4.1875,1.0625,4.3125],"texture":"#0"},"east":{"uv":[1.0625,4.3125,1.1875,4.1875],"rotation":270,"texture":"#0"},"south":{"uv":[1.1875,4.1875,1.0625,4.3125],"rotation":180,"texture":"#0"},"west":{"uv":[1.0625,4.3125,1.1875,4.1875],"rotation":90,"texture":"#0"},"up":{"uv":[1.0625,4.3125,1.1875,4.1875],"rotation":180,"texture":"#0"},"down":{"uv":[1.0625,4.3125,1.1875,4.1875],"texture":"#0"}}},{"from":[5,12,1.5],"to":[7,20,3.5],"rotation":{"angle":45,"axis":"y","origin":[6.6,11,1]},"faces":{"north":{"uv":[0.5,4.6875,0.25,5.6875],"texture":"#0"},"east":{"uv":[1.25,4.6875,0.25,4.4375],"rotation":270,"texture":"#0"},"south":{"uv":[0.5,5.6875,0.25,4.6875],"rotation":180,"texture":"#0"},"west":{"uv":[0.25,4.6875,1.25,4.4375],"rotation":90,"texture":"#0"},"up":{"uv":[0.8125,4.4375,1.0625,4.1875],"rotation":180,"texture":"#0"},"down":{"uv":[0.8125,4.4375,1.0625,4.1875],"texture":"#0"}}},{"from":[4,4,6.75],"to":[6,10,9.25],"rotation":{"angle":0,"axis":"y","origin":[0,-8,0]},"faces":{"north":{"uv":[0.3125,4.3125,0.5625,3.5625],"texture":"#0"},"east":{"uv":[0.3125,4.3125,0,3.5625],"texture":"#0"},"south":{"uv":[0.5625,4.3125,0.8125,3.5625],"texture":"#0"},"west":{"uv":[0,4.3125,0.3125,3.5625],"texture":"#0"},"up":{"uv":[0.375,3.25,0.625,3.5625],"texture":"#0"},"down":{"uv":[0.375,3.25,0.625,3.5625],"texture":"#0"}}},{"from":[4,1,6.75],"to":[6,4,9.25],"rotation":{"angle":0,"axis":"y","origin":[0,-8,0]},"faces":{"north":{"uv":[0.3125,3.5625,0.5625,3.9375],"texture":"#0"},"east":{"uv":[0.3125,3.5625,0,3.9375],"texture":"#0"},"south":{"uv":[0.5625,3.5625,0.8125,3.9375],"texture":"#0"},"west":{"uv":[0,3.5625,0.3125,3.9375],"texture":"#0"},"up":{"uv":[0.375,3.25,0.625,3.5625],"texture":"#0"},"down":{"uv":[0.375,3.25,0.625,3.5625],"texture":"#0"}}},{"from":[4.5,1.75,7],"to":[9.5,3.25,9],"rotation":{"angle":0,"axis":"y","origin":[8,11.5,8]},"faces":{"north":{"uv":[2.625,4.375,2.8125,5],"rotation":90,"texture":"#0"},"east":{"uv":[1.3125,3.625,1.5,3.875],"rotation":270,"texture":"#0"},"south":{"uv":[2.4375,4.375,2.625,5],"rotation":270,"texture":"#0"},"west":{"uv":[1.3125,3.625,1.5,3.875],"rotation":270,"texture":"#0"},"up":{"uv":[2.4375,4.375,2.1875,5],"rotation":270,"texture":"#0"},"down":{"uv":[2.1875,4.375,2.4375,5],"rotation":270,"texture":"#0"}}},{"from":[4.25,10,7],"to":[5.75,11,9],"rotation":{"angle":0,"axis":"y","origin":[0,24,0]},"faces":{"north":{"uv":[0,5.8125,0.1875,5.6875],"texture":"#0"},"east":{"uv":[0,5.9375,0.25,5.8125],"texture":"#0"},"south":{"uv":[0,5.8125,0.1875,5.6875],"texture":"#0"},"west":{"uv":[0,5.9375,0.25,5.8125],"texture":"#0"},"up":{"uv":[0,4.9375,0.1875,4.6875],"texture":"#0"},"down":{"uv":[0,4.9375,0.1875,4.6875],"texture":"#0"}}},{"from":[5,11,7],"to":[5,14,9],"rotation":{"angle":0,"axis":"y","origin":[0,24,0]},"faces":{"north":{"uv":[0,5.8125,0.1875,4.4375],"texture":"#0"},"east":{"uv":[1.3125,6.5,1.0625,6.125],"texture":"#0"},"south":{"uv":[0,5.8125,0.1875,4.4375],"texture":"#0"},"west":{"uv":[1.0625,6.5,1.3125,6.125],"texture":"#0"},"up":{"uv":[0.625,3.4375,0.8125,3.1875],"texture":"#0"},"down":{"uv":[0.625,3.4375,0.8125,3.1875],"texture":"#0"}}}],"gui_light":"front","display":{"thirdperson_righthand":{"translation":[2.25,-0.75,1.75],"scale":[0.8,0.8,0.8]},"thirdperson_lefthand":{"rotation":[0,180,0],"translation":[2.25,-0.75,1.75],"scale":[0.8,0.8,0.8]},"firstperson_righthand":{"rotation":[0,90,0],"translation":[0,3,0],"scale":[0.59883,0.59883,0.59883]},"firstperson_lefthand":{"rotation":[0,-90,0],"translation":[0,3,0],"scale":[0.59883,0.59883,0.59883]},"ground":{"translation":[0,11,0],"scale":[0.65,0.65,0.65]},"gui":{"rotation":[0,-90,0],"translation":[0,0.5,0],"scale":[0.50352,0.50352,0.50352]},"head":{"scale":[0,0,0]},"fixed":{"rotation":[0,90,0],"translation":[0,5,-3.5],"scale":[1.7,1.7,1.7]}}}