{"credit":"MadewithBlockbench","texture_size":[128,128],"textures":{"0":"elitecreatures:item/zombie_apocalyptic_animated_weapon_set/zombie_texture_01","3":"elitecreatures:item/zombie_apocalyptic_animated_weapon_set/zombie_animation_03","particle":"elitecreatures:item/zombie_apocalyptic_animated_weapon_set/zombie_texture_01"},"elements":[{"from":[7,-8,6.75],"to":[9,-1,9.25],"rotation":{"angle":0,"axis":"y","origin":[0,-8,0]},"faces":{"north":{"uv":[0.3125,3.5625,0.5625,4.4375],"texture":"#0"},"east":{"uv":[0.3125,3.5625,0,4.4375],"texture":"#0"},"south":{"uv":[0.5625,3.5625,0.8125,4.4375],"texture":"#0"},"west":{"uv":[0,3.5625,0.3125,4.4375],"texture":"#0"},"up":{"uv":[0.375,3.25,0.625,3.5625],"texture":"#0"},"down":{"uv":[0.375,3.25,0.625,3.5625],"texture":"#0"}}},{"from":[7,-1,6.75],"to":[9,6,9.25],"rotation":{"angle":0,"axis":"y","origin":[0,-8,0]},"faces":{"north":{"uv":[0.3125,3.5625,0.5625,4.4375],"texture":"#0"},"east":{"uv":[0.3125,3.5625,0,4.4375],"texture":"#0"},"south":{"uv":[0.5625,3.5625,0.8125,4.4375],"texture":"#0"},"west":{"uv":[0,3.5625,0.3125,4.4375],"texture":"#0"},"up":{"uv":[0.375,3.25,0.625,3.5625],"texture":"#0"},"down":{"uv":[0.375,3.25,0.625,3.5625],"texture":"#0"}}},{"from":[6.5,10.25,4.75],"to":[8.5,11.75,6.25],"rotation":{"angle":0,"axis":"y","origin":[8,11.75,7.75]},"faces":{"north":{"uv":[0.3125,3.0625,0.5625,3.25],"texture":"#0"},"east":{"uv":[0.4375,2.8125,0.625,3],"texture":"#0"},"south":{"uv":[0.3125,3.0625,0.5625,3.25],"texture":"#0"},"west":{"uv":[0.4375,2.8125,0.625,3],"texture":"#0"},"up":{"uv":[0.3125,3.0625,0.5625,3.25],"texture":"#0"},"down":{"uv":[0.3125,3.0625,0.5625,3.25],"texture":"#0"}}},{"from":[6.5,19.25,4.75],"to":[8.5,20.75,6.25],"rotation":{"angle":0,"axis":"y","origin":[8,11.75,7.75]},"faces":{"north":{"uv":[0.3125,3.0625,0.5625,3.25],"texture":"#0"},"east":{"uv":[0.4375,2.8125,0.625,3],"texture":"#0"},"south":{"uv":[0.3125,3.0625,0.5625,3.25],"texture":"#0"},"west":{"uv":[0.4375,2.8125,0.625,3],"texture":"#0"},"up":{"uv":[0.3125,3.0625,0.5625,3.25],"texture":"#0"},"down":{"uv":[0.3125,3.0625,0.5625,3.25],"texture":"#0"}}},{"from":[7.5,19.25,4.75],"to":[9.5,20.75,6.25],"rotation":{"angle":0,"axis":"y","origin":[8,11.75,7.75]},"faces":{"north":{"uv":[0.5625,3.0625,0.3125,3.25],"texture":"#0"},"east":{"uv":[0.625,2.8125,0.4375,3],"texture":"#0"},"south":{"uv":[0.5625,3.0625,0.3125,3.25],"texture":"#0"},"west":{"uv":[0.625,2.8125,0.4375,3],"texture":"#0"},"up":{"uv":[0.5625,3.0625,0.3125,3.25],"texture":"#0"},"down":{"uv":[0.5625,3.0625,0.3125,3.25],"texture":"#0"}}},{"from":[7.5,10.25,5.25],"to":[9.5,11.75,6.75],"rotation":{"angle":0,"axis":"y","origin":[8,11.75,7.75]},"faces":{"north":{"uv":[0.5625,3.0625,0.3125,3.25],"texture":"#0"},"east":{"uv":[0.625,2.8125,0.4375,3],"texture":"#0"},"south":{"uv":[0.5625,3.0625,0.3125,3.25],"texture":"#0"},"west":{"uv":[0.625,2.8125,0.4375,3],"texture":"#0"},"up":{"uv":[0.5625,3.0625,0.3125,3.25],"texture":"#0"},"down":{"uv":[0.5625,3.0625,0.3125,3.25],"texture":"#0"}}},{"from":[7.25,-9,7],"to":[8.75,2,9],"rotation":{"angle":0,"axis":"y","origin":[0,-8,0]},"faces":{"north":{"uv":[0,4.4375,0.1875,5.8125],"texture":"#0"},"east":{"uv":[0,4.5625,0.25,5.9375],"texture":"#0"},"south":{"uv":[0,4.4375,0.1875,5.8125],"texture":"#0"},"west":{"uv":[0,4.5625,0.25,5.9375],"texture":"#0"},"up":{"uv":[0.625,3.1875,0.8125,3.4375],"texture":"#0"},"down":{"uv":[0.625,3.1875,0.8125,3.4375],"texture":"#0"}}},{"from":[8,-14,3.5],"to":[8,-9,12.5],"rotation":{"angle":0,"axis":"y","origin":[0,-8,0]},"faces":{"north":{"uv":[0,4.4375,0.1875,5.8125],"texture":"#0"},"east":{"uv":[6.8125,2.25,5.6875,2.875],"texture":"#0"},"south":{"uv":[0,4.4375,0.1875,5.8125],"texture":"#0"},"west":{"uv":[5.6875,2.25,6.8125,2.875],"texture":"#0"},"up":{"uv":[0.625,3.1875,0.8125,3.4375],"texture":"#0"},"down":{"uv":[0.625,3.1875,0.8125,3.4375],"texture":"#0"}}},{"from":[7.25,20.5,7],"to":[8.75,25.5,9],"rotation":{"angle":0,"axis":"y","origin":[0,-8,0]},"faces":{"north":{"uv":[2.625,4.375,2.8125,5],"texture":"#0"},"east":{"uv":[2.4375,4.375,2.1875,5],"texture":"#0"},"south":{"uv":[2.4375,4.375,2.625,5],"texture":"#0"},"west":{"uv":[2.1875,4.375,2.4375,5],"texture":"#0"},"up":{"uv":[2.25,4.375,2.4375,4.625],"texture":"#0"},"down":{"uv":[1.3125,3.625,1.5,3.875],"texture":"#0"}}},{"from":[6.5,4,6],"to":[9.5,7,10],"rotation":{"angle":0,"axis":"y","origin":[0,-8,0]},"faces":{"north":{"uv":[1.25,4.8125,1.625,5.1875],"texture":"#0"},"east":{"uv":[1.1875,3.9375,1.6875,4.3125],"texture":"#0"},"south":{"uv":[1.25,4.8125,1.625,5.1875],"texture":"#0"},"west":{"uv":[1.1875,3.9375,1.6875,4.3125],"texture":"#0"},"up":{"uv":[1.25,4.3125,1.625,4.8125],"texture":"#0"},"down":{"uv":[1.25,4.3125,1.625,4.8125],"texture":"#0"}}},{"from":[6.5,17.5,6.5],"to":[9.5,21.5,9.5],"rotation":{"angle":0,"axis":"y","origin":[0,-8,0]},"faces":{"north":{"uv":[1.9375,6.625,2.3125,7.125],"texture":"#0"},"east":{"uv":[1.9375,6.625,1.5625,7.125],"texture":"#0"},"south":{"uv":[1.9375,6.625,2.3125,7.125],"texture":"#0"},"west":{"uv":[1.5625,6.625,1.9375,7.125],"texture":"#0"},"up":{"uv":[1.5625,7.125,1.9375,7.5],"texture":"#0"},"down":{"uv":[1.5625,7.125,1.9375,7.5],"texture":"#0"}}},{"from":[7,10,4],"to":[9,12,10],"rotation":{"angle":0,"axis":"y","origin":[0,-8,0]},"faces":{"north":{"uv":[1.9375,5.5625,2.1875,5.8125],"texture":"#0"},"east":{"uv":[1.5625,6.5625,0.8125,6.8125],"texture":"#0"},"south":{"uv":[1.9375,5.5625,2.1875,5.8125],"texture":"#0"},"west":{"uv":[0.8125,6.5625,1.5625,6.8125],"texture":"#0"},"up":{"uv":[1.9375,5.8125,2.1875,6.5625],"texture":"#0"},"down":{"uv":[1.9375,5.8125,2.1875,6.5625],"texture":"#0"}}},{"from":[7,19,4],"to":[9,21,10],"rotation":{"angle":0,"axis":"y","origin":[0,-8,0]},"faces":{"north":{"uv":[1.9375,5.5625,2.1875,5.8125],"texture":"#0"},"east":{"uv":[1.5625,6.5625,0.8125,6.8125],"texture":"#0"},"south":{"uv":[1.9375,5.5625,2.1875,5.8125],"texture":"#0"},"west":{"uv":[0.8125,6.5625,1.5625,6.8125],"texture":"#0"},"up":{"uv":[1.9375,5.8125,2.1875,6.5625],"texture":"#0"},"down":{"uv":[1.9375,5.8125,2.1875,6.5625],"texture":"#0"}}},{"from":[6.9,9.3,4.5],"to":[6.9,21.8,6.5],"rotation":{"angle":0,"axis":"y","origin":[8,11.75,7.75]},"faces":{"north":{"uv":[0.3125,3.0625,0.5625,3.25],"texture":"#0"},"east":{"uv":[3.0625,4.375,2.8125,5.9375],"texture":"#0"},"south":{"uv":[0.3125,3.0625,0.5625,3.25],"texture":"#0"},"west":{"uv":[2.8125,4.375,3.0625,5.9375],"texture":"#0"},"up":{"uv":[0.3125,3.0625,0.5625,3.25],"texture":"#0"},"down":{"uv":[0.3125,3.0625,0.5625,3.25],"texture":"#0"}}},{"from":[9.1,9.3,4.5],"to":[9.1,21.8,6.5],"rotation":{"angle":0,"axis":"y","origin":[8,11.75,7.75]},"faces":{"north":{"uv":[0.5625,3.0625,0.3125,3.25],"texture":"#0"},"east":{"uv":[3.0625,4.375,2.8125,5.9375],"texture":"#0"},"south":{"uv":[0.5625,3.0625,0.3125,3.25],"texture":"#0"},"west":{"uv":[2.8125,4.375,3.0625,5.9375],"texture":"#0"},"up":{"uv":[0.5625,3.0625,0.3125,3.25],"texture":"#0"},"down":{"uv":[0.5625,3.0625,0.3125,3.25],"texture":"#0"}}},{"from":[8.2,7,9.3],"to":[8.7,15,9.8],"rotation":{"angle":0,"axis":"y","origin":[0,-8,0]},"faces":{"north":{"uv":[1.5625,5.1875,1.625,6.1875],"texture":"#0"},"east":{"uv":[1.5625,5.1875,1.625,6.1875],"texture":"#0"},"south":{"uv":[1.5625,5.1875,1.625,6.1875],"texture":"#0"},"west":{"uv":[1.5625,5.1875,1.625,6.1875],"texture":"#0"},"up":{"uv":[0.625,3.1875,0.6875,3.25],"texture":"#0"},"down":{"uv":[0.625,3.1875,0.6875,3.25],"texture":"#0"}}},{"from":[7.3,7,9.3],"to":[7.8,15,9.8],"rotation":{"angle":0,"axis":"y","origin":[16,-8,0]},"faces":{"north":{"uv":[1.625,5.1875,1.5625,6.1875],"texture":"#0"},"east":{"uv":[1.625,5.1875,1.5625,6.1875],"texture":"#0"},"south":{"uv":[1.625,5.1875,1.5625,6.1875],"texture":"#0"},"west":{"uv":[1.625,5.1875,1.5625,6.1875],"texture":"#0"},"up":{"uv":[0.6875,3.1875,0.625,3.25],"texture":"#0"},"down":{"uv":[0.6875,3.1875,0.625,3.25],"texture":"#0"}}},{"from":[8.2,15,9.3],"to":[8.7,20,9.8],"rotation":{"angle":0,"axis":"y","origin":[0,-8,0]},"faces":{"north":{"uv":[1.5625,5.1875,1.625,5.8125],"texture":"#0"},"east":{"uv":[1.5625,5.1875,1.625,5.8125],"texture":"#0"},"south":{"uv":[1.5625,5.1875,1.625,5.8125],"texture":"#0"},"west":{"uv":[1.5625,5.1875,1.625,5.8125],"texture":"#0"},"up":{"uv":[0.625,3.1875,0.6875,3.25],"texture":"#0"},"down":{"uv":[0.625,3.1875,0.6875,3.25],"texture":"#0"}}},{"from":[7.3,15,9.3],"to":[7.8,20,9.8],"rotation":{"angle":0,"axis":"y","origin":[16,-8,0]},"faces":{"north":{"uv":[1.625,5.1875,1.5625,5.8125],"texture":"#0"},"east":{"uv":[1.625,5.1875,1.5625,5.8125],"texture":"#0"},"south":{"uv":[1.625,5.1875,1.5625,5.8125],"texture":"#0"},"west":{"uv":[1.625,5.1875,1.5625,5.8125],"texture":"#0"},"up":{"uv":[0.6875,3.1875,0.625,3.25],"texture":"#0"},"down":{"uv":[0.6875,3.1875,0.625,3.25],"texture":"#0"}}},{"from":[8,22.5,3.5],"to":[8,31.5,12.5],"faces":{"north":{"uv":[0,0,0,1.125],"texture":"#missing"},"east":{"uv":[5.6875,1.125,6.8125,2.25],"texture":"#0"},"south":{"uv":[0,0,0,1.125],"texture":"#missing"},"west":{"uv":[5.6875,0,6.8125,1.125],"texture":"#0"},"up":{"uv":[0,0,0,1.25],"texture":"#missing"},"down":{"uv":[0,0,0,1.25],"texture":"#missing"}}},{"from":[8,9.4,10],"to":[8,12.4,12.5],"rotation":{"angle":0,"axis":"y","origin":[8,5,8]},"faces":{"north":{"uv":[0,0,0,4],"rotation":180,"texture":"#3"},"east":{"uv":[0,0,6,5],"rotation":270,"texture":"#3"},"south":{"uv":[0,4,0,0],"texture":"#3"},"west":{"uv":[0,0,6,5],"rotation":90,"texture":"#3"},"up":{"uv":[0,0,0,7],"rotation":180,"texture":"#3"},"down":{"uv":[0,0,0,7],"texture":"#3"}}},{"from":[8,18.5,10],"to":[8,21.5,12.5],"rotation":{"angle":0,"axis":"y","origin":[8,5,8]},"faces":{"north":{"uv":[0,0,0,4],"rotation":180,"texture":"#3"},"east":{"uv":[0,0,6,5],"rotation":270,"texture":"#3"},"south":{"uv":[0,4,0,0],"texture":"#3"},"west":{"uv":[0,0,6,5],"rotation":90,"texture":"#3"},"up":{"uv":[0,0,0,7],"rotation":180,"texture":"#3"},"down":{"uv":[0,0,0,7],"texture":"#3"}}},{"from":[7.25,3,7],"to":[8.75,11,9],"rotation":{"angle":0,"axis":"y","origin":[0,-8,0]},"faces":{"north":{"uv":[2.625,5.5,2.8125,6.5],"texture":"#0"},"east":{"uv":[2.4375,5.5,2.1875,6.5],"texture":"#0"},"south":{"uv":[2.4375,5.5,2.625,6.5],"texture":"#0"},"west":{"uv":[2.1875,5.5,2.4375,6.5],"texture":"#0"},"up":{"uv":[1.3125,3.625,1.5,3.875],"texture":"#0"},"down":{"uv":[1.3125,3.625,1.5,3.875],"texture":"#0"}}},{"from":[7.25,12,7],"to":[8.75,20,9],"rotation":{"angle":0,"axis":"y","origin":[0,-8,0]},"faces":{"north":{"uv":[2.625,5.5,2.8125,6.5],"texture":"#0"},"east":{"uv":[2.4375,5.5,2.1875,6.5],"texture":"#0"},"south":{"uv":[2.4375,5.5,2.625,6.5],"texture":"#0"},"west":{"uv":[2.1875,5.5,2.4375,6.5],"texture":"#0"},"up":{"uv":[1.3125,3.625,1.5,3.875],"texture":"#0"},"down":{"uv":[1.3125,3.625,1.5,3.875],"texture":"#0"}}}],"gui_light":"front","display":{"thirdperson_righthand":{"translation":[0,3.75,1.5],"scale":[0.6,0.6,0.6]},"thirdperson_lefthand":{"translation":[0,3.75,1.5],"scale":[0.6,0.6,0.6]},"firstperson_righthand":{"rotation":[4,0,0],"translation":[1.25,4.5,2.25],"scale":[0.30469,0.30469,0.30469]},"firstperson_lefthand":{"rotation":[4,0,0],"translation":[1.25,4.5,2.25],"scale":[0.30469,0.30469,0.30469]},"ground":{"rotation":[-45,0,0],"translation":[0,9,0],"scale":[0.5,0.5,0.5]},"gui":{"rotation":[-90,-45,-90],"translation":[0.25,0.25,0],"scale":[0.43125,0.43125,0.43125]},"head":{"scale":[0,0,0]},"fixed":{"rotation":[0,-90,0],"translation":[0.25,5,-1.75],"scale":[1.3,1.3,1.3]}}}