{"credit":"MadewithBlockbench","texture_size":[128,128],"textures":{"0":"elitecreatures:item/zombie_apocalyptic_animated_weapon_set/zombie_texture_01","2":"elitecreatures:item/zombie_apocalyptic_animated_weapon_set/zombie_animation_02","3":"elitecreatures:item/zombie_apocalyptic_animated_weapon_set/zombie_animation_03","particle":"elitecreatures:item/zombie_apocalyptic_animated_weapon_set/zombie_texture_01"},"elements":[{"from":[7,-5.2,18],"to":[9,2.8,22],"rotation":{"angle":-22.5,"axis":"x","origin":[0,-1.2,3]},"faces":{"north":{"uv":[5.5625,5.125,5.8125,6.125],"texture":"#0"},"east":{"uv":[5.5625,5.125,5.0625,6.125],"texture":"#0"},"south":{"uv":[5.5625,5.125,5.8125,6.125],"texture":"#0"},"west":{"uv":[5.0625,5.125,5.5625,6.125],"texture":"#0"},"up":{"uv":[5.5,4.5,5.75,5],"texture":"#0"},"down":{"uv":[5.5,4.5,5.75,5],"texture":"#0"}}},{"from":[6.5,8.5,31],"to":[9.5,12,32],"rotation":{"angle":0,"axis":"y","origin":[0,0,11.5]},"faces":{"north":{"uv":[9.5625,5.5625,9.9375,6],"texture":"#0"},"east":{"uv":[9.1875,5.875,9.3125,6.3125],"texture":"#0"},"south":{"uv":[9.5625,5.5625,9.9375,6],"texture":"#0"},"west":{"uv":[9.1875,5.875,9.3125,6.3125],"texture":"#0"},"up":{"uv":[9.5625,6,9.9375,6.125],"texture":"#0"},"down":{"uv":[9.5625,6,9.9375,6.125],"texture":"#0"}}},{"from":[6.5,2.5,28.5],"to":[9.5,12,31],"rotation":{"angle":0,"axis":"y","origin":[0,0,11.5]},"faces":{"north":{"uv":[9.5625,4.375,9.9375,5.5625],"texture":"#0"},"east":{"uv":[9.25,4.375,9.5625,5.5625],"texture":"#0"},"south":{"uv":[9.5625,4.375,9.9375,5.5625],"texture":"#0"},"west":{"uv":[9.25,4.375,9.5625,5.5625],"texture":"#0"},"up":{"uv":[9.1875,5.5625,9.5625,5.875],"texture":"#0"},"down":{"uv":[9.1875,5.875,9.5625,5.5625],"texture":"#0"}}},{"from":[8,4.8,12.6],"to":[8,7.8,15.6],"rotation":{"angle":0,"axis":"y","origin":[0,-1.2,3]},"faces":{"north":{"uv":[5.5625,5.125,5.8125,6.125],"texture":"#0"},"east":{"uv":[7.1875,0,6.8125,0.375],"texture":"#0"},"south":{"uv":[5.5625,5.125,5.8125,6.125],"texture":"#0"},"west":{"uv":[6.8125,0,7.1875,0.375],"texture":"#0"},"up":{"uv":[5.475,4.5,5.475,4.875],"texture":"#0"},"down":{"uv":[5.475,4.5,5.725,5],"texture":"#0"}}},{"from":[6.5,-5.5,19],"to":[9.5,-1.2,21],"rotation":{"angle":-22.5,"axis":"x","origin":[0,-1.2,3]},"faces":{"north":{"uv":[6.5625,4.625,6.9375,5.1625],"texture":"#0"},"east":{"uv":[6.3125,4.625,6.5625,5.1625],"texture":"#0"},"south":{"uv":[6.5625,4.625,6.9375,5.1625],"texture":"#0"},"west":{"uv":[6.3125,4.625,6.5625,5.1625],"texture":"#0"},"up":{"uv":[6.35,5.1875,6.725,5.4375],"texture":"#0"},"down":{"uv":[6.35,5.1875,6.725,5.4375],"texture":"#0"}}},{"from":[7,10.5,-3.8],"to":[9,13,-2.8],"rotation":{"angle":0,"axis":"y","origin":[0,0,6.2]},"faces":{"north":{"uv":[9.3125,3.0625,9.5625,3.375],"texture":"#0"},"east":{"uv":[9.3125,2.8125,9.1875,3.125],"texture":"#0"},"south":{"uv":[9.3125,3.0625,9.5625,3.375],"texture":"#0"},"west":{"uv":[9.1875,2.8125,9.3125,3.125],"texture":"#0"},"up":{"uv":[9.3125,3.375,9.5625,3.5],"texture":"#0"},"down":{"uv":[9.3125,3.375,9.5625,3.5],"texture":"#0"}}},{"from":[5.75,9.5,-11.8],"to":[10.25,14,-3.8],"rotation":{"angle":-45,"axis":"z","origin":[8,11.5,-7.3]},"faces":{"north":{"uv":[8.25,6.5625,8.8125,7.125],"texture":"#0"},"east":{"uv":[8.25,6.5625,7.25,7.125],"texture":"#0"},"south":{"uv":[8.8125,6.5625,9.375,7.125],"texture":"#0"},"west":{"uv":[7.25,7.125,8.25,6.5625],"texture":"#0"},"up":{"uv":[7.25,7.5625,6.6875,6.5625],"texture":"#0"},"down":{"uv":[6.6875,6.5625,7.25,7.5625],"texture":"#0"}}},{"from":[8.2,4.05,13.55],"to":[8.7,4.55,18.55],"rotation":{"angle":0,"axis":"y","origin":[8,6.7,14.05]},"faces":{"north":{"uv":[0.625,3.1875,0.6875,3.25],"rotation":180,"texture":"#0"},"east":{"uv":[1.625,5.75,1.5625,6.375],"rotation":90,"texture":"#0"},"south":{"uv":[0.625,3.1875,0.6875,3.25],"texture":"#0"},"west":{"uv":[1.625,5.75,1.5625,6.375],"rotation":270,"texture":"#0"},"up":{"uv":[1.5625,6.375,1.625,5.75],"rotation":180,"texture":"#0"},"down":{"uv":[1.5625,5.75,1.625,6.375],"rotation":180,"texture":"#0"}}},{"from":[7.3,4.05,13.55],"to":[7.8,4.55,18.55],"rotation":{"angle":0,"axis":"y","origin":[8,6.7,14.05]},"faces":{"north":{"uv":[0.6875,3.1875,0.625,3.25],"rotation":180,"texture":"#0"},"east":{"uv":[1.625,6.375,1.5625,5.75],"rotation":270,"texture":"#0"},"south":{"uv":[0.6875,3.1875,0.625,3.25],"texture":"#0"},"west":{"uv":[1.625,6.375,1.5625,5.75],"rotation":90,"texture":"#0"},"up":{"uv":[1.625,6.375,1.5625,5.75],"rotation":180,"texture":"#0"},"down":{"uv":[1.625,5.75,1.5625,6.375],"rotation":180,"texture":"#0"}}},{"from":[8.2,4.45,12.65],"to":[8.6,4.95,15.55],"rotation":{"angle":45,"axis":"x","origin":[8,6.7,14.05]},"faces":{"north":{"uv":[0.625,3.1875,0.6875,3.2375],"rotation":90,"texture":"#0"},"east":{"uv":[1.675,5.625,1.3125,5.6875],"texture":"#0"},"south":{"uv":[0.625,3.1875,0.6875,3.2375],"rotation":90,"texture":"#0"},"west":{"uv":[1.3125,5.625,1.675,5.6875],"texture":"#0"},"up":{"uv":[1.3125,5.625,1.675,5.675],"rotation":90,"texture":"#0"},"down":{"uv":[1.675,5.625,1.3125,5.675],"rotation":90,"texture":"#0"}}},{"from":[7.4,4.45,12.15],"to":[7.8,4.95,15.05],"rotation":{"angle":45,"axis":"x","origin":[8,6.7,13.55]},"faces":{"north":{"uv":[0.625,3.2375,0.6875,3.1875],"rotation":90,"texture":"#0"},"east":{"uv":[1.675,5.625,1.3125,5.6875],"texture":"#0"},"south":{"uv":[0.625,3.2375,0.6875,3.1875],"rotation":90,"texture":"#0"},"west":{"uv":[1.3125,5.625,1.675,5.6875],"texture":"#0"},"up":{"uv":[1.3125,5.675,1.675,5.625],"rotation":90,"texture":"#0"},"down":{"uv":[1.675,5.675,1.3125,5.625],"rotation":90,"texture":"#0"}}},{"from":[6.5,7.5,18],"to":[9.5,13.5,20.5],"rotation":{"angle":0,"axis":"y","origin":[0,0,3]},"faces":{"north":{"uv":[6.3125,4.1875,6.6875,3.4375],"texture":"#0"},"east":{"uv":[6.3125,3.4375,6,4.1875],"texture":"#0"},"south":{"uv":[6.3125,3.4375,6.6875,4.1875],"texture":"#0"},"west":{"uv":[6,3.4375,6.3125,4.1875],"texture":"#0"},"up":{"uv":[6.375,3.125,6.75,3.4375],"texture":"#0"},"down":{"uv":[6.375,3.125,6.75,3.4375],"texture":"#0"}}},{"from":[6.4,12.5,3],"to":[9.6,14.5,5.5],"rotation":{"angle":0,"axis":"y","origin":[0,0,3]},"faces":{"north":{"uv":[7.8125,3.75,8.2125,3.5],"texture":"#0"},"east":{"uv":[7,3.5,7.3125,3.75],"texture":"#0"},"south":{"uv":[7.8125,3.75,8.2125,3.5],"texture":"#0"},"west":{"uv":[7,3.5,7.3125,3.75],"texture":"#0"},"up":{"uv":[7.8125,3.0625,8.2125,3.375],"texture":"#0"},"down":{"uv":[7.8125,3.0625,8.2125,3.375],"texture":"#0"}}},{"from":[6.4,12.5,-1],"to":[9.6,14.5,1.5],"rotation":{"angle":0,"axis":"y","origin":[0,0,3]},"faces":{"north":{"uv":[7.8125,3.75,8.2125,3.5],"texture":"#0"},"east":{"uv":[7,3.5,7.3125,3.75],"texture":"#0"},"south":{"uv":[7.8125,3.75,8.2125,3.5],"texture":"#0"},"west":{"uv":[7,3.5,7.3125,3.75],"texture":"#0"},"up":{"uv":[7.8125,3.0625,8.2125,3.375],"texture":"#0"},"down":{"uv":[7.8125,3.0625,8.2125,3.375],"texture":"#0"}}},{"from":[6.75,8,20.5],"to":[9.25,11,21],"rotation":{"angle":0,"axis":"y","origin":[0,0,3]},"faces":{"north":{"uv":[7,3.0625,7.3125,3.4375],"texture":"#0"},"east":{"uv":[7.3125,3.0625,7.375,3.4375],"texture":"#0"},"south":{"uv":[7,3.0625,7.3125,3.4375],"texture":"#0"},"west":{"uv":[7.3125,3.0625,7.375,3.4375],"texture":"#0"},"up":{"uv":[7,3.4375,7.3125,3.5],"texture":"#0"},"down":{"uv":[7,3.4375,7.3125,3.5],"texture":"#0"}}},{"from":[6.75,6.4,24.5],"to":[9.25,10.9,25.5],"rotation":{"angle":0,"axis":"y","origin":[0,0,3]},"faces":{"north":{"uv":[8.75,5.625,9.0625,6.1875],"texture":"#0"},"east":{"uv":[9.0625,5.625,9.1875,6.1875],"texture":"#0"},"south":{"uv":[8.75,5.625,9.0625,6.1875],"texture":"#0"},"west":{"uv":[9.0625,5.625,9.1875,6.1875],"texture":"#0"},"up":{"uv":[8.4375,6,8.75,6.125],"texture":"#0"},"down":{"uv":[8.4375,6,8.75,6.125],"texture":"#0"}}},{"from":[6.5,6.5,-2.8],"to":[9.5,14,11.7],"rotation":{"angle":0,"axis":"y","origin":[0,0,4]},"faces":{"north":{"uv":[8.75,5.625,9.125,4.6875],"texture":"#0"},"east":{"uv":[8.75,4.6875,6.9375,5.625],"texture":"#0"},"south":{"uv":[8.75,5.625,9.125,4.6875],"texture":"#0"},"west":{"uv":[6.9375,4.6875,8.75,5.625],"texture":"#0"},"up":{"uv":[6.9375,5.625,8.75,6],"rotation":90,"texture":"#0"},"down":{"uv":[6.9375,5.625,8.75,6],"rotation":90,"texture":"#0"}}},{"from":[6.5,14,6.5],"to":[9.5,16,9.5],"rotation":{"angle":0,"axis":"y","origin":[0,0,4]},"faces":{"north":{"uv":[8.9375,3.5,9.3125,3.75],"texture":"#0"},"east":{"uv":[8.9375,3.75,9.3125,4],"texture":"#0"},"south":{"uv":[8.9375,3.5,9.3125,3.75],"texture":"#0"},"west":{"uv":[8.9375,3.75,9.3125,4],"texture":"#0"},"up":{"uv":[8.9375,3.125,9.3125,3.5],"rotation":90,"texture":"#0"},"down":{"uv":[8.9375,3.125,9.3125,3.5],"rotation":90,"texture":"#0"}}},{"from":[6.5,13.5,18],"to":[9.5,16,19],"rotation":{"angle":0,"axis":"y","origin":[0,0,4]},"faces":{"north":{"uv":[8.625,4.375,9,4.6875],"texture":"#0"},"east":{"uv":[9,4.375,9.125,4.6875],"texture":"#0"},"south":{"uv":[8.625,4.375,9,4.6875],"texture":"#0"},"west":{"uv":[9,4.375,9.125,4.6875],"texture":"#0"},"up":{"uv":[9.125,4.375,9.25,4.75],"rotation":90,"texture":"#0"},"down":{"uv":[9.125,4.375,9.25,4.75],"rotation":90,"texture":"#0"}}},{"from":[6.5,16,9.5],"to":[9.5,16,18],"rotation":{"angle":0,"axis":"y","origin":[0,0,4]},"faces":{"north":{"uv":[8.375,6.25,8.75,6.25],"texture":"#0"},"east":{"uv":[8.6875,6.25,7.5625,6.25],"texture":"#0"},"south":{"uv":[8.375,6.25,8.75,6.25],"texture":"#0"},"west":{"uv":[7.5625,6.25,8.6875,6.25],"texture":"#0"},"up":{"uv":[6.875,6,7.9375,6.375],"rotation":90,"texture":"#0"},"down":{"uv":[7.9375,6,6.875,6.375],"rotation":90,"texture":"#0"}}},{"from":[6.5,16,6.5],"to":[6.5,17.5,19],"rotation":{"angle":0,"axis":"y","origin":[0,0,4]},"faces":{"north":{"uv":[8.75,6.125,8.75,6.3125],"texture":"#0"},"east":{"uv":[8.3125,6.375,6.75,6.5625],"texture":"#0"},"south":{"uv":[8.75,6.3125,8.75,6.125],"texture":"#0"},"west":{"uv":[6.75,6.375,8.3125,6.5625],"texture":"#0"},"up":{"uv":[7.6875,5.75,9.3125,5.75],"rotation":90,"texture":"#0"},"down":{"uv":[9.3125,5.75,7.6875,5.75],"rotation":90,"texture":"#0"}}},{"from":[6.5,13.5,19],"to":[6.5,17,20.5],"rotation":{"angle":0,"axis":"y","origin":[0,0,4]},"faces":{"north":{"uv":[8.75,6.125,8.75,6.5625],"texture":"#0"},"east":{"uv":[6.5,6.8125,6.3125,7.25],"texture":"#0"},"south":{"uv":[8.75,6.5625,8.75,6.125],"texture":"#0"},"west":{"uv":[6.3125,6.8125,6.5,7.25],"texture":"#0"},"up":{"uv":[7.6875,5.75,7.875,5.75],"rotation":90,"texture":"#0"},"down":{"uv":[7.875,5.75,7.6875,5.75],"rotation":90,"texture":"#0"}}},{"from":[9.5,13.5,19],"to":[9.5,17,20.5],"rotation":{"angle":0,"axis":"y","origin":[16,0,4]},"faces":{"north":{"uv":[8.75,6.125,8.75,6.5625],"texture":"#0"},"east":{"uv":[6.5,6.8125,6.3125,7.25],"texture":"#0"},"south":{"uv":[8.75,6.5625,8.75,6.125],"texture":"#0"},"west":{"uv":[6.3125,6.8125,6.5,7.25],"texture":"#0"},"up":{"uv":[7.6875,5.75,7.875,5.75],"rotation":90,"texture":"#0"},"down":{"uv":[7.875,5.75,7.6875,5.75],"rotation":90,"texture":"#0"}}},{"from":[9.5,16,6.5],"to":[9.5,17.5,19],"rotation":{"angle":0,"axis":"y","origin":[0,0,4]},"faces":{"north":{"uv":[8.75,6.125,8.75,6.3125],"texture":"#0"},"east":{"uv":[6.75,6.375,8.3125,6.5625],"texture":"#0"},"south":{"uv":[8.75,6.3125,8.75,6.125],"texture":"#0"},"west":{"uv":[6.75,6.375,8.3125,6.5625],"texture":"#0"},"up":{"uv":[7.6875,5.75,9.3125,5.75],"rotation":90,"texture":"#0"},"down":{"uv":[9.3125,5.75,7.6875,5.75],"rotation":90,"texture":"#0"}}},{"from":[6.75,3,6.45],"to":[9.25,7.5,11.45],"rotation":{"angle":0,"axis":"y","origin":[0,3,2.1]},"faces":{"north":{"uv":[7.5625,1.9375,7.875,2.5],"texture":"#0"},"east":{"uv":[7.5625,1.9375,6.9375,2.5],"texture":"#0"},"south":{"uv":[8.3125,1.1875,8.625,1.75],"texture":"#0"},"west":{"uv":[6.9375,1.9375,7.5625,2.5],"texture":"#0"},"up":{"uv":[7.875,1.88125,8.1875,2.50625],"texture":"#0"},"down":{"uv":[7.875,1.88125,8.1875,2.50625],"texture":"#0"}}},{"from":[6.85,-1,6.45],"to":[9.15,3,11.45],"rotation":{"angle":22.5,"axis":"x","origin":[8,2.95,11.45]},"faces":{"north":{"uv":[6.9375,1.4375,7.25,1.9375],"texture":"#0"},"east":{"uv":[8.8125,2,8.1875,2.5],"texture":"#0"},"south":{"uv":[8.625,1.25,8.9375,1.75],"texture":"#0"},"west":{"uv":[8.1875,2,8.8125,2.5],"texture":"#0"},"up":{"uv":[6.9375,0.8125,7.25,1.4375],"texture":"#0"},"down":{"uv":[6.9375,0.8125,7.25,1.4375],"texture":"#0"}}},{"from":[6.95,-5.7,4.55],"to":[9.05,-0.7,9.55],"rotation":{"angle":45,"axis":"x","origin":[8,-1.15,9.75]},"faces":{"north":{"uv":[7.25,0.6875,7.5625,1.3125],"texture":"#0"},"east":{"uv":[7.875,1.3125,7.25,1.9375],"texture":"#0"},"south":{"uv":[8.3125,0.5625,8.625,1.1875],"texture":"#0"},"west":{"uv":[7.25,1.3125,7.875,1.9375],"texture":"#0"},"up":{"uv":[7.5625,0.6875,7.875,1.3125],"texture":"#0"},"down":{"uv":[7.5625,0.6875,7.875,1.3125],"texture":"#0"}}},{"from":[6.5,-7.2,3.75],"to":[9.5,-5.2,9.75],"rotation":{"angle":45,"axis":"x","origin":[8,-1.15,9.75]},"faces":{"north":{"uv":[7.875,0.75,8.25,1],"texture":"#0"},"east":{"uv":[8.1875,1.75,8.9375,2],"texture":"#0"},"south":{"uv":[7.875,0.75,8.25,1],"texture":"#0"},"west":{"uv":[8.1875,1.75,8.9375,2],"texture":"#0"},"up":{"uv":[7.88125,1,8.25625,1.75],"texture":"#0"},"down":{"uv":[7.88125,1,8.25625,1.75],"texture":"#0"}}},{"from":[8,2,-7.5],"to":[8,4,-0.5],"faces":{"north":{"uv":[0,0,0,1],"rotation":180,"texture":"#2"},"east":{"uv":[1,4,2,0.5],"rotation":270,"texture":"#2"},"south":{"uv":[0,0,0,1],"texture":"#2"},"west":{"uv":[1,0.5,2,4],"rotation":270,"texture":"#2"},"up":{"uv":[0,0,0,12],"texture":"#2"},"down":{"uv":[0,0,0,12],"rotation":180,"texture":"#2"}}},{"from":[8,-4.1,-12.5],"to":[8,-2.1,-7.5],"rotation":{"angle":45,"axis":"x","origin":[0,0,0]},"faces":{"north":{"uv":[0,0,0,1],"rotation":180,"texture":"#2"},"east":{"uv":[1,2.5,2,0],"rotation":270,"texture":"#2"},"south":{"uv":[0,0,0,1],"texture":"#2"},"west":{"uv":[1,0,2,2.5],"rotation":270,"texture":"#2"},"up":{"uv":[0,0,0,12],"texture":"#2"},"down":{"uv":[0,0,0,12],"rotation":180,"texture":"#2"}}},{"from":[6.75,10.95,22],"to":[9.25,13.45,23.5],"rotation":{"angle":0,"axis":"y","origin":[0,-1,4]},"faces":{"north":{"uv":[5.0625,2.1875,5.375,2.5],"rotation":270,"texture":"#0"},"east":{"uv":[5.5,3.0625,5.8125,2.875],"rotation":270,"texture":"#0"},"south":{"uv":[5.0625,2.1875,5.375,2.5],"rotation":270,"texture":"#0"},"west":{"uv":[5.5,2.875,5.8125,3.0625],"rotation":270,"texture":"#0"},"up":{"uv":[5.8125,3.0625,5.5,2.875],"rotation":180,"texture":"#0"},"down":{"uv":[5.5,2.875,5.8125,3.0625],"rotation":180,"texture":"#0"}}},{"from":[7.25,11.5,11],"to":[8.75,13,22],"rotation":{"angle":0,"axis":"y","origin":[0,-1,4]},"faces":{"north":{"uv":[6.8125,4.4375,7,4.625],"rotation":270,"texture":"#0"},"east":{"uv":[6.8125,3.25,7,4.625],"rotation":270,"texture":"#0"},"south":{"uv":[6.8125,4.4375,7,4.625],"rotation":270,"texture":"#0"},"west":{"uv":[6.8125,3.25,7,4.625],"rotation":270,"texture":"#0"},"up":{"uv":[5.8125,2.875,7.1875,3.0625],"rotation":270,"texture":"#0"},"down":{"uv":[5.8125,2.875,7.1875,3.0625],"rotation":270,"texture":"#0"}}},{"from":[6,7.8,16.5],"to":[10,9.3,19.5],"rotation":{"angle":0,"axis":"y","origin":[0,-1,4]},"faces":{"north":{"uv":[5.75,4.625,5.9375,5.125],"rotation":270,"texture":"#0"},"east":{"uv":[6.25,4.25,6.4375,4.625],"rotation":270,"texture":"#0"},"south":{"uv":[5.75,4.625,5.9375,5.125],"rotation":270,"texture":"#0"},"west":{"uv":[6.25,4.25,6.4375,4.625],"rotation":270,"texture":"#0"},"up":{"uv":[5.75,4.25,6.25,4.625],"rotation":180,"texture":"#0"},"down":{"uv":[5.75,4.25,6.25,4.625],"rotation":180,"texture":"#0"}}},{"from":[6,12.5,7.3],"to":[10,15.5,8.8],"rotation":{"angle":22.5,"axis":"x","origin":[8,14,8.25]},"faces":{"north":{"uv":[5.75,4.25,6.25,4.625],"texture":"#0"},"east":{"uv":[6.25,4.25,6.4375,4.625],"texture":"#0"},"south":{"uv":[5.75,4.25,6.25,4.625],"rotation":180,"texture":"#0"},"west":{"uv":[6.25,4.25,6.4375,4.625],"rotation":180,"texture":"#0"},"up":{"uv":[5.75,4.625,5.9375,5.125],"rotation":270,"texture":"#0"},"down":{"uv":[5.75,4.625,5.9375,5.125],"rotation":90,"texture":"#0"}}},{"from":[7,9,13.5],"to":[9,11,16.5],"rotation":{"angle":0,"axis":"y","origin":[0,0,4]},"faces":{"north":{"uv":[6.0625,4.625,6.3125,4.875],"texture":"#0"},"east":{"uv":[6.3125,4.625,5.9375,4.875],"texture":"#0"},"south":{"uv":[6.0625,4.625,6.3125,4.875],"texture":"#0"},"west":{"uv":[5.9375,4.625,6.3125,4.875],"texture":"#0"},"up":{"uv":[6.4375,4.1875,6.8125,4.4375],"rotation":90,"texture":"#0"},"down":{"uv":[6.4375,4.1875,6.8125,4.4375],"rotation":90,"texture":"#0"}}},{"from":[7,9,16.5],"to":[9,11,18.5],"rotation":{"angle":0,"axis":"y","origin":[0,0,4]},"faces":{"north":{"uv":[6.0625,4.625,6.3125,4.875],"texture":"#0"},"east":{"uv":[6.1875,4.625,5.9375,4.875],"texture":"#0"},"south":{"uv":[6.0625,4.625,6.3125,4.875],"texture":"#0"},"west":{"uv":[5.9375,4.625,6.1875,4.875],"texture":"#0"},"up":{"uv":[6.4375,4.1875,6.6875,4.4375],"rotation":90,"texture":"#0"},"down":{"uv":[6.4375,4.1875,6.6875,4.4375],"rotation":90,"texture":"#0"}}},{"from":[7,9,11.5],"to":[9,13.5,13.5],"rotation":{"angle":0,"axis":"y","origin":[0,0,4]},"faces":{"north":{"uv":[6.0625,5.125,6.3125,5.6875],"texture":"#0"},"east":{"uv":[6.0625,5.125,5.8125,5.6875],"texture":"#0"},"south":{"uv":[6.0625,5.125,6.3125,5.6875],"texture":"#0"},"west":{"uv":[5.8125,5.125,6.0625,5.6875],"texture":"#0"},"up":{"uv":[5.9375,4.875,6.1875,5.125],"rotation":90,"texture":"#0"},"down":{"uv":[5.9375,4.875,6.1875,5.125],"rotation":90,"texture":"#0"}}},{"from":[7,7.6,13],"to":[9,9,15],"rotation":{"angle":0,"axis":"y","origin":[0,0,4]},"faces":{"north":{"uv":[6.0625,5.125,6.3125,5.3125],"texture":"#0"},"east":{"uv":[6.625,5.75,6.875,5.9375],"texture":"#0"},"south":{"uv":[6.0625,5.125,6.3125,5.3125],"texture":"#0"},"west":{"uv":[6.625,5.75,6.875,5.9375],"texture":"#0"},"up":{"uv":[6.625,5.9375,6.875,6.1875],"rotation":90,"texture":"#0"},"down":{"uv":[6.625,5.9375,6.875,6.1875],"rotation":90,"texture":"#0"}}},{"from":[6.5,7.5,11.7],"to":[9.5,10,18],"rotation":{"angle":0,"axis":"y","origin":[0,0,6]},"faces":{"north":{"uv":[6.3125,6.5,6.6875,6.8125],"texture":"#0"},"east":{"uv":[5.9375,6.1875,6.725,6.5],"texture":"#0"},"south":{"uv":[6.3125,6.5,6.6875,6.8125],"texture":"#0"},"west":{"uv":[5.9375,6.1875,6.725,6.5],"texture":"#0"},"up":{"uv":[5.9375,6.5,6.3125,7.2875],"texture":"#0"},"down":{"uv":[5.9375,6.5,6.3125,7.2875],"texture":"#0"}}},{"from":[5,6,4.5],"to":[6.5,7.5,6],"rotation":{"angle":45,"axis":"x","origin":[8,6.75,5.25]},"faces":{"north":{"uv":[6.4375,4.4375,6.625,4.625],"texture":"#0"},"east":{"uv":[6.4375,4.4375,6.625,4.625],"texture":"#0"},"south":{"uv":[6.4375,4.4375,6.625,4.625],"texture":"#0"},"west":{"uv":[6.4375,4.4375,6.625,4.625],"texture":"#0"},"up":{"uv":[6.4375,4.4375,6.625,4.625],"texture":"#0"},"down":{"uv":[6.4375,4.4375,6.625,4.625],"texture":"#0"}}},{"from":[6.15,5.5,10.5],"to":[9.85,7,12],"rotation":{"angle":0,"axis":"y","origin":[7.75,6,11]},"faces":{"north":{"uv":[8.625,4.1875,9.0625,4.375],"texture":"#0"},"east":{"uv":[9.0625,4.1875,9.25,4.375],"rotation":90,"texture":"#0"},"south":{"uv":[8.625,4.1875,9.0625,4.375],"texture":"#0"},"west":{"uv":[9.0625,4.1875,9.25,4.375],"rotation":90,"texture":"#0"},"up":{"uv":[8.625,4.1875,9.0625,4.375],"rotation":180,"texture":"#0"},"down":{"uv":[8.625,4.1875,9.0625,4.375],"rotation":180,"texture":"#0"}}},{"from":[6.05,3,10],"to":[6.05,6.5,12.5],"rotation":{"angle":45,"axis":"x","origin":[6.05,6.25,11.25]},"faces":{"north":{"uv":[8.625,4.1875,9.0625,4.375],"texture":"#0"},"east":{"uv":[9.25,4.0625,9.6875,4.375],"rotation":90,"texture":"#0"},"south":{"uv":[8.625,4.1875,9.0625,4.375],"texture":"#0"},"west":{"uv":[9.25,4.0625,9.6875,4.375],"rotation":90,"texture":"#0"},"up":{"uv":[8.625,4.1875,9.0625,4.375],"rotation":180,"texture":"#0"},"down":{"uv":[8.625,4.1875,9.0625,4.375],"rotation":180,"texture":"#0"}}},{"from":[9.5,6,4.5],"to":[11,7.5,6],"rotation":{"angle":45,"axis":"x","origin":[8,6.75,5.25]},"faces":{"north":{"uv":[6.625,4.4375,6.4375,4.625],"texture":"#0"},"east":{"uv":[6.625,4.4375,6.4375,4.625],"texture":"#0"},"south":{"uv":[6.625,4.4375,6.4375,4.625],"texture":"#0"},"west":{"uv":[6.625,4.4375,6.4375,4.625],"texture":"#0"},"up":{"uv":[6.625,4.4375,6.4375,4.625],"texture":"#0"},"down":{"uv":[6.625,4.4375,6.4375,4.625],"texture":"#0"}}},{"from":[9.5,6,-1.5],"to":[11,7.5,0],"rotation":{"angle":45,"axis":"x","origin":[8,6.75,-0.75]},"faces":{"north":{"uv":[6.625,4.4375,6.4375,4.625],"texture":"#0"},"east":{"uv":[6.625,4.4375,6.4375,4.625],"texture":"#0"},"south":{"uv":[6.625,4.4375,6.4375,4.625],"texture":"#0"},"west":{"uv":[6.625,4.4375,6.4375,4.625],"texture":"#0"},"up":{"uv":[6.625,4.4375,6.4375,4.625],"texture":"#0"},"down":{"uv":[6.625,4.4375,6.4375,4.625],"texture":"#0"}}},{"from":[5,6,-1.5],"to":[6.5,7.5,0],"rotation":{"angle":45,"axis":"x","origin":[8,6.75,-0.75]},"faces":{"north":{"uv":[6.4375,4.4375,6.625,4.625],"texture":"#0"},"east":{"uv":[6.4375,4.4375,6.625,4.625],"texture":"#0"},"south":{"uv":[6.4375,4.4375,6.625,4.625],"texture":"#0"},"west":{"uv":[6.4375,4.4375,6.625,4.625],"texture":"#0"},"up":{"uv":[6.4375,4.4375,6.625,4.625],"texture":"#0"},"down":{"uv":[6.4375,4.4375,6.625,4.625],"texture":"#0"}}},{"from":[7,14.5,-0.3],"to":[9,15.5,5],"rotation":{"angle":0,"axis":"y","origin":[0,0,6]},"faces":{"north":{"uv":[8.1875,6,8.4375,6.125],"texture":"#0"},"east":{"uv":[8.0625,6.125,8.725,6.25],"texture":"#0"},"south":{"uv":[8.1875,6,8.4375,6.125],"texture":"#0"},"west":{"uv":[8.0625,6.125,8.725,6.25],"texture":"#0"},"up":{"uv":[8.9375,2.4375,9.1875,3.1],"texture":"#0"},"down":{"uv":[8.9375,2.4375,9.1875,3.1],"texture":"#0"}}},{"from":[5,15,3.7],"to":[11,21,3.7],"rotation":{"angle":0,"axis":"y","origin":[0,0,6]},"faces":{"north":{"uv":[8.9375,0.625,9.6875,1.375],"texture":"#0"},"east":{"uv":[8.0625,6.125,8.725,6.25],"texture":"#0"},"south":{"uv":[8.9375,0.625,9.6875,1.375],"texture":"#0"},"west":{"uv":[8.0625,6.125,8.725,6.25],"texture":"#0"},"up":{"uv":[8.9375,2.4375,9.6875,2.4375],"texture":"#0"},"down":{"uv":[8.9375,2.4375,9.1875,3.1],"texture":"#0"}}},{"from":[5,15,4],"to":[11,21,4],"rotation":{"angle":0,"axis":"y","origin":[0,0,6]},"faces":{"north":{"uv":[8.9375,0.625,9.6875,1.375],"texture":"#0"},"east":{"uv":[8.0625,6.125,8.725,6.25],"texture":"#0"},"south":{"uv":[8.9375,0.625,9.6875,1.375],"texture":"#0"},"west":{"uv":[8.0625,6.125,8.725,6.25],"texture":"#0"},"up":{"uv":[8.9375,2.4375,9.6875,2.4375],"texture":"#0"},"down":{"uv":[8.9375,2.4375,9.1875,3.1],"texture":"#0"}}},{"from":[6.25,6,6.3],"to":[9.75,10.5,11.8],"rotation":{"angle":0,"axis":"y","origin":[0,0,6]},"faces":{"north":{"uv":[7.9375,2.5,8.375,3.0625],"texture":"#0"},"east":{"uv":[7.9375,2.5,7.25,3.0625],"texture":"#0"},"south":{"uv":[7.9375,2.5,8.375,3.0625],"texture":"#0"},"west":{"uv":[7.25,2.5,7.9375,3.0625],"texture":"#0"},"up":{"uv":[7.375,3.0625,7.8125,3.75],"texture":"#0"},"down":{"uv":[7.375,3.0625,7.8125,3.75],"texture":"#0"}}},{"from":[5.75,5.3,-2.2],"to":[10.25,12.8,6.3],"rotation":{"angle":0,"axis":"y","origin":[0,0,6]},"faces":{"north":{"uv":[8.0625,3.75,8.625,4.6875],"texture":"#0"},"east":{"uv":[8.0625,3.75,7,4.6875],"texture":"#0"},"south":{"uv":[8.0625,3.75,8.625,4.6875],"texture":"#0"},"west":{"uv":[7,3.75,8.0625,4.6875],"texture":"#0"},"up":{"uv":[8.375,2.5,8.9375,3.5625],"texture":"#0"},"down":{"uv":[8.9375,1.375,9.5,2.4375],"texture":"#0"}}},{"from":[10,10.9,3.7],"to":[14,10.9,7.7],"rotation":{"angle":22.5,"axis":"z","origin":[12,10.9,5.7]},"faces":{"north":{"uv":[0,0,0,0.5],"rotation":270,"texture":"#0"},"east":{"uv":[4,0,0,0],"rotation":180,"texture":"#missing"},"south":{"uv":[0,0,0,4],"rotation":90,"texture":"#missing"},"west":{"uv":[0,0,4,0],"texture":"#missing"},"up":{"uv":[2.875,1.3125,2.375,1.8125],"rotation":90,"texture":"#0"},"down":{"uv":[2.375,1.3125,2.875,1.8125],"rotation":90,"texture":"#0"}}},{"from":[10,9.6,3.7],"to":[14,9.6,7.7],"rotation":{"angle":0,"axis":"y","origin":[12,9.6,5.7]},"faces":{"north":{"uv":[0,0,0,0.5],"rotation":270,"texture":"#0"},"east":{"uv":[4,0,0,0],"rotation":180,"texture":"#missing"},"south":{"uv":[0,0,0,4],"rotation":90,"texture":"#missing"},"west":{"uv":[0,0,4,0],"texture":"#missing"},"up":{"uv":[2.875,1.3125,2.375,1.8125],"rotation":90,"texture":"#0"},"down":{"uv":[2.375,1.3125,2.875,1.8125],"rotation":90,"texture":"#0"}}},{"from":[8.1,3.5,-10.5],"to":[8.1,8.5,4.5],"rotation":{"angle":0,"axis":"y","origin":[0,0,6]},"faces":{"north":{"uv":[1.25,0,1.25,0.625],"texture":"#missing"},"east":{"uv":[10.5,0,8.625,0.625],"texture":"#0"},"south":{"uv":[1.25,0,1.25,0.625],"texture":"#missing"},"west":{"uv":[8.625,0,10.5,0.625],"texture":"#0"},"up":{"uv":[1.25,0,1.25,2],"texture":"#0"},"down":{"uv":[1.25,0,1.25,2],"texture":"#missing"}}},{"from":[7.9,3.5,-10.5],"to":[7.9,8.5,4.5],"rotation":{"angle":0,"axis":"y","origin":[0,0,6]},"faces":{"north":{"uv":[1.25,0,1.25,0.625],"texture":"#missing"},"east":{"uv":[10.5,0,8.625,0.625],"texture":"#0"},"south":{"uv":[1.25,0,1.25,0.625],"texture":"#missing"},"west":{"uv":[8.625,0,10.5,0.625],"texture":"#0"},"up":{"uv":[1.25,0,1.25,2],"texture":"#0"},"down":{"uv":[1.25,0,1.25,2],"texture":"#missing"}}},{"from":[8.25,10,19],"to":[8.75,10.5,30],"rotation":{"angle":0,"axis":"y","origin":[0,-8,6]},"faces":{"north":{"uv":[0.625,3.1875,0.6875,3.2625],"rotation":180,"texture":"#0"},"east":{"uv":[1.5625,5.1875,1.625,6.5625],"rotation":90,"texture":"#0"},"south":{"uv":[0.625,3.1875,0.6875,3.2625],"texture":"#0"},"west":{"uv":[1.5625,5.1875,1.625,6.5625],"rotation":270,"texture":"#0"},"up":{"uv":[1.5625,5.1875,1.625,6.5625],"texture":"#0"},"down":{"uv":[1.5625,5.1875,1.625,6.5625],"rotation":180,"texture":"#0"}}},{"from":[7.25,10,19],"to":[7.75,10.5,30],"rotation":{"angle":0,"axis":"y","origin":[0,-8,6]},"faces":{"north":{"uv":[0.625,3.1875,0.6875,3.2625],"rotation":180,"texture":"#0"},"east":{"uv":[1.5625,5.1875,1.625,6.5625],"rotation":90,"texture":"#0"},"south":{"uv":[0.625,3.1875,0.6875,3.2625],"texture":"#0"},"west":{"uv":[1.5625,5.1875,1.625,6.5625],"rotation":270,"texture":"#0"},"up":{"uv":[1.5625,5.1875,1.625,6.5625],"texture":"#0"},"down":{"uv":[1.5625,5.1875,1.625,6.5625],"rotation":180,"texture":"#0"}}},{"from":[8.25,13,11],"to":[8.75,13.5,22],"rotation":{"angle":22.5,"axis":"x","origin":[0,-8,6]},"faces":{"north":{"uv":[0.625,3.1875,0.6875,3.2625],"rotation":180,"texture":"#0"},"east":{"uv":[1.5625,5.1875,1.625,6.5625],"rotation":90,"texture":"#0"},"south":{"uv":[0.625,3.1875,0.6875,3.2625],"texture":"#0"},"west":{"uv":[1.5625,5.1875,1.625,6.5625],"rotation":270,"texture":"#0"},"up":{"uv":[1.5625,5.1875,1.625,6.5625],"texture":"#0"},"down":{"uv":[1.5625,5.1875,1.625,6.5625],"rotation":180,"texture":"#0"}}},{"from":[7.25,13,11],"to":[7.75,13.5,22],"rotation":{"angle":22.5,"axis":"x","origin":[0,-8,6]},"faces":{"north":{"uv":[0.625,3.1875,0.6875,3.2625],"rotation":180,"texture":"#0"},"east":{"uv":[1.5625,5.1875,1.625,6.5625],"rotation":90,"texture":"#0"},"south":{"uv":[0.625,3.1875,0.6875,3.2625],"texture":"#0"},"west":{"uv":[1.5625,5.1875,1.625,6.5625],"rotation":270,"texture":"#0"},"up":{"uv":[1.5625,5.1875,1.625,6.5625],"texture":"#0"},"down":{"uv":[1.5625,5.1875,1.625,6.5625],"rotation":180,"texture":"#0"}}},{"from":[9.5,8,6.55],"to":[11.5,13,10.05],"rotation":{"angle":0,"axis":"y","origin":[0,-8,0]},"faces":{"north":{"uv":[1.0625,5.9375,0.8125,6.5625],"texture":"#0"},"east":{"uv":[0.375,5.9375,0.8125,6.5625],"texture":"#0"},"south":{"uv":[0.8125,5.9375,1.0625,6.5625],"texture":"#0"},"west":{"uv":[0.375,5.9375,0.8125,6.5625],"texture":"#0"},"up":{"uv":[0.375,6.5625,0.8125,6.8125],"rotation":270,"texture":"#0"},"down":{"uv":[0.375,6.5625,0.8125,6.8125],"rotation":90,"texture":"#0"}}},{"from":[9.4,11,6.45],"to":[11.6,12,10.15],"rotation":{"angle":0,"axis":"y","origin":[0,-8,0]},"faces":{"north":{"uv":[1.0625,6,1.3125,6.125],"texture":"#0"},"east":{"uv":[1.0625,6,1.5,6.125],"texture":"#0"},"south":{"uv":[1.0625,6,1.3125,6.125],"texture":"#0"},"west":{"uv":[1.0625,6,1.5,6.125],"texture":"#0"},"up":{"uv":[1.0625,5.75,1.5,6],"rotation":270,"texture":"#0"},"down":{"uv":[1.0625,5.75,1.5,6],"rotation":90,"texture":"#0"}}},{"from":[9.4,8.5,6.45],"to":[11.6,9.5,10.15],"rotation":{"angle":0,"axis":"y","origin":[0,-8,0]},"faces":{"north":{"uv":[1.0625,6,1.3125,6.125],"texture":"#0"},"east":{"uv":[1.0625,6,1.5,6.125],"texture":"#0"},"south":{"uv":[1.0625,6,1.3125,6.125],"texture":"#0"},"west":{"uv":[1.0625,6,1.5,6.125],"texture":"#0"},"up":{"uv":[1.0625,5.75,1.5,6],"rotation":270,"texture":"#0"},"down":{"uv":[1.0625,5.75,1.5,6],"rotation":90,"texture":"#0"}}},{"from":[10,10.5,4.5],"to":[11,11.5,5.5],"rotation":{"angle":0,"axis":"y","origin":[0,-8,0]},"faces":{"north":{"uv":[1.0625,4.3125,1.1875,4.4375],"texture":"#0"},"east":{"uv":[1.0625,4.3125,1.1875,4.4375],"texture":"#0"},"south":{"uv":[1.0625,4.3125,1.1875,4.4375],"texture":"#0"},"west":{"uv":[1.0625,4.3125,1.1875,4.4375],"texture":"#0"},"up":{"uv":[1.0625,4.3125,1.1875,4.4375],"rotation":270,"texture":"#0"},"down":{"uv":[1.0625,4.3125,1.1875,4.4375],"rotation":90,"texture":"#0"}}},{"from":[10,9,4.5],"to":[11,10,5.5],"rotation":{"angle":0,"axis":"y","origin":[0,-8,0]},"faces":{"north":{"uv":[1.0625,4.3125,1.1875,4.4375],"texture":"#0"},"east":{"uv":[1.0625,4.3125,1.1875,4.4375],"texture":"#0"},"south":{"uv":[1.0625,4.3125,1.1875,4.4375],"texture":"#0"},"west":{"uv":[1.0625,4.3125,1.1875,4.4375],"texture":"#0"},"up":{"uv":[1.0625,4.3125,1.1875,4.4375],"rotation":270,"texture":"#0"},"down":{"uv":[1.0625,4.3125,1.1875,4.4375],"rotation":90,"texture":"#0"}}},{"from":[10.5,13,6.8],"to":[10.5,15.5,9.8],"rotation":{"angle":0,"axis":"y","origin":[8,5,8]},"faces":{"north":{"uv":[0,0,0,7],"texture":"#3"},"east":{"uv":[0,0,6,5],"texture":"#3"},"south":{"uv":[0,0,0,7],"texture":"#3"},"west":{"uv":[0,0,6,5],"texture":"#3"},"up":{"uv":[0,4,0,0],"texture":"#3"},"down":{"uv":[0,0,0,4],"texture":"#3"}}}],"gui_light":"front","display":{"thirdperson_righthand":{"translation":[0,0.75,-2],"scale":[0.45,0.45,0.45]},"thirdperson_lefthand":{"translation":[0,0.75,-2],"scale":[0.45,0.45,0.45]},"firstperson_righthand":{"translation":[2.25,2.75,-0.5],"scale":[0.33789,0.33789,0.33789]},"firstperson_lefthand":{"translation":[2.25,2.75,-0.5],"scale":[0.33789,0.33789,0.33789]},"ground":{"translation":[0,8,0],"scale":[0.5,0.5,0.5]},"gui":{"rotation":[180,-90,180],"translation":[0.75,0,0],"scale":[0.34922,0.34922,0.34922]},"head":{"scale":[0,0,0]},"fixed":{"rotation":[0,-90,0],"translation":[0,-0.25,-3.5],"scale":[1.2,1.2,1.2]}}}