{"credit":"MadewithBlockbench","texture_size":[128,128],"textures":{"0":"elitecreatures:item/zombie_apocalyptic_animated_weapon_set/zombie_texture_01","4":"elitecreatures:item/zombie_apocalyptic_animated_weapon_set/zombie_animation_04","particle":"elitecreatures:item/zombie_apocalyptic_animated_weapon_set/zombie_texture_01"},"elements":[{"from":[7.25,21,3.75],"to":[8.75,22.5,5.25],"rotation":{"angle":0,"axis":"y","origin":[0,24,16]},"faces":{"north":{"uv":[3.3125,8.5,3.125,8.3125],"rotation":270,"texture":"#0"},"east":{"uv":[3.3125,8.3125,3.125,8.5],"rotation":270,"texture":"#0"},"south":{"uv":[3.3125,8.5,3.125,8.3125],"rotation":270,"texture":"#0"},"west":{"uv":[3.3125,8.5,3.125,8.3125],"rotation":270,"texture":"#0"},"up":{"uv":[3.3125,8.3125,3.5,8.5],"texture":"#0"},"down":{"uv":[3.3125,8.3125,3.5,8.5],"texture":"#0"}}},{"from":[7.25,21,10.75],"to":[8.75,22.5,12.25],"rotation":{"angle":0,"axis":"y","origin":[0,24,0]},"faces":{"north":{"uv":[3.3125,8.3125,3.125,8.5],"rotation":270,"texture":"#0"},"east":{"uv":[3.3125,8.5,3.125,8.3125],"rotation":270,"texture":"#0"},"south":{"uv":[3.3125,8.3125,3.125,8.5],"rotation":270,"texture":"#0"},"west":{"uv":[3.3125,8.3125,3.125,8.5],"rotation":270,"texture":"#0"},"up":{"uv":[3.3125,8.5,3.5,8.3125],"texture":"#0"},"down":{"uv":[3.3125,8.5,3.5,8.3125],"texture":"#0"}}},{"from":[6.5,19.5,3],"to":[9.5,21,6],"rotation":{"angle":0,"axis":"y","origin":[0,24,16]},"faces":{"north":{"uv":[5,7.5625,4.625,7.75],"texture":"#0"},"east":{"uv":[4.625,8.25,4.4375,7.875],"rotation":270,"texture":"#0"},"south":{"uv":[5,7.5625,4.625,7.75],"texture":"#0"},"west":{"uv":[4.625,8.25,4.4375,7.875],"rotation":270,"texture":"#0"},"up":{"uv":[4.625,7.1875,5,7.5625],"rotation":180,"texture":"#0"},"down":{"uv":[4.625,7.1875,5,7.5625],"rotation":180,"texture":"#0"}}},{"from":[6.5,19.5,10],"to":[9.5,21,13],"rotation":{"angle":0,"axis":"y","origin":[0,24,0]},"faces":{"north":{"uv":[4.625,7.5625,5,7.75],"texture":"#0"},"east":{"uv":[4.625,7.875,4.4375,8.25],"rotation":270,"texture":"#0"},"south":{"uv":[4.625,7.5625,5,7.75],"texture":"#0"},"west":{"uv":[4.625,7.875,4.4375,8.25],"rotation":270,"texture":"#0"},"up":{"uv":[4.625,7.5625,5,7.1875],"rotation":180,"texture":"#0"},"down":{"uv":[4.625,7.5625,5,7.1875],"rotation":180,"texture":"#0"}}},{"from":[6,7,2.5],"to":[10,20,6.5],"rotation":{"angle":0,"axis":"y","origin":[0,24,16]},"faces":{"north":{"uv":[3.9375,7.9375,4.4375,9.5625],"texture":"#0"},"east":{"uv":[4.4375,7.9375,3.9375,9.5625],"texture":"#0"},"south":{"uv":[3.9375,7.9375,4.4375,9.5625],"texture":"#0"},"west":{"uv":[4.4375,7.9375,3.9375,9.5625],"texture":"#0"},"up":{"uv":[3.9375,9.5625,4.4375,10.0625],"rotation":180,"texture":"#0"},"down":{"uv":[3.9375,9.5625,4.4375,10.0625],"rotation":180,"texture":"#0"}}},{"from":[5.7,14.9,-0.5],"to":[5.7,18.9,3.5],"rotation":{"angle":22.5,"axis":"y","origin":[5.5,16.9,1.5]},"faces":{"north":{"uv":[0,0,0,0.5],"texture":"#0"},"east":{"uv":[2.375,1.3125,2.875,1.8125],"texture":"#0"},"south":{"uv":[0,0,0,4],"texture":"#missing"},"west":{"uv":[2.875,1.3125,2.375,1.8125],"texture":"#0"},"up":{"uv":[4,0,0,0],"rotation":90,"texture":"#missing"},"down":{"uv":[0,0,4,0],"rotation":270,"texture":"#missing"}}},{"from":[5.7,14.9,12.5],"to":[5.7,18.9,16.5],"rotation":{"angle":-22.5,"axis":"y","origin":[5.5,16.9,14.5]},"faces":{"north":{"uv":[0,0,0,4],"texture":"#missing"},"east":{"uv":[2.875,1.3125,2.375,1.8125],"texture":"#0"},"south":{"uv":[0,0,0,0.5],"texture":"#0"},"west":{"uv":[2.375,1.3125,2.875,1.8125],"texture":"#0"},"up":{"uv":[0,0,4,0],"rotation":90,"texture":"#missing"},"down":{"uv":[4,0,0,0],"rotation":270,"texture":"#missing"}}},{"from":[6,7,9.5],"to":[10,20,13.5],"rotation":{"angle":0,"axis":"y","origin":[0,24,0]},"faces":{"north":{"uv":[4.4375,7.9375,3.9375,9.5625],"texture":"#0"},"east":{"uv":[3.9375,7.9375,4.4375,9.5625],"texture":"#0"},"south":{"uv":[4.4375,7.9375,3.9375,9.5625],"texture":"#0"},"west":{"uv":[3.9375,7.9375,4.4375,9.5625],"texture":"#0"},"up":{"uv":[3.9375,10.0625,4.4375,9.5625],"rotation":180,"texture":"#0"},"down":{"uv":[3.9375,10.0625,4.4375,9.5625],"rotation":180,"texture":"#0"}}},{"from":[5.5,11,2],"to":[10.5,18,7],"rotation":{"angle":0,"axis":"y","origin":[0,24,16]},"faces":{"north":{"uv":[5.0625,9.125,4.4375,8.25],"rotation":180,"texture":"#0"},"east":{"uv":[5.875,7.9375,5,7.3125],"rotation":270,"texture":"#0"},"south":{"uv":[5.0625,9.125,4.4375,8.25],"rotation":180,"texture":"#0"},"west":{"uv":[5.875,7.9375,5,7.3125],"rotation":270,"texture":"#0"},"up":{"uv":[5.0625,7.9375,5.6875,8.5625],"rotation":180,"texture":"#0"},"down":{"uv":[5.0625,7.9375,5.6875,8.5625],"rotation":180,"texture":"#0"}}},{"from":[5.5,11,9],"to":[10.5,18,14],"rotation":{"angle":0,"axis":"y","origin":[0,24,0]},"faces":{"north":{"uv":[4.4375,9.125,5.0625,8.25],"rotation":180,"texture":"#0"},"east":{"uv":[5.875,7.3125,5,7.9375],"rotation":270,"texture":"#0"},"south":{"uv":[4.4375,9.125,5.0625,8.25],"rotation":180,"texture":"#0"},"west":{"uv":[5.875,7.3125,5,7.9375],"rotation":270,"texture":"#0"},"up":{"uv":[5.0625,8.5625,5.6875,7.9375],"rotation":180,"texture":"#0"},"down":{"uv":[5.0625,8.5625,5.6875,7.9375],"rotation":180,"texture":"#0"}}},{"from":[1.5,13.3,11],"to":[5.5,21.3,11],"rotation":{"angle":-22.5,"axis":"z","origin":[3.5,15.8,11]},"faces":{"north":{"uv":[1.75,1,2.25,2],"texture":"#0"},"east":{"uv":[0,0,0,80],"texture":"#missing"},"south":{"uv":[2.25,1,1.75,2],"texture":"#0"},"west":{"uv":[0,0,0,80],"texture":"#missing"},"up":{"uv":[0,0,0,32],"rotation":90,"texture":"#missing"},"down":{"uv":[0,0,0,32],"rotation":270,"texture":"#missing"}}},{"from":[1.5,13.3,5],"to":[5.5,21.3,5],"rotation":{"angle":-22.5,"axis":"z","origin":[3.5,15.8,5]},"faces":{"north":{"uv":[1.75,1,2.25,2],"texture":"#0"},"east":{"uv":[0,0,0,80],"texture":"#missing"},"south":{"uv":[2.25,1,1.75,2],"texture":"#0"},"west":{"uv":[0,0,0,80],"texture":"#missing"},"up":{"uv":[0,0,0,32],"rotation":90,"texture":"#missing"},"down":{"uv":[0,0,0,32],"rotation":270,"texture":"#missing"}}},{"from":[6.5,5,3],"to":[9.5,8,6],"rotation":{"angle":0,"axis":"y","origin":[0,-6,18]},"faces":{"north":{"uv":[1.625,4.8125,1.25,5.1875],"texture":"#0"},"east":{"uv":[1.5625,3.9375,1.1875,4.3125],"texture":"#0"},"south":{"uv":[1.625,4.8125,1.25,5.1875],"texture":"#0"},"west":{"uv":[1.5625,3.9375,1.1875,4.3125],"texture":"#0"},"up":{"uv":[5,7.3125,5.375,6.9375],"texture":"#0"},"down":{"uv":[5,7.3125,5.375,6.9375],"texture":"#0"}}},{"from":[6.5,5,10],"to":[9.5,8,13],"rotation":{"angle":0,"axis":"y","origin":[0,-6,-2]},"faces":{"north":{"uv":[1.25,4.8125,1.625,5.1875],"texture":"#0"},"east":{"uv":[1.1875,3.9375,1.5625,4.3125],"texture":"#0"},"south":{"uv":[1.25,4.8125,1.625,5.1875],"texture":"#0"},"west":{"uv":[1.1875,3.9375,1.5625,4.3125],"texture":"#0"},"up":{"uv":[5,6.9375,5.375,7.3125],"texture":"#0"},"down":{"uv":[5,6.9375,5.375,7.3125],"texture":"#0"}}},{"from":[4.5,12,4],"to":[5.5,14,8.3],"rotation":{"angle":0,"axis":"y","origin":[0,-1.2,-3]},"faces":{"north":{"uv":[6.35,5.1875,6.725,5.4375],"rotation":180,"texture":"#0"},"east":{"uv":[6.3125,4.625,6.5625,5.1625],"rotation":90,"texture":"#0"},"south":{"uv":[6.35,5.1875,6.725,5.4375],"texture":"#0"},"west":{"uv":[6.3125,4.625,6.5625,5.1625],"rotation":270,"texture":"#0"},"up":{"uv":[6.5625,6.875,6.6875,7.4125],"texture":"#0"},"down":{"uv":[6.5625,6.875,6.6875,7.4125],"texture":"#0"}}},{"from":[4.5,12,7.7],"to":[5.5,14,12],"rotation":{"angle":0,"axis":"y","origin":[0,-1.2,19]},"faces":{"north":{"uv":[6.725,5.1875,6.35,5.4375],"texture":"#0"},"east":{"uv":[6.3125,5.1625,6.5625,4.625],"rotation":90,"texture":"#0"},"south":{"uv":[6.725,5.1875,6.35,5.4375],"rotation":180,"texture":"#0"},"west":{"uv":[6.3125,5.1625,6.5625,4.625],"rotation":270,"texture":"#0"},"up":{"uv":[6.5625,7.4125,6.6875,6.875],"texture":"#0"},"down":{"uv":[6.5625,7.4125,6.6875,6.875],"texture":"#0"}}},{"from":[3.5,11.75,6.5],"to":[6.5,14.25,9.5],"rotation":{"angle":0,"axis":"y","origin":[0,-8,0]},"faces":{"north":{"uv":[1.25,4.8125,1.625,5.1875],"texture":"#0"},"east":{"uv":[1.1875,3.9375,1.6875,4.3125],"texture":"#0"},"south":{"uv":[1.25,4.8125,1.625,5.1875],"texture":"#0"},"west":{"uv":[1.1875,3.9375,1.6875,4.3125],"texture":"#0"},"up":{"uv":[1.25,4.3125,1.625,4.8125],"texture":"#0"},"down":{"uv":[1.25,4.3125,1.625,4.8125],"texture":"#0"}}},{"from":[6.5,16.75,6.5],"to":[9.5,19.25,9.5],"rotation":{"angle":0,"axis":"y","origin":[0,-8,0]},"faces":{"north":{"uv":[1.25,4.8125,1.625,5.1875],"texture":"#0"},"east":{"uv":[1.1875,3.9375,1.6875,4.3125],"texture":"#0"},"south":{"uv":[1.25,4.8125,1.625,5.1875],"texture":"#0"},"west":{"uv":[1.1875,3.9375,1.6875,4.3125],"texture":"#0"},"up":{"uv":[1.25,4.3125,1.625,4.8125],"texture":"#0"},"down":{"uv":[1.25,4.3125,1.625,4.8125],"texture":"#0"}}},{"from":[8,-6.5,2.5],"to":[8,5.5,6.5],"rotation":{"angle":-45,"axis":"y","origin":[8,-0.5,4.5]},"faces":{"north":{"uv":[0,0,0,1.25],"texture":"#missing"},"east":{"uv":[0,4,12,8],"rotation":90,"texture":"#4"},"south":{"uv":[0,1.25,0,0],"rotation":180,"texture":"#missing"},"west":{"uv":[0,8,12,4],"rotation":90,"texture":"#4"},"up":{"uv":[0,0.5,0,0],"texture":"#missing"},"down":{"uv":[0,0.5,0,0],"rotation":180,"texture":"#missing"}}},{"from":[8,-6.5,2.5],"to":[8,5.5,6.5],"rotation":{"angle":45,"axis":"y","origin":[8,-0.5,4.5]},"faces":{"north":{"uv":[0,0,0,1.25],"texture":"#missing"},"east":{"uv":[0,4,12,8],"rotation":90,"texture":"#4"},"south":{"uv":[0,1.25,0,0],"rotation":180,"texture":"#missing"},"west":{"uv":[0,8,12,4],"rotation":90,"texture":"#4"},"up":{"uv":[0,0.5,0,0],"texture":"#missing"},"down":{"uv":[0,0.5,0,0],"rotation":180,"texture":"#missing"}}},{"from":[8,-6.5,9.5],"to":[8,5.5,13.5],"rotation":{"angle":45,"axis":"y","origin":[8,-0.5,11.5]},"faces":{"north":{"uv":[0,1.25,0,0],"rotation":180,"texture":"#missing"},"east":{"uv":[0,8,12,4],"rotation":90,"texture":"#4"},"south":{"uv":[0,0,0,1.25],"texture":"#missing"},"west":{"uv":[0,4,12,8],"rotation":90,"texture":"#4"},"up":{"uv":[0,0,0,0.5],"texture":"#missing"},"down":{"uv":[0,0,0,0.5],"rotation":180,"texture":"#missing"}}},{"from":[8,-6.5,9.5],"to":[8,5.5,13.5],"rotation":{"angle":-45,"axis":"y","origin":[8,-0.5,11.5]},"faces":{"north":{"uv":[0,1.25,0,0],"rotation":180,"texture":"#missing"},"east":{"uv":[0,8,12,4],"rotation":90,"texture":"#4"},"south":{"uv":[0,0,0,1.25],"texture":"#missing"},"west":{"uv":[0,4,12,8],"rotation":90,"texture":"#4"},"up":{"uv":[0,0,0,0.5],"texture":"#missing"},"down":{"uv":[0,0,0,0.5],"rotation":180,"texture":"#missing"}}},{"from":[8.5,20,3.5],"to":[10,25,4.5],"faces":{"north":{"uv":[5.875,7.3125,6.0625,7.9375],"texture":"#0"},"east":{"uv":[5.6875,7.9375,5.8125,8.5625],"texture":"#0"},"south":{"uv":[6.0625,7.3125,5.875,7.9375],"texture":"#0"},"west":{"uv":[5.6875,7.9375,5.8125,8.5625],"texture":"#0"},"up":{"uv":[5.75,7.1875,5.9375,7.3125],"texture":"#0"},"down":{"uv":[5.75,7.1875,5.9375,7.3125],"texture":"#0"}}},{"from":[8.5,20,11.5],"to":[10,25,12.5],"rotation":{"angle":0,"axis":"y","origin":[0,0,16]},"faces":{"north":{"uv":[6,7.3125,5.875,7.9375],"texture":"#0"},"east":{"uv":[6,7.3125,5.875,7.9375],"texture":"#0"},"south":{"uv":[6,7.3125,5.875,7.9375],"texture":"#0"},"west":{"uv":[6,7.3125,5.875,7.9375],"texture":"#0"},"up":{"uv":[5.75,7.3125,5.9375,7.1875],"texture":"#0"},"down":{"uv":[5.75,7.3125,5.9375,7.1875],"texture":"#0"}}},{"from":[9.3,3.3,12],"to":[9.8,7.3,12.5],"rotation":{"angle":0,"axis":"y","origin":[16,-8,0]},"faces":{"north":{"uv":[1.625,5.1875,1.5625,5.6875],"texture":"#0"},"east":{"uv":[1.625,5.1875,1.5625,5.6875],"texture":"#0"},"south":{"uv":[1.625,5.1875,1.5625,5.6875],"texture":"#0"},"west":{"uv":[1.625,5.1875,1.5625,5.6875],"texture":"#0"},"up":{"uv":[0.6875,3.1875,0.625,3.25],"texture":"#0"},"down":{"uv":[0.6875,3.1875,0.625,3.25],"texture":"#0"}}},{"from":[9.3,3.3,3.5],"to":[9.8,7.3,4],"rotation":{"angle":0,"axis":"y","origin":[16,-8,16]},"faces":{"north":{"uv":[1.5625,5.1875,1.625,5.6875],"texture":"#0"},"east":{"uv":[1.5625,5.1875,1.625,5.6875],"texture":"#0"},"south":{"uv":[1.5625,5.1875,1.625,5.6875],"texture":"#0"},"west":{"uv":[1.5625,5.1875,1.625,5.6875],"texture":"#0"},"up":{"uv":[0.6875,3.25,0.625,3.1875],"texture":"#0"},"down":{"uv":[0.6875,3.25,0.625,3.1875],"texture":"#0"}}},{"from":[9.3,3.3,4],"to":[9.8,3.8,12],"rotation":{"angle":0,"axis":"y","origin":[16,-8,0]},"faces":{"north":{"uv":[0.6875,3.1875,0.625,3.25],"rotation":180,"texture":"#0"},"east":{"uv":[1.625,5.1875,1.5625,6.1875],"rotation":90,"texture":"#0"},"south":{"uv":[0.6875,3.1875,0.625,3.25],"texture":"#0"},"west":{"uv":[1.625,5.1875,1.5625,6.1875],"rotation":270,"texture":"#0"},"up":{"uv":[1.625,5.1875,1.5625,6.1875],"texture":"#0"},"down":{"uv":[1.625,5.1875,1.5625,6.1875],"rotation":180,"texture":"#0"}}},{"from":[6.2,3.3,3.5],"to":[6.7,7.3,4],"rotation":{"angle":0,"axis":"y","origin":[0,-8,16]},"faces":{"north":{"uv":[1.625,5.1875,1.5625,5.6875],"texture":"#0"},"east":{"uv":[1.625,5.1875,1.5625,5.6875],"texture":"#0"},"south":{"uv":[1.625,5.1875,1.5625,5.6875],"texture":"#0"},"west":{"uv":[1.625,5.1875,1.5625,5.6875],"texture":"#0"},"up":{"uv":[0.625,3.25,0.6875,3.1875],"texture":"#0"},"down":{"uv":[0.625,3.25,0.6875,3.1875],"texture":"#0"}}},{"from":[6.2,3.3,4],"to":[6.7,3.8,12],"rotation":{"angle":0,"axis":"y","origin":[0,-8,0]},"faces":{"north":{"uv":[0.625,3.1875,0.6875,3.25],"rotation":180,"texture":"#0"},"east":{"uv":[1.625,6.1875,1.5625,5.1875],"rotation":270,"texture":"#0"},"south":{"uv":[0.625,3.1875,0.6875,3.25],"texture":"#0"},"west":{"uv":[1.625,6.1875,1.5625,5.1875],"rotation":90,"texture":"#0"},"up":{"uv":[1.5625,5.1875,1.625,6.1875],"texture":"#0"},"down":{"uv":[1.5625,5.1875,1.625,6.1875],"rotation":180,"texture":"#0"}}},{"from":[6.2,4.5,4],"to":[6.7,5,12],"rotation":{"angle":0,"axis":"y","origin":[0,-8,0]},"faces":{"north":{"uv":[0.625,3.1875,0.6875,3.25],"rotation":180,"texture":"#0"},"east":{"uv":[1.625,6.1875,1.5625,5.1875],"rotation":270,"texture":"#0"},"south":{"uv":[0.625,3.1875,0.6875,3.25],"texture":"#0"},"west":{"uv":[1.625,6.1875,1.5625,5.1875],"rotation":90,"texture":"#0"},"up":{"uv":[1.5625,5.1875,1.625,6.1875],"texture":"#0"},"down":{"uv":[1.5625,5.1875,1.625,6.1875],"rotation":180,"texture":"#0"}}},{"from":[6.2,5.7,4],"to":[6.7,6.2,12],"rotation":{"angle":0,"axis":"y","origin":[0,-8,0]},"faces":{"north":{"uv":[0.625,3.1875,0.6875,3.25],"rotation":180,"texture":"#0"},"east":{"uv":[1.625,6.1875,1.5625,5.1875],"rotation":270,"texture":"#0"},"south":{"uv":[0.625,3.1875,0.6875,3.25],"texture":"#0"},"west":{"uv":[1.625,6.1875,1.5625,5.1875],"rotation":90,"texture":"#0"},"up":{"uv":[1.5625,5.1875,1.625,6.1875],"texture":"#0"},"down":{"uv":[1.5625,5.1875,1.625,6.1875],"rotation":180,"texture":"#0"}}},{"from":[9.3,5.7,4],"to":[9.8,6.2,12],"rotation":{"angle":0,"axis":"y","origin":[16,-8,0]},"faces":{"north":{"uv":[0.6875,3.1875,0.625,3.25],"rotation":180,"texture":"#0"},"east":{"uv":[1.625,5.1875,1.5625,6.1875],"rotation":90,"texture":"#0"},"south":{"uv":[0.6875,3.1875,0.625,3.25],"texture":"#0"},"west":{"uv":[1.625,5.1875,1.5625,6.1875],"rotation":270,"texture":"#0"},"up":{"uv":[1.625,5.1875,1.5625,6.1875],"texture":"#0"},"down":{"uv":[1.625,5.1875,1.5625,6.1875],"rotation":180,"texture":"#0"}}},{"from":[9.3,4.5,4],"to":[9.8,5,12],"rotation":{"angle":0,"axis":"y","origin":[16,-8,0]},"faces":{"north":{"uv":[0.6875,3.1875,0.625,3.25],"rotation":180,"texture":"#0"},"east":{"uv":[1.625,5.1875,1.5625,6.1875],"rotation":90,"texture":"#0"},"south":{"uv":[0.6875,3.1875,0.625,3.25],"texture":"#0"},"west":{"uv":[1.625,5.1875,1.5625,6.1875],"rotation":270,"texture":"#0"},"up":{"uv":[1.625,5.1875,1.5625,6.1875],"texture":"#0"},"down":{"uv":[1.625,5.1875,1.5625,6.1875],"rotation":180,"texture":"#0"}}},{"from":[6.2,3.3,12],"to":[6.7,7.3,12.5],"rotation":{"angle":0,"axis":"y","origin":[0,-8,0]},"faces":{"north":{"uv":[1.5625,5.1875,1.625,5.6875],"texture":"#0"},"east":{"uv":[1.5625,5.1875,1.625,5.6875],"texture":"#0"},"south":{"uv":[1.5625,5.1875,1.625,5.6875],"texture":"#0"},"west":{"uv":[1.5625,5.1875,1.625,5.6875],"texture":"#0"},"up":{"uv":[0.625,3.1875,0.6875,3.25],"texture":"#0"},"down":{"uv":[0.625,3.1875,0.6875,3.25],"texture":"#0"}}},{"from":[8.5,25,3.5],"to":[10,26,12.5],"rotation":{"angle":0,"axis":"y","origin":[0,0,16]},"faces":{"north":{"uv":[6.0625,7.4375,6.25,7.5625],"texture":"#0"},"east":{"uv":[6.0625,7.5625,7.1875,7.6875],"texture":"#0"},"south":{"uv":[6.25,7.4375,6.0625,7.5625],"texture":"#0"},"west":{"uv":[6.0625,7.5625,7.1875,7.6875],"texture":"#0"},"up":{"uv":[4,10.0625,4.1875,11.1875],"texture":"#0"},"down":{"uv":[4,10.0625,4.1875,11.1875],"texture":"#0"}}},{"from":[4.5,16,1.55],"to":[9,17.5,1.55],"rotation":{"angle":22.5,"axis":"z","origin":[8,18.625,10.75]},"faces":{"north":{"uv":[1.375,7.875,0.8125,8.0625],"texture":"#0"},"east":{"uv":[1.125,6.8125,1.5,7.6875],"texture":"#0"},"south":{"uv":[0.8125,7.875,1.375,8.0625],"texture":"#0"},"west":{"uv":[1.125,6.8125,1.5,7.6875],"texture":"#0"},"up":{"uv":[0.4375,7.6875,0.8125,8.375],"rotation":270,"texture":"#0"},"down":{"uv":[0.4375,7.6875,0.8125,8.375],"rotation":90,"texture":"#0"}}},{"from":[3.75,15.5,0.05],"to":[4.75,16.5,1.05],"rotation":{"angle":22.5,"axis":"z","origin":[8,18.625,10.75]},"faces":{"north":{"uv":[0,0,0.125,0.125],"texture":"#0"},"east":{"uv":[0,0,0.125,0.125],"texture":"#0"},"south":{"uv":[0,0,0.125,0.125],"texture":"#0"},"west":{"uv":[0,0,0.125,0.125],"texture":"#0"},"up":{"uv":[0,0,0.125,0.125],"rotation":90,"texture":"#0"},"down":{"uv":[0,0,0.125,0.125],"rotation":270,"texture":"#0"}}},{"from":[4.5,16,-0.25],"to":[9,17.5,-0.25],"rotation":{"angle":22.5,"axis":"z","origin":[8,18.625,10.75]},"faces":{"north":{"uv":[1.375,7.875,0.8125,8.0625],"texture":"#0"},"east":{"uv":[1.125,6.8125,1.5,7.6875],"texture":"#0"},"south":{"uv":[0.8125,7.875,1.375,8.0625],"texture":"#0"},"west":{"uv":[1.125,6.8125,1.5,7.6875],"texture":"#0"},"up":{"uv":[0.4375,7.6875,0.8125,8.375],"rotation":270,"texture":"#0"},"down":{"uv":[0.4375,7.6875,0.8125,8.375],"rotation":90,"texture":"#0"}}},{"from":[6.5,16,-0.85],"to":[9,17.5,2.15],"rotation":{"angle":22.5,"axis":"z","origin":[8,18.625,10.75]},"faces":{"north":{"uv":[1.125,7.6875,0.8125,7.875],"texture":"#0"},"east":{"uv":[1.125,6.8125,1.5,7],"texture":"#0"},"south":{"uv":[1.125,7.6875,0.8125,7.875],"texture":"#0"},"west":{"uv":[1.125,6.8125,1.5,7],"texture":"#0"},"up":{"uv":[0.4375,7.6875,0.8125,8],"rotation":270,"texture":"#0"},"down":{"uv":[0.4375,7.6875,0.8125,8],"rotation":90,"texture":"#0"}}},{"from":[3.5,9,-0.85],"to":[9,16,2.15],"rotation":{"angle":22.5,"axis":"z","origin":[8,18.625,10.75]},"faces":{"north":{"uv":[1.125,6.8125,0.4375,7.6875],"texture":"#0"},"east":{"uv":[1.125,6.8125,1.5,7.6875],"texture":"#0"},"south":{"uv":[1.125,6.8125,0.4375,7.6875],"texture":"#0"},"west":{"uv":[1.125,6.8125,1.5,7.6875],"texture":"#0"},"up":{"uv":[0.4375,7.6875,0.8125,8.375],"rotation":270,"texture":"#0"},"down":{"uv":[0.4375,7.6875,0.8125,8.375],"rotation":90,"texture":"#0"}}},{"from":[6.5,16,13.85],"to":[9,17.5,16.85],"rotation":{"angle":22.5,"axis":"z","origin":[8,18.625,5.25]},"faces":{"north":{"uv":[0.8125,7.6875,1.125,7.875],"texture":"#0"},"east":{"uv":[1.5,6.8125,1.125,7],"texture":"#0"},"south":{"uv":[0.8125,7.6875,1.125,7.875],"texture":"#0"},"west":{"uv":[1.5,6.8125,1.125,7],"texture":"#0"},"up":{"uv":[0.8125,7.6875,0.4375,8],"rotation":270,"texture":"#0"},"down":{"uv":[0.8125,7.6875,0.4375,8],"rotation":90,"texture":"#0"}}},{"from":[3.5,9,13.85],"to":[9,16,16.85],"rotation":{"angle":22.5,"axis":"z","origin":[8,18.625,5.25]},"faces":{"north":{"uv":[0.4375,6.8125,1.125,7.6875],"texture":"#0"},"east":{"uv":[1.5,6.8125,1.125,7.6875],"texture":"#0"},"south":{"uv":[0.4375,6.8125,1.125,7.6875],"texture":"#0"},"west":{"uv":[1.5,6.8125,1.125,7.6875],"texture":"#0"},"up":{"uv":[0.8125,7.6875,0.4375,8.375],"rotation":270,"texture":"#0"},"down":{"uv":[0.8125,7.6875,0.4375,8.375],"rotation":90,"texture":"#0"}}},{"from":[4.5,16,14.45],"to":[9,17.5,14.45],"rotation":{"angle":22.5,"axis":"z","origin":[8,18.625,5.25]},"faces":{"north":{"uv":[1.375,7.875,0.8125,8.0625],"texture":"#0"},"east":{"uv":[1.5,6.8125,1.125,7.6875],"texture":"#0"},"south":{"uv":[0.8125,7.875,1.375,8.0625],"texture":"#0"},"west":{"uv":[1.5,6.8125,1.125,7.6875],"texture":"#0"},"up":{"uv":[0.8125,7.6875,0.4375,8.375],"rotation":270,"texture":"#0"},"down":{"uv":[0.8125,7.6875,0.4375,8.375],"rotation":90,"texture":"#0"}}},{"from":[4.5,16,16.25],"to":[9,17.5,16.25],"rotation":{"angle":22.5,"axis":"z","origin":[8,18.625,5.25]},"faces":{"north":{"uv":[1.375,7.875,0.8125,8.0625],"texture":"#0"},"east":{"uv":[1.5,6.8125,1.125,7.6875],"texture":"#0"},"south":{"uv":[0.8125,7.875,1.375,8.0625],"texture":"#0"},"west":{"uv":[1.5,6.8125,1.125,7.6875],"texture":"#0"},"up":{"uv":[0.8125,7.6875,0.4375,8.375],"rotation":270,"texture":"#0"},"down":{"uv":[0.8125,7.6875,0.4375,8.375],"rotation":90,"texture":"#0"}}},{"from":[3.75,15.5,14.95],"to":[4.75,16.5,15.95],"rotation":{"angle":22.5,"axis":"z","origin":[8,18.625,5.25]},"faces":{"north":{"uv":[0.125,0,0,0.125],"texture":"#0"},"east":{"uv":[0.125,0,0,0.125],"texture":"#0"},"south":{"uv":[0.125,0,0,0.125],"texture":"#0"},"west":{"uv":[0.125,0,0,0.125],"texture":"#0"},"up":{"uv":[0.125,0,0,0.125],"rotation":90,"texture":"#0"},"down":{"uv":[0.125,0,0,0.125],"rotation":270,"texture":"#0"}}},{"from":[8.4,23,1.5],"to":[8.4,32,10.5],"rotation":{"angle":-22.5,"axis":"x","origin":[8,21.5,15]},"faces":{"north":{"uv":[0,0,0,64],"texture":"#missing"},"east":{"uv":[11.1875,2.8125,12.3125,1.6875],"texture":"#0"},"south":{"uv":[0,0,0,64],"texture":"#missing"},"west":{"uv":[11.1875,2.8125,12.3125,1.6875],"texture":"#0"},"up":{"uv":[0,36,0,0],"texture":"#missing"},"down":{"uv":[0,36,0,0],"texture":"#missing"}}},{"from":[8.2,23,1.5],"to":[8.2,32,10.5],"rotation":{"angle":-22.5,"axis":"x","origin":[8,21.5,15]},"faces":{"north":{"uv":[0,0,0,64],"texture":"#missing"},"east":{"uv":[11.1875,2.8125,12.3125,1.6875],"texture":"#0"},"south":{"uv":[0,0,0,64],"texture":"#missing"},"west":{"uv":[11.1875,2.8125,12.3125,1.6875],"texture":"#0"},"up":{"uv":[0,36,0,0],"texture":"#missing"},"down":{"uv":[0,36,0,0],"texture":"#missing"}}},{"from":[5.7,7.25,2.25],"to":[5.7,10.25,13.75],"rotation":{"angle":0,"axis":"y","origin":[7.7,15.75,6]},"faces":{"north":{"uv":[0.3125,0.6875,0.3125,1.0625],"rotation":180,"texture":"#0"},"east":{"uv":[3.5625,0.5,3.9375,1.9375],"rotation":270,"texture":"#0"},"south":{"uv":[0.3125,0.6875,0.3125,1.0625],"texture":"#0"},"west":{"uv":[3.5625,0.5,3.9375,1.9375],"rotation":270,"texture":"#0"},"up":{"uv":[0.3125,0.5,0.3125,1.9375],"texture":"#0"},"down":{"uv":[0.4375,0.5,0.4375,1.9375],"rotation":180,"texture":"#0"}}},{"from":[10.3,7.25,2.25],"to":[10.3,10.25,13.75],"rotation":{"angle":0,"axis":"y","origin":[8.3,15.75,6]},"faces":{"north":{"uv":[0.3125,0.6875,0.3125,1.0625],"rotation":180,"texture":"#0"},"east":{"uv":[3.5625,1.9375,3.9375,0.5],"rotation":270,"texture":"#0"},"south":{"uv":[0.3125,0.6875,0.3125,1.0625],"texture":"#0"},"west":{"uv":[3.5625,1.9375,3.9375,0.5],"rotation":270,"texture":"#0"},"up":{"uv":[0.3125,0.5,0.3125,1.9375],"texture":"#0"},"down":{"uv":[0.4375,0.5,0.4375,1.9375],"rotation":180,"texture":"#0"}}},{"from":[5.75,7.25,13.8],"to":[10.45,10.25,13.8],"rotation":{"angle":0,"axis":"y","origin":[8.3,15.75,6]},"faces":{"north":{"uv":[3.5625,1.0875,3.9375,0.5],"rotation":270,"texture":"#0"},"east":{"uv":[0.3125,0.6875,0.3125,1.0625],"texture":"#0"},"south":{"uv":[3.5625,1.0875,3.9375,0.5],"rotation":270,"texture":"#0"},"west":{"uv":[0.3125,0.6875,0.3125,1.0625],"rotation":180,"texture":"#0"},"up":{"uv":[0.3125,0.5,0.3125,1.0875],"rotation":270,"texture":"#0"},"down":{"uv":[0.4375,0.5,0.4375,1.0875],"rotation":270,"texture":"#0"}}},{"from":[5.75,7.25,2.2],"to":[10.45,10.25,2.2],"rotation":{"angle":0,"axis":"y","origin":[8.3,15.75,10]},"faces":{"north":{"uv":[3.5625,1.0875,3.9375,0.5],"rotation":270,"texture":"#0"},"east":{"uv":[0.3125,0.6875,0.3125,1.0625],"texture":"#0"},"south":{"uv":[3.5625,0.5,3.9375,1.0875],"rotation":270,"texture":"#0"},"west":{"uv":[0.3125,0.6875,0.3125,1.0625],"rotation":180,"texture":"#0"},"up":{"uv":[0.3125,0.5,0.3125,1.0875],"rotation":270,"texture":"#0"},"down":{"uv":[0.4375,0.5,0.4375,1.0875],"rotation":270,"texture":"#0"}}},{"from":[8.2,19,5.5],"to":[8.2,26,18.5],"rotation":{"angle":-45,"axis":"x","origin":[8,21.5,15]},"faces":{"north":{"uv":[0,36,0,0],"rotation":180,"texture":"#missing"},"east":{"uv":[10.9375,5.3125,10.0625,3.6875],"rotation":90,"texture":"#0"},"south":{"uv":[0,36,0,0],"texture":"#missing"},"west":{"uv":[10.0625,5.3125,10.9375,3.6875],"rotation":270,"texture":"#0"},"up":{"uv":[0,0,0,64],"texture":"#missing"},"down":{"uv":[0,0,0,64],"rotation":180,"texture":"#missing"}}}],"gui_light":"front","display":{"thirdperson_righthand":{"rotation":[67.5,-90,0],"translation":[0,0,-2.5],"scale":[0.40234,0.40234,0.40234]},"thirdperson_lefthand":{"rotation":[67.5,-90,0],"translation":[-6,-9.25,4.25],"scale":[1.01758,1.01758,1.01758]},"firstperson_righthand":{"rotation":[0,-90,0],"translation":[2.75,1.5,0],"scale":[0.40469,0.40469,0.40469]},"firstperson_lefthand":{"scale":[0,0,0]},"ground":{"translation":[0,6,0],"scale":[0.75,0.75,0.75]},"gui":{"rotation":[0,90,0],"translation":[0,-4.75,-1.5],"scale":[0.60156,0.60156,0.60156]},"head":{"scale":[0,0,0]},"fixed":{"rotation":[0,-90,0],"translation":[0,-6,-5],"scale":[2,2,2]}}}