{"credit":"Made with Blockbench by yungwilder","texture_size":[32,32],"textures":{"0":"yungwilder:item/wither_set/wither_sword","particle":"yungwilder:item/wither_set/wither_sword"},"elements":[{"from":[7,1,7],"to":[9,11,9],"faces":{"north":{"uv":[2.5,5,3.5,10],"texture":"#0"},"east":{"uv":[5,2.5,6,7.5],"texture":"#0"},"south":{"uv":[3.5,5,4.5,10],"texture":"#0"},"west":{"uv":[6,2.5,7,7.5],"texture":"#0"},"up":{"uv":[6,11,5,10],"texture":"#0"},"down":{"uv":[7,10,6,11],"texture":"#0"}}},{"from":[7.41421,-1,6.75],"to":[9.41421,2,9.25],"rotation":{"angle":45,"axis":"z","origin":[8.41421,1,8]},"faces":{"north":{"uv":[1.5,8,2.5,9.5],"texture":"#0"},"east":{"uv":[1.5,9.5,2.5,11],"texture":"#0"},"south":{"uv":[9.5,9.5,10.5,11],"texture":"#0"},"west":{"uv":[2.5,10,3.5,11.5],"texture":"#0"},"up":{"uv":[11,7.5,10,6.5],"texture":"#0"},"down":{"uv":[11,7.5,10,8.5],"texture":"#0"}}},{"from":[5.5,11,7.5],"to":[10.5,27,8.5],"rotation":{"angle":0,"axis":"y","origin":[0,-2,0]},"faces":{"north":{"uv":[0,0,2.5,8],"texture":"#0"},"east":{"uv":[4.5,5,5,13],"texture":"#0"},"south":{"uv":[2.5,0,0,8],"texture":"#0"},"west":{"uv":[7,2.5,7.5,10.5],"texture":"#0"},"up":{"uv":[11.5,5,9,4.5],"texture":"#0"},"down":{"uv":[12.5,5,10,5.5],"texture":"#0"}}},{"from":[9.5,14.75,7],"to":[11.5,15.75,9],"rotation":{"angle":22.5,"axis":"z","origin":[10,14.25,8]},"faces":{"north":{"uv":[11,6.5,12,7],"texture":"#0"},"east":{"uv":[11,7,12,7.5],"texture":"#0"},"south":{"uv":[11,7.5,12,8],"texture":"#0"},"west":{"uv":[11,8,12,8.5],"texture":"#0"},"up":{"uv":[11,9.5,10,8.5],"texture":"#0"},"down":{"uv":[1,10.5,0,11.5],"texture":"#0"}}},{"from":[9.5,16.75,7],"to":[11.5,17.75,9],"rotation":{"angle":22.5,"axis":"z","origin":[10,16.25,8]},"faces":{"north":{"uv":[11,8.5,12,9],"texture":"#0"},"east":{"uv":[9,11,10,11.5],"texture":"#0"},"south":{"uv":[11,9,12,9.5],"texture":"#0"},"west":{"uv":[0,11.5,1,12],"texture":"#0"},"up":{"uv":[8,11.5,7,10.5],"texture":"#0"},"down":{"uv":[9,10.5,8,11.5],"texture":"#0"}}},{"from":[4.5,14.75,7],"to":[6.5,15.75,9],"rotation":{"angle":-22.5,"axis":"z","origin":[6,14.25,8]},"faces":{"north":{"uv":[12,6.5,11,7],"texture":"#0"},"east":{"uv":[12,8,11,8.5],"texture":"#0"},"south":{"uv":[12,7.5,11,8],"texture":"#0"},"west":{"uv":[12,7,11,7.5],"texture":"#0"},"up":{"uv":[10,9.5,11,8.5],"texture":"#0"},"down":{"uv":[0,10.5,1,11.5],"texture":"#0"}}},{"from":[4.5,16.75,7],"to":[6.5,17.75,9],"rotation":{"angle":-22.5,"axis":"z","origin":[6,16.25,8]},"faces":{"north":{"uv":[12,8.5,11,9],"texture":"#0"},"east":{"uv":[1,11.5,0,12],"texture":"#0"},"south":{"uv":[12,9,11,9.5],"texture":"#0"},"west":{"uv":[10,11,9,11.5],"texture":"#0"},"up":{"uv":[7,11.5,8,10.5],"texture":"#0"},"down":{"uv":[8,10.5,9,11.5],"texture":"#0"}}},{"from":[6.75,8.75,6.75],"to":[11.25,13.25,9.25],"rotation":{"angle":45,"axis":"z","origin":[8,10,8]},"faces":{"north":{"uv":[2.5,0,5,2.5],"texture":"#0"},"east":{"uv":[7.5,0,9,2.5],"texture":"#0"},"south":{"uv":[5,0,2.5,2.5],"texture":"#0"},"west":{"uv":[7.5,2.5,9,5],"texture":"#0"},"up":{"uv":[10,6.5,7.5,5],"texture":"#0"},"down":{"uv":[10,6.5,7.5,8],"texture":"#0"}}},{"from":[6.5,8.5,6.5],"to":[11.5,13.5,9.5],"rotation":{"angle":45,"axis":"z","origin":[8,10,8]},"faces":{"north":{"uv":[2.5,2.5,5,5],"texture":"#0"},"east":{"uv":[5,7.5,6.5,10],"texture":"#0"},"south":{"uv":[5,2.5,2.5,5],"texture":"#0"},"west":{"uv":[0,8,1.5,10.5],"texture":"#0"},"up":{"uv":[10,9.5,7.5,8],"texture":"#0"},"down":{"uv":[11.5,0,9,1.5],"texture":"#0"}}},{"from":[9.5,8.5,7],"to":[13.5,10.5,9],"rotation":{"angle":45,"axis":"z","origin":[8,10,8]},"faces":{"north":{"uv":[9,1.5,11,2.5],"texture":"#0"},"east":{"uv":[10.5,9.5,11.5,10.5],"texture":"#0"},"south":{"uv":[9,2.5,11,3.5],"texture":"#0"},"west":{"uv":[10.5,10.5,11.5,11.5],"texture":"#0"},"up":{"uv":[11,4.5,9,3.5],"texture":"#0"},"down":{"uv":[9.5,9.5,7.5,10.5],"texture":"#0"}}},{"from":[9.5,6.5,7],"to":[11.5,8.5,9],"rotation":{"angle":45,"axis":"z","origin":[8,10,8]},"faces":{"north":{"uv":[1,11,2,12],"texture":"#0"},"east":{"uv":[11,1.5,12,2.5],"texture":"#0"},"south":{"uv":[11,2.5,12,3.5],"texture":"#0"},"west":{"uv":[11,3.5,12,4.5],"texture":"#0"},"up":{"uv":[6,12,5,11],"texture":"#0"},"down":{"uv":[7,11,6,12],"texture":"#0"}}},{"from":[4.5,6.5,7],"to":[6.5,8.5,9],"rotation":{"angle":-45,"axis":"z","origin":[8,10,8]},"faces":{"north":{"uv":[2,11,1,12],"texture":"#0"},"east":{"uv":[12,3.5,11,4.5],"texture":"#0"},"south":{"uv":[12,2.5,11,3.5],"texture":"#0"},"west":{"uv":[12,1.5,11,2.5],"texture":"#0"},"up":{"uv":[5,12,6,11],"texture":"#0"},"down":{"uv":[6,11,7,12],"texture":"#0"}}},{"from":[2.5,8.5,7],"to":[6.5,10.5,9],"rotation":{"angle":-45,"axis":"z","origin":[8,10,8]},"faces":{"north":{"uv":[11,1.5,9,2.5],"texture":"#0"},"east":{"uv":[11.5,10.5,10.5,11.5],"texture":"#0"},"south":{"uv":[11,2.5,9,3.5],"texture":"#0"},"west":{"uv":[11.5,9.5,10.5,10.5],"texture":"#0"},"up":{"uv":[9,4.5,11,3.5],"texture":"#0"},"down":{"uv":[7.5,9.5,9.5,10.5],"texture":"#0"}}},{"from":[6.58579,-1,6.875],"to":[8.58579,2,9.125],"rotation":{"angle":-45,"axis":"z","origin":[7.58579,1,8]},"faces":{"north":{"uv":[2.5,8,1.5,9.5],"texture":"#0"},"east":{"uv":[3.5,10,2.5,11.5],"texture":"#0"},"south":{"uv":[10.5,9.5,9.5,11],"texture":"#0"},"west":{"uv":[2.5,9.5,1.5,11],"texture":"#0"},"up":{"uv":[10,7.5,11,6.5],"texture":"#0"},"down":{"uv":[10,7.5,11,8.5],"texture":"#0"}}},{"from":[6.97487,25.56066,7.525],"to":[10.50987,29.09566,8.475],"rotation":{"angle":-45,"axis":"z","origin":[7.97487,28.06066,8]},"faces":{"north":{"uv":[5,0,7.5,2.5],"texture":"#0"},"east":{"uv":[6.5,7.5,7,10],"texture":"#0"},"south":{"uv":[7.5,0,5,2.5],"texture":"#0"},"west":{"uv":[3.5,10,4,12.5],"texture":"#0"},"up":{"uv":[12.5,6,10,5.5],"texture":"#0"},"down":{"uv":[12.5,6,10,6.5],"texture":"#0"}}}],"gui_light":"front","display":{"thirdperson_righthand":{"rotation":[0,90,0],"translation":[0,0.5,1.5],"scale":[0.9,0.9,0.9]},"thirdperson_lefthand":{"rotation":[0,-90,0],"translation":[0,0.5,1.5],"scale":[0.9,0.9,0.9]},"firstperson_righthand":{"rotation":[-20,90,0],"scale":[0.65,0.65,0.65]},"firstperson_lefthand":{"rotation":[-20,90,0],"scale":[0.65,0.65,0.65]},"ground":{"rotation":[45,0,0],"scale":[0.35,0.35,0.35]},"gui":{"rotation":[20,-20,-45],"translation":[-2.5,-2.5,0],"scale":[0.65,0.65,0.65]},"head":{"rotation":[0,0,-125],"translation":[-4,14,0]},"fixed":{"rotation":[0,0,45],"translation":[4,-4,-1],"scale":[0.8,0.8,0.8]}}}