{"credit":"Made with Blockbench by yungwilder","texture_size":[32,32],"textures":{"1":"yungwilder:item/wither_set/wither_pickaxe"},"elements":[{"from":[7,1,7],"to":[9,15,9],"faces":{"north":{"uv":[0,0,1,7],"texture":"#1"},"east":{"uv":[1,0,2,7],"texture":"#1"},"south":{"uv":[0,0,1,7],"texture":"#1"},"west":{"uv":[1,0,2,7],"texture":"#1"},"up":{"uv":[8.5,5,7.5,4],"texture":"#1"},"down":{"uv":[10,8.5,9,9.5],"texture":"#1"}}},{"from":[7.41421,-1,6.75],"to":[9.41421,2,9.25],"rotation":{"angle":45,"axis":"z","origin":[8.41421,1,8]},"faces":{"north":{"uv":[0,8,1,9.5],"texture":"#1"},"east":{"uv":[1,8,2,9.5],"texture":"#1"},"south":{"uv":[2,8,3,9.5],"texture":"#1"},"west":{"uv":[3,8,4,9.5],"texture":"#1"},"up":{"uv":[1,10.5,0,9.5],"texture":"#1"},"down":{"uv":[10.5,0,9.5,1],"texture":"#1"}}},{"from":[6.58579,-1,6.875],"to":[8.58579,2,9.125],"rotation":{"angle":-45,"axis":"z","origin":[7.58579,1,8]},"faces":{"north":{"uv":[4,8,5,9.5],"texture":"#1"},"east":{"uv":[5,8,6,9.5],"texture":"#1"},"south":{"uv":[6,8,7,9.5],"texture":"#1"},"west":{"uv":[7,8,8,9.5],"texture":"#1"},"up":{"uv":[11,9,10,8],"texture":"#1"},"down":{"uv":[11,9,10,10],"texture":"#1"}}},{"from":[6.75,14.75,6.75],"to":[11.25,19.25,9.25],"rotation":{"angle":45,"axis":"z","origin":[8,16,8]},"faces":{"north":{"uv":[2,0,4.5,2.5],"texture":"#1"},"east":{"uv":[4.5,0,6,2.5],"texture":"#1"},"south":{"uv":[4.5,0,2,2.5],"texture":"#1"},"west":{"uv":[4.5,2.5,6,5],"texture":"#1"},"up":{"uv":[4.5,6.5,2,5],"texture":"#1"},"down":{"uv":[7,5,4.5,6.5],"texture":"#1"}}},{"from":[6.5,14.5,6.5],"to":[11.5,19.5,9.5],"rotation":{"angle":45,"axis":"z","origin":[8,16,8]},"faces":{"north":{"uv":[2,2.5,4.5,5],"texture":"#1"},"east":{"uv":[6,0,7.5,2.5],"texture":"#1"},"south":{"uv":[4.5,2.5,2,5],"texture":"#1"},"west":{"uv":[6,2.5,7.5,5],"texture":"#1"},"up":{"uv":[4.5,8,2,6.5],"texture":"#1"},"down":{"uv":[7,6.5,4.5,8],"texture":"#1"}}},{"from":[9.5,14.5,7],"to":[13.5,16.5,9],"rotation":{"angle":45,"axis":"z","origin":[8,16,8]},"faces":{"north":{"uv":[0,7,2,8],"texture":"#1"},"east":{"uv":[1,9.5,2,10.5],"texture":"#1"},"south":{"uv":[7,5,9,6],"texture":"#1"},"west":{"uv":[9.5,1,10.5,2],"texture":"#1"},"up":{"uv":[9,7,7,6],"texture":"#1"},"down":{"uv":[9,7,7,8],"texture":"#1"}}},{"from":[9.5,12.5,7],"to":[11.5,14.5,9],"rotation":{"angle":45,"axis":"z","origin":[8,16,8]},"faces":{"north":{"uv":[2,9.5,3,10.5],"texture":"#1"},"east":{"uv":[9.5,2,10.5,3],"texture":"#1"},"south":{"uv":[3,9.5,4,10.5],"texture":"#1"},"west":{"uv":[9.5,3,10.5,4],"texture":"#1"},"up":{"uv":[5,10.5,4,9.5],"texture":"#1"},"down":{"uv":[6,9.5,5,10.5],"texture":"#1"}}},{"from":[13.70991,16.55031,7],"to":[14.70991,18.55031,9],"rotation":{"angle":-22.5,"axis":"z","origin":[15.20991,17.30031,8]},"faces":{"north":{"uv":[2,9.5,2.5,10.5],"rotation":180,"texture":"#1"},"east":{"uv":[9.5,3,10.5,4],"rotation":180,"texture":"#1"},"south":{"uv":[3.5,9.5,4,10.5],"rotation":180,"texture":"#1"},"west":{"uv":[9.5,2,10.5,3],"rotation":180,"texture":"#1"},"up":{"uv":[5.5,9.5,5,10.5],"rotation":180,"texture":"#1"},"down":{"uv":[4.5,10.5,4,9.5],"rotation":180,"texture":"#1"}}},{"from":[16.29126,15.80535,7],"to":[17.29126,17.80535,9],"rotation":{"angle":-45,"axis":"z","origin":[16.19126,17.80535,8.075]},"faces":{"north":{"uv":[2,9.5,2.5,10.5],"rotation":180,"texture":"#1"},"east":{"uv":[9.5,3,10.5,4],"rotation":180,"texture":"#1"},"south":{"uv":[3.5,9.5,4,10.5],"rotation":180,"texture":"#1"},"west":{"uv":[9.5,2,10.5,3],"rotation":180,"texture":"#1"},"up":{"uv":[5.5,9.5,5,10.5],"rotation":180,"texture":"#1"},"down":{"uv":[4.5,10.5,4,9.5],"rotation":180,"texture":"#1"}}},{"from":[1.29009,16.55031,7],"to":[2.29009,18.55031,9],"rotation":{"angle":22.5,"axis":"z","origin":[0.79009,17.30031,8]},"faces":{"north":{"uv":[2.5,9.5,2,10.5],"rotation":180,"texture":"#1"},"east":{"uv":[10.5,2,9.5,3],"rotation":180,"texture":"#1"},"south":{"uv":[4,9.5,3.5,10.5],"rotation":180,"texture":"#1"},"west":{"uv":[10.5,3,9.5,4],"rotation":180,"texture":"#1"},"up":{"uv":[5,9.5,5.5,10.5],"rotation":180,"texture":"#1"},"down":{"uv":[4,10.5,4.5,9.5],"rotation":180,"texture":"#1"}}},{"from":[-1.29126,15.80535,7],"to":[-0.29126,17.80535,9],"rotation":{"angle":45,"axis":"z","origin":[-0.19126,17.80535,8.075]},"faces":{"north":{"uv":[2.5,9.5,2,10.5],"rotation":180,"texture":"#1"},"east":{"uv":[10.5,2,9.5,3],"rotation":180,"texture":"#1"},"south":{"uv":[4,9.5,3.5,10.5],"rotation":180,"texture":"#1"},"west":{"uv":[10.5,3,9.5,4],"rotation":180,"texture":"#1"},"up":{"uv":[5,9.5,5.5,10.5],"rotation":180,"texture":"#1"},"down":{"uv":[4,10.5,4.5,9.5],"rotation":180,"texture":"#1"}}},{"from":[4.5,12.5,7],"to":[6.5,14.5,9],"rotation":{"angle":-45,"axis":"z","origin":[8,16,8]},"faces":{"north":{"uv":[6,9.5,7,10.5],"texture":"#1"},"east":{"uv":[7,9.5,8,10.5],"texture":"#1"},"south":{"uv":[8,9.5,9,10.5],"texture":"#1"},"west":{"uv":[9,9.5,10,10.5],"texture":"#1"},"up":{"uv":[11,5,10,4],"texture":"#1"},"down":{"uv":[11,5,10,6],"texture":"#1"}}},{"from":[2.5,14.5,7],"to":[6.5,16.5,9],"rotation":{"angle":-45,"axis":"z","origin":[8,16,8]},"faces":{"north":{"uv":[7.5,0,9.5,1],"texture":"#1"},"east":{"uv":[10,6,11,7],"texture":"#1"},"south":{"uv":[7.5,1,9.5,2],"texture":"#1"},"west":{"uv":[10,7,11,8],"texture":"#1"},"up":{"uv":[9.5,3,7.5,2],"texture":"#1"},"down":{"uv":[9.5,3,7.5,4],"texture":"#1"}}},{"from":[11,16.5,7.025],"to":[13,18.5,8.975],"faces":{"north":{"uv":[10,10,11,11],"texture":"#1"},"east":{"uv":[0,10.5,1,11.5],"texture":"#1"},"south":{"uv":[10.5,0,11.5,1],"texture":"#1"},"west":{"uv":[1,10.5,2,11.5],"texture":"#1"},"up":{"uv":[11.5,2,10.5,1],"texture":"#1"},"down":{"uv":[3,10.5,2,11.5],"texture":"#1"}}},{"from":[12.36969,15.8291,7.05],"to":[14.36969,17.8291,8.95],"rotation":{"angle":-22.5,"axis":"z","origin":[14.37125,16.58015,8]},"faces":{"north":{"uv":[10.5,3,11.5,4],"texture":"#1"},"east":{"uv":[4,10.5,5,11.5],"texture":"#1"},"south":{"uv":[5,10.5,6,11.5],"texture":"#1"},"west":{"uv":[6,10.5,7,11.5],"texture":"#1"},"up":{"uv":[8,11.5,7,10.5],"texture":"#1"},"down":{"uv":[9,10.5,8,11.5],"texture":"#1"}}},{"from":[14.20131,14.46687,7.075],"to":[16.20131,17.46687,8.925],"rotation":{"angle":45,"axis":"z","origin":[15.20131,15.96687,8]},"faces":{"north":{"uv":[8,8,9,9.5],"texture":"#1"},"east":{"uv":[9,4,10,5.5],"texture":"#1"},"south":{"uv":[9,5.5,10,7],"texture":"#1"},"west":{"uv":[9,7,10,8.5],"texture":"#1"},"up":{"uv":[11.5,3,10.5,2],"texture":"#1"},"down":{"uv":[4,10.5,3,11.5],"texture":"#1"}}},{"from":[-0.20131,14.46687,7.075],"to":[1.79869,17.46687,8.925],"rotation":{"angle":-45,"axis":"z","origin":[0.79869,15.96687,8]},"faces":{"north":{"uv":[9,8,8,9.5],"texture":"#1"},"east":{"uv":[10,7,9,8.5],"texture":"#1"},"south":{"uv":[10,5.5,9,7],"texture":"#1"},"west":{"uv":[10,4,9,5.5],"texture":"#1"},"up":{"uv":[10.5,3,11.5,2],"texture":"#1"},"down":{"uv":[3,10.5,4,11.5],"texture":"#1"}}},{"from":[3,16.5,7.025],"to":[5,18.5,8.975],"rotation":{"angle":0,"axis":"z","origin":[16,0,0]},"faces":{"north":{"uv":[11,10,10,11],"texture":"#1"},"east":{"uv":[2,10.5,1,11.5],"texture":"#1"},"south":{"uv":[11.5,0,10.5,1],"texture":"#1"},"west":{"uv":[1,10.5,0,11.5],"texture":"#1"},"up":{"uv":[10.5,2,11.5,1],"texture":"#1"},"down":{"uv":[2,10.5,3,11.5],"texture":"#1"}}},{"from":[1.63031,15.8291,7.05],"to":[3.63031,17.8291,8.95],"rotation":{"angle":22.5,"axis":"z","origin":[1.62875,16.58015,8]},"faces":{"north":{"uv":[11.5,3,10.5,4],"texture":"#1"},"east":{"uv":[7,10.5,6,11.5],"texture":"#1"},"south":{"uv":[6,10.5,5,11.5],"texture":"#1"},"west":{"uv":[5,10.5,4,11.5],"texture":"#1"},"up":{"uv":[7,11.5,8,10.5],"texture":"#1"},"down":{"uv":[8,10.5,9,11.5],"texture":"#1"}}}],"gui_light":"front","display":{"thirdperson_righthand":{"rotation":[0,90,0],"translation":[0,0.5,1.5],"scale":[0.9,0.9,0.9]},"thirdperson_lefthand":{"rotation":[0,-90,0],"translation":[0,0.5,1.5],"scale":[0.9,0.9,0.9]},"firstperson_righthand":{"rotation":[-20,90,0],"scale":[0.65,0.65,0.65]},"firstperson_lefthand":{"rotation":[-20,90,0],"scale":[0.65,0.65,0.65]},"ground":{"rotation":[45,0,0],"scale":[0.35,0.35,0.35]},"gui":{"rotation":[20,-20,-45],"translation":[-2.5,-2.5,0],"scale":[0.65,0.65,0.65]},"head":{"rotation":[0,0,-125],"translation":[-4,14,0]},"fixed":{"rotation":[0,0,45],"translation":[4,-4,-1],"scale":[0.8,0.8,0.8]}}}