{"credit":"Made with Blockbench by yungwilder","texture_size":[32,32],"textures":{"2":"yungwilder:item/wither_set/wither_shield","particle":"yungwilder:item/wither_set/wither_shield"},"elements":[{"from":[7,1,7],"to":[9,15,9],"faces":{"north":{"uv":[3,0,4,7],"texture":"#2"},"east":{"uv":[4,0,5,7],"texture":"#2"},"south":{"uv":[3,0,4,7],"texture":"#2"},"west":{"uv":[4,0,5,7],"texture":"#2"},"up":{"uv":[8,11,7,10],"texture":"#2"},"down":{"uv":[11,9.5,10,10.5],"texture":"#2"}}},{"from":[7.41421,-1,7],"to":[9.41421,2,9],"rotation":{"angle":45,"axis":"z","origin":[8.41421,1,8]},"faces":{"north":{"uv":[3,9.5,4,11],"texture":"#2"},"east":{"uv":[10,0,11,1.5],"texture":"#2"},"south":{"uv":[10,1.5,11,3],"texture":"#2"},"west":{"uv":[2,10,3,11.5],"texture":"#2"},"up":{"uv":[7,11,6,10],"texture":"#2"},"down":{"uv":[11,6,10,7],"texture":"#2"}}},{"from":[7,14,9],"to":[9,15,12],"rotation":{"angle":0,"axis":"z","origin":[8,0,10.5]},"faces":{"north":{"uv":[7,11,6,10],"rotation":270,"texture":"#2"},"east":{"uv":[3,9.5,3.5,11],"rotation":90,"texture":"#2"},"south":{"uv":[10.5,6,10,7],"rotation":270,"texture":"#2"},"west":{"uv":[10.5,1.5,11,3],"rotation":270,"texture":"#2"},"up":{"uv":[10,0,11,1.5],"texture":"#2"},"down":{"uv":[3,9.5,3.5,11],"rotation":180,"texture":"#2"}}},{"from":[7,9,9],"to":[9,10,12],"rotation":{"angle":0,"axis":"y","origin":[8,6.5,10.5]},"faces":{"north":{"uv":[10,6,10.5,7],"rotation":270,"texture":"#2"},"east":{"uv":[11,1.5,10.5,3],"rotation":270,"texture":"#2"},"south":{"uv":[6,11,7,10],"rotation":270,"texture":"#2"},"west":{"uv":[3.5,9.5,3,11],"rotation":90,"texture":"#2"},"up":{"uv":[10.5,3,11,1.5],"texture":"#2"},"down":{"uv":[10,1.5,11,0],"rotation":180,"texture":"#2"}}},{"from":[6.58579,-1,7],"to":[8.58579,2,9],"rotation":{"angle":-45,"axis":"z","origin":[7.58579,1,8]},"faces":{"north":{"uv":[10,3,11,4.5],"texture":"#2"},"east":{"uv":[4,10,5,11.5],"texture":"#2"},"south":{"uv":[10,4.5,11,6],"texture":"#2"},"west":{"uv":[5,10,6,11.5],"texture":"#2"},"up":{"uv":[11.5,8,10.5,7],"texture":"#2"},"down":{"uv":[9,10.5,8,11.5],"texture":"#2"}}},{"from":[6.75,14.75,6.75],"to":[11.25,19.25,9.25],"rotation":{"angle":45,"axis":"z","origin":[8,16,8]},"faces":{"north":{"uv":[5,0,7.5,2.5],"texture":"#2"},"east":{"uv":[5,5,6.5,7.5],"texture":"#2"},"south":{"uv":[7.5,0,5,2.5],"texture":"#2"},"west":{"uv":[6.5,5,8,7.5],"texture":"#2"},"up":{"uv":[10,1.5,7.5,0],"texture":"#2"},"down":{"uv":[10,1.5,7.5,3],"texture":"#2"}}},{"from":[6.5,14.5,6.5],"to":[11.5,19.5,9.5],"rotation":{"angle":45,"axis":"z","origin":[8,16,8]},"faces":{"north":{"uv":[5,2.5,7.5,5],"texture":"#2"},"east":{"uv":[3,7,4.5,9.5],"texture":"#2"},"south":{"uv":[7.5,2.5,5,5],"texture":"#2"},"west":{"uv":[4.5,7.5,6,10],"texture":"#2"},"up":{"uv":[10,4.5,7.5,3],"texture":"#2"},"down":{"uv":[8.5,7.5,6,9],"texture":"#2"}}},{"from":[9.5,14.5,7],"to":[13.5,16.5,9],"rotation":{"angle":45,"axis":"z","origin":[8,16,8]},"faces":{"north":{"uv":[8,4.5,10,5.5],"texture":"#2"},"east":{"uv":[10.5,8,11.5,9],"texture":"#2"},"south":{"uv":[8,5.5,10,6.5],"texture":"#2"},"west":{"uv":[9,10.5,10,11.5],"texture":"#2"},"up":{"uv":[10,7.5,8,6.5],"texture":"#2"},"down":{"uv":[10.5,7.5,8.5,8.5],"texture":"#2"}}},{"from":[7,10,11],"to":[9,14,12],"rotation":{"angle":0,"axis":"z","origin":[8,9,11]},"faces":{"north":{"uv":[10,5.5,8,6],"rotation":90,"texture":"#2"},"east":{"uv":[8,5.5,10,6],"rotation":270,"texture":"#2"},"south":{"uv":[10,7.5,8,6.5],"rotation":270,"texture":"#2"},"west":{"uv":[8,4.5,10,5],"rotation":90,"texture":"#2"},"up":{"uv":[10.5,8,11.5,9],"rotation":180,"texture":"#2"},"down":{"uv":[9,10.5,10,11.5],"texture":"#2"}}},{"from":[9.5,12.5,7],"to":[11.5,14.5,9],"rotation":{"angle":45,"axis":"z","origin":[8,16,8]},"faces":{"north":{"uv":[10,10.5,11,11.5],"texture":"#2"},"east":{"uv":[0,11,1,12],"texture":"#2"},"south":{"uv":[11,0,12,1],"texture":"#2"},"west":{"uv":[1,11,2,12],"texture":"#2"},"up":{"uv":[12,2,11,1],"texture":"#2"},"down":{"uv":[12,2,11,3],"texture":"#2"}}},{"from":[4.5,12.5,7],"to":[6.5,14.5,9],"rotation":{"angle":-45,"axis":"z","origin":[8,16,8]},"faces":{"north":{"uv":[3,11,4,12],"texture":"#2"},"east":{"uv":[11,3,12,4],"texture":"#2"},"south":{"uv":[11,4,12,5],"texture":"#2"},"west":{"uv":[11,5,12,6],"texture":"#2"},"up":{"uv":[7,12,6,11],"texture":"#2"},"down":{"uv":[12,6,11,7],"texture":"#2"}}},{"from":[2.5,14.5,7],"to":[6.5,16.5,9],"rotation":{"angle":-45,"axis":"z","origin":[8,16,8]},"faces":{"north":{"uv":[8.5,8.5,10.5,9.5],"texture":"#2"},"east":{"uv":[7,11,8,12],"texture":"#2"},"south":{"uv":[6,9,8,10],"texture":"#2"},"west":{"uv":[11,9,12,10],"texture":"#2"},"up":{"uv":[10,10.5,8,9.5],"texture":"#2"},"down":{"uv":[2,10,0,11],"texture":"#2"}}},{"from":[2,2.21447,7.975],"to":[8,22.21447,8.025],"rotation":{"angle":22.5,"axis":"z","origin":[8,12.46447,8]},"faces":{"north":{"uv":[0,0,3,10],"texture":"#2"},"south":{"uv":[3,0,0,10],"texture":"#2"}}},{"from":[8,2.21447,7.95],"to":[14,22.21447,8],"rotation":{"angle":-22.5,"axis":"z","origin":[8,12.46447,8]},"faces":{"north":{"uv":[3,0,0,10],"texture":"#2"},"south":{"uv":[0,0,3,10],"texture":"#2"}}}],"gui_light":"front","display":{"thirdperson_righthand":{"rotation":[15,-60,0],"translation":[3,-5.5,-1]},"thirdperson_lefthand":{"rotation":[15,-60,0],"translation":[3,-5.5,-1]},"firstperson_righthand":{"translation":[0,-3.5,0],"scale":[0.8,0.8,0.8]},"firstperson_lefthand":{"translation":[0,-3.5,0],"scale":[0.8,0.8,0.8]},"ground":{"rotation":[45,0,0],"scale":[0.45,0.45,0.45]},"gui":{"rotation":[15,-160,0],"translation":[0,-1.5,0],"scale":[0.7,0.7,0.7]},"head":{"rotation":[70,0,0],"translation":[0,9.5,0]},"fixed":{"translation":[0,-1,-2.5]}}}