{"credit":"Made with Blockbench by yungwilder","texture_size":[32,32],"textures":{"1":"yungwilder:item/wither_set/wither_bow"},"elements":[{"from":[4.25,1.25,7],"to":[6.25,11.25,9],"rotation":{"angle":-22.5,"axis":"z","origin":[5.25,2.68096,8]},"faces":{"north":{"uv":[2.5,0,3.5,5],"texture":"#1"},"east":{"uv":[3.5,0,4.5,5],"texture":"#1"},"south":{"uv":[4.5,0,5.5,5],"texture":"#1"},"west":{"uv":[0,5,1,10],"texture":"#1"},"up":{"uv":[6.5,5,5.5,4],"texture":"#1"},"down":{"uv":[4,8.5,3,9.5],"texture":"#1"}}},{"from":[6.75,8.75,6.75],"to":[11.25,13.25,9.25],"rotation":{"angle":45,"axis":"z","origin":[8,10,8]},"faces":{"north":{"uv":[0,2.5,2.5,5],"texture":"#1"},"east":{"uv":[5.5,1.5,7,4],"texture":"#1"},"south":{"uv":[2.5,2.5,0,5],"texture":"#1"},"west":{"uv":[4,6.5,5.5,9],"texture":"#1"},"up":{"uv":[9,5.5,6.5,4],"texture":"#1"},"down":{"uv":[8,6.5,5.5,8],"texture":"#1"}}},{"from":[6.5,8.5,6.5],"to":[11.5,13.5,9.5],"rotation":{"angle":45,"axis":"z","origin":[8,10,8]},"faces":{"north":{"uv":[0,0,2.5,2.5],"texture":"#1"},"east":{"uv":[1,5,2.5,7.5],"texture":"#1"},"south":{"uv":[2.5,0,0,2.5],"texture":"#1"},"west":{"uv":[2.5,5,4,7.5],"texture":"#1"},"up":{"uv":[6.5,6.5,4,5],"texture":"#1"},"down":{"uv":[8,0,5.5,1.5],"texture":"#1"}}},{"from":[9.5,8.5,7],"to":[13.5,10.5,9],"rotation":{"angle":45,"axis":"z","origin":[8,10,8]},"faces":{"north":{"uv":[6.5,5.5,8.5,6.5],"texture":"#1"},"east":{"uv":[8.5,9,9.5,10],"texture":"#1"},"south":{"uv":[7,1.5,9,2.5],"texture":"#1"},"west":{"uv":[1.5,9.5,2.5,10.5],"texture":"#1"},"up":{"uv":[9,3.5,7,2.5],"texture":"#1"},"down":{"uv":[3.5,7.5,1.5,8.5],"texture":"#1"}}},{"from":[9.5,6.5,7],"to":[11.5,8.5,9],"rotation":{"angle":45,"axis":"z","origin":[8,10,8]},"faces":{"north":{"uv":[9,3,10,4],"texture":"#1"},"east":{"uv":[4,9,5,10],"texture":"#1"},"south":{"uv":[9,4,10,5],"texture":"#1"},"west":{"uv":[9,6.5,10,7.5],"texture":"#1"},"up":{"uv":[8.5,10,7.5,9],"texture":"#1"},"down":{"uv":[10,7.5,9,8.5],"texture":"#1"}}},{"from":[3.53105,-0.62377,6.75],"to":[5.53105,2.37623,9.25],"rotation":{"angle":22.5,"axis":"z","origin":[5.25,2.68096,8]},"faces":{"north":{"uv":[8,0,9,1.5],"texture":"#1"},"east":{"uv":[5.5,8,6.5,9.5],"texture":"#1"},"south":{"uv":[6.5,8,7.5,9.5],"texture":"#1"},"west":{"uv":[8,6.5,9,8],"texture":"#1"},"up":{"uv":[10,2,9,1],"texture":"#1"},"down":{"uv":[10,2,9,3],"texture":"#1"}}},{"from":[2.35777,0.3261,6.875],"to":[5.35777,2.3261,9.125],"rotation":{"angle":22.5,"axis":"z","origin":[3.85777,1.3261,8]},"faces":{"north":{"uv":[9,0,8,1.5],"rotation":270,"texture":"#1"},"east":{"uv":[9,2,10,1],"rotation":90,"texture":"#1"},"south":{"uv":[7.5,8,6.5,9.5],"rotation":90,"texture":"#1"},"west":{"uv":[9,2,10,3],"rotation":90,"texture":"#1"},"up":{"uv":[6.5,8,5.5,9.5],"rotation":90,"texture":"#1"},"down":{"uv":[9,6.5,8,8],"rotation":90,"texture":"#1"}}},{"from":[3,2,7.975],"to":[4,13,8.025],"rotation":{"angle":0,"axis":"z","origin":[3.5,1.5,8]},"faces":{"north":{"uv":[1,7.5,1.5,13],"texture":"#1"},"south":{"uv":[1,7.5,1.5,13],"texture":"#1"}}},{"from":[2.35777,20.6739,6.875],"to":[5.35777,22.6739,9.125],"rotation":{"angle":-22.5,"axis":"z","origin":[3.85777,21.6739,8]},"faces":{"north":{"uv":[8,0,9,1.5],"rotation":270,"texture":"#1"},"east":{"uv":[10,2,9,1],"rotation":90,"texture":"#1"},"south":{"uv":[6.5,8,7.5,9.5],"rotation":90,"texture":"#1"},"west":{"uv":[10,2,9,3],"rotation":90,"texture":"#1"},"up":{"uv":[8,6.5,9,8],"rotation":90,"texture":"#1"},"down":{"uv":[5.5,8,6.5,9.5],"rotation":90,"texture":"#1"}}},{"from":[3.53105,20.62377,6.75],"to":[5.53105,23.62377,9.25],"rotation":{"angle":-22.5,"axis":"z","origin":[5.25,20.31904,8]},"faces":{"north":{"uv":[8,1.5,9,0],"texture":"#1"},"east":{"uv":[5.5,9.5,6.5,8],"texture":"#1"},"south":{"uv":[6.5,9.5,7.5,8],"texture":"#1"},"west":{"uv":[8,8,9,6.5],"texture":"#1"},"up":{"uv":[10,3,9,2],"texture":"#1"},"down":{"uv":[10,1,9,2],"texture":"#1"}}},{"from":[4.25,11.75,7],"to":[6.25,21.75,9],"rotation":{"angle":22.5,"axis":"z","origin":[5.25,20.31904,8]},"faces":{"north":{"uv":[2.5,5,3.5,0],"texture":"#1"},"east":{"uv":[3.5,5,4.5,0],"texture":"#1"},"south":{"uv":[4.5,5,5.5,0],"texture":"#1"},"west":{"uv":[0,10,1,5],"texture":"#1"},"up":{"uv":[4,9.5,3,8.5],"texture":"#1"},"down":{"uv":[6.5,4,5.5,5],"texture":"#1"}}},{"from":[3,10,7.95],"to":[4,21,8],"rotation":{"angle":0,"axis":"z","origin":[3.5,21.5,7.975]},"faces":{"north":{"uv":[1,13,1.5,7.5],"texture":"#1"},"south":{"uv":[1,13,1.5,7.5],"texture":"#1"}}}],"gui_light":"front","display":{"thirdperson_righthand":{"rotation":[0,90,0],"translation":[-2,-5,1],"scale":[0.85,0.85,0.85]},"thirdperson_lefthand":{"rotation":[0,-90,0],"translation":[-2,-5,1],"scale":[0.85,0.85,0.85]},"firstperson_righthand":{"rotation":[15,115,0],"translation":[0,3.5,0],"scale":[0.55,0.55,0.55]},"firstperson_lefthand":{"rotation":[15,-65,0],"translation":[0,3.5,0],"scale":[0.55,0.55,0.55]},"ground":{"rotation":[65,0,0],"translation":[1,2,0],"scale":[0.35,0.35,0.35]},"gui":{"rotation":[25,-165,45],"translation":[-3.5,0,0],"scale":[0.7,0.7,0.7]},"head":{"rotation":[0,0,90],"translation":[3.5,8,0]},"fixed":{"rotation":[0,0,45],"translation":[4.5,0,-1],"scale":[0.85,0.85,0.85]}}}