{"credit":"Made with Blockbench by yungwilder","texture_size":[32,32],"textures":{"2":"yungwilder:item/wither_set/wither_fishing_rod","particle":"yungwilder:item/wither_set/wither_fishing_rod"},"elements":[{"from":[9,3,7],"to":[11,11,9],"rotation":{"angle":22.5,"axis":"z","origin":[10,4.09763,8]},"faces":{"north":{"uv":[2.5,0,3.5,4],"texture":"#2"},"east":{"uv":[3.5,0,4.5,4],"texture":"#2"},"south":{"uv":[2.5,0,3.5,4],"texture":"#2"},"west":{"uv":[3.5,0,4.5,4],"texture":"#2"},"up":{"uv":[1,11,0,10],"texture":"#2"},"down":{"uv":[11,1,10,2],"texture":"#2"}}},{"from":[7,13.94975,7],"to":[9,21.94975,9],"rotation":{"angle":0,"axis":"z","origin":[11.34843,24.11824,8]},"faces":{"north":{"uv":[2.5,4,3.5,8],"texture":"#2"},"east":{"uv":[3.5,4,4.5,8],"texture":"#2"},"south":{"uv":[2.5,4,3.5,8],"texture":"#2"},"west":{"uv":[3.5,4,4.5,8],"texture":"#2"},"up":{"uv":[9.5,11.5,8.5,10.5],"texture":"#2"},"down":{"uv":[10.5,10.5,9.5,11.5],"texture":"#2"}}},{"from":[6.74027,23.65969,7.025],"to":[14.74027,25.65969,8.975],"rotation":{"angle":45,"axis":"z","origin":[11.34843,24.11824,8]},"faces":{"north":{"uv":[4.5,0,8.5,1],"texture":"#2"},"east":{"uv":[10.5,10.5,11.5,11.5],"texture":"#2"},"south":{"uv":[8.5,1,4.5,0],"texture":"#2"},"west":{"uv":[0,11,1,12],"texture":"#2"},"up":{"uv":[3.5,0,4.5,4],"rotation":90,"texture":"#2"},"down":{"uv":[3.5,0,2.5,4],"rotation":90,"texture":"#2"}}},{"from":[10.06903,2.61438,6.75],"to":[13.06903,4.61438,9.25],"rotation":{"angle":-22.5,"axis":"z","origin":[10,4.09763,8]},"faces":{"north":{"uv":[4.5,7,6,8],"texture":"#2"},"east":{"uv":[10,0,11,1],"rotation":90,"texture":"#2"},"south":{"uv":[8.5,1,10,2],"texture":"#2"},"west":{"uv":[10,3,11,4],"texture":"#2"},"up":{"uv":[10,3,8.5,2],"texture":"#2"},"down":{"uv":[1.5,9,0,10],"texture":"#2"}}},{"from":[9.48325,1.0286,6.875],"to":[11.48325,4.0286,9.125],"rotation":{"angle":-22.5,"axis":"z","origin":[10,4.09763,8]},"faces":{"north":{"uv":[6.5,8.5,7.5,10],"texture":"#2"},"east":{"uv":[1.5,9,2.5,10.5],"texture":"#2"},"south":{"uv":[2.5,9,3.5,10.5],"texture":"#2"},"west":{"uv":[3.5,9,4.5,10.5],"texture":"#2"},"up":{"uv":[11,5,10,4],"texture":"#2"},"down":{"uv":[7.5,10,6.5,11],"texture":"#2"}}},{"from":[12.47199,25.68318,6.75],"to":[15.47199,27.68318,9.25],"rotation":{"angle":0,"axis":"z","origin":[11.34843,24.11824,8]},"faces":{"north":{"uv":[9.5,6.5,11,7.5],"texture":"#2"},"east":{"uv":[11,1,12,2],"rotation":90,"texture":"#2"},"south":{"uv":[9.5,7.5,11,8.5],"texture":"#2"},"west":{"uv":[11,4,12,5],"texture":"#2"},"up":{"uv":[11,9.5,9.5,8.5],"texture":"#2"},"down":{"uv":[10.5,5,9.5,6.5],"rotation":90,"texture":"#2"}}},{"from":[11.88621,26.26896,6.875],"to":[13.88621,29.26896,9.125],"rotation":{"angle":0,"axis":"z","origin":[11.34843,24.11824,8]},"faces":{"north":{"uv":[4.5,9,5.5,10.5],"texture":"#2"},"east":{"uv":[7.5,9,8.5,10.5],"texture":"#2"},"south":{"uv":[8.5,9,9.5,10.5],"texture":"#2"},"west":{"uv":[9.5,5,10.5,6.5],"texture":"#2"},"up":{"uv":[12,2,11,1],"texture":"#2"},"down":{"uv":[12,2,11,3],"texture":"#2"}}},{"from":[6.75,8.75,6.75],"to":[11.25,13.25,9.25],"rotation":{"angle":45,"axis":"z","origin":[8,10,8]},"faces":{"north":{"uv":[0,0,2.5,2.5],"texture":"#2"},"east":{"uv":[4.5,2,6,4.5],"texture":"#2"},"south":{"uv":[2.5,0,0,2.5],"texture":"#2"},"west":{"uv":[4.5,4.5,6,7],"texture":"#2"},"up":{"uv":[2.5,6.5,0,5],"texture":"#2"},"down":{"uv":[8.5,2,6,3.5],"texture":"#2"}}},{"from":[6.5,8.5,6.5],"to":[11.5,13.5,9.5],"rotation":{"angle":45,"axis":"z","origin":[8,10,8]},"faces":{"north":{"uv":[0,2.5,2.5,5],"texture":"#2"},"east":{"uv":[6,3.5,7.5,6],"texture":"#2"},"south":{"uv":[2.5,2.5,0,5],"texture":"#2"},"west":{"uv":[6,6,7.5,8.5],"texture":"#2"},"up":{"uv":[2.5,8,0,6.5],"texture":"#2"},"down":{"uv":[10,3.5,7.5,5],"texture":"#2"}}},{"from":[9.5,8.5,7],"to":[13.5,10.5,9],"rotation":{"angle":45,"axis":"z","origin":[8,10,8]},"faces":{"north":{"uv":[2,8,4,9],"texture":"#2"},"east":{"uv":[2,11.5,3,12.5],"texture":"#2"},"south":{"uv":[4,8,6,9],"texture":"#2"},"west":{"uv":[3,11.5,4,12.5],"texture":"#2"},"up":{"uv":[9.5,9,7.5,8],"texture":"#2"},"down":{"uv":[10.5,0,8.5,1],"texture":"#2"}}},{"from":[9.5,6.5,7],"to":[11.5,8.5,9],"rotation":{"angle":45,"axis":"z","origin":[8,10,8]},"faces":{"north":{"uv":[4,11.5,5,12.5],"texture":"#2"},"east":{"uv":[5,11.5,6,12.5],"texture":"#2"},"south":{"uv":[11.5,5,12.5,6],"texture":"#2"},"west":{"uv":[7.5,11.5,8.5,12.5],"texture":"#2"},"up":{"uv":[9.5,12.5,8.5,11.5],"texture":"#2"},"down":{"uv":[10.5,11.5,9.5,12.5],"texture":"#2"}}},{"from":[4.5,6.5,7],"to":[6.5,8.5,9],"rotation":{"angle":-45,"axis":"z","origin":[8,10,8]},"faces":{"north":{"uv":[10.5,0,11.5,1],"texture":"#2"},"east":{"uv":[1,10.5,2,11.5],"texture":"#2"},"south":{"uv":[2,10.5,3,11.5],"texture":"#2"},"west":{"uv":[3,10.5,4,11.5],"texture":"#2"},"up":{"uv":[5,11.5,4,10.5],"texture":"#2"},"down":{"uv":[6,10.5,5,11.5],"texture":"#2"}}},{"from":[2.5,8.5,7],"to":[6.5,10.5,9],"rotation":{"angle":-45,"axis":"z","origin":[8,10,8]},"faces":{"north":{"uv":[7.5,5,9.5,6],"texture":"#2"},"east":{"uv":[10.5,5,11.5,6],"texture":"#2"},"south":{"uv":[7.5,6,9.5,7],"texture":"#2"},"west":{"uv":[7.5,10.5,8.5,11.5],"texture":"#2"},"up":{"uv":[9.5,8,7.5,7],"texture":"#2"},"down":{"uv":[2,8,0,9],"texture":"#2"}}},{"from":[14,18.75,7.975],"to":[15,25.75,8.025],"faces":{"north":{"uv":[6,8.5,6.5,12],"texture":"#2"},"south":{"uv":[6,8.5,6.5,12],"texture":"#2"}}},{"from":[8.97887,14.33058,7.95],"to":[9.97887,21.33058,8],"rotation":{"angle":0,"axis":"z","origin":[9.66637,17.83058,7.95]},"faces":{"north":{"uv":[6,8.5,6.5,12],"rotation":180,"texture":"#2"},"south":{"uv":[6,8.5,6.5,12],"rotation":180,"texture":"#2"}}},{"from":[8.97887,12.33058,7.95],"to":[9.97887,14.33058,8],"rotation":{"angle":0,"axis":"z","origin":[9.66637,17.83058,7.95]},"faces":{"north":{"uv":[6,8.5,6.5,9.5],"rotation":180,"texture":"#2"},"south":{"uv":[6,8.5,6.5,9.5],"rotation":180,"texture":"#2"}}},{"from":[11.67157,19.87868,7.95],"to":[12.67157,26.87868,8],"rotation":{"angle":-45,"axis":"z","origin":[12.17157,23.62868,8]},"faces":{"north":{"uv":[6,8.5,6.5,12],"texture":"#2"},"south":{"uv":[6,8.5,6.5,12],"texture":"#2"}}},{"from":[13.5,16.75,7],"to":[15.5,18.75,9],"faces":{"north":{"uv":[11,6,12,7],"texture":"#2"},"east":{"uv":[6.5,11,7.5,12],"texture":"#2"},"south":{"uv":[11,7,12,8],"texture":"#2"},"west":{"uv":[11,8,12,9],"texture":"#2"},"up":{"uv":[12,10,11,9],"texture":"#2"},"down":{"uv":[12.5,0,11.5,1],"texture":"#2"}}},{"from":[14,14.75,7.975],"to":[16,16.75,8.025],"faces":{"north":{"uv":[1,11.5,2,12.5],"texture":"#2"},"south":{"uv":[2,11.5,1,12.5],"texture":"#2"}}}],"gui_light":"front","display":{"thirdperson_righthand":{"rotation":[0,90,0],"translation":[0,0.5,1.5],"scale":[0.9,0.9,0.9]},"thirdperson_lefthand":{"rotation":[0,-90,0],"translation":[0,0.5,1.5],"scale":[0.9,0.9,0.9]},"firstperson_righthand":{"rotation":[-20,90,0],"scale":[0.65,0.65,0.65]},"firstperson_lefthand":{"rotation":[-20,-90,0],"scale":[0.65,0.65,0.65]},"ground":{"rotation":[45,0,0],"scale":[0.35,0.35,0.35]},"gui":{"rotation":[20,-20,-35],"translation":[-4,-2,0],"scale":[0.65,0.65,0.65]},"head":{"rotation":[0,0,-90],"translation":[-4,10.5,0]},"fixed":{"rotation":[0,0,45],"translation":[2,-6,-1],"scale":[0.8,0.8,0.8]}}}