{
	"credit": "Made with Blockbench",
	"texture_size": [32, 32],
	"textures": {
		"1": "cosmetics:item/offhand/birdwatcher_offhand",
		"particle": "cosmetics:item/offhand/birdwatcher_offhand"
	},
	"elements": [
		{
			"from": [4.5, 0.5, 10],
			"to": [6.5, 2.5, 13],
			"faces": {
				"north": {"uv": [6, 8.5, 7, 9.5], "texture": "#1"},
				"east": {"uv": [0, 7.5, 1.5, 8.5], "texture": "#1"},
				"south": {"uv": [7, 8.5, 8, 9.5], "texture": "#1"},
				"west": {"uv": [1.5, 7.5, 3, 8.5], "texture": "#1"},
				"up": {"uv": [8.5, 8.5, 7.5, 7], "texture": "#1"},
				"down": {"uv": [9, 1.5, 8, 3], "texture": "#1"}
			}
		},
		{
			"from": [4, 0, 3],
			"to": [7, 3, 10],
			"faces": {
				"north": {"uv": [6.5, 1.5, 8, 3], "texture": "#1"},
				"east": {"uv": [0, 0, 3.5, 1.5], "texture": "#1"},
				"south": {"uv": [6.5, 3, 8, 4.5], "texture": "#1"},
				"west": {"uv": [0, 1.5, 3.5, 3], "texture": "#1"},
				"up": {"uv": [1.5, 6.5, 0, 3], "texture": "#1"},
				"down": {"uv": [3, 3, 1.5, 6.5], "texture": "#1"}
			}
		},
		{
			"from": [9, 0, 3],
			"to": [12, 3, 10],
			"rotation": {"angle": 0, "axis": "y", "origin": [16, 0, 0]},
			"faces": {
				"north": {"uv": [7, 0, 8.5, 1.5], "texture": "#1"},
				"east": {"uv": [3, 3, 6.5, 4.5], "texture": "#1"},
				"south": {"uv": [6, 7, 7.5, 8.5], "texture": "#1"},
				"west": {"uv": [3.5, 0, 7, 1.5], "texture": "#1"},
				"up": {"uv": [4.5, 8, 3, 4.5], "texture": "#1"},
				"down": {"uv": [6, 4.5, 4.5, 8], "texture": "#1"}
			}
		},
		{
			"from": [9.5, 0.5, 10],
			"to": [11.5, 2.5, 13],
			"rotation": {"angle": 0, "axis": "y", "origin": [16, 0, 0]},
			"faces": {
				"north": {"uv": [8.5, 7, 9.5, 8], "texture": "#1"},
				"east": {"uv": [4.5, 8, 6, 9], "texture": "#1"},
				"south": {"uv": [8, 8.5, 9, 9.5], "texture": "#1"},
				"west": {"uv": [0, 8.5, 1.5, 9.5], "texture": "#1"},
				"up": {"uv": [9.5, 1.5, 8.5, 0], "texture": "#1"},
				"down": {"uv": [2.5, 8.5, 1.5, 10], "texture": "#1"}
			}
		},
		{
			"from": [5, 2, 6],
			"to": [11, 4, 9],
			"faces": {
				"north": {"uv": [6, 6, 9, 7], "texture": "#1"},
				"east": {"uv": [3, 8, 4.5, 9], "texture": "#1"},
				"south": {"uv": [0, 6.5, 3, 7.5], "texture": "#1"},
				"west": {"uv": [8, 3, 9.5, 4], "texture": "#1"},
				"up": {"uv": [6.5, 3, 3.5, 1.5], "texture": "#1"},
				"down": {"uv": [9, 4.5, 6, 6], "texture": "#1"}
			}
		},
		{
			"from": [3.8, -0.2, 2.5],
			"to": [3.8, 3.3, 3.5],
			"faces": {
				"north": {"uv": [0, 0, 0, 1.5], "texture": "#1"},
				"east": {"uv": [4.5, 9, 5, 10.5], "texture": "#1"},
				"south": {"uv": [0, 0, 0, 1.5], "texture": "#1"},
				"west": {"uv": [5, 9, 5.5, 10.5], "texture": "#1"},
				"up": {"uv": [0, 0.5, 0, 0], "texture": "#1"},
				"down": {"uv": [0, 0, 0, 0.5], "texture": "#1"}
			}
		},
		{
			"from": [7.3, -0.2, 2.5],
			"to": [7.3, 3.3, 3.5],
			"faces": {
				"north": {"uv": [0, 0, 0, 1.5], "texture": "#1"},
				"east": {"uv": [5.5, 9, 6, 10.5], "texture": "#1"},
				"south": {"uv": [0, 0, 0, 1.5], "texture": "#1"},
				"west": {"uv": [9, 5.5, 9.5, 7], "texture": "#1"},
				"up": {"uv": [0, 0.5, 0, 0], "texture": "#1"},
				"down": {"uv": [0, 0, 0, 0.5], "texture": "#1"}
			}
		},
		{
			"from": [3.8, 3.3, 2.5],
			"to": [7.3, 3.3, 3.5],
			"faces": {
				"north": {"uv": [0, 0, 2, 0], "texture": "#1"},
				"east": {"uv": [0, 0, 0.5, 0], "texture": "#1"},
				"south": {"uv": [0, 0, 2, 0], "texture": "#1"},
				"west": {"uv": [0, 0, 0.5, 0], "texture": "#1"},
				"up": {"uv": [10, 4.5, 8, 4], "texture": "#1"},
				"down": {"uv": [10.5, 8, 8.5, 8.5], "texture": "#1"}
			}
		},
		{
			"from": [3.8, -0.2, 2.5],
			"to": [7.3, -0.2, 3.5],
			"faces": {
				"north": {"uv": [0, 0, 2, 0], "texture": "#1"},
				"east": {"uv": [0, 0, 0.5, 0], "texture": "#1"},
				"south": {"uv": [0, 0, 2, 0], "texture": "#1"},
				"west": {"uv": [0, 0, 0.5, 0], "texture": "#1"},
				"up": {"uv": [11, 2, 9, 1.5], "texture": "#1"},
				"down": {"uv": [11, 2, 9, 2.5], "texture": "#1"}
			}
		},
		{
			"from": [4.3, 0.3, 12.5],
			"to": [4.3, 2.7, 13.5],
			"faces": {
				"north": {"uv": [0, 0, 0, 1], "texture": "#1"},
				"east": {"uv": [4, 9.5, 4.5, 10.5], "texture": "#1"},
				"south": {"uv": [0, 0, 0, 1], "texture": "#1"},
				"west": {"uv": [6, 9.5, 6.5, 10.5], "texture": "#1"},
				"up": {"uv": [0, 0.5, 0, 0], "texture": "#1"},
				"down": {"uv": [0, 0, 0, 0.5], "texture": "#1"}
			}
		},
		{
			"from": [4.3, 2.7, 12.5],
			"to": [6.7, 2.7, 13.5],
			"faces": {
				"north": {"uv": [0, 0, 1, 0], "texture": "#1"},
				"east": {"uv": [0, 0, 0.5, 0], "texture": "#1"},
				"south": {"uv": [0, 0, 1, 0], "texture": "#1"},
				"west": {"uv": [0, 0, 0.5, 0], "texture": "#1"},
				"up": {"uv": [10.5, 4, 9.5, 3.5], "texture": "#1"},
				"down": {"uv": [10.5, 5.5, 9.5, 6], "texture": "#1"}
			}
		},
		{
			"from": [6.7, 0.3, 12.5],
			"to": [6.7, 2.7, 13.5],
			"faces": {
				"north": {"uv": [0, 0, 0, 1], "texture": "#1"},
				"east": {"uv": [1, 9.5, 1.5, 10.5], "texture": "#1"},
				"south": {"uv": [0, 0, 0, 1], "texture": "#1"},
				"west": {"uv": [3.5, 9.5, 4, 10.5], "texture": "#1"},
				"up": {"uv": [0, 0.5, 0, 0], "texture": "#1"},
				"down": {"uv": [0, 0, 0, 0.5], "texture": "#1"}
			}
		},
		{
			"from": [4.3, 0.3, 12.5],
			"to": [6.7, 0.3, 13.5],
			"faces": {
				"north": {"uv": [0, 0, 1, 0], "texture": "#1"},
				"east": {"uv": [0, 0, 0.5, 0], "texture": "#1"},
				"south": {"uv": [0, 0, 1, 0], "texture": "#1"},
				"west": {"uv": [0, 0, 0.5, 0], "texture": "#1"},
				"up": {"uv": [3.5, 10, 2.5, 9.5], "texture": "#1"},
				"down": {"uv": [10.5, 3, 9.5, 3.5], "texture": "#1"}
			}
		},
		{
			"from": [9.3, 0.3, 12.5],
			"to": [11.7, 0.3, 13.5],
			"faces": {
				"north": {"uv": [0, 0, 1, 0], "texture": "#1"},
				"east": {"uv": [0, 0, 0.5, 0], "texture": "#1"},
				"south": {"uv": [0, 0, 1, 0], "texture": "#1"},
				"west": {"uv": [0, 0, 0.5, 0], "texture": "#1"},
				"up": {"uv": [10.5, 9.5, 9.5, 9], "texture": "#1"},
				"down": {"uv": [10.5, 9.5, 9.5, 10], "texture": "#1"}
			}
		},
		{
			"from": [9.3, 2.7, 12.5],
			"to": [11.7, 2.7, 13.5],
			"faces": {
				"north": {"uv": [0, 0, 1, 0], "texture": "#1"},
				"east": {"uv": [0, 0, 0.5, 0], "texture": "#1"},
				"south": {"uv": [0, 0, 1, 0], "texture": "#1"},
				"west": {"uv": [0, 0, 0.5, 0], "texture": "#1"},
				"up": {"uv": [8.5, 10, 7.5, 9.5], "texture": "#1"},
				"down": {"uv": [10.5, 8.5, 9.5, 9], "texture": "#1"}
			}
		},
		{
			"from": [9.3, 0.3, 12.5],
			"to": [9.3, 2.7, 13.5],
			"faces": {
				"north": {"uv": [0, 0, 0, 1], "texture": "#1"},
				"east": {"uv": [7, 9.5, 7.5, 10.5], "texture": "#1"},
				"south": {"uv": [0, 0, 0, 1], "texture": "#1"},
				"west": {"uv": [9.5, 7, 10, 8], "texture": "#1"},
				"up": {"uv": [0, 0.5, 0, 0], "texture": "#1"},
				"down": {"uv": [0, 0, 0, 0.5], "texture": "#1"}
			}
		},
		{
			"from": [11.7, 0.3, 12.5],
			"to": [11.7, 2.7, 13.5],
			"faces": {
				"north": {"uv": [0, 0, 0, 1], "texture": "#1"},
				"east": {"uv": [9.5, 6, 10, 7], "texture": "#1"},
				"south": {"uv": [0, 0, 0, 1], "texture": "#1"},
				"west": {"uv": [6.5, 9.5, 7, 10.5], "texture": "#1"},
				"up": {"uv": [0, 0.5, 0, 0], "texture": "#1"},
				"down": {"uv": [0, 0, 0, 0.5], "texture": "#1"}
			}
		},
		{
			"from": [12.2, -0.2, 2.5],
			"to": [12.2, 3.3, 3.5],
			"rotation": {"angle": 0, "axis": "y", "origin": [16, 0, 0]},
			"faces": {
				"north": {"uv": [0, 0, 0, 1.5], "texture": "#1"},
				"east": {"uv": [9.5, 0, 10, 1.5], "texture": "#1"},
				"south": {"uv": [0, 0, 0, 1.5], "texture": "#1"},
				"west": {"uv": [0.5, 9.5, 1, 11], "texture": "#1"},
				"up": {"uv": [0, 0.5, 0, 0], "texture": "#1"},
				"down": {"uv": [0, 0, 0, 0.5], "texture": "#1"}
			}
		},
		{
			"from": [8.7, -0.2, 2.5],
			"to": [8.7, 3.3, 3.5],
			"rotation": {"angle": 0, "axis": "y", "origin": [16, 0, 0]},
			"faces": {
				"north": {"uv": [0, 0, 0, 1.5], "texture": "#1"},
				"east": {"uv": [9, 8.5, 9.5, 10], "texture": "#1"},
				"south": {"uv": [0, 0, 0, 1.5], "texture": "#1"},
				"west": {"uv": [0, 9.5, 0.5, 11], "texture": "#1"},
				"up": {"uv": [0, 0.5, 0, 0], "texture": "#1"},
				"down": {"uv": [0, 0, 0, 0.5], "texture": "#1"}
			}
		},
		{
			"from": [8.7, -0.2, 2.5],
			"to": [12.2, -0.2, 3.5],
			"rotation": {"angle": 0, "axis": "y", "origin": [16, 0, 0]},
			"faces": {
				"north": {"uv": [0, 0, 2, 0], "texture": "#1"},
				"east": {"uv": [0, 0, 0.5, 0], "texture": "#1"},
				"south": {"uv": [0, 0, 2, 0], "texture": "#1"},
				"west": {"uv": [0, 0, 0.5, 0], "texture": "#1"},
				"up": {"uv": [11, 5, 9, 4.5], "texture": "#1"},
				"down": {"uv": [11, 5, 9, 5.5], "texture": "#1"}
			}
		},
		{
			"from": [8.7, 3.3, 2.5],
			"to": [12.2, 3.3, 3.5],
			"rotation": {"angle": 0, "axis": "y", "origin": [16, 0, 0]},
			"faces": {
				"north": {"uv": [0, 0, 2, 0], "texture": "#1"},
				"east": {"uv": [0, 0, 0.5, 0], "texture": "#1"},
				"south": {"uv": [0, 0, 2, 0], "texture": "#1"},
				"west": {"uv": [0, 0, 0.5, 0], "texture": "#1"},
				"up": {"uv": [4.5, 9.5, 2.5, 9], "texture": "#1"},
				"down": {"uv": [11, 2.5, 9, 3], "texture": "#1"}
			}
		}
	],
	"display": {
		"thirdperson_righthand": {
			"rotation": [80.91, 8.1, -75.75],
			"translation": [6.5, -1, 0.5]
		},
		"thirdperson_lefthand": {
			"rotation": [80.91, 8.1, -75.75],
			"translation": [6.5, -1, 0.5]
		},
		"firstperson_righthand": {
			"rotation": [32, 0, 0],
			"translation": [5.5, 6.5, 1.5]
		},
		"firstperson_lefthand": {
			"rotation": [32, 0, 0],
			"translation": [5.5, 6.5, 1.5]
		},
		"ground": {
			"translation": [0, 4, 0]
		},
		"gui": {
			"rotation": [30, 225, 0],
			"translation": [0, 3.75, 0],
			"scale": [0.9, 0.9, 0.9]
		}
	}
}