{
	"credit": "Made with Blockbench",
	"texture_size": [32, 32],
	"textures": {
		"2": "cosmetics:item/offhand/messy_achemy_offhand",
		"particle": "cosmetics:item/offhand/messy_achemy_offhand"
	},
	"elements": [
		{
			"from": [7, 6, 7],
			"to": [9, 12, 9],
			"faces": {
				"north": {"uv": [6, 11.5, 7, 14.5], "texture": "#2", "tintindex": 0},
				"east": {"uv": [0, 12, 1, 15], "texture": "#2", "tintindex": 0},
				"south": {"uv": [12, 0, 13, 3], "texture": "#2", "tintindex": 0},
				"west": {"uv": [1, 12, 2, 15], "texture": "#2", "tintindex": 0},
				"up": {"uv": [12.5, 7, 11.5, 6], "texture": "#2", "tintindex": 0},
				"down": {"uv": [3, 12, 2, 13], "texture": "#2", "tintindex": 0}
			}
		},
		{
			"from": [4, -2, 4],
			"to": [12, 6, 12],
			"faces": {
				"north": {"uv": [0, 0, 4, 4], "texture": "#2", "tintindex": 0},
				"east": {"uv": [0, 4, 4, 8], "texture": "#2", "tintindex": 0},
				"south": {"uv": [4, 0, 8, 4], "texture": "#2", "tintindex": 0},
				"west": {"uv": [4, 4, 8, 8], "texture": "#2", "tintindex": 0},
				"up": {"uv": [4, 12, 0, 8], "texture": "#2", "tintindex": 0},
				"down": {"uv": [12, 0, 8, 4], "texture": "#2", "tintindex": 0}
			}
		},
		{
			"from": [6, 12, 6],
			"to": [10, 13, 10],
			"faces": {
				"north": {"uv": [8, 7.5, 10, 8], "texture": "#2", "tintindex": 0},
				"east": {"uv": [11.5, 7, 13.5, 7.5], "texture": "#2", "tintindex": 0},
				"south": {"uv": [12, 3, 14, 3.5], "texture": "#2", "tintindex": 0},
				"west": {"uv": [12, 3.5, 14, 4], "texture": "#2", "tintindex": 0},
				"up": {"uv": [6, 13.5, 4, 11.5], "texture": "#2", "tintindex": 0},
				"down": {"uv": [13.5, 4, 11.5, 6], "texture": "#2", "tintindex": 0}
			}
		},
		{
			"from": [4.5, -1.5, 4.5],
			"to": [11.5, 4.5, 11.5],
			"faces": {
				"north": {"uv": [7.5, 8, 11, 11], "texture": "#2", "tintindex": 0},
				"east": {"uv": [7.5, 11, 11, 14], "texture": "#2", "tintindex": 0},
				"south": {"uv": [11, 7.5, 14.5, 10.5], "texture": "#2", "tintindex": 0},
				"west": {"uv": [11, 10.5, 14.5, 13.5], "texture": "#2", "tintindex": 0},
				"up": {"uv": [7.5, 11.5, 4, 8], "texture": "#2", "tintindex": 0},
				"down": {"uv": [11.5, 4, 8, 7.5], "texture": "#2", "tintindex": 0}
			}
		}
	],
	"display": {
		"thirdperson_righthand": {
			"translation": [0, 0, 2]
		},
		"gui": {
			"rotation": [18.25, 41.5, 0],
			"translation": [0, 2.25, 0],
			"scale": [0.8, 0.8, 0.8]
		}
	}
}