{
	"credit": "Made with Blockbench",
	"texture_size": [64, 64],
	"textures": {
		"1": "cosmetics:item/offhand/neo_nurse_offhand"
	},
	"elements": [
		{
			"from": [7.5, 0, 7.5],
			"to": [8.5, 23, 8.5],
			"rotation": {"angle": 0, "axis": "y", "origin": [0, 0, 1]},
			"faces": {
				"north": {"uv": [2.25, 1, 2.5, 6.75], "texture": "#1"},
				"east": {"uv": [2.5, 1, 2.75, 6.75], "texture": "#1"},
				"south": {"uv": [2.75, 1, 3, 6.75], "texture": "#1"},
				"west": {"uv": [0, 3, 0.25, 8.75], "texture": "#1"},
				"up": {"uv": [3.25, 4.75, 3, 4.5], "texture": "#1"},
				"down": {"uv": [3.5, 4.5, 3.25, 4.75], "texture": "#1"}
			}
		},
		{
			"from": [8, 20, 3.5],
			"to": [8, 24, 12.5],
			"rotation": {"angle": -45, "axis": "y", "origin": [8, 21, 8]},
			"faces": {
				"north": {"uv": [0, 0, 0, 1], "texture": "#1"},
				"east": {"uv": [0, 1, 2.25, 2], "texture": "#1"},
				"south": {"uv": [0, 0, 0, 1], "texture": "#1"},
				"west": {"uv": [0, 1, 2.25, 2], "texture": "#1"},
				"up": {"uv": [0, 2.25, 0, 0], "texture": "#1"},
				"down": {"uv": [0, 0, 0, 2.25], "texture": "#1"}
			}
		},
		{
			"from": [3.5, 18, 8],
			"to": [12.5, 22, 8],
			"rotation": {"angle": -45, "axis": "y", "origin": [8, 21, 8]},
			"faces": {
				"north": {"uv": [0, 1, 2.25, 2], "texture": "#1"},
				"east": {"uv": [0, 0, 0, 1], "texture": "#1"},
				"south": {"uv": [0, 1, 2.25, 2], "texture": "#1"},
				"west": {"uv": [0, 0, 0, 1], "texture": "#1"},
				"up": {"uv": [2.25, 0, 0, 0], "texture": "#1"},
				"down": {"uv": [2.25, 0, 0, 0], "texture": "#1"}
			}
		},
		{
			"from": [3.5, 0, 7.5],
			"to": [7.5, 1, 8.5],
			"rotation": {"angle": 0, "axis": "y", "origin": [0, 0, 1]},
			"faces": {
				"north": {"uv": [4.5, 0.75, 5.5, 1], "texture": "#1"},
				"east": {"uv": [3.5, 4.5, 3.75, 4.75], "texture": "#1"},
				"south": {"uv": [4.5, 1.75, 5.5, 2], "texture": "#1"},
				"west": {"uv": [4.75, 3, 5, 3.25], "texture": "#1"},
				"up": {"uv": [5.5, 2.25, 4.5, 2], "texture": "#1"},
				"down": {"uv": [5.5, 2.25, 4.5, 2.5], "texture": "#1"}
			}
		},
		{
			"from": [2, -3, 7],
			"to": [5, 0, 9],
			"rotation": {"angle": 22.5, "axis": "z", "origin": [3.5, -1.5, 8]},
			"faces": {
				"north": {"uv": [0.25, 3, 1, 3.75], "texture": "#1"},
				"east": {"uv": [1.75, 3, 2.25, 3.75], "texture": "#1"},
				"south": {"uv": [1, 3, 1.75, 3.75], "texture": "#1"},
				"west": {"uv": [3.75, 1, 4.25, 1.75], "texture": "#1"},
				"up": {"uv": [4.5, 2.25, 3.75, 1.75], "texture": "#1"},
				"down": {"uv": [4.5, 2.25, 3.75, 2.75], "texture": "#1"}
			}
		},
		{
			"from": [8.5, 0, 7.5],
			"to": [12.5, 1, 8.5],
			"rotation": {"angle": 0, "axis": "y", "origin": [16, 0, 1]},
			"faces": {
				"north": {"uv": [4.5, 2.5, 5.5, 2.75], "texture": "#1"},
				"east": {"uv": [4.75, 3.25, 5, 3.5], "texture": "#1"},
				"south": {"uv": [4.5, 3.5, 5.5, 3.75], "texture": "#1"},
				"west": {"uv": [4.25, 4.75, 4.5, 5], "texture": "#1"},
				"up": {"uv": [5.5, 4, 4.5, 3.75], "texture": "#1"},
				"down": {"uv": [5.75, 1, 4.75, 1.25], "texture": "#1"}
			}
		},
		{
			"from": [11, -3, 7],
			"to": [14, 0, 9],
			"rotation": {"angle": -22.5, "axis": "z", "origin": [12.5, -1.5, 8]},
			"faces": {
				"north": {"uv": [3, 1, 3.75, 1.75], "texture": "#1"},
				"east": {"uv": [1.75, 3.75, 2.25, 4.5], "texture": "#1"},
				"south": {"uv": [3, 1.75, 3.75, 2.5], "texture": "#1"},
				"west": {"uv": [3.75, 2.75, 4.25, 3.5], "texture": "#1"},
				"up": {"uv": [4.5, 4, 3.75, 3.5], "texture": "#1"},
				"down": {"uv": [3.75, 4, 3, 4.5], "texture": "#1"}
			}
		},
		{
			"from": [7.5, 0, 3.5],
			"to": [8.5, 1, 7.5],
			"rotation": {"angle": 0, "axis": "y", "origin": [8, -0.5, 8]},
			"faces": {
				"north": {"uv": [4.5, 4.75, 4.75, 5], "texture": "#1"},
				"east": {"uv": [4.75, 1.25, 5.75, 1.5], "texture": "#1"},
				"south": {"uv": [5, 0, 5.25, 0.25], "texture": "#1"},
				"west": {"uv": [4.75, 1.5, 5.75, 1.75], "texture": "#1"},
				"up": {"uv": [2, 5.5, 1.75, 4.5], "texture": "#1"},
				"down": {"uv": [2.25, 4.5, 2, 5.5], "texture": "#1"}
			}
		},
		{
			"from": [7, -1.2018, 1.95986],
			"to": [9, 1.7982, 4.95986],
			"rotation": {"angle": -22.5, "axis": "x", "origin": [8, -0.5, 8]},
			"faces": {
				"north": {"uv": [3.75, 4, 4.25, 4.75], "texture": "#1"},
				"east": {"uv": [3, 2.5, 3.75, 3.25], "texture": "#1"},
				"south": {"uv": [4.25, 1, 4.75, 1.75], "texture": "#1"},
				"west": {"uv": [3, 3.25, 3.75, 4], "texture": "#1"},
				"up": {"uv": [4.75, 3.5, 4.25, 2.75], "texture": "#1"},
				"down": {"uv": [4.75, 4, 4.25, 4.75], "texture": "#1"}
			}
		},
		{
			"from": [7, -1.2018, 11.04014],
			"to": [9, 1.7982, 14.04014],
			"rotation": {"angle": 22.5, "axis": "x", "origin": [8, -0.5, 8]},
			"faces": {
				"north": {"uv": [4.75, 1, 4.25, 1.75], "texture": "#1"},
				"east": {"uv": [3.75, 2.5, 3, 3.25], "texture": "#1"},
				"south": {"uv": [4.25, 4, 3.75, 4.75], "texture": "#1"},
				"west": {"uv": [3.75, 3.25, 3, 4], "texture": "#1"},
				"up": {"uv": [4.75, 2.75, 4.25, 3.5], "texture": "#1"},
				"down": {"uv": [4.75, 4.75, 4.25, 4], "texture": "#1"}
			}
		},
		{
			"from": [7.5, 0, 8.5],
			"to": [8.5, 1, 12.5],
			"rotation": {"angle": 0, "axis": "y", "origin": [8, -0.5, 8]},
			"faces": {
				"north": {"uv": [5.25, 0, 5, 0.25], "texture": "#1"},
				"east": {"uv": [5.75, 1.25, 4.75, 1.5], "texture": "#1"},
				"south": {"uv": [4.75, 4.75, 4.5, 5], "texture": "#1"},
				"west": {"uv": [5.75, 1.5, 4.75, 1.75], "texture": "#1"},
				"up": {"uv": [2, 4.5, 1.75, 5.5], "texture": "#1"},
				"down": {"uv": [2.25, 5.5, 2, 4.5], "texture": "#1"}
			}
		}
	],
	"display": {
		"thirdperson_righthand": {
			"translation": [-0.5, 0, 2.25]
		},
		"thirdperson_lefthand": {
			"translation": [-0.5, 0, 2.25]
		},
		"firstperson_righthand": {
			"translation": [2.5, 2.25, 2.25]
		},
		"firstperson_lefthand": {
			"translation": [2.5, 2.25, 2.25]
		},
		"ground": {
			"translation": [0, 3, 0],
			"scale": [0.25, 0.25, 0.25]
		},
		"gui": {
			"rotation": [30, 225, 0],
			"scale": [0.55, 0.55, 0.55]
		},
		"fixed": {
			"scale": [0.5, 0.5, 0.5]
		}
	}
}