{
	"credit": "Made with Blockbench",
	"texture_size": [64, 64],
	"textures": {
		"1": "cosmetics:item/offhand/neo_firefighter_offhand"
	},
	"elements": [
		{
			"from": [7.5, 0, 7.5],
			"to": [8.5, 20, 8.5],
			"faces": {
				"north": {"uv": [0, 3.75, 0.25, 8.75], "texture": "#1"},
				"east": {"uv": [0.25, 3.75, 0.5, 8.75], "texture": "#1"},
				"south": {"uv": [0.5, 3.75, 0.75, 8.75], "texture": "#1"},
				"west": {"uv": [0.75, 3.75, 1, 8.75], "texture": "#1"},
				"up": {"uv": [4.5, 3, 4.25, 2.75], "texture": "#1"},
				"down": {"uv": [4.75, 2.75, 4.5, 3], "texture": "#1"}
			}
		},
		{
			"from": [7.5, 13, 0.5],
			"to": [8.5, 18, 11.5],
			"faces": {
				"north": {"uv": [4, 0, 4.25, 1.25], "texture": "#1"},
				"east": {"uv": [0, 0, 2.75, 1.25], "texture": "#1"},
				"south": {"uv": [4.5, 3.75, 4.75, 5], "texture": "#1"},
				"west": {"uv": [0, 1.25, 2.75, 2.5], "texture": "#1"},
				"up": {"uv": [4.5, 2.75, 4.25, 0], "texture": "#1"},
				"down": {"uv": [4.75, 0, 4.5, 2.75], "texture": "#1"}
			}
		},
		{
			"from": [7.6, 15.5, 1.53553],
			"to": [8.4, 20.5, 6.53553],
			"rotation": {"angle": 45, "axis": "x", "origin": [8, 18, 4.03553]},
			"faces": {
				"north": {"uv": [4, 4.5, 4.25, 5.75], "texture": "#1"},
				"east": {"uv": [0, 2.5, 1.25, 3.75], "texture": "#1"},
				"south": {"uv": [4.25, 4.5, 4.5, 5.75], "texture": "#1"},
				"west": {"uv": [1.25, 2.5, 2.5, 3.75], "texture": "#1"},
				"up": {"uv": [5, 1.25, 4.75, 0], "texture": "#1"},
				"down": {"uv": [5, 1.25, 4.75, 2.5], "texture": "#1"}
			}
		},
		{
			"from": [7.6, 10.5, 1.53553],
			"to": [8.4, 15.5, 6.53553],
			"rotation": {"angle": -45, "axis": "x", "origin": [7.9, 13, 4.03553]},
			"faces": {
				"north": {"uv": [4.75, 2.5, 5, 3.75], "texture": "#1"},
				"east": {"uv": [2.5, 2.5, 3.75, 3.75], "texture": "#1"},
				"south": {"uv": [4.75, 3.75, 5, 5], "texture": "#1"},
				"west": {"uv": [2.75, 0, 4, 1.25], "texture": "#1"},
				"up": {"uv": [5.25, 1.25, 5, 0], "texture": "#1"},
				"down": {"uv": [5.25, 1.25, 5, 2.5], "texture": "#1"}
			}
		},
		{
			"from": [7, 12, 7],
			"to": [9, 19, 9],
			"faces": {
				"north": {"uv": [1, 3.75, 1.5, 5.5], "texture": "#1"},
				"east": {"uv": [3.75, 1.25, 4.25, 3], "texture": "#1"},
				"south": {"uv": [1.5, 3.75, 2, 5.5], "texture": "#1"},
				"west": {"uv": [2, 3.75, 2.5, 5.5], "texture": "#1"},
				"up": {"uv": [3.25, 2.5, 2.75, 2], "texture": "#1"},
				"down": {"uv": [3.75, 2, 3.25, 2.5], "texture": "#1"}
			}
		},
		{
			"from": [6, 14, 6.5],
			"to": [10, 17, 9.5],
			"rotation": {"angle": -45, "axis": "x", "origin": [8, 15.5, 8]},
			"faces": {
				"north": {"uv": [2.75, 1.25, 3.75, 2], "texture": "#1"},
				"east": {"uv": [2.5, 4.5, 3.25, 5.25], "texture": "#1"},
				"south": {"uv": [2.5, 3.75, 3.5, 4.5], "texture": "#1"},
				"west": {"uv": [3.25, 4.5, 4, 5.25], "texture": "#1"},
				"up": {"uv": [4.75, 3.75, 3.75, 3], "texture": "#1"},
				"down": {"uv": [4.5, 3.75, 3.5, 4.5], "texture": "#1"}
			}
		},
		{
			"from": [7, -1, 7],
			"to": [9, 1, 9],
			"rotation": {"angle": 45, "axis": "x", "origin": [8, 0, 8]},
			"faces": {
				"north": {"uv": [5, 2.5, 5.5, 3], "texture": "#1"},
				"east": {"uv": [5, 3, 5.5, 3.5], "texture": "#1"},
				"south": {"uv": [5, 3.5, 5.5, 4], "texture": "#1"},
				"west": {"uv": [5, 4, 5.5, 4.5], "texture": "#1"},
				"up": {"uv": [5, 5.5, 4.5, 5], "texture": "#1"},
				"down": {"uv": [5.5, 4.5, 5, 5], "texture": "#1"}
			}
		}
	],
	"display": {
		"thirdperson_righthand": {
			"translation": [-0.75, 0, 1.5]
		},
		"thirdperson_lefthand": {
			"translation": [-0.75, 0, 1.5]
		},
		"firstperson_righthand": {
			"translation": [4.75, 0, 0]
		},
		"firstperson_lefthand": {
			"translation": [4.75, 0, 0]
		},
		"ground": {
			"translation": [0, 3, 0],
			"scale": [0.25, 0.25, 0.25]
		},
		"gui": {
			"rotation": [90, 45, -90],
			"translation": [-1, -1.25, 0],
			"scale": [0.7, 0.7, 0.7]
		},
		"fixed": {
			"rotation": [90, 45, -90],
			"translation": [-1, -1.25, 0],
			"scale": [0.7, 0.7, 0.7]
		}
	}
}