{
	"credit": "Made with Blockbench",
	"texture_size": [64, 64],
	"textures": {
		"3": "cosmetics:item/offhand/neo_builder_offhand"
	},
	"elements": [
		{
			"from": [7.5, -3, 6.5],
			"to": [8.5, 9, 7.5],
			"faces": {
				"north": {"uv": [3, 6.5, 3.25, 9.5], "texture": "#3"},
				"east": {"uv": [3.25, 6.5, 3.5, 9.5], "texture": "#3"},
				"south": {"uv": [3.5, 6.5, 3.75, 9.5], "texture": "#3"},
				"west": {"uv": [3.75, 6.5, 4, 9.5], "texture": "#3"},
				"up": {"uv": [4, 3.5, 3.75, 3.25], "texture": "#3"},
				"down": {"uv": [2, 4, 1.75, 4.25], "texture": "#3"}
			}
		},
		{
			"from": [5.5, 12, 3],
			"to": [10.5, 17, 11],
			"faces": {
				"north": {"uv": [5.5, 2.5, 6.75, 3.75], "texture": "#3"},
				"east": {"uv": [2, 3.5, 4, 4.75], "texture": "#3"},
				"south": {"uv": [5.75, 0, 7, 1.25], "texture": "#3"},
				"west": {"uv": [3.75, 0, 5.75, 1.25], "texture": "#3"},
				"up": {"uv": [5, 3.25, 3.75, 1.25], "texture": "#3"},
				"down": {"uv": [1.25, 4, 0, 6], "texture": "#3"}
			}
		},
		{
			"from": [5, 11.5, 11],
			"to": [11, 17.5, 13],
			"faces": {
				"north": {"uv": [4, 3.25, 5.5, 4.75], "texture": "#3"},
				"east": {"uv": [4, 6.5, 4.5, 8], "texture": "#3"},
				"south": {"uv": [1.25, 4.75, 2.75, 6.25], "texture": "#3"},
				"west": {"uv": [4.5, 6.5, 5, 8], "texture": "#3"},
				"up": {"uv": [7.75, 7, 6.25, 6.5], "texture": "#3"},
				"down": {"uv": [8.25, 1.25, 6.75, 1.75], "texture": "#3"}
			}
		},
		{
			"from": [4.5, 11, -2],
			"to": [11.5, 18, 3],
			"faces": {
				"north": {"uv": [2, 0, 3.75, 1.75], "texture": "#3"},
				"east": {"uv": [2.75, 4.75, 4, 6.5], "texture": "#3"},
				"south": {"uv": [2, 1.75, 3.75, 3.5], "texture": "#3"},
				"west": {"uv": [4, 4.75, 5.25, 6.5], "texture": "#3"},
				"up": {"uv": [6.75, 2.5, 5, 1.25], "texture": "#3"},
				"down": {"uv": [7, 4.75, 5.25, 6], "texture": "#3"}
			}
		},
		{
			"from": [4.2, 10.7, -2.3],
			"to": [4.2, 18.3, 0],
			"faces": {
				"north": {"uv": [0, 0, 0, 2], "texture": "#3"},
				"east": {"uv": [0, 6, 0.5, 8], "texture": "#3"},
				"south": {"uv": [0, 0, 0, 2], "texture": "#3"},
				"west": {"uv": [0.5, 6, 1, 8], "texture": "#3"},
				"up": {"uv": [0, 0.5, 0, 0], "texture": "#3"},
				"down": {"uv": [0, 0, 0, 0.5], "texture": "#3"}
			}
		},
		{
			"from": [11.8, 10.7, -2.3],
			"to": [11.8, 18.3, 0],
			"rotation": {"angle": 0, "axis": "y", "origin": [11.8, 14.5, -1.15]},
			"faces": {
				"north": {"uv": [0, 0, 0, 2], "texture": "#3"},
				"east": {"uv": [5.25, 6, 5.75, 8], "texture": "#3"},
				"south": {"uv": [0, 0, 0, 2], "texture": "#3"},
				"west": {"uv": [5.75, 6, 6.25, 8], "texture": "#3"},
				"up": {"uv": [0, 0.5, 0, 0], "texture": "#3"},
				"down": {"uv": [0, 0, 0, 0.5], "texture": "#3"}
			}
		},
		{
			"from": [4.2, 18.3, -2.3],
			"to": [11.8, 18.3, 0],
			"rotation": {"angle": 0, "axis": "y", "origin": [8, 14.5, -1.15]},
			"faces": {
				"north": {"uv": [0, 0, 2, 0], "texture": "#3"},
				"east": {"uv": [0, 0, 0.5, 0], "texture": "#3"},
				"south": {"uv": [0, 0, 2, 0], "texture": "#3"},
				"west": {"uv": [0, 0, 0.5, 0], "texture": "#3"},
				"up": {"uv": [7.5, 4.75, 5.5, 4.25], "texture": "#3"},
				"down": {"uv": [7.5, 4.25, 5.5, 4.75], "texture": "#3"}
			}
		},
		{
			"from": [4.2, 10.7, -2.3],
			"to": [11.8, 10.7, 0],
			"rotation": {"angle": 0, "axis": "y", "origin": [8, 14.5, -1.15]},
			"faces": {
				"north": {"uv": [0, 0, 2, 0], "texture": "#3"},
				"east": {"uv": [0, 0, 0.5, 0], "texture": "#3"},
				"south": {"uv": [0, 0, 2, 0], "texture": "#3"},
				"west": {"uv": [0, 0, 0.5, 0], "texture": "#3"},
				"up": {"uv": [7.5, 4.75, 5.5, 4.25], "texture": "#3"},
				"down": {"uv": [7.5, 4.25, 5.5, 4.75], "texture": "#3"}
			}
		},
		{
			"from": [4.2, 10.7, -2.3],
			"to": [11.8, 18.3, -2.3],
			"faces": {
				"north": {"uv": [0, 0, 2, 2], "texture": "#3"},
				"east": {"uv": [0, 0, 0, 2], "texture": "#3"},
				"south": {"uv": [0, 2, 2, 4], "texture": "#3"},
				"west": {"uv": [0, 0, 0, 2], "texture": "#3"},
				"up": {"uv": [2, 0, 0, 0], "texture": "#3"},
				"down": {"uv": [2, 0, 0, 0], "texture": "#3"}
			}
		},
		{
			"from": [7, 9, 6],
			"to": [9, 12, 8],
			"faces": {
				"north": {"uv": [1.25, 4, 1.75, 4.75], "texture": "#3"},
				"east": {"uv": [5, 2.5, 5.5, 3.25], "texture": "#3"},
				"south": {"uv": [6.75, 1.75, 7.25, 2.5], "texture": "#3"},
				"west": {"uv": [6.75, 2.5, 7.25, 3.25], "texture": "#3"},
				"up": {"uv": [7.25, 3.75, 6.75, 3.25], "texture": "#3"},
				"down": {"uv": [7.5, 0.75, 7, 1.25], "texture": "#3"}
			}
		},
		{
			"from": [7, -6, 6],
			"to": [9, -3, 8],
			"rotation": {"angle": 0, "axis": "y", "origin": [0, 16, 0]},
			"faces": {
				"north": {"uv": [7, 0, 7.5, 0.75], "texture": "#3"},
				"east": {"uv": [1, 7, 1.5, 7.75], "texture": "#3"},
				"south": {"uv": [1.5, 7, 2, 7.75], "texture": "#3"},
				"west": {"uv": [2, 7, 2.5, 7.75], "texture": "#3"},
				"up": {"uv": [3, 7.5, 2.5, 7], "texture": "#3"},
				"down": {"uv": [7.5, 4.75, 7, 5.25], "texture": "#3"}
			}
		}
	],
	"display": {
		"thirdperson_righthand": {
			"translation": [-0.5, 5.25, 2.5]
		},
		"thirdperson_lefthand": {
			"translation": [-0.5, 5.25, 2.5]
		},
		"firstperson_righthand": {
			"translation": [3.25, 7.75, 2.5]
		},
		"firstperson_lefthand": {
			"translation": [3.25, 7.75, 2.5]
		},
		"ground": {
			"translation": [0, 3, 0],
			"scale": [0.25, 0.25, 0.25]
		},
		"gui": {
			"rotation": [30, 225, 0],
			"translation": [0, 0.75, 0],
			"scale": [0.625, 0.625, 0.625]
		},
		"fixed": {
			"scale": [0.5, 0.5, 0.5]
		}
	}
}