{
	"credit": "Made with Blockbench",
	"texture_size": [64, 64],
	"textures": {
		"3": "cosmetics:item/offhand/shipwrecker_offhand"
	},
	"elements": [
		{
			"from": [6.39135, 17.8296, 7.5],
			"to": [9.39135, 20.8296, 10.5],
			"rotation": {"angle": 0, "axis": "y", "origin": [12.54567, 10.4148, 9]},
			"faces": {
				"north": {"uv": [7.25, 1.5, 8, 2.25], "texture": "#3"},
				"east": {"uv": [7.25, 2.25, 8, 3], "texture": "#3"},
				"south": {"uv": [7.25, 3, 8, 3.75], "texture": "#3"},
				"west": {"uv": [7.5, 3.75, 8.25, 4.5], "texture": "#3"},
				"up": {"uv": [8.25, 5.25, 7.5, 4.5], "texture": "#3"},
				"down": {"uv": [8.25, 5.25, 7.5, 6], "texture": "#3"}
			}
		},
		{
			"from": [6.89135, 0.8296, 8],
			"to": [8.89135, 17.8296, 10],
			"rotation": {"angle": 0, "axis": "y", "origin": [12.54567, 10.4148, 9]},
			"faces": {
				"north": {"uv": [5.25, 0, 5.75, 4.25], "texture": "#3"},
				"east": {"uv": [5.25, 4.25, 5.75, 8.5], "texture": "#3"},
				"south": {"uv": [5.75, 0, 6.25, 4.25], "texture": "#3"},
				"west": {"uv": [5.75, 4.25, 6.25, 8.5], "texture": "#3"},
				"up": {"uv": [9, 1.5, 8.5, 1], "texture": "#3"},
				"down": {"uv": [5.75, 8.5, 5.25, 9], "texture": "#3"}
			}
		},
		{
			"from": [1.90865, 0.8296, 8],
			"to": [6.90865, 3.8296, 10],
			"rotation": {"angle": 0, "axis": "y", "origin": [3.25433, 9.4148, 9]},
			"faces": {
				"north": {"uv": [6.25, 4, 7.5, 4.75], "texture": "#3"},
				"east": {"uv": [8.25, 3.5, 8.75, 4.25], "texture": "#3"},
				"south": {"uv": [6.25, 4.75, 7.5, 5.5], "texture": "#3"},
				"west": {"uv": [8.25, 4.25, 8.75, 5], "texture": "#3"},
				"up": {"uv": [7.5, 7.5, 6.25, 7], "texture": "#3"},
				"down": {"uv": [8.5, 0, 7.25, 0.5], "texture": "#3"}
			}
		},
		{
			"from": [2.14845, 1.73978, 8.5],
			"to": [5.14845, 3.73978, 9.5],
			"rotation": {"angle": -22.5, "axis": "z", "origin": [3.25433, 9.4148, 9]},
			"faces": {
				"north": {"uv": [8, 3, 8.75, 3.5], "texture": "#3"},
				"east": {"uv": [8.75, 2.25, 9, 2.75], "texture": "#3"},
				"south": {"uv": [7.75, 8, 8.5, 8.5], "texture": "#3"},
				"west": {"uv": [8.75, 2.75, 9, 3.25], "texture": "#3"},
				"up": {"uv": [9, 8.75, 8.25, 8.5], "texture": "#3"},
				"down": {"uv": [9.5, 1.5, 8.75, 1.75], "texture": "#3"}
			}
		},
		{
			"from": [-3.16955, 1.43646, 9],
			"to": [0.83045, 5.43646, 9],
			"rotation": {"angle": 22.5, "axis": "z", "origin": [-2.16955, 4.43646, 9]},
			"faces": {
				"north": {"uv": [6.25, 0, 7.25, 1], "texture": "#3"},
				"east": {"uv": [0, 0, 0, 1], "texture": "#3"},
				"south": {"uv": [6.25, 1, 7.25, 2], "texture": "#3"},
				"west": {"uv": [0, 0, 0, 1], "texture": "#3"},
				"up": {"uv": [1, 0, 0, 0], "texture": "#3"},
				"down": {"uv": [1, 0, 0, 0], "texture": "#3"}
			}
		},
		{
			"from": [3.90865, 13.8296, 8],
			"to": [6.90865, 15.8296, 10],
			"rotation": {"angle": 0, "axis": "y", "origin": [3.25433, 10.4148, 9]},
			"faces": {
				"north": {"uv": [7.75, 7.5, 8.5, 8], "texture": "#3"},
				"east": {"uv": [5.75, 8.5, 6.25, 9], "texture": "#3"},
				"south": {"uv": [8, 1.5, 8.75, 2], "texture": "#3"},
				"west": {"uv": [8.5, 7.5, 9, 8], "texture": "#3"},
				"up": {"uv": [8.75, 2.5, 8, 2], "texture": "#3"},
				"down": {"uv": [8.75, 2.5, 8, 3], "texture": "#3"}
			}
		},
		{
			"from": [0.90865, 13.3296, 9],
			"to": [3.90865, 16.3296, 9],
			"rotation": {"angle": -45, "axis": "z", "origin": [2.40865, 14.8296, 9]},
			"faces": {
				"north": {"uv": [7.5, 6, 8.25, 6.75], "texture": "#3"},
				"east": {"uv": [0, 0, 0, 0.75], "texture": "#3"},
				"south": {"uv": [6.25, 7.5, 7, 8.25], "texture": "#3"},
				"west": {"uv": [0, 0, 0, 0.75], "texture": "#3"},
				"up": {"uv": [0.75, 0, 0, 0], "texture": "#3"},
				"down": {"uv": [0.75, 0, 0, 0], "texture": "#3"}
			}
		},
		{
			"from": [11.89135, 13.3296, 9],
			"to": [14.89135, 16.3296, 9],
			"rotation": {"angle": -45, "axis": "z", "origin": [13.39135, 14.8296, 9]},
			"faces": {
				"north": {"uv": [7.5, 6.75, 8.25, 7.5], "texture": "#3"},
				"east": {"uv": [0, 0, 0, 0.75], "texture": "#3"},
				"south": {"uv": [7, 7.5, 7.75, 8.25], "texture": "#3"},
				"west": {"uv": [0, 0, 0, 0.75], "texture": "#3"},
				"up": {"uv": [0.75, 0, 0, 0], "texture": "#3"},
				"down": {"uv": [0.75, 0, 0, 0], "texture": "#3"}
			}
		},
		{
			"from": [8.89135, 13.8296, 8],
			"to": [11.89135, 15.8296, 10],
			"rotation": {"angle": 0, "axis": "y", "origin": [12.54567, 10.4148, 9]},
			"faces": {
				"north": {"uv": [7, 8.25, 7.75, 8.75], "texture": "#3"},
				"east": {"uv": [7.75, 8.5, 8.25, 9], "texture": "#3"},
				"south": {"uv": [8.25, 7, 9, 7.5], "texture": "#3"},
				"west": {"uv": [8.5, 8, 9, 8.5], "texture": "#3"},
				"up": {"uv": [9.25, 0.5, 8.5, 0], "texture": "#3"},
				"down": {"uv": [9.25, 0.5, 8.5, 1], "texture": "#3"}
			}
		},
		{
			"from": [14.96955, 1.43646, 9],
			"to": [18.96955, 5.43646, 9],
			"rotation": {"angle": -22.5, "axis": "z", "origin": [17.96955, 4.43646, 9]},
			"faces": {
				"north": {"uv": [6.25, 2, 7.25, 3], "texture": "#3"},
				"east": {"uv": [0, 0, 0, 1], "texture": "#3"},
				"south": {"uv": [6.25, 3, 7.25, 4], "texture": "#3"},
				"west": {"uv": [0, 0, 0, 1], "texture": "#3"},
				"up": {"uv": [1, 0, 0, 0], "texture": "#3"},
				"down": {"uv": [1, 0, 0, 0], "texture": "#3"}
			}
		},
		{
			"from": [10.65155, 1.73978, 8.5],
			"to": [13.65155, 3.73978, 9.5],
			"rotation": {"angle": 22.5, "axis": "z", "origin": [12.54567, 9.4148, 9]},
			"faces": {
				"north": {"uv": [6.25, 8.25, 7, 8.75], "texture": "#3"},
				"east": {"uv": [8.75, 3.25, 9, 3.75], "texture": "#3"},
				"south": {"uv": [8.25, 6.5, 9, 7], "texture": "#3"},
				"west": {"uv": [8.75, 3.75, 9, 4.25], "texture": "#3"},
				"up": {"uv": [9.5, 2, 8.75, 1.75], "texture": "#3"},
				"down": {"uv": [9.5, 2, 8.75, 2.25], "texture": "#3"}
			}
		},
		{
			"from": [8.89135, 0.8296, 8],
			"to": [13.89135, 3.8296, 10],
			"rotation": {"angle": 0, "axis": "y", "origin": [12.54567, 9.4148, 9]},
			"faces": {
				"north": {"uv": [6.25, 5.5, 7.5, 6.25], "texture": "#3"},
				"east": {"uv": [8.25, 5, 8.75, 5.75], "texture": "#3"},
				"south": {"uv": [6.25, 6.25, 7.5, 7], "texture": "#3"},
				"west": {"uv": [8.25, 5.75, 8.75, 6.5], "texture": "#3"},
				"up": {"uv": [8.5, 1, 7.25, 0.5], "texture": "#3"},
				"down": {"uv": [8.5, 1, 7.25, 1.5], "texture": "#3"}
			}
		},
		{
			"from": [0, 2, 9],
			"to": [21, 22, 9],
			"rotation": {"angle": 22.5, "axis": "z", "origin": [15, 7, 9]},
			"faces": {
				"north": {"uv": [0, 0, 5.25, 5], "texture": "#3"},
				"east": {"uv": [0, 0, 0, 5], "texture": "#3"},
				"south": {"uv": [0, 5, 5.25, 10], "texture": "#3"},
				"west": {"uv": [0, 0, 0, 5], "texture": "#3"},
				"up": {"uv": [5.25, 0, 0, 0], "texture": "#3"},
				"down": {"uv": [5.25, 0, 0, 0], "texture": "#3"}
			}
		}
	],
	"display": {
		"thirdperson_righthand": {
			"rotation": [76.85, -89.69, -105.42],
			"translation": [1.5, 0.75, 1.5]
		},
		"thirdperson_lefthand": {
			"rotation": [-177.5, 90, 0],
			"translation": [-1, 0.75, 1.5]
		},
		"firstperson_righthand": {
			"rotation": [-180, -79.25, 3.75]
		},
		"firstperson_lefthand": {
			"rotation": [-180, -79.25, 3.75]
		},
		"ground": {
			"translation": [0, 4.75, 0]
		},
		"gui": {
			"rotation": [30, 225, 0],
			"translation": [0, -1.5, 0],
			"scale": [0.625, 0.625, 0.625]
		}
	}
}