{
	"credit": "Made with Blockbench",
	"texture_size": [32, 32],
	"textures": {
		"0": "chunky:item/items/earth",
		"1": "chunky:item/items/clouds",
		"particle": "chunky:item/items/earth"
	},
	"elements": [
		{
			"from": [0, 0, 0],
			"to": [16, 16, 16],
			"faces": {
				"north": {"uv": [0, 0, 4, 4], "texture": "#0"},
				"east": {"uv": [0, 4, 4, 8], "texture": "#0"},
				"south": {"uv": [4, 0, 8, 4], "texture": "#0"},
				"west": {"uv": [4, 4, 8, 8], "texture": "#0"},
				"up": {"uv": [4, 12, 0, 8], "texture": "#0"},
				"down": {"uv": [12, 0, 8, 4], "texture": "#0", "tintindex": 0}
			}
		},
		{
			"from": [5, 12, -1],
			"to": [7, 14, 0],
			"faces": {
				"north": {"uv": [6, 8, 7, 9], "texture": "#1"},
				"east": {"uv": [9, 6, 9.5, 7], "texture": "#1"},
				"south": {"uv": [8, 6, 9, 7], "texture": "#1"},
				"west": {"uv": [9.5, 0, 10, 1], "texture": "#1"},
				"up": {"uv": [3, 10, 2, 9.5], "texture": "#1"},
				"down": {"uv": [10.5, 3, 9.5, 3.5], "texture": "#1"}
			}
		},
		{
			"from": [0, 2, -1],
			"to": [3, 5, 0],
			"faces": {
				"north": {"uv": [6.5, 1.5, 8, 3], "texture": "#1"},
				"east": {"uv": [3, 8.5, 3.5, 10], "texture": "#1"},
				"south": {"uv": [0, 7.5, 1.5, 9], "texture": "#1"},
				"west": {"uv": [8.5, 3, 9, 4.5], "texture": "#1"},
				"up": {"uv": [9.5, 7.5, 8, 7], "texture": "#1"},
				"down": {"uv": [10, 1, 8.5, 1.5], "texture": "#1"}
			}
		},
		{
			"from": [10, 11, -1],
			"to": [17, 14, 0],
			"faces": {
				"north": {"uv": [0, 0, 3.5, 1.5], "texture": "#1"},
				"east": {"uv": [3.5, 8.5, 4, 10], "texture": "#1"},
				"south": {"uv": [0, 1.5, 3.5, 3], "texture": "#1"},
				"west": {"uv": [4, 8.5, 4.5, 10], "texture": "#1"},
				"up": {"uv": [5, 8, 1.5, 7.5], "texture": "#1"},
				"down": {"uv": [8.5, 7.5, 5, 8], "texture": "#1"}
			}
		},
		{
			"from": [16, 11, 0],
			"to": [17, 14, 4],
			"faces": {
				"north": {"uv": [8.5, 4.5, 9, 6], "texture": "#1"},
				"east": {"uv": [6, 3, 8, 4.5], "texture": "#1"},
				"south": {"uv": [8.5, 7.5, 9, 9], "texture": "#1"},
				"west": {"uv": [6, 4.5, 8, 6], "texture": "#1"},
				"up": {"uv": [7.5, 10, 7, 8], "texture": "#1"},
				"down": {"uv": [8, 8, 7.5, 10], "texture": "#1"}
			}
		},
		{
			"from": [16, 2, 12],
			"to": [17, 5, 16],
			"faces": {
				"north": {"uv": [0, 9, 0.5, 10.5], "texture": "#1"},
				"east": {"uv": [6, 6, 8, 7.5], "texture": "#1"},
				"south": {"uv": [0.5, 9, 1, 10.5], "texture": "#1"},
				"west": {"uv": [6.5, 0, 8.5, 1.5], "texture": "#1"},
				"up": {"uv": [8.5, 10, 8, 8], "texture": "#1"},
				"down": {"uv": [2, 8.5, 1.5, 10.5], "texture": "#1"}
			}
		},
		{
			"from": [11, 2, 16],
			"to": [17, 5, 17],
			"faces": {
				"north": {"uv": [0, 3, 3, 4.5], "texture": "#1"},
				"east": {"uv": [1, 9, 1.5, 10.5], "texture": "#1"},
				"south": {"uv": [3, 3, 6, 4.5], "texture": "#1"},
				"west": {"uv": [9, 3, 9.5, 4.5], "texture": "#1"},
				"up": {"uv": [4.5, 8.5, 1.5, 8], "texture": "#1"},
				"down": {"uv": [11, 1.5, 8, 2], "texture": "#1"}
			}
		},
		{
			"from": [-1, 11, 16],
			"to": [5, 14, 17],
			"faces": {
				"north": {"uv": [3.5, 0, 6.5, 1.5], "texture": "#1"},
				"east": {"uv": [9, 4.5, 9.5, 6], "texture": "#1"},
				"south": {"uv": [3.5, 1.5, 6.5, 3], "texture": "#1"},
				"west": {"uv": [6, 9, 6.5, 10.5], "texture": "#1"},
				"up": {"uv": [11, 2.5, 8, 2], "texture": "#1"},
				"down": {"uv": [11, 2.5, 8, 3], "texture": "#1"}
			}
		},
		{
			"from": [-1, 2, -1],
			"to": [0, 5, 5],
			"faces": {
				"north": {"uv": [6.5, 9, 7, 10.5], "texture": "#1"},
				"east": {"uv": [0, 4.5, 3, 6], "texture": "#1"},
				"south": {"uv": [9, 7.5, 9.5, 9], "texture": "#1"},
				"west": {"uv": [3, 4.5, 6, 6], "texture": "#1"},
				"up": {"uv": [8.5, 6, 8, 3], "texture": "#1"},
				"down": {"uv": [5, 8, 4.5, 11], "texture": "#1"}
			}
		},
		{
			"from": [-1, 11, 10],
			"to": [0, 14, 16],
			"faces": {
				"north": {"uv": [8.5, 9, 9, 10.5], "texture": "#1"},
				"east": {"uv": [0, 6, 3, 7.5], "texture": "#1"},
				"south": {"uv": [9, 9, 9.5, 10.5], "texture": "#1"},
				"west": {"uv": [3, 6, 6, 7.5], "texture": "#1"},
				"up": {"uv": [5.5, 11, 5, 8], "texture": "#1"},
				"down": {"uv": [6, 8, 5.5, 11], "texture": "#1"}
			}
		},
		{
			"from": [-1, 3, 8],
			"to": [0, 5, 10],
			"faces": {
				"north": {"uv": [9.5, 3.5, 10, 4.5], "texture": "#1"},
				"east": {"uv": [8.5, 0, 9.5, 1], "texture": "#1"},
				"south": {"uv": [9.5, 4.5, 10, 5.5], "texture": "#1"},
				"west": {"uv": [2, 8.5, 3, 9.5], "texture": "#1"},
				"up": {"uv": [10, 6.5, 9.5, 5.5], "texture": "#1"},
				"down": {"uv": [10, 6.5, 9.5, 7.5], "texture": "#1"}
			}
		}
	],
	"display": {
		"ground": {
			"translation": [0, 14.25, 0],
			"scale": [1.75, 1.75, 1.75]
		},
		"gui": {
			"rotation": [22, 140, 0],
			"scale": [2, 2, 2]
		}
	},
	"groups": [
		0,
		{
			"name": "cloud",
			"origin": [8, 8, 8],
			"color": 0,
			"children": [1, 2, 3, 4, 5, 6, 7, 8, 9, 10]
		}
	]
}