{
	"credit": "Made with Blockbench",
	"ambientocclusion": false,
	"texture_size": [64, 64],
	"textures": {
		"0": "chunky:item/items/globe",
		"particle": "chunky:item/items/globe"
	},
	"elements": [
		{
			"from": [-1, 0, -1],
			"to": [17, 18, 17],
			"faces": {
				"north": {"uv": [11.5, 11.5, 16, 16], "texture": "#0"},
				"east": {"uv": [11.5, 11.5, 16, 16], "texture": "#0"},
				"south": {"uv": [11.5, 11.5, 16, 16], "texture": "#0"},
				"west": {"uv": [11.5, 11.5, 16, 16], "texture": "#0"},
				"up": {"uv": [11.5, 16, 7, 11.5], "texture": "#0"},
				"down": {"uv": [16, 7, 11.5, 11.5], "texture": "#0"}
			}
		}
	],
	"display": {
		"ground": {
			"translation": [0, 13.25, 0],
			"scale": [1.5, 1.5, 1.5]
		},
		"head": {
			"translation": [0, 36.25, 0]
		}
	},
	"groups": [
		{
			"name": "core",
			"origin": [8, 8, 8],
			"color": 0,
			"children": [0]
		}
	]
}