{
	"credit": "Made with Blockbench",
	"ambientocclusion": false,
	"texture_size": [32, 32],
	"textures": {
		"0": "chunky:item/items/key",
		"particle": "chunky:item/items/key"
	},
	"elements": [
		{
			"from": [4, 0, 5],
			"to": [12, 8, 11],
			"faces": {
				"north": {"uv": [12, 12, 16, 16], "texture": "#0"},
				"east": {"uv": [13, 8, 16, 12], "texture": "#0"},
				"south": {"uv": [16, 12, 12, 16], "texture": "#0"},
				"west": {"uv": [16, 8, 13, 12], "texture": "#0"},
				"up": {"uv": [8, 16, 12, 13], "texture": "#0"},
				"down": {"uv": [8, 13, 4, 16], "texture": "#0"}
			}
		},
		{
			"from": [6, 8, 6],
			"to": [10, 18, 10],
			"faces": {
				"north": {"uv": [2, 11, 0, 16], "texture": "#0"},
				"east": {"uv": [0, 6, 2, 11], "texture": "#0"},
				"south": {"uv": [0, 11, 2, 16], "texture": "#0"},
				"west": {"uv": [2, 11, 4, 16], "texture": "#0"},
				"up": {"uv": [4, 11, 2, 9], "texture": "#0"},
				"down": {"uv": [2, 0, 0, 2], "texture": "#0"}
			}
		},
		{
			"from": [4, 15, 6],
			"to": [6, 18, 10],
			"faces": {
				"north": {"uv": [7, 11, 8, 12.5], "texture": "#0"},
				"east": {"uv": [9, 10, 11, 11.5], "texture": "#0"},
				"south": {"uv": [11, 7.5, 12, 9], "texture": "#0"},
				"west": {"uv": [11, 0, 13, 1.5], "texture": "#0"},
				"up": {"uv": [7, 10, 6, 8], "texture": "#0"},
				"down": {"uv": [7, 10, 6, 12], "texture": "#0"}
			}
		},
		{
			"from": [4, 11, 6],
			"to": [6, 13, 10],
			"faces": {
				"north": {"uv": [8, 11, 9, 12], "texture": "#0"},
				"east": {"uv": [11, 1.5, 13, 2.5], "texture": "#0"},
				"south": {"uv": [11, 9, 12, 10], "texture": "#0"},
				"west": {"uv": [11, 2.5, 13, 3.5], "texture": "#0"},
				"up": {"uv": [12, 5.5, 11, 3.5], "texture": "#0"},
				"down": {"uv": [12, 5.5, 11, 7.5], "texture": "#0"}
			}
		}
	],
	"display": {
		"ground": {
			"translation": [0, 14, 0],
			"scale": [1.5, 1.5, 1.5]
		}
	},
	"groups": [
		{
			"name": "core",
			"origin": [8, 8, 8],
			"color": 0,
			"children": [0, 1, 2, 3]
		}
	]
}