{
	"credit": "Made with Blockbench",
	"texture_size": [64, 64],
	"textures": {
		"0": "chunky:item/items/plus",
		"particle": "chunky:item/items/plus"
	},
	"elements": [
		{
			"from": [5, 0, 5],
			"to": [11, 18, 11],
			"faces": {
				"north": {"uv": [0, 0, 1.5, 4.5], "texture": "#0"},
				"east": {"uv": [1.5, 0, 3, 4.5], "texture": "#0"},
				"south": {"uv": [3, 0, 4.5, 4.5], "texture": "#0"},
				"west": {"uv": [0, 4.5, 1.5, 9], "texture": "#0"},
				"up": {"uv": [7.5, 6, 6, 4.5], "texture": "#0"},
				"down": {"uv": [7.5, 6, 6, 7.5], "texture": "#0"}
			}
		},
		{
			"from": [-1, 6, 5],
			"to": [5, 12, 11],
			"faces": {
				"north": {"uv": [6, 0, 7.5, 1.5], "texture": "#0"},
				"east": {"uv": [1.5, 6, 3, 7.5], "texture": "#0"},
				"south": {"uv": [6, 1.5, 7.5, 3], "texture": "#0"},
				"west": {"uv": [3, 6, 4.5, 7.5], "texture": "#0"},
				"up": {"uv": [7.5, 4.5, 6, 3], "texture": "#0"},
				"down": {"uv": [6, 6, 4.5, 7.5], "texture": "#0"}
			}
		},
		{
			"from": [11, 6, 5],
			"to": [17, 12, 11],
			"faces": {
				"north": {"uv": [4.5, 0, 6, 1.5], "texture": "#0"},
				"east": {"uv": [1.5, 4.5, 3, 6], "texture": "#0"},
				"south": {"uv": [4.5, 1.5, 6, 3], "texture": "#0"},
				"west": {"uv": [3, 4.5, 4.5, 6], "texture": "#0"},
				"up": {"uv": [6, 4.5, 4.5, 3], "texture": "#0"},
				"down": {"uv": [6, 4.5, 4.5, 6], "texture": "#0"}
			}
		}
	],
	"display": {
		"ground": {
			"translation": [0, 9.25, 0],
			"scale": [2, 2, 2]
		}
	}
}