{
	"credit": "Made with Blockbench",
	"ambientocclusion": false,
	"texture_size": [64, 64],
	"textures": {
		"0": "chunky:item/items/trophy",
		"particle": "chunky:item/items/trophy"
	},
	"elements": [
		{
			"from": [4, 0, 4],
			"to": [12, 5, 12],
			"faces": {
				"north": {"uv": [0, 14.75, 2, 16], "texture": "#0"},
				"east": {"uv": [0, 14.75, 2, 16], "texture": "#0"},
				"south": {"uv": [0, 14.75, 2, 16], "texture": "#0"},
				"west": {"uv": [0, 14.75, 2, 16], "texture": "#0"},
				"up": {"uv": [0, 10.75, 2, 12.75], "texture": "#0"},
				"down": {"uv": [0, 12.75, 2, 14.75], "texture": "#0"}
			}
		},
		{
			"from": [6, 5, 6],
			"to": [10, 8, 10],
			"faces": {
				"north": {"uv": [0, 10, 1, 10.75], "texture": "#0"},
				"east": {"uv": [0, 10, 1, 10.75], "texture": "#0"},
				"south": {"uv": [0, 10, 1, 10.75], "texture": "#0"},
				"west": {"uv": [0, 10, 1, 10.75], "texture": "#0"},
				"up": {"uv": [0, 0, 1, 1], "texture": "#0"},
				"down": {"uv": [0, 0, 1, 1], "texture": "#0"}
			}
		},
		{
			"from": [2, 8, 2],
			"to": [14, 18, 14],
			"faces": {
				"north": {"uv": [13, 13.5, 16, 16], "texture": "#0"},
				"east": {"uv": [13, 11, 16, 13.5], "texture": "#0"},
				"south": {"uv": [16, 13.5, 13, 16], "texture": "#0"},
				"west": {"uv": [16, 11, 13, 13.5], "texture": "#0"},
				"up": {"uv": [10, 13, 13, 16], "texture": "#0"},
				"down": {"uv": [7, 13, 10, 16], "texture": "#0"}
			}
		},
		{
			"from": [-3, 10, 6],
			"to": [2, 18, 10],
			"faces": {
				"north": {"uv": [14.75, 0, 16, 2], "texture": "#0"},
				"east": {"uv": [0, 0, 1, 2], "texture": "#0"},
				"south": {"uv": [16, 0, 14.75, 2], "texture": "#0"},
				"west": {"uv": [15, 2, 16, 4], "texture": "#0"},
				"up": {"uv": [13.5, 0, 14.75, 1], "texture": "#0"},
				"down": {"uv": [13.5, 1, 14.75, 2], "texture": "#0"}
			}
		},
		{
			"from": [14, 10, 6],
			"to": [19, 18, 10],
			"rotation": {"angle": 0, "axis": "y", "origin": [16, 0, 0]},
			"faces": {
				"north": {"uv": [16, 0, 14.75, 2], "texture": "#0"},
				"east": {"uv": [16, 2, 15, 4], "texture": "#0"},
				"south": {"uv": [14.75, 0, 16, 2], "texture": "#0"},
				"west": {"uv": [1, 0, 0, 2], "texture": "#0"},
				"up": {"uv": [14.75, 0, 13.5, 1], "texture": "#0"},
				"down": {"uv": [14.75, 1, 13.5, 2], "texture": "#0"}
			}
		}
	],
	"display": {
		"ground": {
			"translation": [0, 12, 0],
			"scale": [1.5, 1.5, 1.5]
		}
	},
	"groups": [
		{
			"name": "core",
			"origin": [8, 8, 8],
			"color": 0,
			"children": [0, 1, 2, 3, 4]
		}
	]
}