{"textures":{"0":"modelengine:entity/nocsy_yokai_baby_bird6"},"elements":[{"from":[6.285714,6.735009,4.4825516],"to":[9.714286,9.592152,8.482552],"rotation":{"angle":0.0,"axis":"y","origin":[9.714286,6.735009,5.625409]},"faces":{"east":{"uv":[4.25,1.25,5.125,1.875],"rotation":0,"texture":"#0","tintindex":0},"south":{"uv":[2.375,4.625,3.125,5.25],"rotation":0,"texture":"#0","tintindex":0},"north":{"uv":[1.5,4.625,2.25,5.25],"rotation":0,"texture":"#0","tintindex":0},"west":{"uv":[4.375,2.0,5.25,2.625],"rotation":0,"texture":"#0","tintindex":0},"up":{"uv":[2.25,4.5,1.5,3.625],"rotation":0,"texture":"#0","tintindex":0},"down":{"uv":[3.125,3.625,2.375,4.5],"rotation":0,"texture":"#0","tintindex":0}}},{"from":[6.285714,6.406995,4.417306],"to":[9.714286,6.406995,6.1315913],"rotation":{"angle":22.5,"axis":"x","origin":[8.0,6.406995,5.2744484]},"faces":{"east":{"uv":[3.0,8.5,3.375,8.5],"rotation":0,"texture":"#0","tintindex":0},"south":{"uv":[8.5,3.75,9.25,3.75],"rotation":0,"texture":"#0","tintindex":0},"north":{"uv":[8.5,3.5,9.25,3.5],"rotation":0,"texture":"#0","tintindex":0},"west":{"uv":[8.5,3.875,8.875,3.875],"rotation":0,"texture":"#0","tintindex":0},"up":{"uv":[6.0,6.125,5.25,5.75],"rotation":0,"texture":"#0","tintindex":0},"down":{"uv":[2.25,6.0,1.5,6.375],"rotation":0,"texture":"#0","tintindex":0}}},{"from":[6.285714,6.406995,8.417306],"to":[9.714286,6.406995,10.131592],"rotation":{"angle":22.5,"axis":"x","origin":[8.0,6.406995,9.274448]},"faces":{"east":{"uv":[8.5,4.125,8.875,4.125],"rotation":0,"texture":"#0","tintindex":0},"south":{"uv":[8.5,4.25,9.25,4.25],"rotation":0,"texture":"#0","tintindex":0},"north":{"uv":[8.5,4.0,9.25,4.0],"rotation":0,"texture":"#0","tintindex":0},"west":{"uv":[8.5,4.375,8.875,4.375],"rotation":0,"texture":"#0","tintindex":0},"up":{"uv":[3.125,6.375,2.375,6.0],"rotation":0,"texture":"#0","tintindex":0},"down":{"uv":[6.75,2.625,6.0,3.0],"rotation":0,"texture":"#0","tintindex":0}}},{"from":[6.294286,7.1896887,7.405409],"to":[9.705714,9.2011175,9.416838],"rotation":{"angle":-45.0,"axis":"x","origin":[8.0,8.266831,8.482552]},"faces":{"east":{"uv":[0.5,6.125,1.0,6.625],"rotation":0,"texture":"#0","tintindex":0},"south":{"uv":[5.125,3.375,5.875,3.875],"rotation":0,"texture":"#0","tintindex":0},"north":{"uv":[5.125,2.75,5.875,3.25],"rotation":0,"texture":"#0","tintindex":0},"west":{"uv":[6.125,0.5,6.625,1.0],"rotation":0,"texture":"#0","tintindex":0},"up":{"uv":[5.875,4.5,5.125,4.0],"rotation":0,"texture":"#0","tintindex":0},"down":{"uv":[6.0,0.75,5.25,1.25],"rotation":0,"texture":"#0","tintindex":0}}},{"from":[6.285714,10.028976,8.395776],"to":[9.714286,10.028976,10.68149],"rotation":{"angle":-22.5,"axis":"x","origin":[8.0,10.028976,9.538633]},"faces":{"east":{"uv":[8.5,4.625,9.0,4.625],"rotation":0,"texture":"#0","tintindex":0},"south":{"uv":[8.5,4.75,9.25,4.75],"rotation":0,"texture":"#0","tintindex":0},"north":{"uv":[8.5,4.5,9.25,4.5],"rotation":0,"texture":"#0","tintindex":0},"west":{"uv":[4.875,8.5,5.375,8.5],"rotation":0,"texture":"#0","tintindex":0},"up":{"uv":[6.0,1.875,5.25,1.375],"rotation":0,"texture":"#0","tintindex":0},"down":{"uv":[2.25,5.375,1.5,5.875],"rotation":0,"texture":"#0","tintindex":0}}},{"from":[6.285714,8.160773,9.908888],"to":[9.714286,8.160773,12.194602],"rotation":{"angle":0.0,"axis":"y","origin":[8.0,8.160773,11.051744]},"faces":{"east":{"uv":[8.5,5.0,9.0,5.0],"rotation":0,"texture":"#0","tintindex":0},"south":{"uv":[8.5,5.125,9.25,5.125],"rotation":0,"texture":"#0","tintindex":0},"north":{"uv":[8.5,4.875,9.25,4.875],"rotation":0,"texture":"#0","tintindex":0},"west":{"uv":[8.5,5.25,9.0,5.25],"rotation":0,"texture":"#0","tintindex":0},"up":{"uv":[6.125,2.5,5.375,2.0],"rotation":0,"texture":"#0","tintindex":0},"down":{"uv":[3.125,5.375,2.375,5.875],"rotation":0,"texture":"#0","tintindex":0}}},{"from":[6.274286,5.8750587,8.194602],"to":[6.274286,11.017916,13.908888],"rotation":{"angle":0.0,"axis":"y","origin":[6.902857,8.446487,11.051744]},"faces":{"east":{"uv":[0.0,0.0,1.25,1.125],"rotation":0,"texture":"#0","tintindex":0},"south":{"uv":[3.625,8.5,3.625,9.625],"rotation":0,"texture":"#0","tintindex":0},"north":{"uv":[3.5,8.5,3.5,9.625],"rotation":0,"texture":"#0","tintindex":0},"west":{"uv":[0.0,1.25,1.25,2.375],"rotation":0,"texture":"#0","tintindex":0},"up":{"uv":[4.0,9.75,4.0,8.5],"rotation":0,"texture":"#0","tintindex":0},"down":{"uv":[4.125,8.5,4.125,9.75],"rotation":0,"texture":"#0","tintindex":0}}},{"from":[9.725715,5.8750587,8.194602],"to":[9.725715,11.017916,13.908888],"rotation":{"angle":0.0,"axis":"y","origin":[9.097143,8.446487,11.051744]},"faces":{"east":{"uv":[1.375,0.0,2.625,1.125],"rotation":0,"texture":"#0","tintindex":0},"south":{"uv":[5.625,8.5,5.625,9.625],"rotation":0,"texture":"#0","tintindex":0},"north":{"uv":[5.5,8.5,5.5,9.625],"rotation":0,"texture":"#0","tintindex":0},"west":{"uv":[1.375,1.25,2.625,2.375],"rotation":0,"texture":"#0","tintindex":0},"up":{"uv":[5.75,9.75,5.75,8.5],"rotation":0,"texture":"#0","tintindex":0},"down":{"uv":[8.5,6.0,8.5,7.25],"rotation":0,"texture":"#0","tintindex":0}}},{"from":[6.857143,6.95428,3.3802023],"to":[9.142858,11.525709,5.0944886],"rotation":{"angle":22.5,"axis":"x","origin":[7.428571,8.382852,4.2373457]},"faces":{"east":{"uv":[5.5,4.625,5.875,5.625],"rotation":0,"texture":"#0","tintindex":0},"south":{"uv":[4.5,3.875,5.0,4.875],"rotation":0,"texture":"#0","tintindex":0},"north":{"uv":[4.5,2.75,5.0,3.75],"rotation":0,"texture":"#0","tintindex":0},"west":{"uv":[0.0,5.625,0.375,6.625],"rotation":0,"texture":"#0","tintindex":0},"up":{"uv":[6.25,6.625,5.75,6.25],"rotation":0,"texture":"#0","tintindex":0},"down":{"uv":[6.875,6.25,6.375,6.625],"rotation":0,"texture":"#0","tintindex":0}}},{"from":[6.857143,5.741998,3.2267728],"to":[9.142858,7.456284,3.2267728],"rotation":{"angle":-22.5,"axis":"x","origin":[8.0,6.599141,3.2267728]},"faces":{"east":{"uv":[7.375,8.5,7.375,8.875],"rotation":0,"texture":"#0","tintindex":0},"south":{"uv":[1.75,6.5,2.25,6.875],"rotation":0,"texture":"#0","tintindex":0},"north":{"uv":[1.125,6.5,1.625,6.875],"rotation":0,"texture":"#0","tintindex":0},"west":{"uv":[8.5,7.375,8.5,7.75],"rotation":0,"texture":"#0","tintindex":0},"up":{"uv":[9.0,5.375,8.5,5.375],"rotation":0,"texture":"#0","tintindex":0},"down":{"uv":[9.0,5.5,8.5,5.5],"rotation":0,"texture":"#0","tintindex":0}}}],"display":{"head":{"translation":[0.0,-6.4,0.0],"scale":[4.0,4.0,4.0]}}}