{"textures":{"0":"modelengine:entity/nocsy_yokai_baby_bird6"},"elements":[{"from":[6.5714283,7.543757,6.3092093],"to":[9.428572,10.4009,9.166352],"rotation":{"angle":0.0,"axis":"y","origin":[7.714286,4.6294713,7.7377806]},"faces":{"east":{"uv":[4.875,0.0,5.5,0.625],"rotation":0,"texture":"#0","tintindex":0},"south":{"uv":[0.75,4.875,1.375,5.5],"rotation":0,"texture":"#0","tintindex":0},"north":{"uv":[0.0,4.875,0.625,5.5],"rotation":0,"texture":"#0","tintindex":0},"west":{"uv":[3.25,4.875,3.875,5.5],"rotation":0,"texture":"#0","tintindex":0},"up":{"uv":[4.625,5.625,4.0,5.0],"rotation":0,"texture":"#0","tintindex":0},"down":{"uv":[5.375,5.0,4.75,5.625],"rotation":0,"texture":"#0","tintindex":0}}},{"from":[8.528571,8.515185,6.2949233],"to":[9.442858,9.543757,6.2949233],"rotation":{"angle":0.0,"axis":"y","origin":[7.714286,4.6294713,7.7377806]},"faces":{"east":{"uv":[4.25,2.0,4.25,2.25],"rotation":0,"texture":"#0","tintindex":0},"south":{"uv":[1.125,6.125,1.375,6.375],"rotation":0,"texture":"#0","tintindex":0},"north":{"uv":[5.125,4.625,5.375,4.875],"rotation":0,"texture":"#0","tintindex":0},"west":{"uv":[4.375,2.75,4.375,3.0],"rotation":0,"texture":"#0","tintindex":0},"up":{"uv":[3.0,2.375,2.75,2.375],"rotation":0,"texture":"#0","tintindex":0},"down":{"uv":[3.375,2.375,3.125,2.375],"rotation":0,"texture":"#0","tintindex":0}}},{"from":[6.9,8.858043,6.2806377],"to":[7.242857,9.2009,6.2806377],"rotation":{"angle":0.0,"axis":"y","origin":[8.285714,4.6294713,7.7377806]},"faces":{"east":{"uv":[4.375,3.125,4.375,3.25],"rotation":0,"texture":"#0","tintindex":0},"south":{"uv":[6.25,8.125,6.375,8.25],"rotation":0,"texture":"#0","tintindex":0},"north":{"uv":[7.125,2.375,7.25,2.5],"rotation":0,"texture":"#0","tintindex":0},"west":{"uv":[4.375,3.375,4.375,3.5],"rotation":0,"texture":"#0","tintindex":0},"up":{"uv":[3.625,2.375,3.5,2.375],"rotation":0,"texture":"#0","tintindex":0},"down":{"uv":[4.125,4.875,4.0,4.875],"rotation":0,"texture":"#0","tintindex":0}}},{"from":[8.757143,8.858043,6.2806377],"to":[9.1,9.2009,6.2806377],"rotation":{"angle":0.0,"axis":"y","origin":[7.714286,4.6294713,7.7377806]},"faces":{"east":{"uv":[6.125,1.75,6.125,1.875],"rotation":0,"texture":"#0","tintindex":0},"south":{"uv":[8.125,7.25,8.25,7.375],"rotation":0,"texture":"#0","tintindex":0},"north":{"uv":[8.125,7.0,8.25,7.125],"rotation":0,"texture":"#0","tintindex":0},"west":{"uv":[3.125,6.5,3.125,6.625],"rotation":0,"texture":"#0","tintindex":0},"up":{"uv":[4.375,4.875,4.25,4.875],"rotation":0,"texture":"#0","tintindex":0},"down":{"uv":[5.5,2.625,5.375,2.625],"rotation":0,"texture":"#0","tintindex":0}}},{"from":[9.442858,8.515185,6.2949233],"to":[9.442858,9.543757,7.437781],"rotation":{"angle":0.0,"axis":"y","origin":[7.714286,4.6294713,7.7377806]},"faces":{"east":{"uv":[7.25,5.375,7.5,5.625],"rotation":0,"texture":"#0","tintindex":0},"south":{"uv":[8.25,2.875,8.25,3.125],"rotation":0,"texture":"#0","tintindex":0},"north":{"uv":[0.5,7.125,0.5,7.375],"rotation":0,"texture":"#0","tintindex":0},"west":{"uv":[7.25,5.75,7.5,6.0],"rotation":0,"texture":"#0","tintindex":0},"up":{"uv":[4.25,8.5,4.25,8.25],"rotation":0,"texture":"#0","tintindex":0},"down":{"uv":[4.375,8.25,4.375,8.5],"rotation":0,"texture":"#0","tintindex":0}}},{"from":[6.5571427,8.515185,6.2949233],"to":[7.4714284,9.543757,6.2949233],"rotation":{"angle":0.0,"axis":"y","origin":[8.285714,4.6294713,7.7377806]},"faces":{"east":{"uv":[4.5,8.25,4.5,8.5],"rotation":0,"texture":"#0","tintindex":0},"south":{"uv":[1.125,7.375,1.375,7.625],"rotation":0,"texture":"#0","tintindex":0},"north":{"uv":[7.375,0.375,7.625,0.625],"rotation":0,"texture":"#0","tintindex":0},"west":{"uv":[8.25,5.25,8.25,5.5],"rotation":0,"texture":"#0","tintindex":0},"up":{"uv":[5.875,2.625,5.625,2.625],"rotation":0,"texture":"#0","tintindex":0},"down":{"uv":[3.5,5.625,3.25,5.625],"rotation":0,"texture":"#0","tintindex":0}}},{"from":[6.5571427,8.515185,6.2949233],"to":[6.5571427,9.543757,7.437781],"rotation":{"angle":0.0,"axis":"y","origin":[8.285714,4.6294713,7.7377806]},"faces":{"east":{"uv":[1.5,7.375,1.75,7.625],"rotation":0,"texture":"#0","tintindex":0},"south":{"uv":[6.75,8.25,6.75,8.5],"rotation":0,"texture":"#0","tintindex":0},"north":{"uv":[8.25,5.625,8.25,5.875],"rotation":0,"texture":"#0","tintindex":0},"west":{"uv":[7.375,1.625,7.625,1.875],"rotation":0,"texture":"#0","tintindex":0},"up":{"uv":[6.875,8.5,6.875,8.25],"rotation":0,"texture":"#0","tintindex":0},"down":{"uv":[7.0,8.25,7.0,8.5],"rotation":0,"texture":"#0","tintindex":0}}},{"from":[6.2994413,6.4009004,7.1289296],"to":[6.2994413,11.543757,9.414644],"rotation":{"angle":-22.5,"axis":"y","origin":[5.910452,9.030613,7.9170413]},"faces":{"east":{"uv":[3.25,3.625,3.75,4.75],"rotation":0,"texture":"#0","tintindex":0},"south":{"uv":[8.25,8.25,8.25,9.375],"rotation":0,"texture":"#0","tintindex":0},"north":{"uv":[8.125,8.25,8.125,9.375],"rotation":0,"texture":"#0","tintindex":0},"west":{"uv":[3.75,2.375,4.25,3.5],"rotation":0,"texture":"#0","tintindex":0},"up":{"uv":[0.75,8.875,0.75,8.375],"rotation":0,"texture":"#0","tintindex":0},"down":{"uv":[0.875,8.375,0.875,8.875],"rotation":0,"texture":"#0","tintindex":0}}},{"from":[5.1767573,6.4009004,8.733367],"to":[5.1767573,11.543757,11.59051],"rotation":{"angle":-45.0,"axis":"y","origin":[4.572285,9.030613,9.71909]},"faces":{"east":{"uv":[2.75,1.125,3.375,2.25],"rotation":0,"texture":"#0","tintindex":0},"south":{"uv":[1.125,8.375,1.125,9.5],"rotation":0,"texture":"#0","tintindex":0},"north":{"uv":[1.0,8.375,1.0,9.5],"rotation":0,"texture":"#0","tintindex":0},"west":{"uv":[3.5,1.125,4.125,2.25],"rotation":0,"texture":"#0","tintindex":0},"up":{"uv":[1.25,9.0,1.25,8.375],"rotation":0,"texture":"#0","tintindex":0},"down":{"uv":[1.375,8.375,1.375,9.0],"rotation":0,"texture":"#0","tintindex":0}}},{"from":[9.700559,6.4009004,7.1289296],"to":[9.700559,11.543757,9.414644],"rotation":{"angle":22.5,"axis":"y","origin":[10.089548,9.030613,7.9170413]},"faces":{"east":{"uv":[4.25,2.375,3.75,3.5],"rotation":0,"texture":"#0","tintindex":0},"south":{"uv":[8.25,8.25,8.25,9.375],"rotation":0,"texture":"#0","tintindex":0},"north":{"uv":[8.125,8.25,8.125,9.375],"rotation":0,"texture":"#0","tintindex":0},"west":{"uv":[3.75,3.625,3.25,4.75],"rotation":0,"texture":"#0","tintindex":0},"up":{"uv":[0.75,8.875,0.75,8.375],"rotation":0,"texture":"#0","tintindex":0},"down":{"uv":[0.875,8.375,0.875,8.875],"rotation":0,"texture":"#0","tintindex":0}}},{"from":[10.823242,6.4009004,8.733367],"to":[10.823242,11.543757,11.59051],"rotation":{"angle":45.0,"axis":"y","origin":[11.427715,9.030613,9.71909]},"faces":{"east":{"uv":[4.125,1.125,3.5,2.25],"rotation":0,"texture":"#0","tintindex":0},"south":{"uv":[1.125,8.375,1.125,9.5],"rotation":0,"texture":"#0","tintindex":0},"north":{"uv":[1.0,8.375,1.0,9.5],"rotation":0,"texture":"#0","tintindex":0},"west":{"uv":[3.375,1.125,2.75,2.25],"rotation":0,"texture":"#0","tintindex":0},"up":{"uv":[1.25,9.0,1.25,8.375],"rotation":0,"texture":"#0","tintindex":0},"down":{"uv":[1.375,8.375,1.375,9.0],"rotation":0,"texture":"#0","tintindex":0}}},{"from":[6.0,10.947063,6.2006845],"to":[10.0,10.947063,7.91497],"rotation":{"angle":-22.5,"axis":"x","origin":[8.571428,10.947063,7.629256]},"faces":{"east":{"uv":[8.375,0.0,8.75,0.0],"rotation":0,"texture":"#0","tintindex":0},"south":{"uv":[8.375,0.125,9.25,0.125],"rotation":0,"texture":"#0","tintindex":0},"north":{"uv":[8.0,2.25,8.875,2.25],"rotation":0,"texture":"#0","tintindex":0},"west":{"uv":[8.375,2.125,8.75,2.125],"rotation":0,"texture":"#0","tintindex":0},"up":{"uv":[6.5,0.375,5.625,0.0],"rotation":0,"texture":"#0","tintindex":0},"down":{"uv":[1.375,5.625,0.5,6.0],"rotation":0,"texture":"#0","tintindex":0}}},{"from":[6.0,11.662617,7.6423554],"to":[10.0,11.662617,9.356642],"rotation":{"angle":-45.0,"axis":"x","origin":[8.571428,11.662617,8.499498]},"faces":{"east":{"uv":[8.375,2.5,8.75,2.5],"rotation":0,"texture":"#0","tintindex":0},"south":{"uv":[8.375,3.625,9.25,3.625],"rotation":0,"texture":"#0","tintindex":0},"north":{"uv":[8.375,2.375,9.25,2.375],"rotation":0,"texture":"#0","tintindex":0},"west":{"uv":[3.25,8.375,3.625,8.375],"rotation":0,"texture":"#0","tintindex":0},"up":{"uv":[4.125,6.125,3.25,5.75],"rotation":0,"texture":"#0","tintindex":0},"down":{"uv":[5.125,5.75,4.25,6.125],"rotation":0,"texture":"#0","tintindex":0}}},{"from":[7.428571,8.115186,5.1663523],"to":[8.571428,9.258043,6.3092093],"rotation":{"angle":0.0,"axis":"y","origin":[6.857143,4.6294713,7.7377806]},"faces":{"east":{"uv":[5.25,7.375,5.5,7.625],"rotation":0,"texture":"#0","tintindex":0},"south":{"uv":[5.625,7.375,5.875,7.625],"rotation":0,"texture":"#0","tintindex":0},"north":{"uv":[7.375,2.375,7.625,2.625],"rotation":0,"texture":"#0","tintindex":0},"west":{"uv":[7.375,6.625,7.625,6.875],"rotation":0,"texture":"#0","tintindex":0},"up":{"uv":[7.625,7.25,7.375,7.0],"rotation":0,"texture":"#0","tintindex":0},"down":{"uv":[7.625,7.375,7.375,7.625],"rotation":0,"texture":"#0","tintindex":0}}},{"from":[7.6,7.8294716,5.1663523],"to":[8.4,8.4009,5.1663523],"rotation":{"angle":0.0,"axis":"y","origin":[6.6857142,4.6294713,7.7377806]},"faces":{"east":{"uv":[7.125,3.375,7.125,3.5],"rotation":0,"texture":"#0","tintindex":0},"south":{"uv":[8.125,7.5,8.25,7.625],"rotation":0,"texture":"#0","tintindex":0},"north":{"uv":[7.375,8.125,7.5,8.25],"rotation":0,"texture":"#0","tintindex":0},"west":{"uv":[3.0,7.625,3.0,7.75],"rotation":0,"texture":"#0","tintindex":0},"up":{"uv":[3.75,5.625,3.625,5.625],"rotation":0,"texture":"#0","tintindex":0},"down":{"uv":[7.0,3.0,6.875,3.0],"rotation":0,"texture":"#0","tintindex":0}}},{"from":[7.714286,7.428864,6.0140514],"to":[8.285714,8.000293,7.1569085],"rotation":{"angle":22.5,"axis":"x","origin":[7.714286,9.143149,7.442623]},"faces":{"east":{"uv":[6.75,0.875,7.0,1.0],"rotation":0,"texture":"#0","tintindex":0},"south":{"uv":[8.125,7.75,8.25,7.875],"rotation":0,"texture":"#0","tintindex":0},"north":{"uv":[7.625,8.125,7.75,8.25],"rotation":0,"texture":"#0","tintindex":0},"west":{"uv":[0.75,7.875,1.0,8.0],"rotation":0,"texture":"#0","tintindex":0},"up":{"uv":[0.5,7.75,0.375,7.5],"rotation":0,"texture":"#0","tintindex":0},"down":{"uv":[2.5,7.875,2.375,8.125],"rotation":0,"texture":"#0","tintindex":0}}}],"display":{"head":{"translation":[0.0,-6.4,0.0],"scale":[4.0,4.0,4.0]}}}