{"textures":{"0":"modelengine:entity/nocsy_yokai_baby_bird6"},"elements":[{"from":[6.7279034,6.705529,6.0172267],"to":[7.4136176,7.3912435,7.160084],"rotation":{"angle":-22.5,"axis":"x","origin":[8.927401,6.8721576,6.555238]},"faces":{"east":{"uv":[3.5,7.875,3.75,8.0],"rotation":0,"texture":"#0","tintindex":0},"south":{"uv":[8.125,8.0,8.25,8.125],"rotation":0,"texture":"#0","tintindex":0},"north":{"uv":[7.875,8.125,8.0,8.25],"rotation":0,"texture":"#0","tintindex":0},"west":{"uv":[8.0,0.0,8.25,0.125],"rotation":0,"texture":"#0","tintindex":0},"up":{"uv":[8.125,1.0,8.0,0.75],"rotation":0,"texture":"#0","tintindex":0},"down":{"uv":[8.125,1.125,8.0,1.375],"rotation":0,"texture":"#0","tintindex":0}}},{"from":[6.4422016,6.585952,6.7197733],"to":[7.5964875,7.7402377,8.445488],"rotation":{"angle":22.5,"axis":"y","origin":[6.9454203,7.0891705,6.4231744]},"faces":{"east":{"uv":[4.375,6.875,4.75,7.125],"rotation":0,"texture":"#0","tintindex":0},"south":{"uv":[4.625,7.625,4.875,7.875],"rotation":0,"texture":"#0","tintindex":0},"north":{"uv":[4.25,7.625,4.5,7.875],"rotation":0,"texture":"#0","tintindex":0},"west":{"uv":[4.875,6.875,5.25,7.125],"rotation":0,"texture":"#0","tintindex":0},"up":{"uv":[5.125,1.125,4.875,0.75],"rotation":0,"texture":"#0","tintindex":0},"down":{"uv":[5.625,6.875,5.375,7.25],"rotation":0,"texture":"#0","tintindex":0}}},{"from":[8.403512,6.585952,6.7197733],"to":[9.557798,7.7402377,8.445488],"rotation":{"angle":-22.5,"axis":"y","origin":[9.05458,7.0891705,6.4231744]},"faces":{"east":{"uv":[1.125,7.0,1.5,7.25],"rotation":0,"texture":"#0","tintindex":0},"south":{"uv":[7.625,5.75,7.875,6.0],"rotation":0,"texture":"#0","tintindex":0},"north":{"uv":[7.625,5.375,7.875,5.625],"rotation":0,"texture":"#0","tintindex":0},"west":{"uv":[1.625,7.0,2.0,7.25],"rotation":0,"texture":"#0","tintindex":0},"up":{"uv":[2.375,7.375,2.125,7.0],"rotation":0,"texture":"#0","tintindex":0},"down":{"uv":[2.75,7.0,2.5,7.375],"rotation":0,"texture":"#0","tintindex":0}}},{"from":[8.586382,6.705529,6.0172267],"to":[9.272097,7.3912435,7.160084],"rotation":{"angle":-22.5,"axis":"x","origin":[7.0725994,6.8721576,6.555238]},"faces":{"east":{"uv":[8.0,2.0,8.25,2.125],"rotation":0,"texture":"#0","tintindex":0},"south":{"uv":[0.25,8.25,0.375,8.375],"rotation":0,"texture":"#0","tintindex":0},"north":{"uv":[0.0,8.25,0.125,8.375],"rotation":0,"texture":"#0","tintindex":0},"west":{"uv":[2.625,8.0,2.875,8.125],"rotation":0,"texture":"#0","tintindex":0},"up":{"uv":[8.125,2.875,8.0,2.625],"rotation":0,"texture":"#0","tintindex":0},"down":{"uv":[8.125,3.0,8.0,3.25],"rotation":0,"texture":"#0","tintindex":0}}},{"from":[7.142857,6.5892844,7.0019464],"to":[8.857143,7.7321415,8.716232],"rotation":{"angle":0.0,"axis":"y","origin":[7.7522287,11.354862,7.568484]},"faces":{"east":{"uv":[0.0,7.125,0.375,7.375],"rotation":0,"texture":"#0","tintindex":0},"south":{"uv":[7.125,0.0,7.5,0.25],"rotation":0,"texture":"#0","tintindex":0},"north":{"uv":[7.0,6.25,7.375,6.5],"rotation":0,"texture":"#0","tintindex":0},"west":{"uv":[7.125,0.875,7.5,1.125],"rotation":0,"texture":"#0","tintindex":0},"up":{"uv":[2.75,6.875,2.375,6.5],"rotation":0,"texture":"#0","tintindex":0},"down":{"uv":[7.0,0.0,6.625,0.375],"rotation":0,"texture":"#0","tintindex":0}}},{"from":[7.714286,6.9225416,8.60149],"to":[8.285714,7.551113,9.744347],"rotation":{"angle":22.5,"axis":"x","origin":[7.933257,7.0891705,9.00149]},"faces":{"east":{"uv":[8.0,4.0,8.25,4.125],"rotation":0,"texture":"#0","tintindex":0},"south":{"uv":[8.25,0.75,8.375,0.875],"rotation":0,"texture":"#0","tintindex":0},"north":{"uv":[0.5,8.25,0.625,8.375],"rotation":0,"texture":"#0","tintindex":0},"west":{"uv":[4.25,8.0,4.5,8.125],"rotation":0,"texture":"#0","tintindex":0},"up":{"uv":[4.75,8.25,4.625,8.0],"rotation":0,"texture":"#0","tintindex":0},"down":{"uv":[8.125,5.25,8.0,5.5],"rotation":0,"texture":"#0","tintindex":0}}},{"from":[7.428571,6.5892844,8.668233],"to":[8.571428,7.7321415,9.239661],"rotation":{"angle":0.0,"axis":"y","origin":[7.7618284,11.354862,7.568484]},"faces":{"east":{"uv":[8.0,5.625,8.125,5.875],"rotation":0,"texture":"#0","tintindex":0},"south":{"uv":[7.0,7.625,7.25,7.875],"rotation":0,"texture":"#0","tintindex":0},"north":{"uv":[6.625,7.625,6.875,7.875],"rotation":0,"texture":"#0","tintindex":0},"west":{"uv":[6.5,8.0,6.625,8.25],"rotation":0,"texture":"#0","tintindex":0},"up":{"uv":[8.25,4.375,8.0,4.25],"rotation":0,"texture":"#0","tintindex":0},"down":{"uv":[7.0,8.0,6.75,8.125],"rotation":0,"texture":"#0","tintindex":0}}},{"from":[7.3428574,7.589056,7.1637754],"to":[8.657143,8.160484,8.478061],"rotation":{"angle":0.0,"axis":"y","origin":[8.223543,7.422427,7.668461]},"faces":{"east":{"uv":[8.125,0.5,8.375,0.625],"rotation":0,"texture":"#0","tintindex":0},"south":{"uv":[0.75,8.125,1.0,8.25],"rotation":0,"texture":"#0","tintindex":0},"north":{"uv":[8.125,0.25,8.375,0.375],"rotation":0,"texture":"#0","tintindex":0},"west":{"uv":[1.125,8.125,1.375,8.25],"rotation":0,"texture":"#0","tintindex":0},"up":{"uv":[8.0,0.625,7.75,0.375],"rotation":0,"texture":"#0","tintindex":0},"down":{"uv":[1.375,7.75,1.125,8.0],"rotation":0,"texture":"#0","tintindex":0}}}],"display":{"head":{"translation":[0.0,-6.4,0.0],"scale":[4.0,4.0,4.0]}}}