{"textures":{"0":"modelengine:entity/nocsy_yokai_baby_bird6"},"elements":[{"from":[6.857143,6.3783894,6.791246],"to":[8.571428,8.6641035,9.076961],"rotation":{"angle":0.0,"axis":"y","origin":[11.257143,5.8069606,7.3626747]},"faces":{"east":{"uv":[6.0,3.125,6.5,3.625],"rotation":0,"texture":"#0","tintindex":0},"south":{"uv":[6.125,5.625,6.5,6.125],"rotation":0,"texture":"#0","tintindex":0},"north":{"uv":[6.125,1.125,6.5,1.625],"rotation":0,"texture":"#0","tintindex":0},"west":{"uv":[6.0,3.75,6.5,4.25],"rotation":0,"texture":"#0","tintindex":0},"up":{"uv":[6.625,2.25,6.25,1.75],"rotation":0,"texture":"#0","tintindex":0},"down":{"uv":[3.625,6.25,3.25,6.75],"rotation":0,"texture":"#0","tintindex":0}}},{"from":[6.857143,5.8287096,6.6819077],"to":[8.571428,6.400138,6.6819077],"rotation":{"angle":22.5,"axis":"x","origin":[7.714286,6.1144238,6.6819077]},"faces":{"east":{"uv":[8.375,5.25,8.375,5.375],"rotation":0,"texture":"#0","tintindex":0},"south":{"uv":[6.25,2.375,6.625,2.5],"rotation":0,"texture":"#0","tintindex":0},"north":{"uv":[5.625,0.5,6.0,0.625],"rotation":0,"texture":"#0","tintindex":0},"west":{"uv":[8.375,5.5,8.375,5.625],"rotation":0,"texture":"#0","tintindex":0},"up":{"uv":[8.75,5.75,8.375,5.75],"rotation":0,"texture":"#0","tintindex":0},"down":{"uv":[8.75,5.875,8.375,5.875],"rotation":0,"texture":"#0","tintindex":0}}},{"from":[6.857143,5.278811,9.295109],"to":[8.571428,6.421668,9.295109],"rotation":{"angle":-22.5,"axis":"x","origin":[7.714286,5.8502398,9.295109]},"faces":{"east":{"uv":[7.125,8.375,7.125,8.625],"rotation":0,"texture":"#0","tintindex":0},"south":{"uv":[3.875,6.875,4.25,7.125],"rotation":0,"texture":"#0","tintindex":0},"north":{"uv":[6.875,2.625,7.25,2.875],"rotation":0,"texture":"#0","tintindex":0},"west":{"uv":[7.25,8.375,7.25,8.625],"rotation":0,"texture":"#0","tintindex":0},"up":{"uv":[7.75,8.375,7.375,8.375],"rotation":0,"texture":"#0","tintindex":0},"down":{"uv":[8.75,8.125,8.375,8.125],"rotation":0,"texture":"#0","tintindex":0}}},{"from":[6.7483325,5.8284907,6.791246],"to":[6.7483325,6.3999195,9.076961],"rotation":{"angle":-22.5,"axis":"z","origin":[6.7483325,6.114205,7.934103]},"faces":{"east":{"uv":[7.375,2.75,7.875,2.875],"rotation":0,"texture":"#0","tintindex":0},"south":{"uv":[8.0,8.375,8.0,8.5],"rotation":0,"texture":"#0","tintindex":0},"north":{"uv":[7.875,8.375,7.875,8.5],"rotation":0,"texture":"#0","tintindex":0},"west":{"uv":[6.0,7.5,6.5,7.625],"rotation":0,"texture":"#0","tintindex":0},"up":{"uv":[8.375,8.75,8.375,8.25],"rotation":0,"texture":"#0","tintindex":0},"down":{"uv":[0.0,8.5,0.0,9.0],"rotation":0,"texture":"#0","tintindex":0}}},{"from":[8.680767,5.8287096,6.791246],"to":[8.680767,6.400138,9.076961],"rotation":{"angle":22.5,"axis":"z","origin":[8.680767,6.1144238,7.934103]},"faces":{"east":{"uv":[7.5,6.125,8.0,6.25],"rotation":0,"texture":"#0","tintindex":0},"south":{"uv":[0.25,8.5,0.25,8.625],"rotation":0,"texture":"#0","tintindex":0},"north":{"uv":[0.125,8.5,0.125,8.625],"rotation":0,"texture":"#0","tintindex":0},"west":{"uv":[7.5,6.375,8.0,6.5],"rotation":0,"texture":"#0","tintindex":0},"up":{"uv":[8.5,0.75,8.5,0.25],"rotation":0,"texture":"#0","tintindex":0},"down":{"uv":[0.375,8.5,0.375,9.0],"rotation":0,"texture":"#0","tintindex":0}}},{"from":[7.1485715,5.241246,7.3683887],"to":[8.28,6.372675,8.499818],"rotation":{"angle":0.0,"axis":"y","origin":[11.257143,5.8069606,7.3626747]},"faces":{"east":{"uv":[7.625,0.0,7.875,0.25],"rotation":0,"texture":"#0","tintindex":0},"south":{"uv":[7.625,0.75,7.875,1.0],"rotation":0,"texture":"#0","tintindex":0},"north":{"uv":[3.5,7.5,3.75,7.75],"rotation":0,"texture":"#0","tintindex":0},"west":{"uv":[7.625,1.125,7.875,1.375],"rotation":0,"texture":"#0","tintindex":0},"up":{"uv":[7.875,2.25,7.625,2.0],"rotation":0,"texture":"#0","tintindex":0},"down":{"uv":[2.875,7.625,2.625,7.875],"rotation":0,"texture":"#0","tintindex":0}}},{"from":[7.142857,4.9733586,6.0446386],"to":[8.285714,6.1162157,8.330353],"rotation":{"angle":-22.5,"axis":"x","origin":[7.714286,5.5447874,7.758924]},"faces":{"east":{"uv":[6.75,0.5,7.25,0.75],"rotation":0,"texture":"#0","tintindex":0},"south":{"uv":[7.625,4.125,7.875,4.375],"rotation":0,"texture":"#0","tintindex":0},"north":{"uv":[7.625,3.0,7.875,3.25],"rotation":0,"texture":"#0","tintindex":0},"west":{"uv":[6.75,1.625,7.25,1.875],"rotation":0,"texture":"#0","tintindex":0},"up":{"uv":[7.0,2.5,6.75,2.0],"rotation":0,"texture":"#0","tintindex":0},"down":{"uv":[6.0,6.75,5.75,7.25],"rotation":0,"texture":"#0","tintindex":0}}}],"display":{"head":{"translation":[0.0,-6.4,0.0],"scale":[4.0,4.0,4.0]}}}