{"textures":{"0":"modelengine:entity/nocsy_yokai_baby_bird6"},"elements":[{"from":[8.586382,6.705529,6.0172267],"to":[9.272097,7.3912435,7.160084],"rotation":{"angle":-22.5,"axis":"x","origin":[7.0725994,6.8721576,6.555238]},"faces":{"east":{"uv":[1.5,8.125,1.75,8.25],"rotation":0,"texture":"#0","tintindex":0},"south":{"uv":[8.25,1.25,8.375,1.375],"rotation":0,"texture":"#0","tintindex":0},"north":{"uv":[8.25,1.0,8.375,1.125],"rotation":0,"texture":"#0","tintindex":0},"west":{"uv":[1.875,8.125,2.125,8.25],"rotation":0,"texture":"#0","tintindex":0},"up":{"uv":[7.25,8.25,7.125,8.0],"rotation":0,"texture":"#0","tintindex":0},"down":{"uv":[3.125,8.125,3.0,8.375],"rotation":0,"texture":"#0","tintindex":0}}},{"from":[8.403512,6.585952,6.7197733],"to":[9.557798,7.7402377,8.445488],"rotation":{"angle":-22.5,"axis":"y","origin":[9.05458,7.0891705,6.4231744]},"faces":{"east":{"uv":[7.125,3.0,7.5,3.25],"rotation":0,"texture":"#0","tintindex":0},"south":{"uv":[7.75,6.625,8.0,6.875],"rotation":0,"texture":"#0","tintindex":0},"north":{"uv":[6.125,7.75,6.375,8.0],"rotation":0,"texture":"#0","tintindex":0},"west":{"uv":[6.125,7.125,6.5,7.375],"rotation":0,"texture":"#0","tintindex":0},"up":{"uv":[6.875,7.5,6.625,7.125],"rotation":0,"texture":"#0","tintindex":0},"down":{"uv":[7.25,7.125,7.0,7.5],"rotation":0,"texture":"#0","tintindex":0}}},{"from":[6.4422016,6.585952,6.7197733],"to":[7.5964875,7.7402377,8.445488],"rotation":{"angle":22.5,"axis":"y","origin":[6.9454203,7.0891705,6.4231744]},"faces":{"east":{"uv":[7.25,3.375,7.625,3.625],"rotation":0,"texture":"#0","tintindex":0},"south":{"uv":[7.375,7.75,7.625,8.0],"rotation":0,"texture":"#0","tintindex":0},"north":{"uv":[7.75,7.0,8.0,7.25],"rotation":0,"texture":"#0","tintindex":0},"west":{"uv":[7.25,3.75,7.625,4.0],"rotation":0,"texture":"#0","tintindex":0},"up":{"uv":[4.125,7.625,3.875,7.25],"rotation":0,"texture":"#0","tintindex":0},"down":{"uv":[7.5,4.125,7.25,4.5],"rotation":0,"texture":"#0","tintindex":0}}},{"from":[6.7279034,6.705529,6.0172267],"to":[7.4136176,7.3912435,7.160084],"rotation":{"angle":-22.5,"axis":"x","origin":[8.927401,6.8721576,6.555238]},"faces":{"east":{"uv":[3.25,8.125,3.5,8.25],"rotation":0,"texture":"#0","tintindex":0},"south":{"uv":[2.5,8.25,2.625,8.375],"rotation":0,"texture":"#0","tintindex":0},"north":{"uv":[2.25,8.25,2.375,8.375],"rotation":0,"texture":"#0","tintindex":0},"west":{"uv":[3.625,8.125,3.875,8.25],"rotation":0,"texture":"#0","tintindex":0},"up":{"uv":[8.25,3.875,8.125,3.625],"rotation":0,"texture":"#0","tintindex":0},"down":{"uv":[4.125,8.125,4.0,8.375],"rotation":0,"texture":"#0","tintindex":0}}},{"from":[7.142857,6.5892844,7.0019464],"to":[8.857143,7.7321415,8.716232],"rotation":{"angle":0.0,"axis":"y","origin":[8.247771,11.354862,7.568484]},"faces":{"east":{"uv":[7.25,4.625,7.625,4.875],"rotation":0,"texture":"#0","tintindex":0},"south":{"uv":[4.75,7.25,5.125,7.5],"rotation":0,"texture":"#0","tintindex":0},"north":{"uv":[4.25,7.25,4.625,7.5],"rotation":0,"texture":"#0","tintindex":0},"west":{"uv":[7.25,5.0,7.625,5.25],"rotation":0,"texture":"#0","tintindex":0},"up":{"uv":[7.0,1.5,6.625,1.125],"rotation":0,"texture":"#0","tintindex":0},"down":{"uv":[7.0,3.125,6.625,3.5],"rotation":0,"texture":"#0","tintindex":0}}},{"from":[7.714286,6.9225416,8.60149],"to":[8.285714,7.551113,9.744347],"rotation":{"angle":22.5,"axis":"x","origin":[8.066743,7.0891705,9.00149]},"faces":{"east":{"uv":[8.125,4.5,8.375,4.625],"rotation":0,"texture":"#0","tintindex":0},"south":{"uv":[2.75,8.25,2.875,8.375],"rotation":0,"texture":"#0","tintindex":0},"north":{"uv":[8.25,2.625,8.375,2.75],"rotation":0,"texture":"#0","tintindex":0},"west":{"uv":[8.125,4.75,8.375,4.875],"rotation":0,"texture":"#0","tintindex":0},"up":{"uv":[5.0,8.375,4.875,8.125],"rotation":0,"texture":"#0","tintindex":0},"down":{"uv":[5.25,8.125,5.125,8.375],"rotation":0,"texture":"#0","tintindex":0}}},{"from":[7.428571,6.5892844,8.668233],"to":[8.571428,7.7321415,9.239661],"rotation":{"angle":0.0,"axis":"y","origin":[8.238172,11.354862,7.568484]},"faces":{"east":{"uv":[5.375,8.125,5.5,8.375],"rotation":0,"texture":"#0","tintindex":0},"south":{"uv":[7.75,7.75,8.0,8.0],"rotation":0,"texture":"#0","tintindex":0},"north":{"uv":[7.75,7.375,8.0,7.625],"rotation":0,"texture":"#0","tintindex":0},"west":{"uv":[5.625,8.125,5.75,8.375],"rotation":0,"texture":"#0","tintindex":0},"up":{"uv":[8.375,5.125,8.125,5.0],"rotation":0,"texture":"#0","tintindex":0},"down":{"uv":[6.125,8.125,5.875,8.25],"rotation":0,"texture":"#0","tintindex":0}}},{"from":[7.3428574,7.589056,7.1637754],"to":[8.657143,8.160484,8.478061],"rotation":{"angle":0.0,"axis":"y","origin":[7.7764573,7.422427,7.668461]},"faces":{"east":{"uv":[8.125,6.25,8.375,6.375],"rotation":0,"texture":"#0","tintindex":0},"south":{"uv":[8.125,6.5,8.375,6.625],"rotation":0,"texture":"#0","tintindex":0},"north":{"uv":[8.125,6.0,8.375,6.125],"rotation":0,"texture":"#0","tintindex":0},"west":{"uv":[8.125,6.75,8.375,6.875],"rotation":0,"texture":"#0","tintindex":0},"up":{"uv":[0.25,8.125,0.0,7.875],"rotation":0,"texture":"#0","tintindex":0},"down":{"uv":[0.625,7.875,0.375,8.125],"rotation":0,"texture":"#0","tintindex":0}}}],"display":{"head":{"translation":[0.0,-6.4,0.0],"scale":[4.0,4.0,4.0]}}}