{"textures":{"0":"modelengine:entity/nocsy_yokai_baby_bird6"},"elements":[{"from":[7.4285717,6.3783894,6.791246],"to":[9.142858,8.6641035,9.076961],"rotation":{"angle":0.0,"axis":"y","origin":[4.742857,5.8069606,7.3626747]},"faces":{"east":{"uv":[6.0,4.375,6.5,4.875],"rotation":0,"texture":"#0","tintindex":0},"south":{"uv":[4.25,6.25,4.625,6.75],"rotation":0,"texture":"#0","tintindex":0},"north":{"uv":[3.75,6.25,4.125,6.75],"rotation":0,"texture":"#0","tintindex":0},"west":{"uv":[6.0,5.0,6.5,5.5],"rotation":0,"texture":"#0","tintindex":0},"up":{"uv":[5.125,6.75,4.75,6.25],"rotation":0,"texture":"#0","tintindex":0},"down":{"uv":[5.625,6.25,5.25,6.75],"rotation":0,"texture":"#0","tintindex":0}}},{"from":[7.428571,5.8287096,6.6819077],"to":[9.142857,6.400138,6.6819077],"rotation":{"angle":22.5,"axis":"x","origin":[8.285714,6.1144238,6.6819077]},"faces":{"east":{"uv":[0.5,8.5,0.5,8.625],"rotation":0,"texture":"#0","tintindex":0},"south":{"uv":[3.0,7.875,3.375,8.0],"rotation":0,"texture":"#0","tintindex":0},"north":{"uv":[1.875,7.875,2.25,8.0],"rotation":0,"texture":"#0","tintindex":0},"west":{"uv":[0.625,8.5,0.625,8.625],"rotation":0,"texture":"#0","tintindex":0},"up":{"uv":[8.875,0.875,8.5,0.875],"rotation":0,"texture":"#0","tintindex":0},"down":{"uv":[8.875,1.0,8.5,1.0],"rotation":0,"texture":"#0","tintindex":0}}},{"from":[7.428571,5.278811,9.295109],"to":[9.142857,6.421668,9.295109],"rotation":{"angle":-22.5,"axis":"x","origin":[8.285714,5.8502398,9.295109]},"faces":{"east":{"uv":[8.5,1.125,8.5,1.375],"rotation":0,"texture":"#0","tintindex":0},"south":{"uv":[7.125,2.0,7.5,2.25],"rotation":0,"texture":"#0","tintindex":0},"north":{"uv":[7.125,1.25,7.5,1.5],"rotation":0,"texture":"#0","tintindex":0},"west":{"uv":[8.5,1.5,8.5,1.75],"rotation":0,"texture":"#0","tintindex":0},"up":{"uv":[8.875,1.875,8.5,1.875],"rotation":0,"texture":"#0","tintindex":0},"down":{"uv":[8.875,2.0,8.5,2.0],"rotation":0,"texture":"#0","tintindex":0}}},{"from":[9.251667,5.8284907,6.791246],"to":[9.251667,6.3999195,9.076961],"rotation":{"angle":22.5,"axis":"z","origin":[9.251667,6.114205,7.934103]},"faces":{"east":{"uv":[7.75,1.5,8.25,1.625],"rotation":0,"texture":"#0","tintindex":0},"south":{"uv":[2.375,8.5,2.375,8.625],"rotation":0,"texture":"#0","tintindex":0},"north":{"uv":[2.25,8.5,2.25,8.625],"rotation":0,"texture":"#0","tintindex":0},"west":{"uv":[7.75,1.75,8.25,1.875],"rotation":0,"texture":"#0","tintindex":0},"up":{"uv":[2.5,9.0,2.5,8.5],"rotation":0,"texture":"#0","tintindex":0},"down":{"uv":[2.625,8.5,2.625,9.0],"rotation":0,"texture":"#0","tintindex":0}}},{"from":[7.319233,5.8287096,6.791246],"to":[7.319233,6.400138,9.076961],"rotation":{"angle":-22.5,"axis":"z","origin":[7.319233,6.1144238,7.934103]},"faces":{"east":{"uv":[7.75,2.375,8.25,2.5],"rotation":0,"texture":"#0","tintindex":0},"south":{"uv":[2.75,8.5,2.75,8.625],"rotation":0,"texture":"#0","tintindex":0},"north":{"uv":[8.5,2.625,8.5,2.75],"rotation":0,"texture":"#0","tintindex":0},"west":{"uv":[7.75,3.375,8.25,3.5],"rotation":0,"texture":"#0","tintindex":0},"up":{"uv":[2.875,9.0,2.875,8.5],"rotation":0,"texture":"#0","tintindex":0},"down":{"uv":[8.5,2.875,8.5,3.375],"rotation":0,"texture":"#0","tintindex":0}}},{"from":[7.7200003,5.241246,7.3683887],"to":[8.851429,6.372675,8.499818],"rotation":{"angle":0.0,"axis":"y","origin":[4.742857,5.8069606,7.3626747]},"faces":{"east":{"uv":[7.75,3.625,8.0,3.875],"rotation":0,"texture":"#0","tintindex":0},"south":{"uv":[3.875,7.75,4.125,8.0],"rotation":0,"texture":"#0","tintindex":0},"north":{"uv":[1.5,7.75,1.75,8.0],"rotation":0,"texture":"#0","tintindex":0},"west":{"uv":[7.75,4.5,8.0,4.75],"rotation":0,"texture":"#0","tintindex":0},"up":{"uv":[8.0,5.125,7.75,4.875],"rotation":0,"texture":"#0","tintindex":0},"down":{"uv":[5.25,7.75,5.0,8.0],"rotation":0,"texture":"#0","tintindex":0}}},{"from":[7.714286,4.9733586,6.0446386],"to":[8.857142,6.1162157,8.330353],"rotation":{"angle":-22.5,"axis":"x","origin":[8.285714,5.5447874,7.758924]},"faces":{"east":{"uv":[6.125,6.75,6.625,7.0],"rotation":0,"texture":"#0","tintindex":0},"south":{"uv":[5.75,7.75,6.0,8.0],"rotation":0,"texture":"#0","tintindex":0},"north":{"uv":[5.375,7.75,5.625,8.0],"rotation":0,"texture":"#0","tintindex":0},"west":{"uv":[6.75,6.75,7.25,7.0],"rotation":0,"texture":"#0","tintindex":0},"up":{"uv":[3.375,7.375,3.125,6.875],"rotation":0,"texture":"#0","tintindex":0},"down":{"uv":[3.75,6.875,3.5,7.375],"rotation":0,"texture":"#0","tintindex":0}}}],"display":{"head":{"translation":[0.0,-6.4,0.0],"scale":[4.0,4.0,4.0]}}}