{"textures":{"0":"modelengine:entity/bear_black"},"elements":[{"from":[3.7142854,3.142857,2.5714283],"to":[10.0,12.857143,10.571428],"rotation":{"angle":0.0,"axis":"y","origin":[3.142857,7.428571,4.8571424]},"faces":{"east":{"uv":[3.5,5.125,4.375,6.1875],"rotation":0,"texture":"#0","tintindex":0},"south":{"uv":[4.375,5.25,5.0625,6.3125],"rotation":0,"texture":"#0","tintindex":0},"north":{"uv":[1.375,5.25,2.0625,6.3125],"rotation":0,"texture":"#0","tintindex":0},"west":{"uv":[5.25,3.4375,6.125,4.5],"rotation":0,"texture":"#0","tintindex":0},"up":{"uv":[3.3125,6.6875,2.625,5.8125],"rotation":0,"texture":"#0","tintindex":0},"down":{"uv":[5.75,5.875,5.0625,6.75],"rotation":0,"texture":"#0","tintindex":0}}},{"from":[2.9489188,3.142857,10.419188],"to":[2.9489188,12.857143,14.419188],"rotation":{"angle":-22.5,"axis":"y","origin":[2.9489188,8.0,12.419188]},"faces":{"east":{"uv":[6.5625,2.8125,6.125,3.875],"rotation":0,"texture":"#0","tintindex":0},"south":{"uv":[0.0,0.0,0.0,1.0625],"rotation":0,"texture":"#0","tintindex":0},"north":{"uv":[0.0,0.0,0.0,1.0625],"rotation":0,"texture":"#0","tintindex":0},"west":{"uv":[6.125,2.8125,6.5625,3.875],"rotation":0,"texture":"#0","tintindex":0},"up":{"uv":[0.0,0.4375,0.0,0.0],"rotation":0,"texture":"#0","tintindex":0},"down":{"uv":[0.0,0.0,0.0,0.4375],"rotation":0,"texture":"#0","tintindex":0}}},{"from":[3.7142854,-1.4285717,4.285714],"to":[8.857143,3.142857,10.571428],"rotation":{"angle":0.0,"axis":"y","origin":[3.142857,7.428571,4.8571424]},"faces":{"east":{"uv":[6.875,1.4375,7.5625,1.9375],"rotation":0,"texture":"#0","tintindex":0},"south":{"uv":[6.75,7.125,7.3125,7.625],"rotation":0,"texture":"#0","tintindex":0},"north":{"uv":[7.125,2.6875,7.6875,3.1875],"rotation":0,"texture":"#0","tintindex":0},"west":{"uv":[3.875,6.875,4.5625,7.375],"rotation":0,"texture":"#0","tintindex":0},"up":{"uv":[7.125,2.9375,6.5625,2.25],"rotation":0,"texture":"#0","tintindex":0},"down":{"uv":[7.125,2.9375,6.5625,3.625],"rotation":0,"texture":"#0","tintindex":0}}},{"from":[5.5325603,-1.4285717,9.8182745],"to":[5.5325603,3.142857,14.961132],"rotation":{"angle":45.0,"axis":"y","origin":[5.5325603,0.5714283,12.389704]},"faces":{"east":{"uv":[3.1875,7.25,2.625,7.75],"rotation":0,"texture":"#0","tintindex":0},"south":{"uv":[0.0,0.0,0.0,0.5],"rotation":0,"texture":"#0","tintindex":0},"north":{"uv":[0.0,0.0,0.0,0.5],"rotation":0,"texture":"#0","tintindex":0},"west":{"uv":[2.625,7.25,3.1875,7.75],"rotation":0,"texture":"#0","tintindex":0},"up":{"uv":[0.0,0.5625,0.0,0.0],"rotation":0,"texture":"#0","tintindex":0},"down":{"uv":[0.0,0.0,0.0,0.5625],"rotation":0,"texture":"#0","tintindex":0}}}],"display":{"head":{"translation":[0.0,-6.4,0.0],"scale":[4.0,4.0,4.0]}}}