{"textures":{"0":"modelengine:entity/bear_black"},"elements":[{"from":[6.285714,3.7142854,7.428571],"to":[9.142858,11.142858,12.0],"rotation":{"angle":22.5,"axis":"x","origin":[1.7142854,13.714286,2.2857141]},"faces":{"east":{"uv":[6.875,1.4375,6.375,2.25],"rotation":0,"texture":"#0","tintindex":0},"south":{"uv":[1.75,7.375,1.4375,8.1875],"rotation":0,"texture":"#0","tintindex":0},"north":{"uv":[2.625,7.3125,2.3125,8.125],"rotation":0,"texture":"#0","tintindex":0},"west":{"uv":[6.8125,5.75,6.3125,6.5625],"rotation":0,"texture":"#0","tintindex":0},"up":{"uv":[0.75,8.1875,1.0625,7.6875],"rotation":0,"texture":"#0","tintindex":0},"down":{"uv":[7.6875,7.0,8.0,7.5],"rotation":0,"texture":"#0","tintindex":0}}}],"display":{"head":{"translation":[0.0,-6.4,0.0],"scale":[4.0,4.0,4.0]}}}