{"textures":{"0":"modelengine:entity/bear_black"},"elements":[{"from":[6.0,0.5714283,2.5714283],"to":[10.0,8.0,7.714286],"rotation":{"angle":0.0,"axis":"y","origin":[11.142858,12.285715,1.9999995]},"faces":{"east":{"uv":[6.8125,0.0,6.25,0.8125],"rotation":0,"texture":"#0","tintindex":0},"south":{"uv":[6.75,6.5625,6.3125,7.375],"rotation":0,"texture":"#0","tintindex":0},"north":{"uv":[5.0625,6.3125,4.625,7.125],"rotation":0,"texture":"#0","tintindex":0},"west":{"uv":[3.875,6.1875,3.3125,7.0],"rotation":0,"texture":"#0","tintindex":0},"up":{"uv":[7.5,2.5,7.9375,1.9375],"rotation":0,"texture":"#0","tintindex":0},"down":{"uv":[5.6875,7.5,6.125,8.0625],"rotation":0,"texture":"#0","tintindex":0}}},{"from":[8.989847,0.5714283,7.295867],"to":[8.989847,8.0,10.153009],"rotation":{"angle":-45.0,"axis":"y","origin":[8.989847,4.285714,8.724439]},"faces":{"east":{"uv":[4.25,7.375,3.9375,8.1875],"rotation":0,"texture":"#0","tintindex":0},"south":{"uv":[0.0,0.0,0.0,0.8125],"rotation":0,"texture":"#0","tintindex":0},"north":{"uv":[0.0,0.0,0.0,0.8125],"rotation":0,"texture":"#0","tintindex":0},"west":{"uv":[3.9375,7.375,4.25,8.1875],"rotation":0,"texture":"#0","tintindex":0},"up":{"uv":[0.0,0.3125,0.0,0.0],"rotation":0,"texture":"#0","tintindex":0},"down":{"uv":[0.0,0.0,0.0,0.3125],"rotation":0,"texture":"#0","tintindex":0}}}],"display":{"head":{"translation":[0.0,-6.4,0.0],"scale":[4.0,4.0,4.0]}}}